customer_id,full_name,gender,birth_date,city,registration_date,acquisition_channel
1,Тимур Фролов,male,1989-12-15,Москва,2024-01-03,referral
2,Софья Морозова,female,2008-09-28,Ярославль,2024-01-03,ads
3,Наталья Михайлова,female,1985-09-26,Воронеж,2024-01-04,social
4,Олег Королёв,male,1984-11-26,Калининград,2024-01-05,organic
5,Денис Ковалёв,male,1995-01-24,Санкт-Петербург,2024-01-07,organic
6,Алексей Ильин,male,1985-07-15,Самара,2024-01-08,ads
7,Тимур Васильев,male,1983-07-13,Москва,2024-01-10,organic
8,Максим Андреев,male,2004-09-02,Самара,2024-01-11,ads
9,Екатерина Иванова,female,1993-02-28,Тюмень,2024-01-11,organic
10,Михаил Петров,male,1989-07-13,Москва,2024-01-12,organic
11,Алиса Семёнова,female,1995-04-01,Санкт-Петербург,2024-01-12,ads
12,Софья Белова,female,1994-12-06,Москва,2024-01-12,referral
13,Алина Соловьёва,female,,Ростов-на-Дону,2024-01-13,ads
14,Евгений Волков,male,2000-02-15,Уфа,2024-01-13,social
15,Татьяна Александрова,female,,Москва,2024-01-14,social
16,Валерия Зайцева,female,1984-10-12,Москва,2024-01-14,social
17,Екатерина Ким,female,2000-01-22,Москва,2024-01-14,social
18,Полина Коваленко,female,2007-02-04,,2024-01-15,ads
19,Алексей Фёдоров,male,1994-12-08,Уфа,2024-01-15,ads
20,Иван Александров,male,2008-05-02,Уфа,2024-01-16,social
21,Марина Новикова,female,1989-03-21,Самара,2024-01-16,social
22,Виктория Ким,female,2002-11-09,Новосибирск,2024-01-16,social
23,Алиса Морозова,female,1995-03-21,Екатеринбург,2024-01-16,social
24,Ксения Григорьева,female,2008-07-12,Челябинск,2024-01-18,organic
25,Наталья Новикова,female,1994-08-18,Казань,2024-01-18,referral
26,Илья Романов,male,1985-03-13,Казань,2024-01-19,organic
27,Виктория Романова,female,1982-01-21,Краснодар,2024-01-19,social
28,Алиса Ильина,female,1997-07-01,Санкт-Петербург,2024-01-20,social
29,Елена Смирнова,female,2000-04-13,Санкт-Петербург,2024-01-24,organic
30,Дмитрий Никитин,male,2006-12-26,Санкт-Петербург,2024-01-24,organic
31,Татьяна Полякова,female,2001-05-04,Челябинск,2024-01-25,social
32,Евгений Сергеев,male,,Москва,2024-01-26,ads
33,Андрей Воробьёв,male,1984-04-27,Москва,2024-01-26,referral
34,Иван Шевченко,male,1996-05-13,Иркутск,2024-01-29,organic
35,Наталья Александрова,female,1991-05-17,Пермь,2024-01-29,organic
36,Илья Андреев,male,1999-02-14,Москва,2024-01-29,organic
37,Павел Сорокин,male,1969-08-06,Москва,2024-01-29,ads
38,Анастасия Иванова,female,2008-11-26,Краснодар,2024-01-30,social
39,Дарья Орлова,female,1991-06-26,Тюмень,2024-01-31,social
40,Глеб Николаев,male,1993-09-11,Новосибирск,2024-01-31,referral
41,Екатерина Максимова,female,1983-08-15,Санкт-Петербург,2024-02-02,ads
42,Валерия Полякова,female,1987-06-01,Санкт-Петербург,2024-02-03,social
43,Марина Максимова,female,1992-06-10,Омск,2024-02-03,ads
44,Глеб Соколов,male,1983-06-29,Санкт-Петербург,2024-02-03,ads
45,Илья Соловьёв,male,1979-08-05,Новосибирск,2024-02-04,organic
46,Илья Коваленко,male,1981-11-28,Москва,2024-02-05,ads
47,Денис Цой,male,,Челябинск,2024-02-07,bloggers
48,Артём Зайцев,male,1981-10-04,Владивосток,2024-02-08,organic
49,Тимур Волков,male,1994-06-05,Челябинск,2024-02-08,bloggers
50,Кристина Морозова,female,2006-07-08,Иркутск,2024-02-08,organic
51,Роман Александров,male,2006-01-30,Санкт-Петербург,2024-02-09,ads
52,Ирина Сергеева,female,1986-11-27,Новосибирск,2024-02-10,organic
53,Павел Максимов,male,2003-06-26,Нижний Новгород,2024-02-10,organic
54,Валерия Степанова,female,,Санкт-Петербург,2024-02-10,bloggers
55,Павел Егоров,male,2007-01-24,Челябинск,2024-02-11,ads
56,Светлана Виноградова,female,1991-05-15,Самара,2024-02-11,organic
57,Дарья Бондаренко,female,1990-11-14,Екатеринбург,2024-02-11,social
58,Илья Фролов,male,,Санкт-Петербург,2024-02-11,organic
59,Анна Соколова,female,2004-01-29,Самара,2024-02-13,ads
60,Юлия Никитина,female,1989-10-28,Москва,2024-02-13,referral
61,Юлия Семёнова,female,2003-05-16,Екатеринбург,2024-02-13,organic
62,Софья Лебедева,female,1987-12-16,Омск,2024-02-13,organic
63,Полина Белова,female,2002-04-24,Краснодар,2024-02-15,organic
64,Алиса Васильева,female,2001-12-17,Москва,2024-02-15,social
65,Вероника Романова,female,1979-01-08,Сочи,2024-02-15,ads
66,Андрей Захаров,male,1989-03-09,Казань,2024-02-15,ads
67,Елена Кузнецова,female,2000-04-19,Новосибирск,2024-02-16,social
68,Татьяна Кузнецова,female,1998-06-07,Калининград,2024-02-17,organic
69,Евгений Сергеев,male,1986-09-26,Нижний Новгород,2024-02-17,social
70,Екатерина Смирнова,female,1988-12-11,Москва,2024-02-18,organic
71,Дарья Смирнова,female,1981-07-30,Нижний Новгород,2024-02-18,social
72,Роман Захаров,male,1996-08-21,Краснодар,2024-02-18,organic
73,Татьяна Егорова,female,1985-03-24,Челябинск,2024-02-19,ads
74,Алексей Алексеев,male,1996-01-24,Казань,2024-02-19,ads
75,Кристина Дмитриева,female,1987-04-03,Москва,2024-02-20,social
76,Ксения Сорокина,female,1978-04-05,Владивосток,2024-02-20,ads
77,Илья Виноградов,male,1987-09-28,Москва,2024-02-21,social
78,Михаил Степанов,male,2005-04-27,Москва,2024-02-21,social
79,Сергей Александров,male,1997-02-08,Москва,2024-02-22,organic
80,Елена Козлова,female,1993-02-06,Санкт-Петербург,2024-02-23,bloggers
81,Мария Никитина,female,2001-05-05,Уфа,2024-02-23,organic
82,Алиса Яковлева,female,1977-09-28,,2024-02-23,organic
83,Алина Васильева,female,1999-06-24,Москва,2024-02-24,ads
84,Анна Ильина,female,1999-01-01,Красноярск,2024-02-25,ads
85,Анна Захарова,female,1992-10-18,Воронеж,2024-02-25,organic
86,Денис Бондаренко,male,1991-02-15,Красноярск,2024-02-26,organic
87,Екатерина Сергеева,female,1991-08-22,Хабаровск,2024-02-26,referral
88,Валерия Яковлева,female,1992-08-25,Москва,2024-02-27,organic
89,Сергей Орлов,male,,Тула,2024-02-27,bloggers
90,Никита Ковалёв,male,1995-06-19,Краснодар,2024-02-28,social
91,Светлана Соловьёва,female,1988-10-03,Санкт-Петербург,2024-03-01,organic
92,Валерия Медведева,female,2001-02-16,Москва,2024-03-02,ads
93,Роман Поляков,male,1978-08-08,Москва,2024-03-02,ads
94,Анна Козлова,female,1987-07-09,Новосибирск,2024-03-02,bloggers
95,Александр Белов,male,1988-10-12,,2024-03-03,organic
96,Валерия Соколова,female,1978-12-10,Москва,2024-03-03,organic
97,Мария Григорьева,female,1988-10-21,Казань,2024-03-03,bloggers
98,Алина Сергеева,female,1999-04-13,Санкт-Петербург,2024-03-04,organic
99,Юлия Новикова,female,1987-03-14,Воронеж,2024-03-05,bloggers
100,Валерия Фёдорова,female,2008-01-05,Самара,2024-03-05,social
101,Елена Цой,female,2007-05-15,Красноярск,2024-03-05,social
102,Елена Мельниченко,female,,Москва,2024-03-07,referral
103,Елена Гусева,female,,Санкт-Петербург,2024-03-07,organic
104,Глеб Павлов,male,1999-12-05,Волгоград,2024-03-08,organic
105,Андрей Максимов,male,1982-02-04,Красноярск,2024-03-08,ads
106,Илья Ильин,male,1989-09-11,Самара,2024-03-12,referral
107,Мария Зайцева,female,1987-10-24,Москва,2024-03-12,organic
108,Дмитрий Волков,male,1987-11-16,Самара,2024-03-12,organic
109,Артём Сергеев,male,,Новосибирск,2024-03-13,organic
110,Алина Павлова,female,1991-09-23,Сочи,2024-03-13,ads
111,Дарья Михайлова,female,2003-08-29,Воронеж,2024-03-14,ads
112,Анастасия Волкова,female,1981-03-02,Казань,2024-03-14,ads
113,Матвей Соловьёв,male,1988-07-12,Уфа,2024-03-15,ads
114,Алексей Фёдоров,male,1994-10-04,Москва,2024-03-16,organic
115,Елена Цой,female,1996-07-29,Москва,2024-03-18,referral
116,Глеб Новиков,male,1973-12-27,Иркутск,2024-03-18,social
117,Софья Фролова,female,2008-06-13,Москва,2024-03-18,ads
118,Виктория Ильина,female,1985-01-02,Москва,2024-03-20,organic
119,Тимур Новиков,male,1998-01-28,Санкт-Петербург,2024-03-20,social
120,Сергей Попов,male,1988-08-09,Ростов-на-Дону,2024-03-20,social
121,Светлана Васильева,female,,Волгоград,2024-03-20,ads
122,Павел Виноградов,male,1991-07-12,Омск,2024-03-21,organic
123,Ольга Михайлова,female,1996-02-22,Санкт-Петербург,2024-03-21,ads
124,Никита Ковалёв,male,1992-03-03,Челябинск,2024-03-22,bloggers
125,Олег Бондаренко,male,1987-12-14,Москва,2024-03-22,referral
126,Евгений Григорьев,male,1984-02-28,Екатеринбург,2024-03-24,ads
127,Алексей Мельниченко,male,1993-12-20,Новосибирск,2024-03-24,organic
128,Валерия Шевченко,female,1996-10-14,Ростов-на-Дону,2024-03-24,ads
129,Олег Гусев,male,1963-01-24,Санкт-Петербург,2024-03-25,organic
130,Вероника Максимова,female,1995-11-22,Санкт-Петербург,2024-03-25,ads
131,Артём Зайцев,male,1982-06-26,Москва,2024-03-26,organic
132,Андрей Белов,male,,Москва,2024-03-26,social
133,Алиса Степанова,female,2000-12-09,Ростов-на-Дону,2024-03-26,ads
134,Илья Кузьмин,male,1977-07-31,Москва,2024-03-27,ads
135,Кристина Ковалёва,female,1983-11-25,Санкт-Петербург,2024-03-27,referral
136,Дарья Ковалёва,female,1993-01-31,Волгоград,2024-03-27,ads
137,Роман Борисов,male,2008-09-28,Москва,2024-03-27,ads
138,Татьяна Михайлова,female,1989-06-16,Тула,2024-03-28,social
139,Светлана Зайцева,female,1988-08-22,Хабаровск,2024-03-28,referral
140,Ксения Сорокина,female,1994-08-04,Владивосток,2024-03-28,social
141,Алина Иванова,female,2003-11-20,Санкт-Петербург,2024-03-28,ads
142,Олег Шевченко,male,1998-06-01,Краснодар,2024-03-28,ads
143,Артём Фролов,male,1976-12-04,Москва,2024-03-29,ads
144,Алексей Бондаренко,male,1984-12-25,Санкт-Петербург,2024-03-30,social
145,Евгений Романов,male,1984-08-26,Новосибирск,2024-03-31,ads
146,Сергей Фролов,male,1994-02-28,Хабаровск,2024-03-31,social
147,Ксения Григорьева,female,1988-01-10,Ростов-на-Дону,2024-03-31,organic
148,Анастасия Павлова,female,1987-03-01,Сочи,2024-03-31,social
149,Вероника Ким,female,1995-10-27,Москва,2024-03-31,social
150,Анастасия Васильева,female,1989-07-08,Ярославль,2024-03-31,organic
151,Максим Поляков,male,1997-10-25,Тюмень,2024-03-31,organic
152,Виктория Иванова,female,1992-07-22,Москва,2024-03-31,organic
153,Ольга Фролова,female,,Самара,2024-04-01,ads
154,Полина Васильева,female,1967-11-13,Новосибирск,2024-04-01,referral
155,Евгений Сорокин,male,1996-10-14,Москва,2024-04-03,referral
156,Ирина Степанова,female,1997-05-15,Самара,2024-04-03,social
157,Алиса Сорокина,female,2002-05-19,Тула,2024-04-04,ads
158,Наталья Николаева,female,1986-07-16,Москва,2024-04-04,referral
159,Артём Белов,male,1987-01-18,Тула,2024-04-05,organic
160,Полина Медведева,female,2006-11-02,Воронеж,2024-04-06,referral
161,Анастасия Воробьёва,female,2002-09-29,Екатеринбург,2024-04-08,referral
162,Анна Семёнова,female,2007-09-14,Уфа,2024-04-08,organic
163,Артём Романов,male,2003-09-04,Ростов-на-Дону,2024-04-08,social
164,Андрей Гусев,male,1992-05-28,Москва,2024-04-09,bloggers
165,Дмитрий Поляков,male,1986-11-23,Москва,2024-04-09,referral
166,Иван Киселёв,male,1977-09-26,Пермь,2024-04-09,social
167,Ольга Королёва,female,1999-09-25,Москва,2024-04-11,social
168,Андрей Михайлов,male,2005-03-02,Москва,2024-04-11,social
169,Роман Гусев,male,1995-12-19,Нижний Новгород,2024-04-13,organic
170,Никита Киселёв,male,,Екатеринбург,2024-04-13,referral
171,Анна Мельниченко,female,1994-05-15,Москва,2024-04-14,ads
172,Екатерина Королёва,female,1997-12-02,Москва,2024-04-14,referral
173,Алексей Андреев,male,1995-04-22,Санкт-Петербург,2024-04-15,referral
174,Никита Волков,male,2005-05-07,Санкт-Петербург,2024-04-15,ads
175,Владимир Ильин,male,1995-12-11,Красноярск,2024-04-16,ads
176,Светлана Сергеева,female,2001-02-02,Челябинск,2024-04-16,ads
177,Евгений Виноградов,male,2004-08-01,Ростов-на-Дону,2024-04-16,organic
178,Илья Никитин,male,1991-10-26,Омск,2024-04-16,referral
179,Олег Дмитриев,male,1995-03-20,Ярославль,2024-04-18,organic
180,Павел Иванов,male,1987-12-24,Казань,2024-04-18,social
181,Светлана Королёва,female,1998-02-17,Тюмень,2024-04-18,ads
182,Светлана Васильева,female,1997-08-22,Москва,2024-04-19,bloggers
183,Матвей Захаров,male,2001-05-23,Санкт-Петербург,2024-04-19,organic
184,Андрей Виноградов,male,2000-03-23,Красноярск,2024-04-19,organic
185,Анастасия Гусева,female,1998-04-06,Казань,2024-04-19,organic
186,Екатерина Никитина,female,,Новосибирск,2024-04-20,ads
187,Алиса Дмитриева,female,1997-10-18,Хабаровск,2024-04-20,organic
188,Анастасия Борисова,female,1983-12-09,Санкт-Петербург,2024-04-21,organic
189,Ирина Морозова,female,1990-04-17,Волгоград,2024-04-21,organic
190,Юлия Степанова,female,1993-06-17,Москва,2024-04-21,organic
191,Никита Захаров,male,1980-01-23,Москва,2024-04-21,social
192,Валерия Фёдорова,female,1995-08-08,Владивосток,2024-04-22,referral
193,Екатерина Борисова,female,1991-11-02,Москва,2024-04-23,organic
194,Алина Воробьёва,female,1982-05-25,Москва,2024-04-23,ads
195,Сергей Александров,male,1971-11-14,Нижний Новгород,2024-04-23,ads
196,Владимир Макаров,male,1993-07-16,Омск,2024-04-24,organic
197,Сергей Ковалёв,male,2005-12-01,Уфа,2024-04-24,ads
198,Михаил Попов,male,1987-04-15,Волгоград,2024-04-24,referral
199,Екатерина Орлова,female,1988-02-23,Екатеринбург,2024-04-25,ads
200,Светлана Попова,female,1986-11-03,Санкт-Петербург,2024-04-25,organic
201,Алексей Фёдоров,male,2008-09-04,Москва,2024-04-25,organic
202,Валерия Зайцева,female,1990-02-10,Москва,2024-04-26,organic
203,Анна Соколова,female,1991-03-04,Москва,2024-04-26,bloggers
204,Марина Новикова,female,1997-06-28,Казань,2024-04-26,organic
205,Кристина Полякова,female,1990-08-15,Челябинск,2024-04-26,referral
206,Софья Кузьмина,female,1990-03-27,Екатеринбург,2024-04-29,social
207,Михаил Николаев,male,1998-12-02,Москва,2024-04-29,ads
208,Елена Захарова,female,1984-05-18,Санкт-Петербург,2024-04-29,ads
209,Наталья Гусева,female,1996-01-24,Уфа,2024-04-29,bloggers
210,Дмитрий Алексеев,male,1999-09-02,Москва,2024-04-30,social
211,Полина Сергеева,female,2003-08-08,Уфа,2024-04-30,social
212,Ксения Мельниченко,female,2002-06-06,Москва,2024-04-30,ads
213,Полина Яковлева,female,1977-03-09,Москва,2024-04-30,ads
214,Елена Волкова,female,2008-05-18,Москва,2024-05-01,social
215,Вероника Воробьёва,female,2008-09-09,Челябинск,2024-05-01,social
216,Ирина Никитина,female,2003-10-25,Москва,2024-05-01,organic
217,Павел Соколов,male,2008-10-20,Москва,2024-05-01,social
218,Анна Морозова,female,,Нижний Новгород,2024-05-01,bloggers
219,Кирилл Медведев,male,1999-05-12,Екатеринбург,2024-05-01,organic
220,Светлана Лебедева,female,1992-09-28,Москва,2024-05-02,ads
221,Иван Никитин,male,1966-07-13,Москва,2024-05-03,referral
222,Алиса Киселёва,female,1989-04-25,Ростов-на-Дону,2024-05-03,ads
223,Алина Новикова,female,1982-03-16,Санкт-Петербург,2024-05-04,ads
224,Екатерина Белова,female,1996-10-09,Калининград,2024-05-05,organic
225,Софья Ильина,female,1981-07-16,Пермь,2024-05-05,ads
226,Алина Медведева,female,1975-08-14,Москва,2024-05-05,bloggers
227,Глеб Цой,male,1979-07-18,Москва,2024-05-06,social
228,Светлана Семёнова,female,1993-09-20,Москва,2024-05-06,ads
229,Вероника Ким,female,2004-05-31,Воронеж,2024-05-07,ads
230,Михаил Шевченко,male,1997-09-12,Воронеж,2024-05-07,ads
231,Никита Лебедев,male,1989-04-11,Тула,2024-05-07,ads
232,Алина Сорокина,female,1977-04-19,Новосибирск,2024-05-07,ads
233,Ирина Волкова,female,1991-10-06,Тюмень,2024-05-08,organic
234,Алексей Николаев,male,1985-12-02,Москва,2024-05-09,organic
235,Марина Орлова,female,1974-10-12,Самара,2024-05-09,ads
236,Глеб Павлов,male,1992-12-07,Краснодар,2024-05-09,ads
237,Олег Бондаренко,male,,Иркутск,2024-05-10,ads
238,Кристина Васильева,female,1995-02-14,Казань,2024-05-10,ads
239,Софья Королёва,female,2004-11-26,Омск,2024-05-11,referral
240,Екатерина Николаева,female,1979-05-28,Санкт-Петербург,2024-05-11,ads
241,Матвей Белов,male,2008-04-07,,2024-05-11,bloggers
242,Роман Егоров,male,2008-07-10,Москва,2024-05-13,social
243,Алиса Павлова,female,1998-03-11,Нижний Новгород,2024-05-14,bloggers
244,Кристина Гусева,female,1996-03-05,Тюмень,2024-05-14,organic
245,Юлия Фролова,female,1996-03-12,Волгоград,2024-05-15,ads
246,Наталья Фролова,female,,Уфа,2024-05-16,organic
247,Александр Ильин,male,1997-06-20,Уфа,2024-05-16,ads
248,Ольга Зайцева,female,,Тула,2024-05-16,social
249,Кристина Воробьёва,female,2001-11-15,Москва,2024-05-17,ads
250,Глеб Орлов,male,1998-05-02,Санкт-Петербург,2024-05-17,ads
251,Марина Иванова,female,1984-11-04,Уфа,2024-05-17,organic
252,Анастасия Кузнецова,female,1983-07-08,Новосибирск,2024-05-18,organic
253,Анна Зайцева,female,1993-10-16,Омск,2024-05-18,organic
254,Егор Борисов,male,1992-03-12,Челябинск,2024-05-18,organic
255,Тимур Гусев,male,,Санкт-Петербург,2024-05-18,ads
256,Максим Кузнецов,male,1993-03-12,Уфа,2024-05-19,ads
257,Матвей Киселёв,male,1979-07-15,Самара,2024-05-19,organic
258,Илья Андреев,male,2006-06-07,Хабаровск,2024-05-19,bloggers
259,Татьяна Волкова,female,1991-07-09,Ярославль,2024-05-19,social
260,Валерия Козлова,female,1997-05-02,Москва,2024-05-20,ads
261,Анна Захарова,female,2008-06-15,Санкт-Петербург,2024-05-21,bloggers
262,Максим Сергеев,male,1988-05-06,Санкт-Петербург,2024-05-22,social
263,Ксения Иванова,female,1976-08-18,Москва,2024-05-23,organic
264,Марина Королёва,female,1985-09-01,Пермь,2024-05-23,organic
265,Валерия Сорокина,female,1984-03-11,Нижний Новгород,2024-05-24,organic
266,Наталья Попова,female,1988-11-18,Красноярск,2024-05-24,ads
267,Полина Морозова,female,1985-11-13,Москва,2024-05-26,bloggers
268,Денис Петров,male,1985-08-18,Санкт-Петербург,2024-05-26,ads
269,Валерия Егорова,female,1977-09-27,Тула,2024-05-27,ads
270,Светлана Соколова,female,2008-02-23,Самара,2024-05-28,ads
271,Екатерина Ковалёва,female,1997-09-08,Ростов-на-Дону,2024-05-28,organic
272,Валерия Петрова,female,1979-03-18,Красноярск,2024-05-29,ads
273,Ксения Волкова,female,,Тюмень,2024-05-29,ads
274,Александр Лебедев,male,2001-11-22,Тюмень,2024-05-30,referral
275,Екатерина Медведева,female,2003-03-23,Краснодар,2024-05-30,social
276,Мария Цой,female,1982-05-07,Санкт-Петербург,2024-05-30,organic
277,Светлана Николаева,female,1966-01-03,Пермь,2024-05-30,organic
278,Сергей Бондаренко,male,2001-06-29,Санкт-Петербург,2024-05-31,social
279,Ольга Белова,female,2004-09-23,Воронеж,2024-05-31,social
280,Роман Семёнов,male,1990-07-16,Москва,2024-06-01,referral
281,Ольга Сорокина,female,1987-03-01,Москва,2024-06-01,organic
282,Алексей Зайцев,male,1994-01-12,Москва,2024-06-02,bloggers
283,Наталья Степанова,female,1992-02-08,Москва,2024-06-02,referral
284,Никита Воробьёв,male,,,2024-06-03,referral
285,Владимир Соколов,male,2007-05-31,Краснодар,2024-06-03,ads
286,Никита Григорьев,male,,Тюмень,2024-06-03,organic
287,Тимур Кузнецов,male,1977-12-29,Москва,2024-06-03,ads
288,Татьяна Соколова,female,2005-09-11,Москва,2024-06-03,ads
289,Марина Иванова,female,1990-02-19,Москва,2024-06-04,organic
290,Кирилл Соловьёв,male,1993-12-20,Новосибирск,2024-06-04,organic
291,Дмитрий Сорокин,male,1985-04-16,Самара,2024-06-04,referral
292,Ксения Соколова,female,1997-12-09,Омск,2024-06-05,organic
293,Наталья Фролова,female,1988-07-19,Новосибирск,2024-06-05,ads
294,Виктория Волкова,female,,Уфа,2024-06-05,organic
295,Светлана Фролова,female,1980-03-26,Казань,2024-06-05,ads
296,Полина Морозова,female,2006-12-12,Москва,2024-06-07,social
297,Михаил Фролов,male,1975-09-04,Санкт-Петербург,2024-06-07,organic
298,Анна Цой,female,1994-01-30,Санкт-Петербург,2024-06-09,bloggers
299,Софья Фролова,female,2008-10-03,Москва,2024-06-09,organic
300,Илья Зайцев,male,1995-08-23,Москва,2024-06-09,ads
301,Виктория Дмитриева,female,1995-11-27,Красноярск,2024-06-09,referral
302,Илья Зайцев,male,2005-10-06,Екатеринбург,2024-06-10,organic
303,Дарья Сорокина,female,1990-09-14,Омск,2024-06-10,social
304,Ксения Кузнецова,female,1983-02-02,Краснодар,2024-06-11,organic
305,Ольга Петрова,female,1994-09-11,Челябинск,2024-06-11,referral
306,Артём Александров,male,1980-10-31,Новосибирск,2024-06-13,ads
307,Анастасия Гусева,female,1991-06-03,Краснодар,2024-06-13,social
308,Владимир Гусев,male,1990-07-27,Владивосток,2024-06-13,social
309,Юлия Морозова,female,1984-02-15,Краснодар,2024-06-13,social
310,Юлия Смирнова,female,1999-01-27,Москва,2024-06-14,social
311,Михаил Петров,male,1994-10-15,Москва,2024-06-14,organic
312,Екатерина Бондаренко,female,1990-01-08,Москва,2024-06-14,organic
313,Анна Алексеева,female,1984-06-09,Санкт-Петербург,2024-06-14,bloggers
314,Мария Кузьмина,female,1983-08-31,Новосибирск,2024-06-14,organic
315,Кристина Попова,female,1971-01-15,Новосибирск,2024-06-15,ads
316,Алиса Соколова,female,1995-06-17,Санкт-Петербург,2024-06-16,referral
317,Анна Сергеева,female,1996-07-11,Тюмень,2024-06-16,referral
318,Илья Гусев,male,,Новосибирск,2024-06-16,referral
319,Полина Степанова,female,1987-08-12,Новосибирск,2024-06-17,social
320,Андрей Семёнов,male,1991-05-20,Воронеж,2024-06-17,organic
321,Марина Семёнова,female,1984-03-06,Новосибирск,2024-06-18,social
322,Марина Гусева,female,1999-01-08,Санкт-Петербург,2024-06-18,ads
323,Олег Егоров,male,,Тюмень,2024-06-18,social
324,Алина Кузнецова,female,2006-05-09,Москва,2024-06-18,bloggers
325,Кристина Дмитриева,female,1987-01-31,Воронеж,2024-06-19,referral
326,Сергей Андреев,male,1990-07-03,Ростов-на-Дону,2024-06-19,organic
327,Юлия Морозова,female,2008-06-03,Пермь,2024-06-19,organic
328,Матвей Алексеев,male,1983-01-14,Екатеринбург,2024-06-20,ads
329,Виктория Макарова,female,2002-05-29,Челябинск,2024-06-21,ads
330,Кристина Ковалёва,female,1986-09-23,Краснодар,2024-06-22,ads
331,Светлана Зайцева,female,1995-09-05,Москва,2024-06-23,ads
332,Тимур Ковалёв,male,1993-09-14,Москва,2024-06-23,social
333,Ольга Королёва,female,1991-04-17,Красноярск,2024-06-23,ads
334,Наталья Белова,female,1992-04-27,Москва,2024-06-24,referral
335,Елена Белова,female,1972-09-10,Москва,2024-06-24,social
336,Тимур Григорьев,male,1979-01-24,Краснодар,2024-06-24,ads
337,Анастасия Егорова,female,2002-02-26,Нижний Новгород,2024-06-25,bloggers
338,Анастасия Павлова,female,2008-05-14,Москва,2024-06-25,organic
339,Полина Орлова,female,1999-11-19,Краснодар,2024-06-25,ads
340,Мария Сорокина,female,1982-10-04,Иркутск,2024-06-26,ads
341,Андрей Романов,male,2000-12-19,Уфа,2024-06-26,social
342,Юлия Николаева,female,1994-10-01,Санкт-Петербург,2024-06-26,ads
343,Юлия Никитина,female,1984-10-08,Москва,2024-06-26,referral
344,Кирилл Захаров,male,1995-04-06,Москва,2024-06-27,referral
345,Артём Павлов,male,1982-07-31,Калининград,2024-06-27,organic
346,Валерия Смирнова,female,1983-09-19,Пермь,2024-06-28,organic
347,Павел Поляков,male,1998-12-01,Красноярск,2024-06-28,organic
348,Вероника Фёдорова,female,1993-09-13,Калининград,2024-06-30,ads
349,Ольга Макарова,female,2008-05-13,Воронеж,2024-06-30,ads
350,Татьяна Фёдорова,female,2001-05-31,Москва,2024-07-01,organic
351,Алиса Мельниченко,female,,Казань,2024-07-01,ads
352,Ирина Медведева,female,2008-01-12,Москва,2024-07-02,social
353,Ольга Бондаренко,female,1992-05-21,Пермь,2024-07-02,referral
354,Денис Соколов,male,1983-09-25,Москва,2024-07-02,social
355,Анна Орлова,female,1996-03-30,Екатеринбург,2024-07-02,social
356,Юлия Кузнецова,female,1996-05-01,Новосибирск,2024-07-04,bloggers
357,Денис Романов,male,1980-08-02,Москва,2024-07-04,ads
358,Наталья Григорьева,female,2002-06-06,Челябинск,2024-07-05,ads
359,Иван Королёв,male,1999-11-11,Москва,2024-07-07,organic
360,Виктория Соловьёва,female,,Санкт-Петербург,2024-07-07,ads
361,Анна Григорьева,female,,Ростов-на-Дону,2024-07-08,organic
362,Анастасия Михайлова,female,2004-10-27,Москва,2024-07-08,referral
363,Алина Васильева,female,1989-07-01,Москва,2024-07-09,bloggers
364,Ксения Белова,female,1992-07-11,Новосибирск,2024-07-09,referral
365,Артём Фёдоров,male,2004-06-27,Краснодар,2024-07-09,social
366,Дмитрий Морозов,male,1990-11-06,Калининград,2024-07-09,ads
367,Марина Кузнецова,female,1986-01-20,,2024-07-09,social
368,Татьяна Воробьёва,female,2006-06-12,Краснодар,2024-07-09,ads
369,Юлия Михайлова,female,,Москва,2024-07-09,social
370,Светлана Соловьёва,female,,Екатеринбург,2024-07-10,referral
371,Глеб Фёдоров,male,2000-07-23,Санкт-Петербург,2024-07-10,social
372,Марина Александрова,female,1982-05-26,Краснодар,2024-07-10,ads
373,Дмитрий Никитин,male,2006-02-23,Санкт-Петербург,2024-07-10,organic
374,Матвей Михайлов,male,1989-12-02,Москва,2024-07-10,ads
375,Марина Соловьёва,female,1996-08-24,Новосибирск,2024-07-11,organic
376,Олег Цой,male,1977-03-19,Уфа,2024-07-11,bloggers
377,Роман Коваленко,male,1975-06-04,Санкт-Петербург,2024-07-12,social
378,Алиса Максимова,female,1979-08-17,Новосибирск,2024-07-12,referral
379,Михаил Волков,male,1979-05-29,Москва,2024-07-13,bloggers
380,Елена Королёва,female,1984-12-11,Нижний Новгород,2024-07-13,social
381,Дарья Степанова,female,2005-11-20,Краснодар,2024-07-15,organic
382,Матвей Ковалёв,male,1990-01-26,Владивосток,2024-07-17,ads
383,Татьяна Бондаренко,female,2002-12-24,Хабаровск,2024-07-17,social
384,Софья Иванова,female,2003-08-05,Самара,2024-07-17,organic
385,Тимур Яковлев,male,,Москва,2024-07-17,organic
386,Юлия Захарова,female,1991-06-01,Екатеринбург,2024-07-17,referral
387,Ирина Кузнецова,female,1996-11-23,Екатеринбург,2024-07-17,social
388,Илья Сорокин,male,,Краснодар,2024-07-18,ads
389,Денис Кузьмин,male,2004-10-10,Москва,2024-07-18,social
390,Владимир Орлов,male,1997-04-21,Самара,2024-07-18,organic
391,Алина Андреева,female,1989-11-09,Красноярск,2024-07-19,ads
392,Дмитрий Воробьёв,male,2000-04-28,Екатеринбург,2024-07-19,ads
393,Татьяна Королёва,female,1979-04-20,Москва,2024-07-19,referral
394,Роман Дмитриев,male,2008-07-02,Москва,2024-07-19,social
395,Кристина Гусева,female,1996-08-25,Уфа,2024-07-20,organic
396,Тимур Попов,male,2008-01-08,Краснодар,2024-07-21,ads
397,Полина Смирнова,female,1970-02-05,Екатеринбург,2024-07-21,social
398,Наталья Романова,female,1976-01-02,Москва,2024-07-22,ads
399,Дмитрий Алексеев,male,1992-11-02,Москва,2024-07-22,ads
400,Максим Королёв,male,2008-11-14,Калининград,2024-07-22,ads
401,Ольга Киселёва,female,2008-01-04,Москва,2024-07-22,organic
402,Марина Соловьёва,female,1989-08-19,Новосибирск,2024-07-22,organic
403,Матвей Сорокин,male,1991-01-19,Санкт-Петербург,2024-07-22,social
404,Ольга Петрова,female,1994-07-06,Нижний Новгород,2024-07-24,referral
405,Дмитрий Никитин,male,1993-01-27,Москва,2024-07-24,organic
406,Александр Борисов,male,1990-02-04,Калининград,2024-07-24,social
407,Алина Андреева,female,1979-05-05,Казань,2024-07-24,organic
408,Кристина Воробьёва,female,2008-01-03,Пермь,2024-07-25,bloggers
409,Алина Никитина,female,1980-12-12,Ростов-на-Дону,2024-07-25,ads
410,Мария Ковалёва,female,,Москва,2024-07-25,bloggers
411,Ольга Новикова,female,2008-03-04,Москва,2024-07-25,social
412,Мария Козлова,female,1977-07-31,Казань,2024-07-25,ads
413,Елена Романова,female,2007-11-30,Нижний Новгород,2024-07-26,ads
414,Вероника Алексеева,female,2005-11-26,Москва,2024-07-26,social
415,Евгений Волков,male,,Москва,2024-07-26,ads
416,Павел Поляков,male,1998-10-26,Тюмень,2024-07-26,ads
417,Ирина Григорьева,female,1999-06-08,Москва,2024-07-26,organic
418,Мария Козлова,female,1986-11-22,Санкт-Петербург,2024-07-26,social
419,Артём Алексеев,male,1994-03-29,Санкт-Петербург,2024-07-27,ads
420,Владимир Егоров,male,1994-01-29,Волгоград,2024-07-27,ads
421,Павел Королёв,male,1978-08-20,Казань,2024-07-27,bloggers
422,Кристина Сергеева,female,1991-05-05,Нижний Новгород,2024-07-28,social
423,Павел Фролов,male,1979-12-13,Новосибирск,2024-07-30,organic
424,Максим Орлов,male,2004-08-04,Самара,2024-07-30,social
425,Александр Павлов,male,1996-10-03,Санкт-Петербург,2024-07-30,social
426,Полина Медведева,female,1986-07-11,Ростов-на-Дону,2024-07-31,social
427,Татьяна Семёнова,female,1979-06-13,Красноярск,2024-07-31,ads
428,Евгений Бондаренко,male,2000-11-06,Тюмень,2024-07-31,ads
429,Марина Максимова,female,1989-12-14,Владивосток,2024-07-31,organic
430,Алиса Кузьмина,female,2003-01-10,Санкт-Петербург,2024-08-01,organic
431,Матвей Соколов,male,1999-09-28,Пермь,2024-08-01,bloggers
432,Мария Кузьмина,female,1991-07-13,,2024-08-01,organic
433,Глеб Яковлев,male,1984-06-16,Екатеринбург,2024-08-02,ads
434,Наталья Степанова,female,,Санкт-Петербург,2024-08-02,referral
435,Павел Волков,male,1990-09-16,Самара,2024-08-02,organic
436,Анна Алексеева,female,1977-12-22,Тюмень,2024-08-02,ads
437,Ирина Борисова,female,1985-08-21,Санкт-Петербург,2024-08-03,ads
438,Денис Дмитриев,male,1996-12-25,Калининград,2024-08-03,social
439,Роман Орлов,male,1997-10-08,Москва,2024-08-04,ads
440,Софья Сорокина,female,1999-07-14,Казань,2024-08-05,ads
441,Анастасия Александрова,female,2004-09-16,Волгоград,2024-08-05,referral
442,Роман Волков,male,1999-11-13,,2024-08-05,ads
443,Денис Фролов,male,2000-11-18,Санкт-Петербург,2024-08-06,organic
444,Татьяна Козлова,female,,Пермь,2024-08-06,bloggers
445,Татьяна Медведева,female,1983-04-05,Москва,2024-08-07,referral
446,Алина Волкова,female,1996-09-27,Красноярск,2024-08-07,organic
447,Глеб Михайлов,male,2007-10-18,Тюмень,2024-08-07,organic
448,Марина Кузнецова,female,2008-09-21,Пермь,2024-08-08,organic
449,Мария Ильина,female,,Пермь,2024-08-08,ads
450,Марина Алексеева,female,1993-12-11,Москва,2024-08-08,bloggers
451,Павел Сорокин,male,2000-05-08,Волгоград,2024-08-08,organic
452,Евгений Иванов,male,,Новосибирск,2024-08-09,ads
453,Марина Медведева,female,2000-02-21,Тюмень,2024-08-09,organic
454,Елена Павлова,female,1996-02-14,Новосибирск,2024-08-10,ads
455,Иван Морозов,male,1997-08-30,Москва,2024-08-10,ads
456,Алина Кузьмина,female,1988-07-05,Москва,2024-08-10,ads
457,Анастасия Козлова,female,1999-04-19,Красноярск,2024-08-11,organic
458,Евгений Семёнов,male,1990-08-06,Санкт-Петербург,2024-08-11,referral
459,Кирилл Петров,male,,Москва,2024-08-11,ads
460,Кристина Новикова,female,1992-09-27,Пермь,2024-08-12,ads
461,Ольга Гусева,female,2000-02-24,Москва,2024-08-12,social
462,Алиса Лебедева,female,1999-07-09,Омск,2024-08-12,organic
463,Алексей Морозов,male,1992-08-01,Санкт-Петербург,2024-08-12,social
464,Ксения Волкова,female,2003-06-06,Казань,2024-08-13,organic
465,Тимур Попов,male,1989-04-24,Иркутск,2024-08-13,organic
466,Павел Николаев,male,1989-02-19,Москва,2024-08-14,ads
467,Павел Орлов,male,1999-10-27,Тюмень,2024-08-14,ads
468,Дарья Соловьёва,female,1988-08-16,Москва,2024-08-15,organic
469,Екатерина Фёдорова,female,1976-09-22,Москва,2024-08-15,ads
470,Иван Егоров,male,1999-04-14,Санкт-Петербург,2024-08-15,social
471,Марина Воробьёва,female,1987-10-04,Ярославль,2024-08-18,ads
472,Дмитрий Волков,male,1994-09-02,,2024-08-18,social
473,Олег Александров,male,1977-05-13,Москва,2024-08-19,social
474,Алиса Волкова,female,1982-03-06,Омск,2024-08-19,social
475,Максим Белов,male,1979-09-01,Казань,2024-08-19,referral
476,Ирина Соколова,female,2000-10-20,Красноярск,2024-08-19,organic
477,Елена Григорьева,female,1991-09-01,Тюмень,2024-08-20,ads
478,Светлана Волкова,female,1981-07-02,Санкт-Петербург,2024-08-20,referral
479,Мария Новикова,female,1991-01-25,Москва,2024-08-20,ads
480,Дарья Полякова,female,1990-04-01,Москва,2024-08-20,referral
481,Денис Николаев,male,1999-04-14,Краснодар,2024-08-21,organic
482,Елена Макарова,female,1984-07-09,Санкт-Петербург,2024-08-21,organic
483,Алексей Волков,male,1989-08-25,Омск,2024-08-21,social
484,Иван Макаров,male,1984-06-01,Москва,2024-08-22,referral
485,Виктория Смирнова,female,,Челябинск,2024-08-22,organic
486,Максим Сорокин,male,1990-02-28,Тула,2024-08-22,ads
487,Алексей Степанов,male,1979-05-29,,2024-08-22,referral
488,Анастасия Лебедева,female,,Краснодар,2024-08-22,social
489,Тимур Никитин,male,1968-01-05,Москва,2024-08-23,organic
490,Мария Павлова,female,,Санкт-Петербург,2024-08-24,referral
491,Матвей Ильин,male,1980-01-15,Хабаровск,2024-08-24,social
492,Максим Поляков,male,1985-12-20,Екатеринбург,2024-08-24,social
493,Егор Киселёв,male,1979-09-23,Санкт-Петербург,2024-08-25,bloggers
494,Елена Морозова,female,1993-11-27,Москва,2024-08-25,organic
495,Полина Коваленко,female,1994-02-17,Санкт-Петербург,2024-08-26,organic
496,Матвей Захаров,male,,Санкт-Петербург,2024-08-26,referral
497,Дмитрий Орлов,male,2008-03-01,Санкт-Петербург,2024-08-26,bloggers
498,Александр Сорокин,male,2003-05-23,Краснодар,2024-08-27,ads
499,Дарья Новикова,female,1981-11-12,Омск,2024-08-27,organic
500,Алина Макарова,female,1985-09-26,Санкт-Петербург,2024-08-27,organic
501,Алексей Андреев,male,1997-02-19,Санкт-Петербург,2024-08-27,organic
502,Дмитрий Петров,male,1989-06-10,Казань,2024-08-28,organic
503,Виктория Григорьева,female,1991-01-24,,2024-08-28,ads
504,Алиса Коваленко,female,1987-06-01,Волгоград,2024-08-29,referral
505,Денис Орлов,male,1978-10-20,Воронеж,2024-08-29,organic
506,Вероника Кузнецова,female,1993-07-27,Воронеж,2024-08-29,organic
507,Дмитрий Андреев,male,1986-12-14,Челябинск,2024-08-29,ads
508,Анастасия Ким,female,2004-01-13,Тула,2024-08-30,organic
509,Тимур Павлов,male,,Санкт-Петербург,2024-08-30,social
510,Денис Иванов,male,1981-06-12,Москва,2024-08-30,ads
511,Алексей Яковлев,male,1991-05-02,Воронеж,2024-08-31,organic
512,Никита Иванов,male,2001-09-21,Иркутск,2024-09-01,referral
513,Екатерина Сергеева,female,2000-06-28,Красноярск,2024-09-01,bloggers
514,Алина Степанова,female,2001-05-17,Краснодар,2024-09-01,bloggers
515,Полина Дмитриева,female,1991-08-01,Москва,2024-09-01,ads
516,Матвей Кузьмин,male,1979-02-08,Санкт-Петербург,2024-09-02,bloggers
517,Виктория Кузьмина,female,1983-08-12,Волгоград,2024-09-02,bloggers
518,Софья Новикова,female,1970-02-28,Москва,2024-09-02,organic
519,Ольга Новикова,female,1999-05-25,Воронеж,2024-09-02,referral
520,Алина Волкова,female,1981-10-20,Омск,2024-09-02,bloggers
521,Олег Яковлев,male,1990-04-15,Красноярск,2024-09-04,organic
522,Наталья Орлова,female,,Москва,2024-09-04,social
523,Светлана Макарова,female,1980-01-12,Казань,2024-09-05,social
524,Юлия Сорокина,female,1986-07-21,Калининград,2024-09-06,bloggers
525,Иван Дмитриев,male,1970-07-04,Краснодар,2024-09-06,referral
526,Артём Кузьмин,male,1975-10-18,Екатеринбург,2024-09-07,referral
527,Вероника Ильина,female,2007-01-01,Москва,2024-09-07,organic
528,Кирилл Козлов,male,2003-10-23,Санкт-Петербург,2024-09-07,ads
529,Ольга Алексеева,female,1983-08-11,Уфа,2024-09-07,ads
530,Иван Павлов,male,1998-07-17,Москва,2024-09-09,ads
531,Алексей Ильин,male,1986-09-09,Ростов-на-Дону,2024-09-09,ads
532,Екатерина Киселёва,female,1985-03-05,Самара,2024-09-09,referral
533,Софья Андреева,female,1990-03-27,Москва,2024-09-10,organic
534,Ирина Ильина,female,1989-08-25,Москва,2024-09-10,organic
535,Никита Ильин,male,1986-11-06,Самара,2024-09-10,referral
536,Валерия Смирнова,female,1996-08-15,Новосибирск,2024-09-10,ads
537,Алина Кузьмина,female,1994-06-14,Сочи,2024-09-10,ads
538,Валерия Мельниченко,female,1970-05-08,Уфа,2024-09-10,social
539,Дмитрий Бондаренко,male,2008-05-13,Казань,2024-09-11,bloggers
540,Наталья Козлова,female,1972-12-09,Ярославль,2024-09-11,social
541,Кристина Никитина,female,2005-10-25,Воронеж,2024-09-11,organic
542,Денис Кузнецов,male,2000-12-22,Москва,2024-09-11,referral
543,Мария Яковлева,female,2004-12-15,Екатеринбург,2024-09-11,organic
544,Тимур Воробьёв,male,1991-04-15,Пермь,2024-09-12,referral
545,Олег Никитин,male,1987-09-14,Ярославль,2024-09-12,organic
546,Олег Павлов,male,1994-12-10,Москва,2024-09-12,organic
547,Наталья Полякова,female,2002-01-21,Пермь,2024-09-13,organic
548,Татьяна Киселёва,female,,Самара,2024-09-13,organic
549,Ольга Алексеева,female,1978-07-27,Пермь,2024-09-14,social
550,Анна Яковлева,female,1976-02-21,Москва,2024-09-14,referral
551,Светлана Полякова,female,1994-08-19,Москва,2024-09-14,bloggers
552,Максим Павлов,male,1987-08-05,Сочи,2024-09-14,ads
553,Вероника Дмитриева,female,1994-04-23,Ростов-на-Дону,2024-09-15,ads
554,Евгений Коваленко,male,1990-01-29,Санкт-Петербург,2024-09-15,organic
555,Кристина Козлова,female,1992-04-09,Красноярск,2024-09-15,ads
556,Тимур Белов,male,2002-09-26,Екатеринбург,2024-09-15,social
557,Алексей Соколов,male,1985-07-02,Красноярск,2024-09-16,ads
558,Илья Ким,male,1981-08-31,Краснодар,2024-09-16,referral
559,Александр Григорьев,male,1999-01-25,Краснодар,2024-09-17,referral
560,Ольга Макарова,female,,Омск,2024-09-17,referral
561,Владимир Романов,male,1989-05-22,Казань,2024-09-17,organic
562,Ирина Козлова,female,1991-09-29,Уфа,2024-09-17,referral
563,Алиса Васильева,female,2001-03-06,Санкт-Петербург,2024-09-18,ads
564,Алина Романова,female,1987-01-02,Казань,2024-09-19,organic
565,Татьяна Кузьмина,female,2008-02-29,Новосибирск,2024-09-19,ads
566,Светлана Ильина,female,2005-11-05,Новосибирск,2024-09-19,ads
567,Алексей Воробьёв,male,1972-06-10,Казань,2024-09-20,social
568,Ирина Павлова,female,1990-12-15,Нижний Новгород,2024-09-20,ads
569,Анастасия Семёнова,female,1993-12-10,Москва,2024-09-20,ads
570,Денис Морозов,male,1999-05-29,Калининград,2024-09-20,ads
571,Анастасия Иванова,female,1991-02-19,Ростов-на-Дону,2024-09-20,bloggers
572,Сергей Петров,male,1977-05-13,Челябинск,2024-09-20,organic
573,Виктория Ковалёва,female,2002-10-20,Ярославль,2024-09-20,organic
574,Мария Алексеева,female,1975-06-25,Санкт-Петербург,2024-09-21,organic
575,Софья Воробьёва,female,2001-08-28,Санкт-Петербург,2024-09-21,organic
576,Марина Сорокина,female,,Самара,2024-09-22,ads
577,Светлана Кузнецова,female,1981-05-05,Санкт-Петербург,2024-09-22,ads
578,Вероника Фролова,female,1986-12-24,Тюмень,2024-09-23,social
579,Алиса Козлова,female,1995-11-05,Москва,2024-09-24,ads
580,Ксения Морозова,female,2003-05-13,Москва,2024-09-24,organic
581,Дарья Медведева,female,,Нижний Новгород,2024-09-25,referral
582,Юлия Кузнецова,female,1981-10-02,Москва,2024-09-26,organic
583,Артём Яковлев,male,1996-08-22,Санкт-Петербург,2024-09-26,organic
584,Виктория Николаева,female,1989-08-22,Волгоград,2024-09-26,ads
585,Виктория Александрова,female,1987-12-09,Москва,2024-09-27,bloggers
586,Кристина Егорова,female,2000-11-02,Челябинск,2024-09-27,ads
587,Андрей Ковалёв,male,1984-11-07,Тюмень,2024-09-28,bloggers
588,Наталья Ким,female,2000-05-22,Москва,2024-09-28,organic
589,Михаил Андреев,male,,Москва,2024-09-28,social
590,Ольга Воробьёва,female,,Уфа,2024-09-28,bloggers
591,Кирилл Кузьмин,male,1995-05-22,Самара,2024-09-29,social
592,Евгений Орлов,male,1994-06-10,Новосибирск,2024-09-29,organic
593,Кирилл Борисов,male,2000-07-26,Екатеринбург,2024-09-29,ads
594,Елена Фёдорова,female,1988-06-12,Москва,2024-09-30,referral
595,Марина Ковалёва,female,,Хабаровск,2024-09-30,organic
596,Наталья Бондаренко,female,1997-06-14,Новосибирск,2024-09-30,organic
597,Елена Ковалёва,female,1995-07-04,Новосибирск,2024-10-01,ads
598,Алиса Новикова,female,2000-11-11,Москва,2024-10-01,ads
599,Ольга Воробьёва,female,1987-03-09,Ростов-на-Дону,2024-10-02,social
600,Сергей Ковалёв,male,2007-03-19,Москва,2024-10-02,social
601,Дмитрий Волков,male,2000-11-29,Москва,2024-10-02,social
602,Алексей Смирнов,male,1993-04-26,Санкт-Петербург,2024-10-02,referral
603,Алиса Фролова,female,1993-10-03,Санкт-Петербург,2024-10-04,referral
604,Павел Борисов,male,1991-08-06,Москва,2024-10-04,social
605,Сергей Новиков,male,1984-12-24,Красноярск,2024-10-04,referral
606,Полина Александрова,female,,Москва,2024-10-05,social
607,Марина Попова,female,1992-01-16,,2024-10-05,ads
608,Анастасия Павлова,female,1997-06-04,Ростов-на-Дону,2024-10-05,organic
609,Павел Алексеев,male,1981-04-30,Воронеж,2024-10-07,organic
610,Валерия Соловьёва,female,2007-09-02,Екатеринбург,2024-10-08,social
611,Тимур Максимов,male,1998-06-21,Омск,2024-10-09,organic
612,Вероника Кузьмина,female,1997-10-19,Красноярск,2024-10-09,ads
613,Татьяна Петрова,female,1979-01-15,Казань,2024-10-09,organic
614,Денис Егоров,male,1984-12-16,,2024-10-09,bloggers
615,Полина Королёва,female,2001-12-25,Москва,2024-10-09,organic
616,Алина Борисова,female,1993-03-23,Москва,2024-10-12,ads
617,Полина Воробьёва,female,1989-03-25,Омск,2024-10-12,ads
618,Светлана Зайцева,female,1981-09-05,Воронеж,2024-10-12,social
619,Михаил Попов,male,1993-07-19,Москва,2024-10-13,ads
620,Кристина Борисова,female,2000-02-06,Ярославль,2024-10-13,referral
621,Павел Васильев,male,2001-06-16,Москва,2024-10-13,bloggers
622,Никита Алексеев,male,1989-05-05,Краснодар,2024-10-14,ads
623,Ирина Дмитриева,female,2002-04-09,Москва,2024-10-14,referral
624,Светлана Соколова,female,2000-05-08,Воронеж,2024-10-14,organic
625,Елена Григорьева,female,1985-10-28,Красноярск,2024-10-15,social
626,Полина Григорьева,female,1987-09-09,,2024-10-15,referral
627,Роман Морозов,male,2002-12-24,Пермь,2024-10-15,bloggers
628,Иван Семёнов,male,,Москва,2024-10-15,referral
629,Кирилл Семёнов,male,1988-12-13,Уфа,2024-10-15,social
630,Кристина Лебедева,female,1992-07-14,Челябинск,2024-10-16,referral
631,Кирилл Захаров,male,1998-08-27,,2024-10-16,ads
632,Мария Егорова,female,2003-02-11,Тюмень,2024-10-16,ads
633,Ксения Фёдорова,female,1973-04-22,Санкт-Петербург,2024-10-16,organic
634,Глеб Медведев,male,2002-10-29,Санкт-Петербург,2024-10-16,organic
635,Никита Павлов,male,1997-02-27,Самара,2024-10-17,referral
636,Илья Николаев,male,1991-06-22,Санкт-Петербург,2024-10-17,organic
637,Артём Романов,male,1978-05-20,Краснодар,2024-10-17,organic
638,Михаил Кузьмин,male,1990-11-07,Санкт-Петербург,2024-10-17,organic
639,Алексей Степанов,male,1986-08-06,Ростов-на-Дону,2024-10-18,ads
640,Алексей Киселёв,male,1994-10-24,Санкт-Петербург,2024-10-18,bloggers
641,Артём Сорокин,male,1988-10-28,Красноярск,2024-10-18,ads
642,Валерия Орлова,female,1978-10-14,Санкт-Петербург,2024-10-18,ads
643,Ольга Полякова,female,1997-01-19,Новосибирск,2024-10-18,ads
644,Никита Захаров,male,1996-12-03,Уфа,2024-10-19,social
645,Ирина Смирнова,female,1986-10-28,Красноярск,2024-10-20,social
646,Кристина Степанова,female,1978-05-09,Тула,2024-10-20,ads
647,Валерия Михайлова,female,2008-04-28,Омск,2024-10-20,organic
648,Елена Яковлева,female,2008-01-14,Москва,2024-10-20,organic
649,Светлана Степанова,female,1994-12-21,Калининград,2024-10-20,social
650,Алиса Коваленко,female,1984-12-27,Москва,2024-10-20,ads
651,Алиса Воробьёва,female,,Москва,2024-10-21,referral
652,Андрей Андреев,male,1969-10-25,Москва,2024-10-21,referral
653,Вероника Ильина,female,1975-11-13,Санкт-Петербург,2024-10-23,ads
654,Мария Смирнова,female,1983-07-06,Санкт-Петербург,2024-10-23,organic
655,Виктория Ким,female,2001-02-09,Санкт-Петербург,2024-10-23,ads
656,Анна Кузнецова,female,1989-05-21,Тюмень,2024-10-23,organic
657,Ирина Воробьёва,female,2001-04-13,Москва,2024-10-23,bloggers
658,Кристина Виноградова,female,1989-06-21,Ростов-на-Дону,2024-10-24,social
659,Вероника Попова,female,2007-12-16,Воронеж,2024-10-25,ads
660,Денис Максимов,male,1984-05-11,Санкт-Петербург,2024-10-25,ads
661,Марина Дмитриева,female,1985-12-07,Казань,2024-10-25,organic
662,Глеб Фёдоров,male,1996-06-05,Москва,2024-10-25,ads
663,Глеб Сорокин,male,2002-05-10,Хабаровск,2024-10-25,ads
664,Кристина Новикова,female,1990-10-05,Санкт-Петербург,2024-10-26,bloggers
665,Виктория Киселёва,female,1984-09-02,Челябинск,2024-10-27,bloggers
666,Александр Белов,male,1991-09-18,Москва,2024-10-27,organic
667,Виктория Виноградова,female,1989-09-30,Воронеж,2024-10-28,social
668,Артём Шевченко,male,1993-06-23,Санкт-Петербург,2024-10-28,ads
669,Евгений Бондаренко,male,1983-04-10,Уфа,2024-10-29,organic
670,Алиса Ковалёва,female,1988-05-18,Краснодар,2024-10-29,social
671,Евгений Павлов,male,1988-08-09,Москва,2024-10-29,ads
672,Полина Степанова,female,1992-02-13,Екатеринбург,2024-10-29,social
673,Ольга Сорокина,female,1985-10-11,Самара,2024-10-30,ads
674,Олег Григорьев,male,1978-11-14,Красноярск,2024-10-30,ads
675,Юлия Иванова,female,1976-05-12,Санкт-Петербург,2024-10-31,ads
676,Матвей Кузнецов,male,1984-09-05,Волгоград,2024-10-31,organic
677,Дарья Соловьёва,female,1985-11-20,Екатеринбург,2024-11-01,ads
678,Алексей Фёдоров,male,1992-06-16,Москва,2024-11-01,ads
679,Павел Кузнецов,male,1998-12-12,Новосибирск,2024-11-02,referral
680,Ирина Фёдорова,female,1991-08-04,Москва,2024-11-02,ads
681,Роман Фролов,male,1976-08-10,Тюмень,2024-11-03,ads
682,Ольга Мельниченко,female,1982-08-15,Казань,2024-11-03,social
683,Анна Медведева,female,1996-08-14,Воронеж,2024-11-03,ads
684,Алексей Медведев,male,1979-07-15,Москва,2024-11-03,ads
685,Мария Ильина,female,1984-06-05,Москва,2024-11-03,social
686,Михаил Кузьмин,male,1981-09-17,Краснодар,2024-11-04,ads
687,Анна Семёнова,female,1990-08-15,Москва,2024-11-04,ads
688,Мария Зайцева,female,1989-09-05,Москва,2024-11-05,organic
689,Юлия Морозова,female,1996-06-05,Красноярск,2024-11-05,social
690,Кристина Егорова,female,1999-07-27,Ростов-на-Дону,2024-11-05,organic
691,Анна Михайлова,female,1988-06-21,Сочи,2024-11-05,bloggers
692,Ольга Захарова,female,1973-12-12,Санкт-Петербург,2024-11-06,ads
693,Михаил Сорокин,male,1985-07-09,Санкт-Петербург,2024-11-06,social
694,Павел Киселёв,male,1982-11-23,Екатеринбург,2024-11-06,referral
695,Ольга Александрова,female,1991-10-26,Омск,2024-11-06,ads
696,Ксения Цой,female,1978-11-30,Пермь,2024-11-06,social
697,Андрей Николаев,male,2002-06-21,Новосибирск,2024-11-06,referral
698,Егор Иванов,male,1983-10-28,,2024-11-07,ads
699,Мария Егорова,female,1993-10-26,Иркутск,2024-11-07,ads
700,Алексей Макаров,male,2008-09-09,Казань,2024-11-07,ads
701,Павел Макаров,male,1985-11-07,Ростов-на-Дону,2024-11-08,referral
702,Михаил Романов,male,1994-10-25,Казань,2024-11-08,social
703,Алексей Киселёв,male,2001-01-10,Москва,2024-11-08,social
704,Андрей Киселёв,male,1996-02-19,Владивосток,2024-11-08,organic
705,Алина Волкова,female,1988-08-18,Волгоград,2024-11-09,ads
706,Кристина Ковалёва,female,2006-07-30,Красноярск,2024-11-09,referral
707,Дарья Цой,female,1995-12-27,Самара,2024-11-09,social
708,Татьяна Бондаренко,female,1997-05-26,Москва,2024-11-09,ads
709,Юлия Александрова,female,1988-01-11,Москва,2024-11-09,ads
710,Анна Мельниченко,female,,Санкт-Петербург,2024-11-09,bloggers
711,Глеб Никитин,male,1982-10-10,Владивосток,2024-11-09,organic
712,Олег Кузнецов,male,1994-09-11,Омск,2024-11-09,organic
713,Илья Егоров,male,1994-03-11,,2024-11-09,bloggers
714,Ольга Фролова,female,1993-10-25,Красноярск,2024-11-10,organic
715,Алина Соколова,female,2003-07-05,Казань,2024-11-10,social
716,Екатерина Волкова,female,1992-05-20,Краснодар,2024-11-10,ads
717,Андрей Фёдоров,male,1999-04-22,Пермь,2024-11-11,ads
718,Анастасия Алексеева,female,1971-02-07,Ростов-на-Дону,2024-11-11,ads
719,Глеб Кузьмин,male,1984-04-05,Краснодар,2024-11-11,ads
720,Анна Яковлева,female,1991-06-13,Пермь,2024-11-12,organic
721,Ирина Семёнова,female,1982-07-18,Нижний Новгород,2024-11-13,referral
722,Виктория Соколова,female,1976-04-08,Москва,2024-11-14,referral
723,Юлия Воробьёва,female,2001-06-09,Москва,2024-11-14,social
724,Анна Борисова,female,1991-09-20,Ростов-на-Дону,2024-11-14,social
725,Валерия Фёдорова,female,1999-09-30,Москва,2024-11-15,social
726,Максим Сорокин,male,1988-12-07,Челябинск,2024-11-15,referral
727,Полина Павлова,female,1997-10-02,Москва,2024-11-15,ads
728,Алиса Ильина,female,2000-09-24,Челябинск,2024-11-17,organic
729,Вероника Семёнова,female,1995-12-09,Санкт-Петербург,2024-11-18,organic
730,Сергей Орлов,male,1991-04-21,Самара,2024-11-18,organic
731,Дарья Козлова,female,1974-12-06,,2024-11-18,social
732,Глеб Волков,male,1997-04-08,Санкт-Петербург,2024-11-18,social
733,Евгений Иванов,male,2008-10-04,Красноярск,2024-11-18,social
734,Никита Фёдоров,male,1992-06-01,Москва,2024-11-19,social
735,Наталья Яковлева,female,1997-10-07,Челябинск,2024-11-19,organic
736,Матвей Кузьмин,male,2000-08-05,,2024-11-19,ads
737,Наталья Яковлева,female,1981-03-10,Санкт-Петербург,2024-11-19,ads
738,Алина Ильина,female,1985-07-03,Москва,2024-11-19,organic
739,Полина Кузьмина,female,1982-08-06,Москва,2024-11-19,ads
740,Денис Семёнов,male,1989-06-26,Ростов-на-Дону,2024-11-20,organic
741,Софья Петрова,female,1984-08-05,Сочи,2024-11-20,organic
742,Алексей Морозов,male,1996-03-08,Хабаровск,2024-11-21,ads
743,Дмитрий Семёнов,male,,Москва,2024-11-21,referral
744,Ксения Васильева,female,1987-04-17,Новосибирск,2024-11-21,social
745,Виктория Новикова,female,1988-03-16,Владивосток,2024-11-21,bloggers
746,Дарья Орлова,female,1986-06-09,Санкт-Петербург,2024-11-22,organic
747,Ольга Фёдорова,female,1989-06-13,Новосибирск,2024-11-22,organic
748,Алина Попова,female,1988-11-21,Санкт-Петербург,2024-11-22,referral
749,Полина Зайцева,female,1992-02-26,Москва,2024-11-23,organic
750,Глеб Григорьев,male,,Казань,2024-11-23,ads
751,Ирина Шевченко,female,1975-04-11,Краснодар,2024-11-24,bloggers
752,Валерия Максимова,female,1992-08-17,Москва,2024-11-24,organic
753,Ольга Михайлова,female,1992-11-28,Екатеринбург,2024-11-24,organic
754,Елена Медведева,female,1975-08-14,Тула,2024-11-24,social
755,Светлана Виноградова,female,1996-06-01,Москва,2024-11-25,referral
756,Никита Дмитриев,male,1996-01-10,Волгоград,2024-11-25,bloggers
757,Светлана Романова,female,1992-07-03,Волгоград,2024-11-25,ads
758,Валерия Петрова,female,2004-12-29,Москва,2024-11-26,referral
759,Павел Михайлов,male,1985-06-29,Омск,2024-11-26,organic
760,Владимир Сорокин,male,1981-02-14,Омск,2024-11-26,ads
761,Дмитрий Сергеев,male,1985-03-13,Москва,2024-11-27,social
762,Максим Соловьёв,male,1994-06-22,Казань,2024-11-27,ads
763,Глеб Королёв,male,1997-02-06,Краснодар,2024-11-27,organic
764,Вероника Яковлева,female,2002-03-22,Сочи,2024-11-27,organic
765,Михаил Алексеев,male,1991-04-17,Москва,2024-11-28,referral
766,Марина Ильина,female,1974-04-24,Волгоград,2024-11-28,ads
767,Алина Коваленко,female,1992-06-04,Пермь,2024-11-28,bloggers
768,Олег Егоров,male,,Москва,2024-11-29,social
769,Ольга Андреева,female,2008-01-22,Волгоград,2024-11-29,ads
770,Денис Волков,male,1979-03-23,Екатеринбург,2024-11-29,ads
771,Андрей Александров,male,1972-06-08,Иркутск,2024-11-29,referral
772,Алексей Яковлев,male,1973-07-25,Москва,2024-11-29,social
773,Валерия Ильина,female,1986-10-14,Екатеринбург,2024-11-29,social
774,Кристина Фёдорова,female,1995-01-04,Екатеринбург,2024-11-29,ads
775,Владимир Романов,male,1982-10-06,Москва,2024-11-29,organic
776,Светлана Иванова,female,1988-08-18,Челябинск,2024-11-30,organic
777,Мария Григорьева,female,1988-05-10,Москва,2024-11-30,bloggers
778,Александр Волков,male,1993-07-05,Москва,2024-11-30,organic
779,Тимур Волков,male,1995-07-14,Уфа,2024-12-01,referral
780,Егор Романов,male,1993-07-04,Челябинск,2024-12-01,social
781,Сергей Воробьёв,male,1997-05-12,Волгоград,2024-12-01,ads
782,Ольга Гусева,female,2008-10-05,Воронеж,2024-12-01,social
783,Софья Морозова,female,1979-11-25,Нижний Новгород,2024-12-01,referral
784,Дарья Волкова,female,1994-01-10,Пермь,2024-12-02,ads
785,Ксения Цой,female,1987-09-20,Пермь,2024-12-02,ads
786,Евгений Степанов,male,2002-03-02,Москва,2024-12-02,ads
787,Кристина Егорова,female,1994-05-01,Казань,2024-12-02,organic
788,Андрей Смирнов,male,1999-11-21,Казань,2024-12-03,ads
789,Кристина Кузьмина,female,1986-06-03,Калининград,2024-12-03,organic
790,Денис Петров,male,2008-11-01,Санкт-Петербург,2024-12-03,referral
791,Елена Воробьёва,female,1995-12-06,Уфа,2024-12-03,organic
792,Светлана Дмитриева,female,1984-10-14,Уфа,2024-12-04,ads
793,Максим Фролов,male,1981-02-05,Ярославль,2024-12-04,organic
794,Ольга Максимова,female,1997-06-11,Казань,2024-12-04,social
795,Дмитрий Сорокин,male,1983-12-02,Москва,2024-12-04,organic
796,Елена Гусева,female,1982-11-23,Москва,2024-12-05,bloggers
797,Алина Семёнова,female,1963-06-24,Волгоград,2024-12-05,ads
798,Дарья Королёва,female,1990-11-23,,2024-12-05,ads
799,Никита Ильин,male,1982-09-02,Казань,2024-12-05,social
800,Вероника Виноградова,female,2001-05-18,Омск,2024-12-05,referral
801,Наталья Смирнова,female,1971-10-04,Уфа,2024-12-06,bloggers
802,Михаил Воробьёв,male,1970-03-20,Москва,2024-12-06,social
803,Кристина Зайцева,female,1996-11-23,Красноярск,2024-12-06,referral
804,Евгений Ильин,male,1990-04-07,Омск,2024-12-07,ads
805,Елена Мельниченко,female,1989-10-18,Москва,2024-12-07,organic
806,Екатерина Романова,female,1989-07-03,Самара,2024-12-07,social
807,Алина Яковлева,female,1983-02-26,Екатеринбург,2024-12-07,referral
808,Кристина Кузьмина,female,1960-03-17,Краснодар,2024-12-07,social
809,Матвей Андреев,male,,Иркутск,2024-12-07,ads
810,Максим Иванов,male,1994-07-29,Сочи,2024-12-08,social
811,Дмитрий Ильин,male,1981-03-26,Ярославль,2024-12-08,organic
812,Сергей Иванов,male,,Краснодар,2024-12-09,referral
813,Екатерина Зайцева,female,1987-12-13,Ростов-на-Дону,2024-12-09,ads
814,Анна Соловьёва,female,1987-01-21,Санкт-Петербург,2024-12-09,social
815,Евгений Степанов,male,1994-01-05,Санкт-Петербург,2024-12-09,referral
816,Никита Фёдоров,male,1996-08-01,Ярославль,2024-12-09,bloggers
817,Олег Ковалёв,male,1998-08-16,Санкт-Петербург,2024-12-10,ads
818,Екатерина Степанова,female,1992-03-19,Москва,2024-12-10,bloggers
819,Алиса Яковлева,female,1995-05-19,Нижний Новгород,2024-12-10,bloggers
820,Вероника Никитина,female,2004-10-15,Санкт-Петербург,2024-12-11,ads
821,Юлия Зайцева,female,1999-11-10,Новосибирск,2024-12-11,ads
822,Алина Гусева,female,1990-09-18,Нижний Новгород,2024-12-11,organic
823,Ксения Попова,female,1985-04-16,Пермь,2024-12-12,organic
824,Наталья Романова,female,1989-02-27,Тула,2024-12-12,referral
825,Евгений Егоров,male,2005-09-18,Сочи,2024-12-12,social
826,Максим Сорокин,male,1995-03-31,Москва,2024-12-12,ads
827,Алексей Ковалёв,male,1993-04-20,Санкт-Петербург,2024-12-12,bloggers
828,Владимир Дмитриев,male,1977-09-30,Нижний Новгород,2024-12-13,referral
829,Андрей Васильев,male,,Пермь,2024-12-13,organic
830,Иван Романов,male,1982-05-23,Санкт-Петербург,2024-12-13,social
831,Анна Семёнова,female,1976-03-29,Москва,2024-12-13,social
832,Татьяна Новикова,female,1985-01-05,Нижний Новгород,2024-12-13,social
833,Елена Виноградова,female,1994-04-03,Ростов-на-Дону,2024-12-13,organic
834,Алиса Кузьмина,female,1975-07-24,Пермь,2024-12-14,ads
835,Никита Павлов,male,,Москва,2024-12-14,organic
836,Анастасия Попова,female,1983-05-11,Санкт-Петербург,2024-12-14,social
837,Юлия Иванова,female,1992-02-20,Москва,2024-12-15,ads
838,Евгений Белов,male,1986-08-01,Ярославль,2024-12-16,organic
839,Сергей Зайцев,male,2008-05-24,Москва,2024-12-16,referral
840,Ольга Никитина,female,1997-12-10,Москва,2024-12-16,bloggers
841,Евгений Соловьёв,male,1997-11-21,Челябинск,2024-12-17,referral
842,Светлана Васильева,female,2001-09-19,Москва,2024-12-17,organic
843,Анна Николаева,female,1996-03-06,Новосибирск,2024-12-17,social
844,Ирина Фролова,female,1983-10-21,Санкт-Петербург,2024-12-17,ads
845,Евгений Виноградов,male,,Ярославль,2024-12-17,social
846,Марина Григорьева,female,1993-01-12,Екатеринбург,2024-12-17,ads
847,Кристина Кузьмина,female,,Волгоград,2024-12-17,ads
848,Александр Виноградов,male,2002-03-31,Москва,2024-12-17,organic
849,Егор Егоров,male,1995-01-30,Санкт-Петербург,2024-12-18,ads
850,Светлана Александрова,female,2008-02-01,Москва,2024-12-18,bloggers
851,Кирилл Белов,male,1982-07-05,,2024-12-18,referral
852,Дарья Виноградова,female,2000-01-02,Москва,2024-12-18,bloggers
853,Алиса Фролова,female,1984-02-14,Воронеж,2024-12-20,ads
854,Валерия Алексеева,female,1995-08-25,Ростов-на-Дону,2024-12-20,social
855,Анна Воробьёва,female,2001-03-28,Москва,2024-12-20,organic
856,Максим Орлов,male,1975-10-30,Москва,2024-12-20,ads
857,Ирина Королёва,female,1996-04-25,Москва,2024-12-20,referral
858,Андрей Гусев,male,2001-04-24,Ярославль,2024-12-21,bloggers
859,Кирилл Ким,male,2008-05-22,Санкт-Петербург,2024-12-21,social
860,Дарья Захарова,female,1979-09-27,Екатеринбург,2024-12-22,referral
861,Михаил Дмитриев,male,1983-09-12,Новосибирск,2024-12-22,ads
862,Алиса Никитина,female,2002-08-13,Москва,2024-12-22,bloggers
863,Дарья Степанова,female,,Санкт-Петербург,2024-12-22,bloggers
864,Ксения Лебедева,female,1987-05-18,Москва,2024-12-22,organic
865,Роман Кузнецов,male,1999-09-28,Москва,2024-12-22,organic
866,Алина Макарова,female,1985-04-22,Москва,2024-12-22,organic
867,Евгений Сорокин,male,1996-05-03,Екатеринбург,2024-12-23,organic
868,Юлия Королёва,female,2001-09-06,Санкт-Петербург,2024-12-23,social
869,Наталья Григорьева,female,1990-08-18,Москва,2024-12-24,organic
870,Мария Лебедева,female,1990-12-18,Казань,2024-12-24,bloggers
871,Елена Виноградова,female,2006-08-31,Сочи,2024-12-24,referral
872,Кирилл Медведев,male,2007-04-23,Москва,2024-12-25,organic
873,Вероника Семёнова,female,1983-07-07,Уфа,2024-12-25,organic
874,Мария Яковлева,female,1986-03-13,Екатеринбург,2024-12-25,social
875,Анна Королёва,female,1985-03-27,Красноярск,2024-12-25,organic
876,Владимир Смирнов,male,1984-05-29,Краснодар,2024-12-25,organic
877,Юлия Попова,female,2001-05-20,Владивосток,2024-12-25,organic
878,Павел Андреев,male,1998-06-23,Владивосток,2024-12-26,organic
879,Олег Волков,male,1990-04-06,Тюмень,2024-12-26,ads
880,Денис Гусев,male,2006-09-22,Москва,2024-12-27,organic
881,Дарья Кузьмина,female,1999-01-16,Санкт-Петербург,2024-12-27,organic
882,Роман Королёв,male,1991-12-16,Краснодар,2024-12-27,bloggers
883,Полина Васильева,female,1987-12-14,Екатеринбург,2024-12-27,organic
884,Тимур Киселёв,male,2008-11-04,Воронеж,2024-12-27,organic
885,Александр Семёнов,male,1976-01-31,Москва,2024-12-28,organic
886,Алексей Медведев,male,1993-01-28,Москва,2024-12-28,bloggers
887,Тимур Степанов,male,1981-04-06,Калининград,2024-12-28,referral
888,Владимир Ковалёв,male,2006-11-17,Уфа,2024-12-29,organic
889,Вероника Дмитриева,female,1998-01-06,Новосибирск,2024-12-29,ads
890,Наталья Сергеева,female,1991-08-13,Санкт-Петербург,2024-12-29,referral
891,Вероника Морозова,female,2008-06-25,Москва,2024-12-29,organic
892,Тимур Морозов,male,2001-07-28,Казань,2024-12-29,referral
893,Ксения Новикова,female,1978-01-13,Москва,2024-12-29,organic
894,Михаил Яковлев,male,1986-12-01,Москва,2024-12-30,ads
895,Андрей Фролов,male,2003-01-10,Уфа,2024-12-30,organic
896,Александр Борисов,male,1989-05-04,Краснодар,2024-12-30,organic
897,Евгений Соловьёв,male,1975-04-04,Уфа,2024-12-31,ads
898,Максим Семёнов,male,1989-12-23,Москва,2024-12-31,bloggers
899,Павел Фролов,male,2000-04-18,Москва,2024-12-31,referral
900,Тимур Петров,male,1999-06-29,Москва,2024-12-31,organic
901,Матвей Кузьмин,male,1989-04-08,Москва,2024-12-31,bloggers
902,Ксения Фролова,female,1984-07-11,Екатеринбург,2025-01-01,referral
903,Ксения Никитина,female,1999-04-19,Уфа,2025-01-01,social
904,Кристина Медведева,female,1993-05-12,Новосибирск,2025-01-01,social
905,Павел Белов,male,2003-12-10,Москва,2025-01-01,organic
906,Кристина Григорьева,female,2008-01-08,Москва,2025-01-01,organic
907,Александр Максимов,male,1993-07-16,Санкт-Петербург,2025-01-02,referral
908,Олег Васильев,male,1999-01-07,Нижний Новгород,2025-01-02,organic
909,Кристина Никитина,female,1987-09-20,Хабаровск,2025-01-02,ads
910,Светлана Соколова,female,1993-09-10,Санкт-Петербург,2025-01-02,referral
911,Денис Сергеев,male,1993-10-26,Москва,2025-01-03,bloggers
912,Максим Смирнов,male,1993-10-31,Челябинск,2025-01-03,ads
913,Ольга Егорова,female,1988-10-23,,2025-01-03,ads
914,Глеб Михайлов,male,1982-08-10,Москва,2025-01-03,ads
915,Светлана Зайцева,female,1977-09-25,Москва,2025-01-04,social
916,Артём Николаев,male,1990-08-27,Красноярск,2025-01-05,ads
917,Дарья Фёдорова,female,1981-07-08,Москва,2025-01-05,organic
918,Марина Петрова,female,1989-11-28,Ростов-на-Дону,2025-01-05,organic
919,Дмитрий Макаров,male,2007-07-10,Казань,2025-01-06,social
920,Вероника Алексеева,female,1992-10-31,Казань,2025-01-06,social
921,Иван Григорьев,male,1992-09-22,Воронеж,2025-01-07,organic
922,Артём Григорьев,male,1992-04-25,Москва,2025-01-08,ads
923,Елена Максимова,female,1982-08-25,Новосибирск,2025-01-09,ads
924,Софья Королёва,female,1978-07-13,Сочи,2025-01-10,ads
925,Матвей Дмитриев,male,1985-07-11,Москва,2025-01-10,referral
926,Кристина Макарова,female,1986-12-30,Москва,2025-01-10,bloggers
927,Светлана Борисова,female,1998-05-08,Омск,2025-01-10,organic
928,Татьяна Егорова,female,1991-06-27,Челябинск,2025-01-11,referral
929,Валерия Гусева,female,1990-09-10,Москва,2025-01-11,social
930,Евгений Макаров,male,1998-01-19,Санкт-Петербург,2025-01-13,organic
931,Валерия Сорокина,female,2008-06-02,Нижний Новгород,2025-01-13,organic
932,Софья Зайцева,female,1995-03-09,Нижний Новгород,2025-01-14,ads
933,Светлана Фёдорова,female,1985-06-20,Воронеж,2025-01-14,ads
934,Роман Семёнов,male,1984-05-23,Самара,2025-01-14,ads
935,Елена Киселёва,female,,Челябинск,2025-01-16,ads
936,Павел Александров,male,1973-05-26,Уфа,2025-01-16,referral
937,Алина Смирнова,female,2005-09-01,Челябинск,2025-01-16,referral
938,Виктория Макарова,female,1977-05-18,Волгоград,2025-01-17,social
939,Егор Ильин,male,2001-07-09,Сочи,2025-01-18,ads
940,Ирина Белова,female,,Москва,2025-01-18,bloggers
941,Тимур Никитин,male,2002-09-12,Казань,2025-01-18,ads
942,Екатерина Киселёва,female,1992-04-13,Нижний Новгород,2025-01-19,referral
943,Денис Захаров,male,2008-05-03,Краснодар,2025-01-19,ads
944,Татьяна Егорова,female,1995-01-29,Екатеринбург,2025-01-19,organic
945,Алексей Попов,male,1987-04-04,Ярославль,2025-01-20,social
946,Михаил Григорьев,male,1992-07-01,Москва,2025-01-20,ads
947,Иван Иванов,male,1989-07-26,Самара,2025-01-21,referral
948,Юлия Захарова,female,1995-10-06,Москва,2025-01-21,bloggers
949,Тимур Белов,male,2006-01-28,Самара,2025-01-21,ads
950,Максим Борисов,male,1988-12-22,Нижний Новгород,2025-01-22,organic
951,Марина Бондаренко,female,2006-12-09,Ростов-на-Дону,2025-01-22,organic
952,Ирина Иванова,female,1987-04-30,Москва,2025-01-22,ads
953,Наталья Иванова,female,1993-07-11,Сочи,2025-01-22,organic
954,Екатерина Никитина,female,1999-03-02,Санкт-Петербург,2025-01-23,organic
955,Марина Лебедева,female,1997-03-20,Ростов-на-Дону,2025-01-23,social
956,Матвей Макаров,male,1984-12-22,Пермь,2025-01-24,ads
957,Евгений Алексеев,male,2008-03-19,Уфа,2025-01-25,referral
958,Кристина Павлова,female,1987-12-27,Екатеринбург,2025-01-25,ads
959,Алина Козлова,female,1996-09-01,Пермь,2025-01-25,social
960,Роман Фёдоров,male,1989-05-09,Москва,2025-01-25,referral
961,Никита Борисов,male,1996-11-28,Воронеж,2025-01-26,referral
962,Ольга Попова,female,1995-10-01,Санкт-Петербург,2025-01-26,ads
963,Роман Королёв,male,1973-01-22,Москва,2025-01-27,organic
964,Полина Медведева,female,1986-02-05,Краснодар,2025-01-27,ads
965,Олег Орлов,male,1978-11-20,Санкт-Петербург,2025-01-27,referral
966,Никита Васильев,male,,Омск,2025-01-27,referral
967,Максим Медведев,male,1984-11-05,Новосибирск,2025-01-27,social
968,Татьяна Максимова,female,1993-04-13,Новосибирск,2025-01-27,ads
969,Марина Зайцева,female,1979-01-24,Уфа,2025-01-28,bloggers
970,Глеб Козлов,male,,Пермь,2025-01-28,organic
971,Дарья Александрова,female,1978-09-16,Москва,2025-01-28,ads
972,Алина Морозова,female,1977-05-07,Самара,2025-01-29,ads
973,Тимур Белов,male,,Самара,2025-01-29,social
974,Татьяна Козлова,female,,Санкт-Петербург,2025-01-29,organic
975,Елена Васильева,female,1996-08-29,Пермь,2025-01-30,referral
976,Анастасия Алексеева,female,1993-08-15,Владивосток,2025-01-30,bloggers
977,Алексей Фёдоров,male,1993-10-13,Екатеринбург,2025-01-30,ads
978,Роман Кузьмин,male,2003-06-06,Новосибирск,2025-01-30,bloggers
979,Олег Белов,male,1991-08-28,Москва,2025-01-30,organic
980,Светлана Сергеева,female,2003-06-07,Челябинск,2025-01-31,organic
981,Мария Макарова,female,,Иркутск,2025-01-31,ads
982,Виктория Фролова,female,1995-03-19,Санкт-Петербург,2025-01-31,ads
983,Ирина Лебедева,female,1998-09-27,Иркутск,2025-02-01,ads
984,Александр Павлов,male,1991-08-27,Краснодар,2025-02-01,organic
985,Анастасия Зайцева,female,1989-11-07,Самара,2025-02-01,organic
986,Ксения Фёдорова,female,1995-10-23,,2025-02-01,organic
987,Наталья Бондаренко,female,1981-05-04,Самара,2025-02-01,social
988,Юлия Максимова,female,2008-12-10,Москва,2025-02-01,organic
989,Татьяна Макарова,female,1985-02-12,Москва,2025-02-01,referral
990,Илья Павлов,male,1966-04-30,Москва,2025-02-01,organic
991,Максим Васильев,male,1997-10-27,Москва,2025-02-01,organic
992,Ксения Ильина,female,1985-10-11,Москва,2025-02-02,organic
993,Максим Зайцев,male,1979-12-12,Новосибирск,2025-02-02,social
994,Вероника Петрова,female,2008-03-07,Нижний Новгород,2025-02-03,social
995,Дарья Макарова,female,,Санкт-Петербург,2025-02-04,ads
996,Александр Лебедев,male,1981-02-25,Москва,2025-02-04,referral
997,Виктория Фролова,female,1984-05-19,Тюмень,2025-02-04,social
998,Алина Соколова,female,1997-06-25,Новосибирск,2025-02-04,referral
999,Илья Поляков,male,1985-01-26,Москва,2025-02-05,organic
1000,Кирилл Борисов,male,2004-10-30,Санкт-Петербург,2025-02-05,ads
1001,Ирина Орлова,female,2003-04-06,Челябинск,2025-02-05,social
1002,Алиса Ким,female,1988-11-04,Екатеринбург,2025-02-05,referral
1003,Мария Петрова,female,2001-03-27,Пермь,2025-02-06,ads
1004,Полина Зайцева,female,1999-05-13,Новосибирск,2025-02-06,organic
1005,Андрей Попов,male,1977-03-14,Москва,2025-02-06,organic
1006,Максим Орлов,male,1990-06-22,Москва,2025-02-07,ads
1007,Марина Новикова,female,1991-08-22,Санкт-Петербург,2025-02-07,organic
1008,Егор Макаров,male,2003-02-14,Ростов-на-Дону,2025-02-07,ads
1009,Роман Попов,male,1993-04-20,Казань,2025-02-08,ads
1010,Олег Александров,male,1972-02-11,Краснодар,2025-02-08,organic
1011,Валерия Ильина,female,1986-05-27,Москва,2025-02-09,referral
1012,Софья Александрова,female,1998-06-12,Нижний Новгород,2025-02-10,organic
1013,Артём Андреев,male,1982-02-23,Ростов-на-Дону,2025-02-10,organic
1014,Егор Виноградов,male,,Санкт-Петербург,2025-02-10,ads
1015,Софья Волкова,female,1990-11-01,Казань,2025-02-11,ads
1016,Роман Соколов,male,2004-02-01,Москва,2025-02-12,organic
1017,Софья Коваленко,female,1982-08-15,Тула,2025-02-12,social
1018,Тимур Николаев,male,1990-05-17,Нижний Новгород,2025-02-13,ads
1019,Сергей Павлов,male,1996-10-05,Уфа,2025-02-14,social
1020,Елена Сорокина,female,1990-06-04,Москва,2025-02-14,social
1021,Алиса Яковлева,female,1989-04-24,Красноярск,2025-02-14,ads
1022,Татьяна Гусева,female,2002-06-20,Москва,2025-02-15,social
1023,Елена Зайцева,female,1997-02-17,Санкт-Петербург,2025-02-16,organic
1024,Виктория Медведева,female,,Нижний Новгород,2025-02-16,bloggers
1025,Глеб Медведев,male,2006-10-29,Воронеж,2025-02-16,organic
1026,Софья Орлова,female,1993-05-03,Пермь,2025-02-17,ads
1027,Анна Николаева,female,1975-05-22,Казань,2025-02-17,referral
1028,Валерия Ильина,female,1992-01-24,Москва,2025-02-17,organic
1029,Екатерина Сергеева,female,,Челябинск,2025-02-17,referral
1030,Алина Алексеева,female,1990-08-02,Санкт-Петербург,2025-02-18,social
1031,Валерия Макарова,female,1992-09-21,Сочи,2025-02-18,organic
1032,Дмитрий Ильин,male,,Москва,2025-02-18,organic
1033,Андрей Ковалёв,male,1996-05-18,Санкт-Петербург,2025-02-19,ads
1034,Алина Виноградова,female,,Москва,2025-02-19,ads
1035,Глеб Белов,male,1977-06-13,Красноярск,2025-02-19,organic
1036,Валерия Романова,female,1994-06-04,Казань,2025-02-19,referral
1037,Софья Воробьёва,female,2001-04-09,Волгоград,2025-02-19,referral
1038,Мария Николаева,female,1991-08-03,Москва,2025-02-19,ads
1039,Тимур Сорокин,male,1982-06-13,Самара,2025-02-20,bloggers
1040,Виктория Сорокина,female,1986-07-24,Хабаровск,2025-02-20,social
1041,Роман Ким,male,1991-12-19,Воронеж,2025-02-21,social
1042,Полина Ильина,female,2000-05-26,Калининград,2025-02-21,ads
1043,Александр Киселёв,male,1975-05-01,Красноярск,2025-02-22,social
1044,Евгений Дмитриев,male,1994-01-07,Сочи,2025-02-22,organic
1045,Мария Борисова,female,1995-05-21,Сочи,2025-02-22,organic
1046,Иван Зайцев,male,2003-11-02,Хабаровск,2025-02-23,ads
1047,Евгений Киселёв,male,1988-10-31,Владивосток,2025-02-23,ads
1048,Олег Соловьёв,male,1978-05-16,Новосибирск,2025-02-24,social
1049,Татьяна Фролова,female,1986-03-02,Москва,2025-02-24,organic
1050,Максим Ким,male,,Краснодар,2025-02-24,referral
1051,Алина Алексеева,female,1996-09-19,Москва,2025-02-24,organic
1052,Сергей Петров,male,1999-06-14,Красноярск,2025-02-25,social
1053,Ксения Соколова,female,2001-12-19,Воронеж,2025-02-26,organic
1054,Юлия Степанова,female,2008-05-09,Санкт-Петербург,2025-02-26,organic
1055,Сергей Королёв,male,1996-06-20,Санкт-Петербург,2025-02-26,social
1056,Евгений Алексеев,male,1993-03-12,Нижний Новгород,2025-02-26,social
1057,Павел Егоров,male,1976-10-18,Москва,2025-02-26,organic
1058,Наталья Медведева,female,,Москва,2025-02-27,organic
1059,Сергей Андреев,male,,Воронеж,2025-02-27,ads
1060,Андрей Королёв,male,,Уфа,2025-02-27,bloggers
1061,Матвей Фёдоров,male,1985-01-29,Санкт-Петербург,2025-02-27,ads
1062,Валерия Николаева,female,1992-06-10,Новосибирск,2025-02-28,organic
1063,Анна Морозова,female,1985-01-12,Екатеринбург,2025-02-28,bloggers
1064,Анна Павлова,female,2005-12-16,Краснодар,2025-02-28,organic
1065,Сергей Фролов,male,1993-02-17,Москва,2025-02-28,bloggers
1066,Егор Козлов,male,1983-12-22,Омск,2025-03-01,ads
1067,Глеб Максимов,male,2001-05-13,Москва,2025-03-01,ads
1068,Виктория Павлова,female,1985-11-19,Калининград,2025-03-01,organic
1069,Валерия Ким,female,1997-12-22,Новосибирск,2025-03-01,organic
1070,Софья Дмитриева,female,1990-02-08,Челябинск,2025-03-01,organic
1071,Алина Виноградова,female,2000-02-19,Москва,2025-03-02,organic
1072,Марина Григорьева,female,1990-09-02,Иркутск,2025-03-02,social
1073,Дарья Киселёва,female,1970-12-09,Сочи,2025-03-02,social
1074,Роман Алексеев,male,1989-05-01,Санкт-Петербург,2025-03-03,organic
1075,Ольга Соколова,female,1990-03-25,Санкт-Петербург,2025-03-03,social
1076,Ирина Киселёва,female,1986-03-03,Москва,2025-03-03,social
1077,Максим Семёнов,male,1994-12-01,Санкт-Петербург,2025-03-03,ads
1078,Глеб Петров,male,1997-07-20,Москва,2025-03-04,organic
1079,Максим Ким,male,1989-01-20,Пермь,2025-03-04,organic
1080,Алина Иванова,female,1976-03-25,Сочи,2025-03-04,bloggers
1081,Сергей Алексеев,male,1999-02-04,Иркутск,2025-03-05,social
1082,Светлана Никитина,female,1995-02-18,Новосибирск,2025-03-05,bloggers
1083,Артём Максимов,male,1972-07-30,Санкт-Петербург,2025-03-05,bloggers
1084,Никита Кузьмин,male,2003-02-08,Ростов-на-Дону,2025-03-05,bloggers
1085,Светлана Кузьмина,female,1989-11-25,Нижний Новгород,2025-03-05,organic
1086,Полина Новикова,female,2000-07-06,Тюмень,2025-03-06,organic
1087,Егор Захаров,male,1980-03-11,Казань,2025-03-07,organic
1088,Анна Сорокина,female,1988-02-09,Москва,2025-03-07,ads
1089,Дарья Егорова,female,1995-11-01,Новосибирск,2025-03-07,ads
1090,Юлия Зайцева,female,1986-05-07,Екатеринбург,2025-03-07,bloggers
1091,Артём Волков,male,1994-04-06,Москва,2025-03-08,ads
1092,Алиса Васильева,female,1979-09-17,Санкт-Петербург,2025-03-08,ads
1093,Александр Зайцев,male,1997-08-25,Москва,2025-03-08,ads
1094,Марина Киселёва,female,,Санкт-Петербург,2025-03-08,ads
1095,Евгений Цой,male,1994-01-27,Красноярск,2025-03-09,bloggers
1096,Иван Ильин,male,1997-03-18,Санкт-Петербург,2025-03-09,ads
1097,Ольга Волкова,female,1989-11-23,Нижний Новгород,2025-03-10,organic
1098,Мария Никитина,female,1987-12-25,Москва,2025-03-10,organic
1099,Дарья Алексеева,female,1979-11-19,Екатеринбург,2025-03-10,bloggers
1100,Никита Семёнов,male,1997-10-23,Санкт-Петербург,2025-03-10,organic
1101,Сергей Никитин,male,1988-11-16,Москва,2025-03-11,ads
1102,Владимир Васильев,male,,Уфа,2025-03-11,ads
1103,Анастасия Максимова,female,1977-12-29,Москва,2025-03-12,referral
1104,Вероника Алексеева,female,1957-11-15,Красноярск,2025-03-12,referral
1105,Дарья Михайлова,female,1975-09-26,Краснодар,2025-03-13,organic
1106,Алексей Иванов,male,2004-04-22,Сочи,2025-03-14,ads
1107,Елена Борисова,female,1994-01-02,Москва,2025-03-14,organic
1108,Кирилл Романов,male,2002-11-12,Москва,2025-03-14,social
1109,Ксения Мельниченко,female,2006-09-05,Красноярск,2025-03-14,ads
1110,Илья Цой,male,1980-04-16,Москва,2025-03-15,referral
1111,Евгений Романов,male,1994-02-24,Красноярск,2025-03-15,social
1112,Евгений Алексеев,male,2006-07-13,Ярославль,2025-03-15,ads
1113,Юлия Смирнова,female,1994-10-10,Москва,2025-03-16,ads
1114,Михаил Максимов,male,1993-07-21,Санкт-Петербург,2025-03-16,bloggers
1115,Софья Новикова,female,,Санкт-Петербург,2025-03-16,ads
1116,Никита Новиков,male,1993-04-21,Екатеринбург,2025-03-17,organic
1117,Светлана Кузьмина,female,1977-07-09,Тюмень,2025-03-17,ads
1118,Алиса Лебедева,female,2008-03-09,Москва,2025-03-17,organic
1119,Александр Козлов,male,,Москва,2025-03-18,bloggers
1120,Ольга Никитина,female,2002-08-29,Москва,2025-03-18,organic
1121,Илья Павлов,male,1981-05-19,Челябинск,2025-03-19,organic
1122,Анна Михайлова,female,1996-12-03,Самара,2025-03-19,social
1123,Виктория Кузьмина,female,1982-06-08,Санкт-Петербург,2025-03-19,organic
1124,Иван Новиков,male,1986-03-26,Нижний Новгород,2025-03-20,organic
1125,Полина Полякова,female,1971-02-25,Челябинск,2025-03-21,social
1126,Ксения Медведева,female,1984-11-24,Москва,2025-03-21,organic
1127,Анна Захарова,female,1984-02-28,Воронеж,2025-03-21,social
1128,Анна Алексеева,female,2007-12-31,Новосибирск,2025-03-22,organic
1129,Анастасия Бондаренко,female,1989-03-23,Новосибирск,2025-03-22,organic
1130,Сергей Дмитриев,male,2008-04-11,Красноярск,2025-03-23,ads
1131,Екатерина Васильева,female,1997-04-02,Пермь,2025-03-23,ads
1132,Анна Егорова,female,,Ярославль,2025-03-23,organic
1133,Михаил Смирнов,male,1994-08-06,Москва,2025-03-23,social
1134,Вероника Королёва,female,2008-08-18,Москва,2025-03-24,ads
1135,Андрей Медведев,male,1990-03-18,Краснодар,2025-03-24,organic
1136,Полина Зайцева,female,1988-04-06,Москва,2025-03-24,organic
1137,Кирилл Егоров,male,1983-10-10,Волгоград,2025-03-25,referral
1138,Матвей Макаров,male,2003-05-22,Челябинск,2025-03-25,referral
1139,Дарья Яковлева,female,1979-10-18,Санкт-Петербург,2025-03-25,organic
1140,Дарья Соловьёва,female,1994-05-22,Екатеринбург,2025-03-25,referral
1141,Ирина Романова,female,1990-03-25,Уфа,2025-03-25,ads
1142,Софья Попова,female,1998-07-18,Ярославль,2025-03-25,ads
1143,Екатерина Кузнецова,female,1994-04-17,Самара,2025-03-26,ads
1144,Софья Белова,female,1990-01-24,Москва,2025-03-27,referral
1145,Тимур Королёв,male,1988-01-11,,2025-03-27,social
1146,Полина Шевченко,female,1988-09-22,Тула,2025-03-28,organic
1147,Олег Морозов,male,2007-05-02,Москва,2025-03-28,organic
1148,Роман Киселёв,male,1985-01-24,Челябинск,2025-03-28,organic
1149,Павел Королёв,male,2001-02-05,Казань,2025-03-28,ads
1150,Роман Борисов,male,2000-01-02,Волгоград,2025-03-29,ads
1151,Татьяна Максимова,female,,Москва,2025-03-29,organic
1152,Юлия Морозова,female,1989-01-19,Уфа,2025-03-29,ads
1153,Мария Сорокина,female,,Воронеж,2025-03-29,ads
1154,Ольга Захарова,female,1984-09-13,Москва,2025-03-30,ads
1155,Алина Павлова,female,2001-06-04,Екатеринбург,2025-03-30,social
1156,Екатерина Новикова,female,,Пермь,2025-03-30,referral
1157,Дмитрий Максимов,male,1978-10-23,Москва,2025-03-30,organic
1158,Анастасия Орлова,female,1981-12-03,Новосибирск,2025-03-30,ads
1159,Ксения Белова,female,1996-06-04,Ярославль,2025-03-30,organic
1160,Илья Михайлов,male,1983-07-22,Санкт-Петербург,2025-03-31,referral
1161,Матвей Шевченко,male,1994-08-07,Москва,2025-04-01,ads
1162,Анна Воробьёва,female,1995-12-13,Москва,2025-04-02,social
1163,Александр Максимов,male,1989-02-05,Санкт-Петербург,2025-04-02,organic
1164,Елена Григорьева,female,2003-05-23,Санкт-Петербург,2025-04-02,ads
1165,Никита Попов,male,1976-08-10,Сочи,2025-04-02,organic
1166,Софья Морозова,female,,Челябинск,2025-04-03,bloggers
1167,Виктория Ковалёва,female,1975-07-02,Санкт-Петербург,2025-04-03,referral
1168,Анна Новикова,female,1990-12-21,Москва,2025-04-03,bloggers
1169,Ксения Макарова,female,1970-10-01,Москва,2025-04-04,organic
1170,Кристина Борисова,female,2005-03-01,Новосибирск,2025-04-04,ads
1171,Сергей Виноградов,male,1994-11-22,Москва,2025-04-04,social
1172,Ксения Сергеева,female,,Челябинск,2025-04-04,social
1173,Владимир Соловьёв,male,1984-11-08,Москва,2025-04-04,referral
1174,Андрей Андреев,male,1982-06-24,Ростов-на-Дону,2025-04-05,ads
1175,Ирина Белова,female,,Москва,2025-04-05,ads
1176,Алексей Белов,male,1987-09-05,Санкт-Петербург,2025-04-06,referral
1177,Виктория Алексеева,female,1998-03-29,Санкт-Петербург,2025-04-06,organic
1178,Ксения Николаева,female,2006-10-01,Москва,2025-04-06,organic
1179,Михаил Павлов,male,1990-05-17,Москва,2025-04-06,ads
1180,Ирина Соловьёва,female,1989-03-26,Новосибирск,2025-04-06,referral
1181,Наталья Морозова,female,1989-11-11,Москва,2025-04-07,social
1182,Валерия Лебедева,female,1995-11-03,Москва,2025-04-08,organic
1183,Андрей Киселёв,male,1990-10-06,Омск,2025-04-08,organic
1184,Полина Степанова,female,2008-09-04,Казань,2025-04-09,ads
1185,Роман Николаев,male,1984-03-27,Санкт-Петербург,2025-04-11,social
1186,Мария Смирнова,female,1986-01-05,Москва,2025-04-11,bloggers
1187,Павел Белов,male,1989-07-03,Нижний Новгород,2025-04-11,ads
1188,Кристина Медведева,female,1997-01-12,Москва,2025-04-11,ads
1189,Ксения Фролова,female,1978-05-17,Самара,2025-04-12,bloggers
1190,Максим Медведев,male,2008-08-05,Санкт-Петербург,2025-04-12,organic
1191,Екатерина Гусева,female,,Нижний Новгород,2025-04-12,social
1192,Виктория Никитина,female,1982-03-30,Санкт-Петербург,2025-04-12,organic
1193,Кирилл Степанов,male,2003-02-22,Санкт-Петербург,2025-04-13,referral
1194,Тимур Павлов,male,,Москва,2025-04-13,social
1195,Сергей Сорокин,male,2008-02-05,Екатеринбург,2025-04-13,referral
1196,Мария Полякова,female,2000-10-02,Москва,2025-04-13,ads
1197,Роман Волков,male,1976-10-29,Ростов-на-Дону,2025-04-14,social
1198,Ольга Попова,female,1979-08-07,Екатеринбург,2025-04-14,referral
1199,Алиса Медведева,female,2008-04-28,Москва,2025-04-14,ads
1200,Валерия Петрова,female,2008-04-19,Москва,2025-04-15,ads
1201,Роман Попов,male,1982-11-15,Тюмень,2025-04-15,bloggers
1202,Максим Киселёв,male,1990-06-04,Волгоград,2025-04-15,organic
1203,Алина Павлова,female,1988-01-05,Москва,2025-04-15,ads
1204,Андрей Ковалёв,male,2005-02-23,Екатеринбург,2025-04-16,organic
1205,Екатерина Николаева,female,1989-09-27,Калининград,2025-04-16,referral
1206,Иван Петров,male,1984-09-02,Нижний Новгород,2025-04-16,referral
1207,Ирина Воробьёва,female,2001-05-07,Тула,2025-04-17,ads
1208,Дарья Попова,female,2005-12-20,Екатеринбург,2025-04-17,organic
1209,Егор Кузьмин,male,1984-08-01,Нижний Новгород,2025-04-17,organic
1210,Анастасия Павлова,female,2004-03-07,Казань,2025-04-17,ads
1211,Марина Киселёва,female,1981-04-19,Москва,2025-04-17,referral
1212,Матвей Андреев,male,1956-10-23,Москва,2025-04-17,bloggers
1213,Андрей Кузнецов,male,2005-01-29,Сочи,2025-04-18,organic
1214,Алиса Андреева,female,2004-10-15,Краснодар,2025-04-18,ads
1215,Артём Сергеев,male,2006-04-03,Волгоград,2025-04-18,social
1216,Марина Сорокина,female,1998-02-25,Тюмень,2025-04-18,ads
1217,Евгений Николаев,male,1995-01-09,,2025-04-18,bloggers
1218,Матвей Никитин,male,1991-02-18,Екатеринбург,2025-04-18,bloggers
1219,Максим Киселёв,male,1997-01-30,Волгоград,2025-04-19,organic
1220,Татьяна Николаева,female,2002-04-12,Москва,2025-04-19,social
1221,Ксения Зайцева,female,2002-06-09,Казань,2025-04-19,bloggers
1222,Мария Киселёва,female,2006-10-03,Москва,2025-04-19,ads
1223,Никита Зайцев,male,1997-04-16,Казань,2025-04-20,social
1224,Виктория Сорокина,female,1989-02-15,Челябинск,2025-04-21,referral
1225,Марина Козлова,female,1998-04-04,Москва,2025-04-21,social
1226,Андрей Михайлов,male,2001-06-08,Санкт-Петербург,2025-04-21,ads
1227,Сергей Соловьёв,male,1976-09-17,Москва,2025-04-21,social
1228,Ксения Михайлова,female,1996-04-18,Москва,2025-04-22,bloggers
1229,Никита Михайлов,male,2008-09-09,Москва,2025-04-22,organic
1230,Кристина Ковалёва,female,1991-07-25,Санкт-Петербург,2025-04-22,bloggers
1231,Марина Кузнецова,female,1995-12-28,Иркутск,2025-04-22,ads
1232,Виктория Соловьёва,female,1977-03-16,Москва,2025-04-22,social
1233,Софья Семёнова,female,1986-11-21,Москва,2025-04-22,bloggers
1234,Денис Ильин,male,1989-07-10,Екатеринбург,2025-04-23,organic
1235,Дарья Соловьёва,female,2003-07-08,Санкт-Петербург,2025-04-23,ads
1236,Ольга Дмитриева,female,1998-04-23,Пермь,2025-04-23,organic
1237,Софья Воробьёва,female,2001-10-05,Казань,2025-04-24,organic
1238,Софья Орлова,female,2001-06-29,Воронеж,2025-04-24,ads
1239,Марина Макарова,female,1989-09-01,Москва,2025-04-24,social
1240,Сергей Макаров,male,1981-12-28,Пермь,2025-04-25,organic
1241,Ирина Сорокина,female,1974-03-20,Санкт-Петербург,2025-04-25,bloggers
1242,Екатерина Морозова,female,1984-02-06,Ростов-на-Дону,2025-04-25,organic
1243,Полина Ким,female,2000-07-05,Нижний Новгород,2025-04-26,social
1244,Глеб Романов,male,1978-12-01,Москва,2025-04-26,social
1245,Иван Яковлев,male,1997-10-01,Казань,2025-04-27,bloggers
1246,Анна Максимова,female,2008-01-08,Тюмень,2025-04-27,ads
1247,Ольга Иванова,female,2006-05-04,Хабаровск,2025-04-27,ads
1248,Андрей Бондаренко,male,1985-09-09,Казань,2025-04-27,social
1249,Екатерина Дмитриева,female,1995-11-22,Казань,2025-04-28,social
1250,Андрей Петров,male,1981-06-10,Волгоград,2025-04-29,referral
1251,Марина Морозова,female,2008-03-11,Санкт-Петербург,2025-04-29,organic
1252,Ксения Коваленко,female,1988-06-07,Иркутск,2025-04-29,organic
1253,Артём Захаров,male,1995-04-10,Москва,2025-05-01,organic
1254,Михаил Петров,male,1972-11-28,Екатеринбург,2025-05-01,bloggers
1255,Полина Соловьёва,female,1993-10-22,Санкт-Петербург,2025-05-01,social
1256,Илья Андреев,male,1982-06-03,,2025-05-01,ads
1257,Полина Бондаренко,female,1982-03-27,Москва,2025-05-01,ads
1258,Ирина Борисова,female,1988-04-09,Москва,2025-05-02,ads
1259,Матвей Фролов,male,1989-03-21,Москва,2025-05-02,ads
1260,Алексей Кузнецов,male,1985-11-16,Пермь,2025-05-02,organic
1261,Никита Семёнов,male,1988-02-26,Москва,2025-05-03,referral
1262,Роман Захаров,male,,Москва,2025-05-03,referral
1263,Дмитрий Яковлев,male,2003-10-12,Москва,2025-05-03,organic
1264,Сергей Иванов,male,2003-08-02,Москва,2025-05-03,bloggers
1265,Вероника Кузнецова,female,1998-10-27,Ростов-на-Дону,2025-05-03,organic
1266,Дмитрий Павлов,male,1994-05-30,Москва,2025-05-04,bloggers
1267,Ирина Егорова,female,,Казань,2025-05-04,organic
1268,Андрей Ковалёв,male,2001-02-05,Москва,2025-05-04,organic
1269,Ирина Соловьёва,female,1987-05-31,Красноярск,2025-05-04,organic
1270,Софья Ильина,female,1976-12-05,Владивосток,2025-05-05,social
1271,Дарья Морозова,female,2006-04-12,Калининград,2025-05-05,organic
1272,Андрей Коваленко,male,1988-08-20,Москва,2025-05-05,ads
1273,Вероника Новикова,female,1990-01-04,Омск,2025-05-06,ads
1274,Артём Киселёв,male,1998-03-29,Казань,2025-05-06,ads
1275,Евгений Соколов,male,2008-05-29,Екатеринбург,2025-05-06,social
1276,Илья Никитин,male,2007-09-09,Москва,2025-05-06,social
1277,Мария Зайцева,female,1991-09-24,Иркутск,2025-05-06,ads
1278,Сергей Лебедев,male,1975-03-27,Москва,2025-05-07,bloggers
1279,Кристина Смирнова,female,2002-01-27,Москва,2025-05-07,social
1280,Иван Смирнов,male,,Владивосток,2025-05-07,referral
1281,Марина Королёва,female,2005-02-02,Уфа,2025-05-08,organic
1282,Матвей Цой,male,1988-05-24,Санкт-Петербург,2025-05-08,referral
1283,Полина Павлова,female,,Санкт-Петербург,2025-05-08,bloggers
1284,Михаил Мельниченко,male,1983-03-12,Краснодар,2025-05-08,organic
1285,Роман Дмитриев,male,,Москва,2025-05-08,ads
1286,Владимир Макаров,male,2003-07-14,Москва,2025-05-09,ads
1287,Роман Михайлов,male,1978-10-28,Красноярск,2025-05-10,organic
1288,Кристина Смирнова,female,1996-11-30,Уфа,2025-05-10,bloggers
1289,Полина Павлова,female,1996-11-10,Владивосток,2025-05-11,ads
1290,Екатерина Семёнова,female,1987-12-31,Москва,2025-05-12,social
1291,Анна Фролова,female,,Тула,2025-05-12,ads
1292,Алексей Степанов,male,1979-04-16,Казань,2025-05-13,organic
1293,Татьяна Дмитриева,female,1977-01-15,Москва,2025-05-13,bloggers
1294,Полина Ким,female,2006-12-29,Ростов-на-Дону,2025-05-13,ads
1295,Валерия Фролова,female,1981-09-01,Уфа,2025-05-13,social
1296,Дмитрий Смирнов,male,2001-01-29,Санкт-Петербург,2025-05-14,social
1297,Екатерина Ким,female,1986-05-03,Санкт-Петербург,2025-05-14,organic
1298,Максим Зайцев,male,,Воронеж,2025-05-14,social
1299,Анастасия Зайцева,female,2000-11-13,Новосибирск,2025-05-15,organic
1300,Кирилл Макаров,male,1996-02-18,Москва,2025-05-15,referral
1301,Анастасия Кузнецова,female,2006-07-27,Казань,2025-05-15,organic
1302,Софья Соловьёва,female,1990-09-19,Москва,2025-05-15,organic
1303,Егор Гусев,male,2006-01-09,Пермь,2025-05-16,ads
1304,Юлия Петрова,female,1995-11-20,Санкт-Петербург,2025-05-16,organic
1305,Матвей Цой,male,1997-01-16,Нижний Новгород,2025-05-16,ads
1306,Денис Соловьёв,male,1993-06-25,Москва,2025-05-16,organic
1307,Анна Дмитриева,female,1989-07-17,Санкт-Петербург,2025-05-16,ads
1308,Дарья Волкова,female,1979-09-28,Санкт-Петербург,2025-05-16,ads
1309,Павел Яковлев,male,,Пермь,2025-05-17,bloggers
1310,Павел Макаров,male,1989-09-10,Сочи,2025-05-17,social
1311,Юлия Киселёва,female,1976-06-03,Москва,2025-05-18,ads
1312,Олег Ильин,male,2002-04-09,Москва,2025-05-18,ads
1313,Елена Орлова,female,,Красноярск,2025-05-18,organic
1314,Юлия Григорьева,female,2001-03-23,Москва,2025-05-18,organic
1315,Анна Белова,female,1997-06-08,Иркутск,2025-05-18,bloggers
1316,Ольга Воробьёва,female,2000-01-05,Санкт-Петербург,2025-05-19,ads
1317,Артём Павлов,male,2003-12-29,Ярославль,2025-05-20,ads
1318,Глеб Семёнов,male,2003-12-31,Москва,2025-05-20,bloggers
1319,Михаил Васильев,male,,Тюмень,2025-05-20,ads
1320,Тимур Борисов,male,1964-11-24,Екатеринбург,2025-05-21,organic
1321,Вероника Соколова,female,1994-10-31,Москва,2025-05-21,organic
1322,Ксения Николаева,female,2002-05-23,Москва,2025-05-21,bloggers
1323,Андрей Петров,male,2001-01-09,Волгоград,2025-05-22,referral
1324,Андрей Поляков,male,1996-12-07,Екатеринбург,2025-05-22,organic
1325,Иван Соколов,male,1993-06-03,Москва,2025-05-23,organic
1326,Иван Поляков,male,1989-01-26,Тюмень,2025-05-23,organic
1327,Ирина Иванова,female,1974-05-20,Новосибирск,2025-05-23,referral
1328,Юлия Белова,female,2008-09-16,Санкт-Петербург,2025-05-24,ads
1329,Анна Лебедева,female,1998-11-15,Нижний Новгород,2025-05-24,ads
1330,Кирилл Никитин,male,1986-06-01,Тула,2025-05-25,organic
1331,Илья Никитин,male,1994-08-18,Краснодар,2025-05-25,organic
1332,Кирилл Воробьёв,male,1995-10-18,Санкт-Петербург,2025-05-25,social
1333,Мария Ковалёва,female,1998-06-17,Нижний Новгород,2025-05-25,referral
1334,Денис Кузнецов,male,2004-06-11,Москва,2025-05-25,ads
1335,Марина Фёдорова,female,2008-11-14,Красноярск,2025-05-25,ads
1336,Екатерина Григорьева,female,1979-11-02,Москва,2025-05-25,bloggers
1337,Анна Егорова,female,1999-01-25,Новосибирск,2025-05-26,social
1338,Кирилл Волков,male,2003-06-03,Краснодар,2025-05-26,ads
1339,Глеб Егоров,male,1980-12-22,Санкт-Петербург,2025-05-26,social
1340,Тимур Иванов,male,2003-07-06,Санкт-Петербург,2025-05-27,organic
1341,Глеб Воробьёв,male,1993-09-19,Ярославль,2025-05-28,organic
1342,Алина Иванова,female,1992-11-12,Казань,2025-05-28,social
1343,Софья Сергеева,female,1998-10-03,Владивосток,2025-05-28,organic
1344,Валерия Сорокина,female,1993-12-08,Ярославль,2025-05-28,bloggers
1345,Анна Соловьёва,female,1986-05-30,Санкт-Петербург,2025-05-28,organic
1346,Никита Коваленко,male,1996-12-27,Москва,2025-05-28,organic
1347,Вероника Новикова,female,,Санкт-Петербург,2025-05-28,referral
1348,Юлия Максимова,female,1996-11-02,Волгоград,2025-05-29,organic
1349,Роман Васильев,male,2002-03-09,Воронеж,2025-05-29,ads
1350,Юлия Алексеева,female,1982-08-18,Ярославль,2025-05-30,ads
1351,Павел Гусев,male,1985-11-04,Москва,2025-05-30,bloggers
1352,Сергей Ким,male,1977-09-09,Новосибирск,2025-05-30,organic
1353,Михаил Борисов,male,1987-05-10,Санкт-Петербург,2025-05-31,bloggers
1354,Егор Лебедев,male,1995-11-03,Екатеринбург,2025-05-31,ads
1355,Алина Максимова,female,1997-12-21,Москва,2025-05-31,organic
1356,Иван Егоров,male,,Москва,2025-06-01,ads
1357,Илья Фёдоров,male,1988-08-18,Казань,2025-06-01,ads
1358,Алина Полякова,female,1984-08-06,Новосибирск,2025-06-02,social
1359,Валерия Сергеева,female,1985-10-19,Новосибирск,2025-06-02,ads
1360,Кристина Романова,female,1990-06-24,Санкт-Петербург,2025-06-03,ads
1361,Татьяна Яковлева,female,1990-09-03,Пермь,2025-06-03,ads
1362,Ксения Романова,female,1987-03-31,Новосибирск,2025-06-04,ads
1363,Софья Фролова,female,2005-08-17,Пермь,2025-06-04,ads
1364,Владимир Мельниченко,male,1979-08-25,Москва,2025-06-04,organic
1365,Матвей Козлов,male,1999-09-25,Волгоград,2025-06-05,organic
1366,Мария Козлова,female,1982-08-21,Уфа,2025-06-05,bloggers
1367,Михаил Борисов,male,1962-09-08,Тула,2025-06-05,organic
1368,Мария Семёнова,female,,Москва,2025-06-05,organic
1369,Мария Виноградова,female,,Санкт-Петербург,2025-06-06,ads
1370,Ксения Соловьёва,female,1974-02-24,Пермь,2025-06-06,social
1371,Евгений Сергеев,male,1998-07-26,Иркутск,2025-06-07,ads
1372,Андрей Максимов,male,1996-02-26,Москва,2025-06-07,ads
1373,Елена Полякова,female,1982-11-11,Москва,2025-06-07,ads
1374,Полина Мельниченко,female,1982-07-31,Самара,2025-06-07,organic
1375,Егор Захаров,male,1991-04-18,Москва,2025-06-08,ads
1376,Максим Андреев,male,2000-08-11,Хабаровск,2025-06-08,bloggers
1377,Анна Борисова,female,1993-09-19,Москва,2025-06-09,organic
1378,Екатерина Киселёва,female,1980-06-09,Ярославль,2025-06-09,bloggers
1379,Виктория Захарова,female,1978-01-22,Волгоград,2025-06-09,bloggers
1380,Виктория Смирнова,female,1985-10-07,Москва,2025-06-09,organic
1381,Александр Лебедев,male,1992-08-05,Омск,2025-06-10,ads
1382,Матвей Смирнов,male,1984-01-12,Красноярск,2025-06-10,bloggers
1383,Татьяна Виноградова,female,1981-10-10,Санкт-Петербург,2025-06-10,bloggers
1384,Евгений Киселёв,male,2000-08-02,Ярославль,2025-06-11,social
1385,Матвей Киселёв,male,2001-09-27,Санкт-Петербург,2025-06-11,ads
1386,Денис Зайцев,male,1995-07-16,Москва,2025-06-11,organic
1387,Владимир Смирнов,male,1983-04-18,Москва,2025-06-11,social
1388,Михаил Волков,male,1985-10-30,Уфа,2025-06-12,organic
1389,Евгений Фёдоров,male,1988-03-13,Воронеж,2025-06-13,ads
1390,Вероника Цой,female,2003-08-10,Калининград,2025-06-13,ads
1391,Софья Алексеева,female,1988-05-03,Казань,2025-06-13,ads
1392,Софья Романова,female,1999-07-13,Иркутск,2025-06-13,bloggers
1393,Максим Ким,male,,Тула,2025-06-13,referral
1394,Андрей Лебедев,male,1988-01-02,Москва,2025-06-13,bloggers
1395,Анна Романова,female,1999-09-18,Краснодар,2025-06-14,referral
1396,Наталья Зайцева,female,2001-04-07,Челябинск,2025-06-14,ads
1397,Дарья Ильина,female,1984-01-09,Москва,2025-06-14,referral
1398,Евгений Петров,male,1995-03-03,Москва,2025-06-16,organic
1399,Анастасия Андреева,female,1987-07-11,Москва,2025-06-16,organic
1400,Евгений Фёдоров,male,1997-08-28,Тюмень,2025-06-18,referral
1401,Сергей Михайлов,male,1992-04-20,Москва,2025-06-18,bloggers
1402,Сергей Кузнецов,male,1987-09-25,Волгоград,2025-06-18,organic
1403,Полина Смирнова,female,1981-03-02,Волгоград,2025-06-18,social
1404,Марина Михайлова,female,1983-06-19,Владивосток,2025-06-19,social
1405,Тимур Гусев,male,2003-10-24,Краснодар,2025-06-19,organic
1406,Илья Орлов,male,1990-08-02,Москва,2025-06-19,bloggers
1407,Татьяна Белова,female,1983-08-06,Новосибирск,2025-06-20,ads
1408,Полина Сергеева,female,1981-08-18,Санкт-Петербург,2025-06-20,ads
1409,Илья Виноградов,male,1987-03-02,Волгоград,2025-06-20,social
1410,Максим Мельниченко,male,1985-06-18,Волгоград,2025-06-21,referral
1411,Дмитрий Макаров,male,2008-12-17,Москва,2025-06-21,bloggers
1412,Егор Фролов,male,2002-01-03,Санкт-Петербург,2025-06-21,referral
1413,Илья Гусев,male,1991-04-03,Екатеринбург,2025-06-21,ads
1414,Глеб Сергеев,male,2008-01-06,Ростов-на-Дону,2025-06-21,social
1415,Кристина Волкова,female,2008-08-16,Новосибирск,2025-06-21,ads
1416,Кристина Сергеева,female,,Санкт-Петербург,2025-06-22,organic
1417,Анастасия Фролова,female,1979-06-11,Санкт-Петербург,2025-06-22,social
1418,Елена Александрова,female,1987-04-17,Красноярск,2025-06-23,ads
1419,Павел Медведев,male,1999-09-13,Москва,2025-06-23,organic
1420,Матвей Цой,male,2006-09-05,Краснодар,2025-06-23,organic
1421,Алиса Смирнова,female,1998-06-16,Москва,2025-06-23,social
1422,Алина Попова,female,1997-08-10,Санкт-Петербург,2025-06-23,ads
1423,Алиса Шевченко,female,1998-10-30,Москва,2025-06-23,organic
1424,Сергей Александров,male,1984-11-13,Новосибирск,2025-06-23,referral
1425,Никита Морозов,male,2003-08-03,Москва,2025-06-23,ads
1426,Максим Морозов,male,1983-08-21,Москва,2025-06-24,ads
1427,Анастасия Виноградова,female,1998-08-20,Красноярск,2025-06-24,bloggers
1428,Владимир Семёнов,male,2006-12-07,Казань,2025-06-24,referral
1429,Алиса Фролова,female,1990-02-23,Москва,2025-06-24,ads
1430,Тимур Соколов,male,1995-10-08,Москва,2025-06-25,social
1431,Юлия Бондаренко,female,2001-08-02,Волгоград,2025-06-25,organic
1432,Олег Смирнов,male,1994-03-17,Москва,2025-06-26,ads
1433,Денис Михайлов,male,1985-06-30,Санкт-Петербург,2025-06-26,ads
1434,Елена Смирнова,female,1995-04-20,Волгоград,2025-06-26,ads
1435,Анна Павлова,female,1983-04-15,Санкт-Петербург,2025-06-26,ads
1436,Софья Ильина,female,,Воронеж,2025-06-27,social
1437,Наталья Макарова,female,1991-03-15,Москва,2025-06-27,social
1438,Вероника Захарова,female,,Нижний Новгород,2025-06-27,ads
1439,Алиса Смирнова,female,1990-07-20,Волгоград,2025-06-27,ads
1440,Алина Гусева,female,1974-11-30,Санкт-Петербург,2025-06-27,organic
1441,Глеб Сергеев,male,1994-06-07,Красноярск,2025-06-27,referral
1442,Владимир Зайцев,male,2007-10-24,,2025-06-27,ads
1443,Роман Яковлев,male,1988-04-01,,2025-06-28,ads
1444,Татьяна Захарова,female,1995-09-19,Казань,2025-06-28,ads
1445,Кирилл Козлов,male,2005-03-08,Москва,2025-06-28,organic
1446,Сергей Киселёв,male,2008-01-09,Омск,2025-06-28,organic
1447,Анастасия Романова,female,1977-12-24,Владивосток,2025-06-29,ads
1448,Алина Морозова,female,2008-02-19,Новосибирск,2025-06-29,ads
1449,Ксения Виноградова,female,1985-03-31,Москва,2025-06-29,organic
1450,Валерия Белова,female,2008-07-11,Москва,2025-06-29,ads
1451,Марина Гусева,female,2006-03-10,Санкт-Петербург,2025-06-29,organic
1452,Вероника Романова,female,,Тюмень,2025-06-30,bloggers
1453,Максим Романов,male,1986-10-24,Москва,2025-06-30,organic
1454,Ольга Воробьёва,female,2008-05-13,Москва,2025-07-01,social
1455,Екатерина Васильева,female,2008-01-02,Санкт-Петербург,2025-07-01,organic
1456,Алиса Алексеева,female,1998-06-30,Москва,2025-07-02,ads
1457,Егор Цой,male,1985-05-26,Санкт-Петербург,2025-07-02,ads
1458,Екатерина Кузнецова,female,1995-07-06,Ярославль,2025-07-02,referral
1459,Матвей Цой,male,1988-05-26,Москва,2025-07-02,ads
1460,Татьяна Андреева,female,1997-07-25,Ярославль,2025-07-02,social
1461,Роман Королёв,male,2004-01-20,Ростов-на-Дону,2025-07-02,ads
1462,Матвей Лебедев,male,1998-07-02,Калининград,2025-07-02,referral
1463,Марина Алексеева,female,1992-04-04,Краснодар,2025-07-03,bloggers
1464,Валерия Макарова,female,2004-06-28,Москва,2025-07-03,bloggers
1465,Олег Соловьёв,male,2002-04-12,Санкт-Петербург,2025-07-03,referral
1466,Владимир Никитин,male,1986-09-07,Санкт-Петербург,2025-07-03,ads
1467,Мария Романова,female,1995-01-03,Москва,2025-07-03,organic
1468,Татьяна Гусева,female,1990-03-19,Краснодар,2025-07-04,organic
1469,Анна Фролова,female,1993-03-09,Санкт-Петербург,2025-07-04,organic
1470,Дарья Цой,female,1990-11-30,Санкт-Петербург,2025-07-04,social
1471,Александр Лебедев,male,1994-04-29,Москва,2025-07-04,organic
1472,Дмитрий Макаров,male,1978-04-29,Ярославль,2025-07-04,bloggers
1473,Евгений Романов,male,2008-08-25,,2025-07-05,organic
1474,Алина Захарова,female,1983-08-31,Москва,2025-07-05,organic
1475,Дмитрий Максимов,male,2004-08-13,Екатеринбург,2025-07-05,social
1476,Виктория Егорова,female,1974-10-04,Пермь,2025-07-05,ads
1477,Артём Королёв,male,2007-09-22,Иркутск,2025-07-06,ads
1478,Елена Соловьёва,female,1984-11-08,Москва,2025-07-06,organic
1479,Полина Соловьёва,female,1977-04-21,Москва,2025-07-06,organic
1480,Глеб Михайлов,male,1981-12-13,Москва,2025-07-07,ads
1481,Вероника Павлова,female,2004-12-08,Новосибирск,2025-07-07,ads
1482,Дарья Яковлева,female,1989-05-19,Владивосток,2025-07-07,referral
1483,Вероника Гусева,female,2008-05-05,Красноярск,2025-07-08,social
1484,Вероника Григорьева,female,1993-07-06,Москва,2025-07-08,ads
1485,Алексей Никитин,male,1991-08-18,Екатеринбург,2025-07-08,ads
1486,Мария Дмитриева,female,1983-12-27,Ростов-на-Дону,2025-07-08,social
1487,Софья Иванова,female,1982-08-06,Тюмень,2025-07-08,bloggers
1488,Дарья Дмитриева,female,1991-06-24,,2025-07-08,organic
1489,Светлана Фёдорова,female,1989-12-20,Москва,2025-07-09,ads
1490,Илья Николаев,male,2001-06-02,Москва,2025-07-10,organic
1491,Иван Григорьев,male,1982-04-17,Ростов-на-Дону,2025-07-10,organic
1492,Кристина Виноградова,female,1978-06-13,Санкт-Петербург,2025-07-10,ads
1493,Роман Алексеев,male,1989-07-03,Москва,2025-07-11,social
1494,Ирина Морозова,female,2005-08-28,Уфа,2025-07-11,ads
1495,Ксения Семёнова,female,1997-01-08,Москва,2025-07-12,organic
1496,Иван Макаров,male,1983-04-26,Пермь,2025-07-12,referral
1497,Ирина Гусева,female,1976-06-24,Краснодар,2025-07-13,ads
1498,Кристина Степанова,female,1985-07-10,Челябинск,2025-07-13,ads
1499,Светлана Сергеева,female,1984-05-16,Санкт-Петербург,2025-07-13,social
1500,Дмитрий Орлов,male,,Санкт-Петербург,2025-07-13,ads
1501,Роман Никитин,male,2008-06-05,Москва,2025-07-14,bloggers
1502,Полина Никитина,female,,Москва,2025-07-14,referral
1503,Елена Козлова,female,,Ярославль,2025-07-14,organic
1504,Татьяна Цой,female,1995-04-27,Владивосток,2025-07-15,ads
1505,Наталья Николаева,female,1981-08-04,Екатеринбург,2025-07-15,ads
1506,Мария Егорова,female,1969-11-20,Екатеринбург,2025-07-15,organic
1507,Андрей Поляков,male,1999-08-10,Волгоград,2025-07-16,ads
1508,Александр Кузьмин,male,,,2025-07-16,ads
1509,Михаил Новиков,male,2002-12-02,Москва,2025-07-17,organic
1510,Екатерина Королёва,female,1994-12-27,Красноярск,2025-07-17,bloggers
1511,Олег Иванов,male,2002-11-25,,2025-07-17,ads
1512,Алиса Никитина,female,2002-05-17,Уфа,2025-07-17,ads
1513,Андрей Семёнов,male,2000-11-28,Москва,2025-07-18,organic
1514,Алина Андреева,female,2006-06-26,Москва,2025-07-18,bloggers
1515,Марина Андреева,female,,Москва,2025-07-18,ads
1516,Никита Петров,male,1998-05-09,Москва,2025-07-18,organic
1517,Алиса Ковалёва,female,2000-02-02,Москва,2025-07-19,organic
1518,Татьяна Егорова,female,2007-03-26,Москва,2025-07-19,bloggers
1519,Александр Яковлев,male,1987-07-21,Красноярск,2025-07-19,organic
1520,Максим Королёв,male,1989-12-15,Уфа,2025-07-19,social
1521,Тимур Виноградов,male,1987-11-19,Краснодар,2025-07-20,ads
1522,Ксения Максимова,female,1967-04-23,Омск,2025-07-20,bloggers
1523,Денис Семёнов,male,1983-08-14,Ярославль,2025-07-21,bloggers
1524,Кирилл Степанов,male,1981-04-03,Санкт-Петербург,2025-07-21,social
1525,Ирина Петрова,female,1991-08-13,Москва,2025-07-21,social
1526,Алиса Цой,female,1977-04-14,Краснодар,2025-07-22,ads
1527,Никита Максимов,male,1976-09-19,Ярославль,2025-07-22,ads
1528,Денис Шевченко,male,1975-05-14,Красноярск,2025-07-23,ads
1529,Егор Бондаренко,male,1999-05-11,Казань,2025-07-24,ads
1530,Валерия Смирнова,female,1993-11-12,Москва,2025-07-24,organic
1531,Александр Борисов,male,1992-05-28,Москва,2025-07-24,social
1532,Анастасия Семёнова,female,2000-03-27,Москва,2025-07-24,social
1533,Ольга Егорова,female,2004-06-19,Ростов-на-Дону,2025-07-24,ads
1534,Артём Никитин,male,1975-06-07,Москва,2025-07-24,social
1535,Алиса Александрова,female,1996-09-26,Ростов-на-Дону,2025-07-24,ads
1536,Михаил Максимов,male,1968-11-10,Москва,2025-07-25,ads
1537,Алексей Захаров,male,1986-02-08,Казань,2025-07-25,organic
1538,Дарья Сорокина,female,1987-03-05,Москва,2025-07-25,organic
1539,Анастасия Васильева,female,1990-02-02,Москва,2025-07-25,ads
1540,Наталья Ильина,female,,Челябинск,2025-07-25,social
1541,Юлия Полякова,female,1998-09-11,Хабаровск,2025-07-26,social
1542,Никита Смирнов,male,1995-10-06,,2025-07-26,ads
1543,Кристина Алексеева,female,1995-10-14,Самара,2025-07-26,social
1544,Олег Смирнов,male,2000-11-21,Воронеж,2025-07-26,organic
1545,Светлана Полякова,female,1998-02-28,Санкт-Петербург,2025-07-26,bloggers
1546,Павел Петров,male,1987-11-24,Калининград,2025-07-27,organic
1547,Кирилл Степанов,male,2005-08-03,Москва,2025-07-27,social
1548,Валерия Кузнецова,female,2003-09-01,Волгоград,2025-07-27,bloggers
1549,Евгений Сергеев,male,1985-11-13,Новосибирск,2025-07-27,organic
1550,Олег Александров,male,1987-02-09,Москва,2025-07-27,organic
1551,Ольга Ковалёва,female,1992-12-19,Москва,2025-07-28,organic
1552,Денис Фролов,male,1983-07-20,Санкт-Петербург,2025-07-28,organic
1553,Юлия Фёдорова,female,1995-08-15,Челябинск,2025-07-29,bloggers
1554,Владимир Макаров,male,1967-10-02,Красноярск,2025-07-29,ads
1555,Никита Виноградов,male,1990-08-21,Уфа,2025-07-30,referral
1556,Юлия Лебедева,female,1990-11-20,Ростов-на-Дону,2025-07-30,social
1557,Егор Иванов,male,2008-04-15,Уфа,2025-07-30,organic
1558,Илья Орлов,male,1998-10-25,Хабаровск,2025-07-30,ads
1559,Кристина Андреева,female,1984-02-06,Москва,2025-07-31,organic
1560,Виктория Николаева,female,1996-02-11,Нижний Новгород,2025-07-31,social
1561,Матвей Никитин,male,2008-01-22,,2025-07-31,social
1562,Дарья Киселёва,female,,Ярославль,2025-07-31,referral
1563,Кирилл Новиков,male,1988-05-09,Краснодар,2025-07-31,referral
1564,Мария Борисова,female,1986-03-21,Санкт-Петербург,2025-07-31,organic
1565,Артём Смирнов,male,1982-12-10,Новосибирск,2025-08-01,social
1566,Дмитрий Андреев,male,,Краснодар,2025-08-01,organic
1567,Максим Григорьев,male,2008-02-01,Казань,2025-08-01,ads
1568,Валерия Бондаренко,female,1993-09-16,Омск,2025-08-01,bloggers
1569,Алина Фёдорова,female,2002-06-11,Екатеринбург,2025-08-02,organic
1570,Сергей Попов,male,1989-04-18,Волгоград,2025-08-03,organic
1571,Алина Ким,female,1972-12-11,Новосибирск,2025-08-04,organic
1572,Никита Попов,male,1993-01-01,Челябинск,2025-08-04,ads
1573,Егор Семёнов,male,2004-09-19,Краснодар,2025-08-04,organic
1574,Алина Цой,female,1992-01-06,Москва,2025-08-04,referral
1575,Анна Фёдорова,female,2007-03-03,Новосибирск,2025-08-04,referral
1576,Марина Полякова,female,1979-09-12,Краснодар,2025-08-05,bloggers
1577,Кристина Цой,female,1988-04-13,,2025-08-05,social
1578,Полина Коваленко,female,1996-05-24,Калининград,2025-08-05,ads
1579,Кристина Соловьёва,female,1989-04-18,Москва,2025-08-06,bloggers
1580,Алиса Сорокина,female,1990-08-07,Уфа,2025-08-06,social
1581,Павел Соловьёв,male,1990-10-28,Воронеж,2025-08-06,referral
1582,Егор Киселёв,male,1979-12-29,Нижний Новгород,2025-08-07,organic
1583,Софья Михайлова,female,1986-02-24,Пермь,2025-08-07,social
1584,Егор Ковалёв,male,1997-01-17,Москва,2025-08-07,social
1585,Денис Никитин,male,1995-06-21,Москва,2025-08-08,bloggers
1586,Павел Яковлев,male,1981-08-27,Тюмень,2025-08-08,bloggers
1587,Павел Орлов,male,1987-04-07,Пермь,2025-08-08,organic
1588,Анна Ким,female,1984-03-09,Москва,2025-08-08,social
1589,Анастасия Алексеева,female,1991-07-28,Санкт-Петербург,2025-08-09,organic
1590,Полина Воробьёва,female,2008-01-07,Санкт-Петербург,2025-08-09,social
1591,Евгений Захаров,male,1990-03-04,Калининград,2025-08-09,organic
1592,Максим Поляков,male,,Сочи,2025-08-10,ads
1593,Ольга Воробьёва,female,1993-08-19,Калининград,2025-08-10,organic
1594,Андрей Иванов,male,1978-07-12,Казань,2025-08-10,organic
1595,Полина Гусева,female,,Москва,2025-08-10,ads
1596,Андрей Андреев,male,1984-03-10,Москва,2025-08-10,social
1597,Артём Сергеев,male,1987-08-06,,2025-08-11,ads
1598,Вероника Фёдорова,female,1995-09-28,Санкт-Петербург,2025-08-11,ads
1599,Сергей Макаров,male,1995-05-25,Санкт-Петербург,2025-08-11,organic
1600,Полина Смирнова,female,,Санкт-Петербург,2025-08-11,referral
1601,Кристина Медведева,female,2008-07-21,Омск,2025-08-11,ads
1602,Алиса Виноградова,female,1978-07-19,Москва,2025-08-12,ads
1603,Екатерина Фёдорова,female,1987-07-05,Уфа,2025-08-13,organic
1604,Алина Максимова,female,1998-10-19,Нижний Новгород,2025-08-13,organic
1605,Наталья Фёдорова,female,1992-04-26,Нижний Новгород,2025-08-13,social
1606,Денис Смирнов,male,1985-10-19,Волгоград,2025-08-13,ads
1607,Екатерина Захарова,female,1999-11-23,Новосибирск,2025-08-13,organic
1608,Михаил Ковалёв,male,,Москва,2025-08-14,organic
1609,Ксения Макарова,female,1966-01-15,Москва,2025-08-14,ads
1610,Татьяна Андреева,female,1997-11-23,Санкт-Петербург,2025-08-14,referral
1611,Кирилл Виноградов,male,1997-10-10,Пермь,2025-08-14,social
1612,Алиса Сорокина,female,1988-01-13,Казань,2025-08-15,social
1613,Марина Ковалёва,female,1984-03-05,Москва,2025-08-16,social
1614,Ирина Соловьёва,female,1987-01-03,Москва,2025-08-16,bloggers
1615,Дмитрий Гусев,male,1993-12-14,Санкт-Петербург,2025-08-16,ads
1616,Олег Григорьев,male,2007-05-04,Санкт-Петербург,2025-08-16,ads
1617,Егор Поляков,male,1986-04-30,Москва,2025-08-16,organic
1618,Тимур Петров,male,1992-02-24,Тула,2025-08-17,ads
1619,Елена Козлова,female,1999-12-20,Сочи,2025-08-17,referral
1620,Алексей Кузнецов,male,2008-09-10,Санкт-Петербург,2025-08-17,ads
1621,Максим Дмитриев,male,1987-12-19,Москва,2025-08-18,organic
1622,Дмитрий Попов,male,1992-07-22,Москва,2025-08-18,ads
1623,Тимур Иванов,male,1999-05-10,Москва,2025-08-18,organic
1624,Александр Фролов,male,1980-11-09,Казань,2025-08-18,ads
1625,Дмитрий Петров,male,2000-08-08,Ростов-на-Дону,2025-08-18,bloggers
1626,Алиса Соколова,female,1990-08-16,Пермь,2025-08-18,ads
1627,Алексей Воробьёв,male,1991-10-08,Хабаровск,2025-08-19,organic
1628,Илья Романов,male,1984-09-05,Краснодар,2025-08-19,organic
1629,Наталья Козлова,female,1995-08-01,Краснодар,2025-08-20,social
1630,Кирилл Макаров,male,1993-04-18,,2025-08-20,ads
1631,Павел Морозов,male,1986-08-26,Тула,2025-08-20,ads
1632,Алиса Романова,female,1986-08-09,Тула,2025-08-21,organic
1633,Дарья Гусева,female,1989-02-19,Москва,2025-08-21,ads
1634,Денис Александров,male,1975-05-07,Москва,2025-08-21,ads
1635,Егор Лебедев,male,1991-11-02,Казань,2025-08-21,referral
1636,Никита Яковлев,male,2008-09-26,Москва,2025-08-21,ads
1637,Екатерина Попова,female,1980-05-08,Ростов-на-Дону,2025-08-22,bloggers
1638,Марина Соколова,female,1981-06-24,Самара,2025-08-22,ads
1639,Алина Семёнова,female,1994-11-22,Владивосток,2025-08-22,organic
1640,Елена Лебедева,female,2002-08-28,,2025-08-23,organic
1641,Екатерина Максимова,female,1985-05-23,Иркутск,2025-08-23,bloggers
1642,Сергей Гусев,male,1989-04-23,Калининград,2025-08-23,ads
1643,Ксения Медведева,female,1994-05-01,Сочи,2025-08-23,organic
1644,Софья Медведева,female,1988-02-26,Тюмень,2025-08-23,ads
1645,Алина Фёдорова,female,1996-09-21,Санкт-Петербург,2025-08-24,social
1646,Валерия Фёдорова,female,1983-02-03,Санкт-Петербург,2025-08-24,social
1647,Сергей Фёдоров,male,2001-10-29,Москва,2025-08-24,organic
1648,Ксения Попова,female,2000-06-09,Москва,2025-08-24,organic
1649,Алина Козлова,female,1992-05-13,Москва,2025-08-25,ads
1650,Михаил Сорокин,male,1986-04-18,Санкт-Петербург,2025-08-25,ads
1651,Юлия Павлова,female,1967-04-05,Москва,2025-08-26,organic
1652,Михаил Семёнов,male,2002-01-17,Москва,2025-08-26,referral
1653,Алина Александрова,female,1993-11-10,Санкт-Петербург,2025-08-26,referral
1654,Максим Романов,male,1980-02-16,Москва,2025-08-26,social
1655,Виктория Макарова,female,,Тула,2025-08-26,social
1656,Иван Шевченко,male,1982-11-27,Москва,2025-08-26,organic
1657,Мария Ковалёва,female,1975-06-18,Москва,2025-08-26,social
1658,Полина Виноградова,female,1998-10-06,Казань,2025-08-27,referral
1659,Артём Романов,male,2008-08-16,Санкт-Петербург,2025-08-27,social
1660,Кристина Андреева,female,1998-03-30,Владивосток,2025-08-27,referral
1661,Елена Александрова,female,2000-08-31,Самара,2025-08-27,social
1662,Екатерина Егорова,female,1994-07-09,Санкт-Петербург,2025-08-27,referral
1663,Ирина Степанова,female,1994-01-20,,2025-08-27,bloggers
1664,Евгений Фёдоров,male,1999-10-18,Уфа,2025-08-27,social
1665,Алиса Никитина,female,2008-06-25,Москва,2025-08-27,ads
1666,Дарья Волкова,female,1988-05-15,Казань,2025-08-28,ads
1667,Валерия Соловьёва,female,1991-06-30,Екатеринбург,2025-08-28,organic
1668,Ольга Макарова,female,1993-04-01,Екатеринбург,2025-08-28,organic
1669,Алиса Дмитриева,female,1989-08-17,Москва,2025-08-28,ads
1670,Елена Фёдорова,female,2008-03-14,Екатеринбург,2025-08-28,ads
1671,Екатерина Михайлова,female,2005-11-05,Пермь,2025-08-29,ads
1672,Елена Захарова,female,1997-12-19,Казань,2025-08-29,organic
1673,Кристина Никитина,female,1999-01-10,Нижний Новгород,2025-08-30,organic
1674,Наталья Соколова,female,1984-10-26,Москва,2025-08-30,organic
1675,Наталья Яковлева,female,2008-01-15,Екатеринбург,2025-08-30,social
1676,Матвей Дмитриев,male,1982-01-15,Москва,2025-08-31,social
1677,Екатерина Михайлова,female,1993-08-16,Москва,2025-08-31,organic
1678,Марина Сергеева,female,1983-11-06,Москва,2025-08-31,organic
1679,Светлана Борисова,female,2000-01-11,Санкт-Петербург,2025-08-31,ads
1680,Иван Орлов,male,1980-12-16,Владивосток,2025-08-31,organic
1681,Никита Дмитриев,male,1968-04-18,Санкт-Петербург,2025-09-01,ads
1682,Андрей Ким,male,,Красноярск,2025-09-01,bloggers
1683,Евгений Романов,male,2003-09-20,Казань,2025-09-02,social
1684,Анна Ильина,female,1978-04-06,Казань,2025-09-02,referral
1685,Елена Волкова,female,1981-07-03,Хабаровск,2025-09-02,organic
1686,Денис Павлов,male,2006-07-18,Челябинск,2025-09-02,social
1687,Владимир Никитин,male,2001-03-17,Пермь,2025-09-02,ads
1688,Алина Цой,female,1988-11-09,Москва,2025-09-03,organic
1689,Артём Белов,male,1997-01-14,Москва,2025-09-03,referral
1690,Сергей Степанов,male,1994-10-29,Москва,2025-09-03,organic
1691,Алексей Попов,male,1998-08-16,Москва,2025-09-03,ads
1692,Алина Дмитриева,female,1986-12-26,Екатеринбург,2025-09-03,social
1693,Кристина Алексеева,female,1994-12-23,Челябинск,2025-09-04,referral
1694,Олег Волков,male,1991-10-09,Москва,2025-09-04,referral
1695,Анна Шевченко,female,2006-01-10,Москва,2025-09-04,organic
1696,Вероника Шевченко,female,1983-04-05,Тюмень,2025-09-04,social
1697,Евгений Гусев,male,1976-05-29,Тула,2025-09-04,organic
1698,Глеб Виноградов,male,1981-10-11,Москва,2025-09-04,social
1699,Елена Сорокина,female,1997-01-25,Уфа,2025-09-04,ads
1700,Марина Сергеева,female,1990-08-19,Москва,2025-09-05,referral
1701,Вероника Сорокина,female,1982-07-02,Москва,2025-09-05,organic
1702,Софья Макарова,female,2002-12-30,Краснодар,2025-09-05,organic
1703,Ирина Иванова,female,1984-07-18,Краснодар,2025-09-05,organic
1704,Марина Ильина,female,1982-01-04,Санкт-Петербург,2025-09-05,organic
1705,Александр Степанов,male,1980-09-15,Казань,2025-09-05,referral
1706,Татьяна Николаева,female,1998-02-23,Москва,2025-09-06,organic
1707,Полина Фёдорова,female,1976-08-27,Москва,2025-09-06,organic
1708,Ирина Козлова,female,1998-07-30,Тюмень,2025-09-06,organic
1709,Илья Алексеев,male,1994-12-16,Новосибирск,2025-09-06,organic
1710,Кирилл Воробьёв,male,2002-01-24,Тюмень,2025-09-07,organic
1711,Денис Ковалёв,male,1991-11-10,Краснодар,2025-09-07,bloggers
1712,Ксения Гусева,female,1984-09-19,Санкт-Петербург,2025-09-07,social
1713,Артём Бондаренко,male,1997-05-24,Санкт-Петербург,2025-09-07,ads
1714,Евгений Смирнов,male,1993-11-17,Волгоград,2025-09-08,bloggers
1715,Глеб Ковалёв,male,2000-03-04,Ростов-на-Дону,2025-09-08,social
1716,Ксения Орлова,female,1983-12-16,Санкт-Петербург,2025-09-08,organic
1717,Артём Воробьёв,male,,Санкт-Петербург,2025-09-08,ads
1718,Анна Николаева,female,2008-03-06,Новосибирск,2025-09-08,ads
1719,Глеб Борисов,male,1970-02-04,Воронеж,2025-09-08,ads
1720,Дарья Воробьёва,female,1991-09-01,Казань,2025-09-08,ads
1721,Александр Лебедев,male,1987-10-11,Омск,2025-09-09,referral
1722,Светлана Зайцева,female,,Москва,2025-09-09,organic
1723,Наталья Медведева,female,2008-07-27,Новосибирск,2025-09-09,bloggers
1724,Юлия Королёва,female,1981-11-05,Нижний Новгород,2025-09-09,ads
1725,Анастасия Павлова,female,1994-03-29,Москва,2025-09-09,social
1726,Артём Захаров,male,,Санкт-Петербург,2025-09-09,social
1727,Софья Васильева,female,1993-09-12,Москва,2025-09-10,bloggers
1728,Кристина Степанова,female,1980-09-28,Москва,2025-09-10,organic
1729,Вероника Михайлова,female,1989-01-01,Омск,2025-09-10,bloggers
1730,Софья Кузьмина,female,2002-07-30,Екатеринбург,2025-09-11,ads
1731,Евгений Степанов,male,2004-08-30,Воронеж,2025-09-11,organic
1732,Никита Цой,male,2000-05-08,Тюмень,2025-09-11,organic
1733,Иван Ильин,male,,Москва,2025-09-11,referral
1734,Валерия Ковалёва,female,2008-06-29,Омск,2025-09-12,referral
1735,Александр Яковлев,male,1975-05-20,Москва,2025-09-12,organic
1736,Александр Соловьёв,male,1992-05-10,Казань,2025-09-12,bloggers
1737,Илья Степанов,male,1999-09-03,Санкт-Петербург,2025-09-12,ads
1738,Илья Ильин,male,1984-07-17,Москва,2025-09-12,organic
1739,Марина Захарова,female,1994-06-19,,2025-09-13,social
1740,Анна Степанова,female,1995-05-11,Нижний Новгород,2025-09-13,organic
1741,Анастасия Николаева,female,2007-05-20,Казань,2025-09-13,organic
1742,Матвей Макаров,male,1979-04-15,Москва,2025-09-13,organic
1743,Вероника Павлова,female,1976-06-11,Екатеринбург,2025-09-13,organic
1744,Александр Романов,male,2002-03-12,Волгоград,2025-09-14,organic
1745,Матвей Александров,male,2008-08-18,Москва,2025-09-15,referral
1746,Софья Воробьёва,female,1998-02-07,Санкт-Петербург,2025-09-15,referral
1747,Елена Алексеева,female,1987-09-22,Санкт-Петербург,2025-09-16,organic
1748,Сергей Поляков,male,1991-02-26,Пермь,2025-09-16,ads
1749,Марина Григорьева,female,1991-06-01,Самара,2025-09-16,bloggers
1750,Денис Сергеев,male,2002-12-30,Красноярск,2025-09-17,bloggers
1751,Александр Белов,male,1966-07-01,Сочи,2025-09-17,ads
1752,Иван Иванов,male,2002-04-07,Новосибирск,2025-09-17,organic
1753,Егор Гусев,male,1982-12-16,Екатеринбург,2025-09-17,organic
1754,Павел Петров,male,1993-11-12,Нижний Новгород,2025-09-17,ads
1755,Глеб Ильин,male,1999-03-22,Омск,2025-09-17,bloggers
1756,Анастасия Андреева,female,1996-01-14,Сочи,2025-09-18,bloggers
1757,Елена Орлова,female,1994-08-08,Москва,2025-09-18,ads
1758,Дарья Никитина,female,1988-12-03,Пермь,2025-09-18,social
1759,Егор Кузьмин,male,2004-09-08,Санкт-Петербург,2025-09-18,bloggers
1760,Артём Попов,male,1999-03-14,Пермь,2025-09-18,organic
1761,Марина Сергеева,female,1975-06-12,Новосибирск,2025-09-19,organic
1762,Марина Киселёва,female,1977-07-30,Казань,2025-09-19,organic
1763,Анастасия Кузнецова,female,1982-05-13,Тюмень,2025-09-19,bloggers
1764,Илья Павлов,male,1995-05-01,Владивосток,2025-09-20,bloggers
1765,Олег Борисов,male,2008-07-27,Новосибирск,2025-09-20,organic
1766,Наталья Полякова,female,1976-08-07,Ярославль,2025-09-20,social
1767,Мария Цой,female,,Волгоград,2025-09-21,organic
1768,Евгений Сорокин,male,1986-05-26,Екатеринбург,2025-09-21,referral
1769,Александр Сорокин,male,1986-03-18,Ростов-на-Дону,2025-09-22,bloggers
1770,Полина Полякова,female,1991-03-26,Санкт-Петербург,2025-09-22,ads
1771,Екатерина Иванова,female,1979-06-21,Москва,2025-09-23,ads
1772,Анна Григорьева,female,2008-08-19,Казань,2025-09-23,bloggers
1773,Роман Кузнецов,male,1993-09-14,Нижний Новгород,2025-09-23,bloggers
1774,Дарья Яковлева,female,,Новосибирск,2025-09-24,bloggers
1775,Дарья Андреева,female,1992-05-16,Челябинск,2025-09-24,social
1776,Софья Борисова,female,1983-03-13,Пермь,2025-09-25,ads
1777,Глеб Борисов,male,1992-06-01,Санкт-Петербург,2025-09-25,ads
1778,Татьяна Морозова,female,2007-03-05,Москва,2025-09-25,social
1779,Юлия Андреева,female,1990-07-10,,2025-09-25,referral
1780,Татьяна Романова,female,1985-01-21,Нижний Новгород,2025-09-25,ads
1781,Егор Виноградов,male,1966-04-01,Санкт-Петербург,2025-09-26,ads
1782,Вероника Александрова,female,1991-12-19,Санкт-Петербург,2025-09-26,referral
1783,Светлана Кузьмина,female,2001-05-18,Ярославль,2025-09-26,ads
1784,Татьяна Соловьёва,female,1974-01-23,Новосибирск,2025-09-26,organic
1785,Евгений Никитин,male,2006-05-15,Москва,2025-09-26,ads
1786,Алексей Попов,male,1998-12-27,Владивосток,2025-09-26,ads
1787,Иван Семёнов,male,1975-04-04,Иркутск,2025-09-27,organic
1788,Дарья Киселёва,female,1985-08-06,Сочи,2025-09-27,ads
1789,Максим Ковалёв,male,,Ростов-на-Дону,2025-09-27,social
1790,Марина Сорокина,female,2008-10-12,Москва,2025-09-27,ads
1791,Виктория Ильина,female,1979-10-21,Новосибирск,2025-09-27,ads
1792,Павел Кузьмин,male,1986-11-03,Москва,2025-09-27,social
1793,Сергей Романов,male,1998-07-24,Краснодар,2025-09-28,bloggers
1794,Юлия Новикова,female,1986-07-22,Омск,2025-09-28,bloggers
1795,Екатерина Гусева,female,1980-01-03,Красноярск,2025-09-28,organic
1796,Вероника Смирнова,female,,Уфа,2025-09-29,ads
1797,Вероника Соколова,female,1995-06-18,Пермь,2025-09-29,social
1798,Егор Сорокин,male,1990-04-30,Уфа,2025-09-29,referral
1799,Никита Медведев,male,1991-03-06,Санкт-Петербург,2025-09-29,organic
1800,Алексей Иванов,male,1994-02-26,Иркутск,2025-09-30,bloggers
1801,Павел Виноградов,male,1979-04-28,Екатеринбург,2025-09-30,ads
1802,Татьяна Медведева,female,1994-08-05,Москва,2025-09-30,organic
1803,Никита Виноградов,male,1969-07-06,Екатеринбург,2025-09-30,social
1804,Никита Андреев,male,1990-06-04,Новосибирск,2025-09-30,social
1805,Ксения Козлова,female,1973-10-12,Уфа,2025-09-30,referral
1806,Кирилл Никитин,male,1995-03-01,Воронеж,2025-09-30,organic
1807,Илья Белов,male,2008-04-22,Москва,2025-09-30,social
1808,Ирина Николаева,female,1993-06-13,Москва,2025-10-01,organic
1809,Михаил Смирнов,male,1976-08-21,Хабаровск,2025-10-02,organic
1810,Кирилл Дмитриев,male,2008-07-08,Санкт-Петербург,2025-10-02,social
1811,Алина Павлова,female,1984-04-12,Москва,2025-10-02,bloggers
1812,Виктория Макарова,female,1998-10-12,Нижний Новгород,2025-10-02,organic
1813,Олег Васильев,male,1987-04-02,Челябинск,2025-10-03,referral
1814,Глеб Ильин,male,1992-02-12,Екатеринбург,2025-10-03,social
1815,Екатерина Полякова,female,1998-05-28,Санкт-Петербург,2025-10-03,social
1816,Дарья Лебедева,female,,Казань,2025-10-04,referral
1817,Артём Кузьмин,male,1989-02-06,Москва,2025-10-05,referral
1818,Андрей Морозов,male,1984-11-10,Москва,2025-10-05,bloggers
1819,Полина Белова,female,1998-09-02,Москва,2025-10-05,ads
1820,Илья Андреев,male,1973-12-17,Москва,2025-10-05,social
1821,Глеб Иванов,male,,Санкт-Петербург,2025-10-07,organic
1822,Сергей Сергеев,male,2008-12-30,Санкт-Петербург,2025-10-07,ads
1823,Глеб Фёдоров,male,1993-03-28,Сочи,2025-10-07,ads
1824,Владимир Соловьёв,male,2007-09-28,Казань,2025-10-08,social
1825,Сергей Андреев,male,1992-09-22,Волгоград,2025-10-08,social
1826,Анна Новикова,female,1988-03-24,Москва,2025-10-08,ads
1827,Роман Гусев,male,1984-12-10,Самара,2025-10-09,bloggers
1828,Анастасия Егорова,female,1970-01-12,Казань,2025-10-09,ads
1829,Юлия Козлова,female,1987-05-31,Москва,2025-10-09,social
1830,Кирилл Бондаренко,male,2003-07-16,Москва,2025-10-09,ads
1831,Светлана Смирнова,female,2008-06-08,Екатеринбург,2025-10-10,bloggers
1832,Анна Королёва,female,,Ярославль,2025-10-10,ads
1833,Роман Шевченко,male,2002-05-22,Воронеж,2025-10-11,referral
1834,Павел Романов,male,1993-04-02,Челябинск,2025-10-12,referral
1835,Михаил Зайцев,male,1991-12-09,Омск,2025-10-12,ads
1836,Дмитрий Смирнов,male,2001-11-12,Краснодар,2025-10-12,organic
1837,Мария Полякова,female,1998-11-18,Уфа,2025-10-12,organic
1838,Владимир Романов,male,,Красноярск,2025-10-13,referral
1839,Артём Орлов,male,2001-03-15,Москва,2025-10-13,ads
1840,Егор Киселёв,male,1986-12-06,Нижний Новгород,2025-10-13,ads
1841,Глеб Иванов,male,1983-02-10,Краснодар,2025-10-13,ads
1842,Анастасия Фёдорова,female,2003-02-17,Тула,2025-10-13,bloggers
1843,Светлана Петрова,female,1992-05-16,Санкт-Петербург,2025-10-14,social
1844,Михаил Андреев,male,,Тула,2025-10-14,bloggers
1845,Денис Киселёв,male,1996-03-14,Москва,2025-10-14,bloggers
1846,Максим Егоров,male,2008-12-21,Екатеринбург,2025-10-14,bloggers
1847,Роман Виноградов,male,1994-02-10,Челябинск,2025-10-14,bloggers
1848,Ольга Соколова,female,1987-08-29,Пермь,2025-10-14,ads
1849,Мария Мельниченко,female,1987-05-08,Москва,2025-10-14,ads
1850,Александр Орлов,male,1975-09-29,Краснодар,2025-10-15,ads
1851,Виктория Дмитриева,female,1976-09-07,Казань,2025-10-15,organic
1852,Елена Гусева,female,1971-12-02,Ростов-на-Дону,2025-10-15,bloggers
1853,Ирина Королёва,female,1991-06-26,Нижний Новгород,2025-10-15,bloggers
1854,Ирина Медведева,female,1992-03-13,Хабаровск,2025-10-15,bloggers
1855,Илья Ковалёв,male,1992-07-30,Санкт-Петербург,2025-10-15,organic
1856,Андрей Фролов,male,2005-12-20,Санкт-Петербург,2025-10-15,ads
1857,Тимур Романов,male,1991-09-28,Пермь,2025-10-16,referral
1858,Юлия Гусева,female,1992-06-09,Москва,2025-10-16,organic
1859,Софья Виноградова,female,1989-08-30,Санкт-Петербург,2025-10-16,organic
1860,Ольга Михайлова,female,1990-08-15,Москва,2025-10-16,referral
1861,Валерия Петрова,female,1992-02-03,Казань,2025-10-16,social
1862,Никита Васильев,male,1990-01-15,Краснодар,2025-10-16,ads
1863,Михаил Михайлов,male,1985-03-17,Москва,2025-10-16,ads
1864,Матвей Сорокин,male,1983-09-09,Москва,2025-10-17,organic
1865,Олег Виноградов,male,1989-07-23,Сочи,2025-10-17,ads
1866,Иван Соколов,male,1984-07-25,Нижний Новгород,2025-10-17,ads
1867,Марина Фёдорова,female,2000-04-13,Москва,2025-10-18,bloggers
1868,Егор Макаров,male,1990-10-11,Москва,2025-10-18,social
1869,Ксения Ким,female,1990-02-01,Москва,2025-10-18,referral
1870,Кристина Степанова,female,2008-10-10,Пермь,2025-10-18,referral
1871,Анна Цой,female,2000-01-22,Санкт-Петербург,2025-10-18,ads
1872,Кирилл Ильин,male,2005-05-30,Москва,2025-10-18,ads
1873,Тимур Борисов,male,1991-10-01,Москва,2025-10-18,social
1874,Олег Семёнов,male,1988-12-17,Новосибирск,2025-10-19,social
1875,Татьяна Иванова,female,1976-04-21,,2025-10-19,referral
1876,Илья Иванов,male,2000-07-30,Волгоград,2025-10-19,organic
1877,Ксения Морозова,female,1997-05-28,Новосибирск,2025-10-19,organic
1878,Артём Семёнов,male,1996-05-15,Воронеж,2025-10-19,organic
1879,Дмитрий Петров,male,1996-04-15,Москва,2025-10-20,social
1880,Алексей Фёдоров,male,1985-04-08,Санкт-Петербург,2025-10-20,social
1881,Михаил Захаров,male,2004-02-10,Иркутск,2025-10-20,social
1882,Мария Иванова,female,2002-05-15,Москва,2025-10-20,social
1883,Кирилл Фёдоров,male,1987-08-18,Казань,2025-10-20,organic
1884,Евгений Андреев,male,1992-03-12,Москва,2025-10-20,bloggers
1885,Мария Егорова,female,1979-04-19,Иркутск,2025-10-21,organic
1886,Алексей Попов,male,1997-10-15,Москва,2025-10-21,organic
1887,Алексей Козлов,male,,Москва,2025-10-21,social
1888,Елена Лебедева,female,1998-06-26,Москва,2025-10-22,social
1889,Денис Соловьёв,male,1982-07-14,Новосибирск,2025-10-22,ads
1890,Владимир Соловьёв,male,2005-11-01,Новосибирск,2025-10-22,social
1891,Павел Поляков,male,1996-12-03,Краснодар,2025-10-23,organic
1892,Валерия Михайлова,female,1991-07-27,Красноярск,2025-10-23,referral
1893,Ксения Зайцева,female,,Москва,2025-10-23,referral
1894,Анастасия Васильева,female,1992-02-25,Москва,2025-10-23,referral
1895,Юлия Никитина,female,1998-10-02,Новосибирск,2025-10-23,social
1896,Сергей Степанов,male,2000-05-18,Новосибирск,2025-10-23,ads
1897,Артём Киселёв,male,,Санкт-Петербург,2025-10-24,organic
1898,Алина Семёнова,female,2008-07-22,Москва,2025-10-24,ads
1899,Иван Никитин,male,2000-07-14,Краснодар,2025-10-24,ads
1900,Алина Дмитриева,female,1998-11-07,Санкт-Петербург,2025-10-24,organic
1901,Ирина Алексеева,female,1994-11-28,Нижний Новгород,2025-10-24,social
1902,Илья Гусев,male,1988-06-27,Санкт-Петербург,2025-10-24,ads
1903,Кристина Морозова,female,1983-04-19,Сочи,2025-10-25,referral
1904,Валерия Алексеева,female,1988-07-03,Санкт-Петербург,2025-10-25,bloggers
1905,Кристина Дмитриева,female,1983-11-20,Краснодар,2025-10-25,organic
1906,Никита Соловьёв,male,,Пермь,2025-10-25,bloggers
1907,Никита Фёдоров,male,1988-01-04,Санкт-Петербург,2025-10-25,organic
1908,Анастасия Козлова,female,1993-10-08,Екатеринбург,2025-10-26,referral
1909,Юлия Семёнова,female,2008-10-20,Москва,2025-10-26,organic
1910,Павел Егоров,male,1992-08-02,Екатеринбург,2025-10-26,organic
1911,Илья Степанов,male,1997-11-18,Москва,2025-10-27,referral
1912,Никита Алексеев,male,1978-04-20,Красноярск,2025-10-27,ads
1913,Ирина Шевченко,female,1998-04-19,Москва,2025-10-27,organic
1914,Владимир Гусев,male,,Москва,2025-10-27,ads
1915,Наталья Дмитриева,female,1996-09-15,Самара,2025-10-28,ads
1916,Олег Волков,male,1984-10-27,Москва,2025-10-28,organic
1917,Дарья Соловьёва,female,1985-04-21,Москва,2025-10-28,organic
1918,Дарья Киселёва,female,1990-01-13,Москва,2025-10-28,social
1919,Алексей Ковалёв,male,1996-04-13,Москва,2025-10-28,referral
1920,Валерия Шевченко,female,2007-10-30,Москва,2025-10-29,referral
1921,Владимир Семёнов,male,1988-04-23,Владивосток,2025-10-29,social
1922,Илья Ковалёв,male,,,2025-10-29,organic
1923,Татьяна Васильева,female,1989-03-15,Москва,2025-10-29,bloggers
1924,Полина Кузнецова,female,1986-11-05,Сочи,2025-10-30,bloggers
1925,Сергей Ким,male,1982-05-16,Самара,2025-10-30,referral
1926,Валерия Захарова,female,1973-06-21,Новосибирск,2025-10-30,ads
1927,Мария Смирнова,female,2008-01-10,Иркутск,2025-10-31,ads
1928,Марина Михайлова,female,1983-05-22,Москва,2025-10-31,ads
1929,Полина Новикова,female,2004-01-20,Екатеринбург,2025-10-31,organic
1930,Ксения Волкова,female,2003-03-09,Ярославль,2025-10-31,social
1931,Виктория Яковлева,female,,Тюмень,2025-11-01,organic
1932,Владимир Белов,male,1993-01-16,Иркутск,2025-11-01,organic
1933,Валерия Лебедева,female,2004-05-15,Санкт-Петербург,2025-11-01,social
1934,Мария Петрова,female,1998-06-08,Санкт-Петербург,2025-11-01,social
1935,Павел Андреев,male,1976-10-18,Челябинск,2025-11-01,ads
1936,Максим Ковалёв,male,2002-03-10,Москва,2025-11-02,ads
1937,Павел Васильев,male,1992-06-01,Екатеринбург,2025-11-02,organic
1938,Иван Романов,male,2001-03-22,Санкт-Петербург,2025-11-02,bloggers
1939,Евгений Яковлев,male,1987-11-12,Тула,2025-11-02,organic
1940,Андрей Дмитриев,male,1988-06-09,Санкт-Петербург,2025-11-02,organic
1941,Софья Козлова,female,1989-11-11,Волгоград,2025-11-02,ads
1942,Елена Белова,female,1983-07-15,Иркутск,2025-11-02,organic
1943,Анна Дмитриева,female,1993-06-14,Сочи,2025-11-03,referral
1944,Мария Полякова,female,2008-08-13,Москва,2025-11-03,social
1945,Татьяна Максимова,female,1984-05-16,Москва,2025-11-03,bloggers
1946,Никита Ильин,male,1999-12-03,Москва,2025-11-03,social
1947,Елена Никитина,female,1982-08-12,Москва,2025-11-03,referral
1948,Никита Петров,male,1971-10-12,Москва,2025-11-03,social
1949,Валерия Егорова,female,1991-04-03,Санкт-Петербург,2025-11-03,organic
1950,Светлана Медведева,female,1996-07-20,Москва,2025-11-04,ads
1951,Павел Максимов,male,1981-01-05,Краснодар,2025-11-04,referral
1952,Анастасия Попова,female,1998-11-06,Челябинск,2025-11-05,ads
1953,Егор Козлов,male,1994-05-01,Воронеж,2025-11-05,ads
1954,Софья Васильева,female,1981-12-09,Самара,2025-11-05,ads
1955,Павел Поляков,male,1989-01-05,Санкт-Петербург,2025-11-05,social
1956,Светлана Максимова,female,1990-04-03,,2025-11-05,bloggers
1957,Егор Николаев,male,1961-11-17,Воронеж,2025-11-05,organic
1958,Софья Фролова,female,1979-10-03,Екатеринбург,2025-11-06,organic
1959,Денис Павлов,male,1979-02-26,Уфа,2025-11-06,bloggers
1960,Максим Ильин,male,1999-09-24,Челябинск,2025-11-06,referral
1961,Максим Смирнов,male,1987-12-18,Уфа,2025-11-06,social
1962,Глеб Лебедев,male,2005-10-02,Уфа,2025-11-06,referral
1963,Наталья Новикова,female,1994-01-24,Москва,2025-11-06,ads
1964,Денис Королёв,male,1981-02-05,Краснодар,2025-11-07,ads
1965,Дарья Никитина,female,,Москва,2025-11-07,ads
1966,Елена Яковлева,female,1997-03-03,Москва,2025-11-07,social
1967,Евгений Кузьмин,male,2001-11-17,Санкт-Петербург,2025-11-07,organic
1968,Глеб Кузнецов,male,1999-10-28,Москва,2025-11-07,social
1969,Софья Максимова,female,2000-03-25,Нижний Новгород,2025-11-07,bloggers
1970,Анастасия Сергеева,female,2000-09-08,Санкт-Петербург,2025-11-07,organic
1971,Сергей Кузнецов,male,1992-07-17,Красноярск,2025-11-07,bloggers
1972,Анастасия Белова,female,1990-10-27,Уфа,2025-11-07,organic
1973,Глеб Виноградов,male,1987-04-28,Воронеж,2025-11-08,ads
1974,Егор Новиков,male,,Москва,2025-11-08,ads
1975,Наталья Андреева,female,1999-11-30,Челябинск,2025-11-08,organic
1976,Марина Максимова,female,1992-07-14,Москва,2025-11-09,ads
1977,Тимур Королёв,male,1987-03-04,Москва,2025-11-09,referral
1978,Ольга Королёва,female,1976-12-11,Санкт-Петербург,2025-11-09,bloggers
1979,Виктория Зайцева,female,2004-01-19,Москва,2025-11-09,ads
1980,Иван Орлов,male,1998-04-04,Москва,2025-11-10,bloggers
1981,Кристина Дмитриева,female,,Новосибирск,2025-11-10,ads
1982,Софья Алексеева,female,1979-01-30,Москва,2025-11-10,ads
1983,Софья Смирнова,female,,Москва,2025-11-10,bloggers
1984,Марина Павлова,female,2003-05-04,Москва,2025-11-10,bloggers
1985,Ольга Никитина,female,1983-06-19,Санкт-Петербург,2025-11-10,organic
1986,Глеб Ковалёв,male,1996-04-26,Казань,2025-11-11,bloggers
1987,Олег Захаров,male,1977-07-18,Калининград,2025-11-11,ads
1988,Виктория Лебедева,female,,Хабаровск,2025-11-11,ads
1989,Полина Морозова,female,1991-01-02,Москва,2025-11-11,organic
1990,Дмитрий Зайцев,male,1988-04-02,Москва,2025-11-11,ads
1991,Максим Ковалёв,male,2008-12-12,Казань,2025-11-12,ads
1992,Виктория Михайлова,female,1993-05-14,Москва,2025-11-12,bloggers
1993,Тимур Королёв,male,2006-05-18,Новосибирск,2025-11-12,social
1994,Анна Сергеева,female,1999-11-13,Челябинск,2025-11-12,organic
1995,Артём Григорьев,male,1978-10-29,Екатеринбург,2025-11-12,referral
1996,Олег Васильев,male,1993-07-05,Москва,2025-11-13,organic
1997,Мария Новикова,female,1992-07-19,Новосибирск,2025-11-13,social
1998,Матвей Попов,male,1972-11-04,Казань,2025-11-14,organic
1999,Илья Волков,male,1987-01-11,Новосибирск,2025-11-14,organic
2000,Владимир Шевченко,male,1981-10-10,Москва,2025-11-14,ads
2001,Сергей Яковлев,male,2003-12-29,Казань,2025-11-14,referral
2002,Валерия Николаева,female,2008-11-11,Москва,2025-11-14,social
2003,Ксения Алексеева,female,1999-09-30,Казань,2025-11-14,ads
2004,Наталья Павлова,female,1989-09-08,Красноярск,2025-11-14,referral
2005,Юлия Михайлова,female,1982-05-27,Челябинск,2025-11-14,organic
2006,Кирилл Коваленко,male,1986-11-29,Ярославль,2025-11-14,bloggers
2007,Алиса Ильина,female,1993-04-06,Москва,2025-11-15,ads
2008,Матвей Григорьев,male,1992-05-09,Москва,2025-11-15,organic
2009,Анастасия Соколова,female,1983-10-08,Москва,2025-11-15,ads
2010,Евгений Фролов,male,1995-03-18,Самара,2025-11-15,ads
2011,Михаил Кузнецов,male,2008-06-07,Москва,2025-11-15,bloggers
2012,Илья Новиков,male,2007-01-30,Санкт-Петербург,2025-11-16,bloggers
2013,Наталья Морозова,female,1991-05-04,Тула,2025-11-16,organic
2014,Ольга Лебедева,female,1989-09-19,,2025-11-17,organic
2015,Наталья Зайцева,female,1988-11-26,Новосибирск,2025-11-17,bloggers
2016,Дарья Бондаренко,female,1996-12-27,Москва,2025-11-17,bloggers
2017,Полина Иванова,female,1989-12-15,Новосибирск,2025-11-17,ads
2018,Кирилл Николаев,male,2001-05-05,Нижний Новгород,2025-11-17,social
2019,Марина Медведева,female,1990-05-27,Калининград,2025-11-17,social
2020,Владимир Борисов,male,2001-06-09,Санкт-Петербург,2025-11-17,social
2021,Полина Егорова,female,1977-02-02,Красноярск,2025-11-18,bloggers
2022,Тимур Фролов,male,1992-04-11,Санкт-Петербург,2025-11-18,ads
2023,Светлана Романова,female,1998-08-31,Санкт-Петербург,2025-11-19,social
2024,Наталья Сорокина,female,1986-10-22,Уфа,2025-11-19,referral
2025,Егор Виноградов,male,1992-05-06,Москва,2025-11-19,organic
2026,Тимур Виноградов,male,1983-01-07,Москва,2025-11-19,social
2027,Софья Захарова,female,1978-10-14,Нижний Новгород,2025-11-19,referral
2028,Анастасия Орлова,female,1984-01-23,Калининград,2025-11-19,organic
2029,Евгений Фролов,male,1993-11-06,Челябинск,2025-11-19,referral
2030,Елена Макарова,female,1988-06-14,Екатеринбург,2025-11-19,organic
2031,Павел Захаров,male,1990-06-01,Уфа,2025-11-20,ads
2032,Марина Павлова,female,1987-09-15,Москва,2025-11-20,ads
2033,Матвей Медведев,male,,Челябинск,2025-11-20,social
2034,Никита Фёдоров,male,1980-08-04,Челябинск,2025-11-20,ads
2035,Алина Александрова,female,1987-05-22,Сочи,2025-11-21,bloggers
2036,Кристина Бондаренко,female,1989-11-21,Москва,2025-11-21,referral
2037,Ольга Андреева,female,1983-11-19,Санкт-Петербург,2025-11-21,ads
2038,Глеб Степанов,male,2002-04-22,Санкт-Петербург,2025-11-22,bloggers
2039,Михаил Воробьёв,male,1999-11-23,Новосибирск,2025-11-22,bloggers
2040,Тимур Зайцев,male,1994-04-29,Москва,2025-11-22,organic
2041,Алиса Соловьёва,female,1996-10-08,Воронеж,2025-11-22,organic
2042,Евгений Попов,male,1999-11-04,Екатеринбург,2025-11-22,referral
2043,Сергей Яковлев,male,2008-12-18,Санкт-Петербург,2025-11-23,referral
2044,Роман Васильев,male,2007-11-07,Санкт-Петербург,2025-11-23,organic
2045,Валерия Виноградова,female,1995-05-17,Самара,2025-11-23,organic
2046,Максим Васильев,male,,Санкт-Петербург,2025-11-23,ads
2047,Алиса Виноградова,female,1987-12-07,Казань,2025-11-23,referral
2048,Михаил Макаров,male,1986-02-28,Москва,2025-11-24,bloggers
2049,Владимир Мельниченко,male,1990-07-29,Тюмень,2025-11-24,organic
2050,Максим Медведев,male,1979-09-15,Ярославль,2025-11-25,social
2051,Анна Соловьёва,female,1987-03-31,Москва,2025-11-25,organic
2052,Матвей Фролов,male,1977-10-02,Москва,2025-11-25,organic
2053,Кристина Андреева,female,1980-07-06,Пермь,2025-11-25,referral
2054,Илья Андреев,male,1992-02-05,Ростов-на-Дону,2025-11-26,social
2055,Сергей Фёдоров,male,1963-10-16,Пермь,2025-11-26,organic
2056,Ирина Сорокина,female,2000-10-15,Воронеж,2025-11-26,ads
2057,Анастасия Кузьмина,female,1993-06-26,Москва,2025-11-26,bloggers
2058,Елена Кузьмина,female,1972-06-17,Ростов-на-Дону,2025-11-26,referral
2059,Сергей Сергеев,male,1989-05-18,Казань,2025-11-27,ads
2060,Ольга Егорова,female,1971-08-07,Москва,2025-11-27,ads
2061,Евгений Козлов,male,1988-11-12,Казань,2025-11-27,ads
2062,Олег Киселёв,male,1981-04-28,Москва,2025-11-27,ads
2063,Наталья Сергеева,female,1981-07-30,Санкт-Петербург,2025-11-28,ads
2064,Ксения Шевченко,female,1992-03-01,Москва,2025-11-28,social
2065,Максим Семёнов,male,1997-04-29,Красноярск,2025-11-28,referral
2066,Евгений Поляков,male,1986-10-07,Воронеж,2025-11-28,social
2067,Юлия Киселёва,female,1991-03-04,Пермь,2025-11-28,organic
2068,Матвей Белов,male,1996-11-05,Новосибирск,2025-11-28,bloggers
2069,Евгений Белов,male,1979-06-03,Нижний Новгород,2025-11-28,ads
2070,Кристина Орлова,female,1999-08-18,Челябинск,2025-11-28,social
2071,Александр Никитин,male,1985-11-01,Москва,2025-11-29,referral
2072,Артём Кузьмин,male,1982-08-08,Иркутск,2025-11-29,organic
2073,Марина Егорова,female,1993-02-21,Воронеж,2025-11-29,organic
2074,Егор Яковлев,male,1994-10-03,Тюмень,2025-11-29,ads
2075,Егор Шевченко,male,1987-04-26,Москва,2025-11-29,organic
2076,Светлана Козлова,female,2002-04-01,Санкт-Петербург,2025-11-29,organic
2077,Павел Гусев,male,,Санкт-Петербург,2025-11-29,bloggers
2078,Андрей Зайцев,male,1993-02-26,Москва,2025-11-30,organic
2079,Ольга Борисова,female,1993-11-27,Санкт-Петербург,2025-12-01,referral
2080,Илья Михайлов,male,2006-07-28,Санкт-Петербург,2025-12-01,ads
2081,Мария Сорокина,female,1997-08-19,Москва,2025-12-01,referral
2082,Алексей Цой,male,1985-07-01,Ростов-на-Дону,2025-12-02,organic
2083,Екатерина Сергеева,female,2000-07-16,Краснодар,2025-12-02,organic
2084,Глеб Белов,male,1991-10-23,Москва,2025-12-02,bloggers
2085,Алиса Попова,female,1986-05-27,Москва,2025-12-02,ads
2086,Кристина Полякова,female,1978-06-16,Казань,2025-12-02,organic
2087,Мария Соколова,female,1988-11-21,Екатеринбург,2025-12-02,social
2088,Марина Григорьева,female,1992-08-25,Пермь,2025-12-03,organic
2089,Софья Коваленко,female,1996-03-23,Москва,2025-12-03,social
2090,Тимур Соколов,male,1999-02-04,Краснодар,2025-12-03,bloggers
2091,Марина Макарова,female,2003-07-07,Пермь,2025-12-03,social
2092,Вероника Коваленко,female,1987-06-22,Казань,2025-12-04,bloggers
2093,Артём Васильев,male,1982-06-21,Санкт-Петербург,2025-12-04,organic
2094,Алиса Романова,female,1986-03-12,Москва,2025-12-04,organic
2095,Наталья Ким,female,1991-04-12,Краснодар,2025-12-04,organic
2096,Ксения Андреева,female,1991-07-15,Москва,2025-12-04,referral
2097,Вероника Николаева,female,2002-05-28,Нижний Новгород,2025-12-04,social
2098,Вероника Семёнова,female,,Пермь,2025-12-04,referral
2099,Татьяна Ильина,female,1989-09-19,Москва,2025-12-04,organic
2100,Иван Киселёв,male,2008-01-17,Воронеж,2025-12-05,bloggers
2101,Кристина Степанова,female,1996-07-27,Пермь,2025-12-05,ads
2102,Илья Павлов,male,1988-02-06,Санкт-Петербург,2025-12-05,social
2103,Артём Михайлов,male,2008-12-19,Екатеринбург,2025-12-05,organic
2104,Вероника Королёва,female,1998-11-20,Казань,2025-12-05,ads
2105,Олег Александров,male,1998-04-16,Санкт-Петербург,2025-12-05,social
2106,Елена Егорова,female,1997-01-14,Ярославль,2025-12-06,organic
2107,Софья Борисова,female,2003-02-25,Казань,2025-12-06,organic
2108,Алиса Иванова,female,1999-02-28,Самара,2025-12-06,ads
2109,Юлия Сергеева,female,1984-05-07,Пермь,2025-12-06,organic
2110,Анастасия Михайлова,female,1981-01-07,Москва,2025-12-06,social
2111,Юлия Белова,female,2003-08-20,Москва,2025-12-06,bloggers
2112,Алиса Медведева,female,1980-09-14,Москва,2025-12-06,ads
2113,Светлана Лебедева,female,2000-02-01,Санкт-Петербург,2025-12-06,social
2114,Александр Николаев,male,1974-11-28,Воронеж,2025-12-07,organic
2115,Роман Егоров,male,1997-10-09,Москва,2025-12-07,ads
2116,Наталья Ковалёва,female,2007-06-26,Нижний Новгород,2025-12-07,ads
2117,Юлия Семёнова,female,1996-02-02,Ростов-на-Дону,2025-12-07,referral
2118,Илья Павлов,male,2002-08-02,Москва,2025-12-07,bloggers
2119,Екатерина Мельниченко,female,1992-10-08,Новосибирск,2025-12-08,social
2120,Алиса Кузьмина,female,1986-07-19,Москва,2025-12-08,social
2121,Никита Степанов,male,1987-01-10,Нижний Новгород,2025-12-08,bloggers
2122,Ирина Ким,female,1985-12-11,Иркутск,2025-12-08,organic
2123,Светлана Белова,female,1986-04-12,Сочи,2025-12-09,bloggers
2124,Алиса Королёва,female,2000-08-27,Санкт-Петербург,2025-12-09,ads
2125,Светлана Григорьева,female,1987-08-20,Санкт-Петербург,2025-12-09,organic
2126,Полина Волкова,female,1992-12-11,Уфа,2025-12-09,bloggers
2127,Софья Лебедева,female,1974-08-06,Москва,2025-12-10,organic
2128,Елена Коваленко,female,1987-05-13,Ростов-на-Дону,2025-12-10,organic
2129,Полина Борисова,female,1997-08-30,Челябинск,2025-12-10,ads
2130,Софья Андреева,female,,Москва,2025-12-10,ads
2131,Виктория Гусева,female,1976-05-01,Москва,2025-12-11,ads
2132,Екатерина Григорьева,female,,Краснодар,2025-12-11,organic
2133,Максим Смирнов,male,1985-01-26,Санкт-Петербург,2025-12-11,ads
2134,Тимур Зайцев,male,2003-04-11,Москва,2025-12-11,ads
2135,Светлана Козлова,female,1985-07-05,Тюмень,2025-12-11,ads
2136,Полина Сорокина,female,,Волгоград,2025-12-11,ads
2137,Евгений Соколов,male,1988-02-25,Сочи,2025-12-12,organic
2138,Виктория Виноградова,female,2008-12-25,Санкт-Петербург,2025-12-13,organic
2139,Софья Гусева,female,1997-11-06,Нижний Новгород,2025-12-13,ads
2140,Виктория Петрова,female,1994-08-25,Санкт-Петербург,2025-12-13,ads
2141,Олег Васильев,male,1990-07-21,Нижний Новгород,2025-12-13,ads
2142,Анастасия Попова,female,1982-03-18,Казань,2025-12-14,referral
2143,Елена Полякова,female,1985-08-08,Волгоград,2025-12-15,referral
2144,Дарья Виноградова,female,1993-04-12,Иркутск,2025-12-15,ads
2145,Кирилл Петров,male,2002-07-22,Москва,2025-12-15,organic
2146,Владимир Поляков,male,1970-04-08,Тюмень,2025-12-16,social
2147,Мария Михайлова,female,,Новосибирск,2025-12-16,organic
2148,Елена Гусева,female,1988-07-06,Краснодар,2025-12-16,social
2149,Владимир Соловьёв,male,1995-11-29,Москва,2025-12-16,social
2150,Дмитрий Ковалёв,male,1999-07-24,Москва,2025-12-16,referral
2151,Глеб Макаров,male,1992-03-23,Москва,2025-12-16,social
2152,Алиса Максимова,female,1992-12-21,Москва,2025-12-17,organic
2153,Марина Захарова,female,1984-12-12,Красноярск,2025-12-17,social
2154,Максим Ковалёв,male,,Москва,2025-12-17,referral
2155,Вероника Смирнова,female,1993-07-07,Волгоград,2025-12-17,organic
2156,Олег Ильин,male,1993-08-27,Казань,2025-12-17,organic
2157,Валерия Козлова,female,1987-05-24,Пермь,2025-12-17,bloggers
2158,Виктория Гусева,female,1994-02-10,Санкт-Петербург,2025-12-17,organic
2159,Валерия Сергеева,female,1980-09-27,Челябинск,2025-12-18,social
2160,Кристина Ковалёва,female,,Новосибирск,2025-12-18,ads
2161,Алиса Семёнова,female,2008-03-23,Москва,2025-12-18,bloggers
2162,Валерия Кузнецова,female,1989-02-07,Санкт-Петербург,2025-12-18,organic
2163,Ирина Захарова,female,1999-02-21,Санкт-Петербург,2025-12-18,social
2164,Анна Соловьёва,female,2008-01-01,Санкт-Петербург,2025-12-18,ads
2165,Ксения Захарова,female,1976-09-21,Новосибирск,2025-12-19,organic
2166,Павел Алексеев,male,2008-07-22,Ростов-на-Дону,2025-12-19,referral
2167,Елена Королёва,female,1985-03-28,Владивосток,2025-12-19,ads
2168,Егор Виноградов,male,1975-04-08,Нижний Новгород,2025-12-19,referral
2169,Кристина Сергеева,female,2008-09-24,Москва,2025-12-19,organic
2170,Андрей Шевченко,male,1968-02-06,Санкт-Петербург,2025-12-19,organic
2171,Татьяна Степанова,female,1984-06-17,Санкт-Петербург,2025-12-20,referral
2172,Владимир Алексеев,male,1998-12-23,Пермь,2025-12-20,ads
2173,Денис Зайцев,male,1982-08-06,Санкт-Петербург,2025-12-20,organic
2174,Алина Белова,female,1976-08-24,Казань,2025-12-20,social
2175,Матвей Яковлев,male,2003-12-30,Новосибирск,2025-12-21,organic
2176,Валерия Егорова,female,1990-02-18,Ростов-на-Дону,2025-12-21,bloggers
2177,Михаил Зайцев,male,1992-11-18,,2025-12-21,ads
2178,Дмитрий Ковалёв,male,1972-08-02,Москва,2025-12-21,bloggers
2179,Никита Фёдоров,male,1981-09-07,Самара,2025-12-22,organic
2180,Софья Иванова,female,1986-05-31,Воронеж,2025-12-22,bloggers
2181,Илья Поляков,male,,Ярославль,2025-12-22,ads
2182,Евгений Поляков,male,1987-06-10,Краснодар,2025-12-22,organic
2183,Екатерина Романова,female,1992-06-25,Москва,2025-12-22,social
2184,Роман Бондаренко,male,1991-11-26,Санкт-Петербург,2025-12-23,ads
2185,Полина Захарова,female,1986-06-16,Красноярск,2025-12-23,referral
2186,Олег Макаров,male,1981-12-02,Москва,2025-12-23,organic
2187,Алина Яковлева,female,1997-09-29,Пермь,2025-12-23,organic
2188,Виктория Павлова,female,1987-04-21,Красноярск,2025-12-24,social
2189,Илья Кузнецов,male,1993-12-29,Санкт-Петербург,2025-12-24,organic
2190,Тимур Фёдоров,male,1987-03-22,Санкт-Петербург,2025-12-24,organic
2191,Мария Петрова,female,1979-08-08,Екатеринбург,2025-12-24,bloggers
2192,Никита Новиков,male,1976-09-09,Казань,2025-12-24,organic
2193,Светлана Максимова,female,1993-10-26,Краснодар,2025-12-24,bloggers
2194,Ксения Ильина,female,1980-03-30,Казань,2025-12-25,referral
2195,Егор Петров,male,1979-02-02,Санкт-Петербург,2025-12-25,ads
2196,Кирилл Никитин,male,1999-12-25,Москва,2025-12-25,organic
2197,Денис Ильин,male,1983-05-11,Новосибирск,2025-12-25,bloggers
2198,Владимир Белов,male,1994-07-11,Москва,2025-12-25,referral
2199,Дарья Морозова,female,1979-08-12,Москва,2025-12-25,bloggers
2200,Татьяна Васильева,female,1984-05-11,Пермь,2025-12-25,bloggers
2201,Дарья Кузьмина,female,,Краснодар,2025-12-25,social
2202,Юлия Морозова,female,2008-01-26,Хабаровск,2025-12-25,social
2203,Иван Фёдоров,male,1975-12-22,Москва,2025-12-26,ads
2204,Софья Попова,female,2005-02-04,Москва,2025-12-26,ads
2205,Олег Ильин,male,1989-04-14,Москва,2025-12-26,referral
2206,Юлия Романова,female,2003-08-27,Нижний Новгород,2025-12-26,organic
2207,Роман Кузнецов,male,1990-07-20,Челябинск,2025-12-26,ads
2208,Ольга Степанова,female,1996-07-31,Краснодар,2025-12-26,ads
2209,Анна Максимова,female,,Волгоград,2025-12-27,organic
2210,Владимир Андреев,male,1994-12-25,Санкт-Петербург,2025-12-27,organic
2211,Сергей Егоров,male,1991-02-13,Москва,2025-12-27,ads
2212,Денис Гусев,male,2005-04-16,Тула,2025-12-27,referral
2213,Никита Борисов,male,,Ростов-на-Дону,2025-12-28,organic
2214,Валерия Полякова,female,1978-09-19,Волгоград,2025-12-28,ads
2215,Иван Лебедев,male,,Новосибирск,2025-12-28,bloggers
2216,Александр Цой,male,1987-09-11,Екатеринбург,2025-12-28,organic
2217,Кирилл Козлов,male,2008-01-27,Екатеринбург,2025-12-28,social
2218,Никита Волков,male,1988-02-21,Новосибирск,2025-12-28,social
2219,Алексей Сорокин,male,1984-09-17,Санкт-Петербург,2025-12-28,ads
2220,Илья Киселёв,male,,Москва,2025-12-28,ads
2221,Виктория Захарова,female,1995-05-16,Омск,2025-12-28,referral
2222,Олег Киселёв,male,1991-12-09,Санкт-Петербург,2025-12-29,ads
2223,Ирина Сергеева,female,1985-03-30,Москва,2025-12-29,ads
2224,Ольга Дмитриева,female,2001-07-29,Омск,2025-12-29,social
2225,Анна Полякова,female,2004-04-08,Санкт-Петербург,2025-12-29,ads
2226,Анна Шевченко,female,2008-12-10,Москва,2025-12-30,ads
2227,Екатерина Белова,female,1996-10-07,Волгоград,2025-12-30,ads
2228,Матвей Ильин,male,1995-03-07,Ярославль,2025-12-30,referral
2229,Юлия Ким,female,2001-08-29,Москва,2025-12-30,organic
2230,Татьяна Смирнова,female,1992-04-09,Уфа,2025-12-30,organic
2231,Татьяна Ковалёва,female,2008-10-14,Москва,2025-12-30,organic
2232,Александр Яковлев,male,1992-04-02,Краснодар,2025-12-30,bloggers
2233,Артём Максимов,male,1974-10-31,,2025-12-30,social
2234,Мария Медведева,female,1996-09-05,Москва,2025-12-31,organic
2235,Наталья Козлова,female,1974-11-13,Тюмень,2025-12-31,referral
2236,Матвей Кузнецов,male,1986-05-30,Санкт-Петербург,2025-12-31,ads
2237,Светлана Семёнова,female,1995-05-07,Москва,2025-12-31,organic
2238,Наталья Ковалёва,female,1999-05-25,Краснодар,2026-01-01,ads
2239,Виктория Николаева,female,1983-08-09,Санкт-Петербург,2026-01-01,organic
2240,Павел Петров,male,2002-01-04,Москва,2026-01-01,organic
2241,Юлия Орлова,female,1995-05-30,Санкт-Петербург,2026-01-02,organic
2242,Кирилл Козлов,male,1984-09-07,Москва,2026-01-02,bloggers
2243,Алексей Ким,male,1987-11-10,Сочи,2026-01-02,bloggers
2244,Глеб Соколов,male,1989-02-28,Москва,2026-01-02,organic
2245,Александр Романов,male,1991-12-01,Красноярск,2026-01-02,organic
2246,Софья Николаева,female,1979-12-24,Москва,2026-01-03,referral
2247,Ольга Петрова,female,1997-01-26,Челябинск,2026-01-03,social
2248,Денис Дмитриев,male,2001-05-26,Санкт-Петербург,2026-01-03,referral
2249,Екатерина Сергеева,female,2008-06-24,Челябинск,2026-01-03,social
2250,Павел Гусев,male,1978-12-12,Екатеринбург,2026-01-03,ads
2251,Глеб Кузьмин,male,2004-11-12,Челябинск,2026-01-03,bloggers
2252,Сергей Григорьев,male,1996-03-13,Екатеринбург,2026-01-03,bloggers
2253,Ксения Козлова,female,,Казань,2026-01-03,organic
2254,Роман Ильин,male,1982-02-01,Хабаровск,2026-01-04,ads
2255,Егор Алексеев,male,1994-12-07,Казань,2026-01-04,organic
2256,Владимир Александров,male,1998-04-27,Самара,2026-01-04,ads
2257,Олег Ильин,male,1990-03-30,Челябинск,2026-01-04,ads
2258,Алиса Медведева,female,1993-07-23,Нижний Новгород,2026-01-04,ads
2259,Ксения Коваленко,female,2004-01-25,Краснодар,2026-01-04,bloggers
2260,Мария Сергеева,female,1998-03-18,Омск,2026-01-04,social
2261,Мария Кузьмина,female,1995-09-18,Красноярск,2026-01-05,ads
2262,Евгений Гусев,male,1987-12-22,Уфа,2026-01-06,bloggers
2263,Егор Морозов,male,2000-05-08,Уфа,2026-01-06,bloggers
2264,Софья Борисова,female,1986-06-11,Санкт-Петербург,2026-01-06,organic
2265,Михаил Королёв,male,1991-12-21,Омск,2026-01-06,social
2266,Илья Соловьёв,male,1975-09-14,Новосибирск,2026-01-06,organic
2267,Алексей Соловьёв,male,1988-08-14,Санкт-Петербург,2026-01-07,organic
2268,Анастасия Семёнова,female,,Иркутск,2026-01-07,organic
2269,Алексей Лебедев,male,1993-06-19,Москва,2026-01-07,organic
2270,Вероника Фёдорова,female,1991-09-23,Москва,2026-01-08,organic
2271,Тимур Смирнов,male,2006-11-17,Нижний Новгород,2026-01-09,ads
2272,Михаил Гусев,male,1985-09-08,Новосибирск,2026-01-09,ads
2273,Юлия Степанова,female,1997-07-12,Москва,2026-01-09,organic
2274,Олег Лебедев,male,1991-04-30,Красноярск,2026-01-10,bloggers
2275,Татьяна Григорьева,female,1974-07-07,Москва,2026-01-10,ads
2276,Денис Никитин,male,2002-10-28,Санкт-Петербург,2026-01-10,ads
2277,Алексей Соколов,male,1991-06-20,Санкт-Петербург,2026-01-11,ads
2278,Никита Фёдоров,male,1985-04-30,Пермь,2026-01-11,organic
2279,Артём Орлов,male,1994-07-31,Новосибирск,2026-01-12,referral
2280,Дарья Попова,female,2001-08-23,Самара,2026-01-12,referral
2281,Анастасия Морозова,female,1989-01-11,Москва,2026-01-13,ads
2282,Алексей Козлов,male,1998-12-10,Москва,2026-01-13,bloggers
2283,Дарья Лебедева,female,1987-11-04,Екатеринбург,2026-01-13,social
2284,Илья Соколов,male,1984-05-26,Санкт-Петербург,2026-01-13,social
2285,Елена Лебедева,female,1978-11-26,Казань,2026-01-14,ads
2286,Полина Смирнова,female,2005-04-30,Москва,2026-01-15,organic
2287,Валерия Сергеева,female,2000-07-10,,2026-01-15,bloggers
2288,Екатерина Романова,female,1994-11-06,Москва,2026-01-15,ads
2289,Ирина Кузнецова,female,1991-06-26,Волгоград,2026-01-16,ads
2290,Валерия Васильева,female,1972-01-24,Пермь,2026-01-16,ads
2291,Сергей Попов,male,1975-12-22,Екатеринбург,2026-01-16,organic
2292,Марина Макарова,female,1991-09-29,Казань,2026-01-16,organic
2293,Софья Гусева,female,,Москва,2026-01-16,referral
2294,Иван Григорьев,male,2008-07-09,Екатеринбург,2026-01-17,ads
2295,Никита Поляков,male,2005-08-23,Челябинск,2026-01-17,bloggers
2296,Кирилл Павлов,male,2008-03-15,Воронеж,2026-01-17,ads
2297,Наталья Козлова,female,1987-05-07,Самара,2026-01-18,ads
2298,Андрей Воробьёв,male,,Санкт-Петербург,2026-01-18,social
2299,Дарья Дмитриева,female,2002-02-10,Ярославль,2026-01-18,organic
2300,Екатерина Новикова,female,1997-11-06,Москва,2026-01-18,social
2301,Елена Петрова,female,1986-11-03,Санкт-Петербург,2026-01-19,organic
2302,Егор Макаров,male,,Москва,2026-01-19,ads
2303,Софья Ильина,female,1995-06-30,Новосибирск,2026-01-20,ads
2304,Михаил Лебедев,male,1969-07-09,Самара,2026-01-20,organic
2305,Юлия Степанова,female,1987-12-27,Уфа,2026-01-20,bloggers
2306,Кристина Козлова,female,2007-12-18,Санкт-Петербург,2026-01-20,ads
2307,Иван Захаров,male,2007-01-07,Самара,2026-01-21,organic
2308,Полина Ильина,female,1983-07-13,Москва,2026-01-21,referral
2309,Елена Егорова,female,2001-01-09,Краснодар,2026-01-21,bloggers
2310,Максим Семёнов,male,1992-03-02,Тула,2026-01-21,organic
2311,Сергей Козлов,male,1969-11-05,Тюмень,2026-01-21,ads
2312,Екатерина Дмитриева,female,1990-11-12,Челябинск,2026-01-22,social
2313,Екатерина Гусева,female,1995-06-23,Санкт-Петербург,2026-01-22,organic
2314,Анна Сергеева,female,2006-01-12,Санкт-Петербург,2026-01-23,ads
2315,Андрей Петров,male,1993-03-22,Екатеринбург,2026-01-23,social
2316,Мария Никитина,female,2006-04-05,Санкт-Петербург,2026-01-24,referral
2317,Наталья Сорокина,female,1987-12-23,Уфа,2026-01-24,organic
2318,Мария Ильина,female,1992-07-12,Казань,2026-01-24,organic
2319,Софья Макарова,female,1969-06-29,Челябинск,2026-01-24,ads
2320,Мария Орлова,female,1988-04-25,Санкт-Петербург,2026-01-24,social
2321,Тимур Попов,male,1999-06-06,Санкт-Петербург,2026-01-25,ads
2322,Кристина Михайлова,female,1991-01-11,Уфа,2026-01-25,organic
2323,Тимур Медведев,male,1996-03-15,Новосибирск,2026-01-25,bloggers
2324,Глеб Виноградов,male,2001-11-06,Москва,2026-01-26,ads
2325,Анастасия Коваленко,female,1980-03-06,Омск,2026-01-26,ads
2326,Кирилл Воробьёв,male,2000-10-04,Волгоград,2026-01-26,ads
2327,Илья Соколов,male,1989-04-27,Нижний Новгород,2026-01-26,organic
2328,Сергей Зайцев,male,1993-01-13,Нижний Новгород,2026-01-26,organic
2329,Ксения Лебедева,female,1993-01-04,,2026-01-26,social
2330,Глеб Попов,male,,Ростов-на-Дону,2026-01-27,organic
2331,Артём Иванов,male,2002-10-02,Санкт-Петербург,2026-01-28,organic
2332,Павел Александров,male,2001-08-14,Нижний Новгород,2026-01-28,ads
2333,Дмитрий Васильев,male,1990-07-31,Москва,2026-01-28,organic
2334,Марина Волкова,female,1984-04-21,Иркутск,2026-01-28,organic
2335,Анастасия Виноградова,female,1973-05-26,Уфа,2026-01-29,social
2336,Дарья Алексеева,female,2003-08-17,Екатеринбург,2026-01-29,social
2337,Владимир Борисов,male,2008-10-31,Москва,2026-01-30,bloggers
2338,Виктория Белова,female,1992-04-16,Иркутск,2026-01-30,organic
2339,Светлана Воробьёва,female,1994-04-30,Екатеринбург,2026-01-30,organic
2340,Валерия Григорьева,female,1982-09-19,Волгоград,2026-01-31,social
2341,Алиса Михайлова,female,1999-10-28,Санкт-Петербург,2026-01-31,organic
2342,Валерия Степанова,female,1984-01-11,Москва,2026-01-31,ads
2343,Иван Бондаренко,male,1982-04-26,Краснодар,2026-01-31,referral
2344,Валерия Степанова,female,1982-06-16,Владивосток,2026-02-01,ads
2345,Светлана Соколова,female,1999-05-19,Нижний Новгород,2026-02-01,organic
2346,Роман Фролов,male,,Москва,2026-02-01,social
2347,Виктория Яковлева,female,1986-06-17,Москва,2026-02-01,organic
2348,Елена Сорокина,female,2003-03-07,Краснодар,2026-02-01,organic
2349,Ирина Ковалёва,female,1997-01-13,Омск,2026-02-01,organic
2350,Никита Иванов,male,,Краснодар,2026-02-02,organic
2351,Наталья Новикова,female,1994-05-26,Омск,2026-02-02,ads
2352,Глеб Коваленко,male,2001-09-16,Челябинск,2026-02-02,ads
2353,Виктория Иванова,female,1986-04-09,Новосибирск,2026-02-03,organic
2354,Марина Степанова,female,1978-10-10,Омск,2026-02-03,bloggers
2355,Иван Захаров,male,1982-01-30,Ярославль,2026-02-03,organic
2356,Иван Степанов,male,1991-03-25,Москва,2026-02-03,organic
2357,Владимир Белов,male,1993-08-17,Челябинск,2026-02-04,ads
2358,Кристина Коваленко,female,2004-03-07,Москва,2026-02-04,ads
2359,Мария Максимова,female,1999-08-03,Владивосток,2026-02-04,bloggers
2360,Егор Никитин,male,1983-06-20,Тюмень,2026-02-04,referral
2361,Юлия Никитина,female,1985-06-10,Ростов-на-Дону,2026-02-05,social
2362,Вероника Макарова,female,2008-09-21,Тюмень,2026-02-05,organic
2363,Кристина Максимова,female,2000-02-14,Воронеж,2026-02-05,organic
2364,Владимир Виноградов,male,,,2026-02-05,referral
2365,Иван Лебедев,male,1996-03-02,Москва,2026-02-06,ads
2366,Юлия Никитина,female,1993-03-01,Санкт-Петербург,2026-02-06,ads
2367,Сергей Кузьмин,male,1965-05-15,Москва,2026-02-06,organic
2368,Светлана Макарова,female,1993-06-01,Красноярск,2026-02-06,ads
2369,Виктория Максимова,female,1995-12-20,Челябинск,2026-02-06,organic
2370,Кирилл Поляков,male,1990-03-04,Москва,2026-02-06,organic
2371,Вероника Ильина,female,1994-01-03,Уфа,2026-02-06,social
2372,Марина Попова,female,2001-05-15,Новосибирск,2026-02-06,social
2373,Андрей Смирнов,male,1998-08-12,Нижний Новгород,2026-02-06,ads
2374,Ксения Фёдорова,female,1998-05-30,Владивосток,2026-02-06,ads
2375,Алиса Воробьёва,female,1986-03-24,Москва,2026-02-07,referral
2376,Кристина Андреева,female,1977-03-28,Москва,2026-02-07,referral
2377,Илья Захаров,male,1987-04-17,Москва,2026-02-07,referral
2378,Софья Цой,female,1980-10-03,Екатеринбург,2026-02-08,organic
2379,Алина Лебедева,female,1998-04-24,Нижний Новгород,2026-02-08,ads
2380,Юлия Кузьмина,female,1992-09-08,Москва,2026-02-08,organic
2381,Анастасия Семёнова,female,,Казань,2026-02-08,organic
2382,Никита Сергеев,male,2001-02-17,Москва,2026-02-08,ads
2383,Дарья Королёва,female,1987-08-20,Ростов-на-Дону,2026-02-09,social
2384,Анна Григорьева,female,1969-01-26,Краснодар,2026-02-09,social
2385,Матвей Королёв,male,1988-09-11,Екатеринбург,2026-02-10,social
2386,Татьяна Соловьёва,female,1981-12-31,Красноярск,2026-02-10,organic
2387,Олег Медведев,male,2003-05-07,Пермь,2026-02-10,ads
2388,Кирилл Иванов,male,2007-06-18,Москва,2026-02-10,organic
2389,Татьяна Петрова,female,1998-02-02,Санкт-Петербург,2026-02-11,organic
2390,Александр Кузьмин,male,1994-03-02,Москва,2026-02-11,social
2391,Марина Захарова,female,,Красноярск,2026-02-11,organic
2392,Михаил Соловьёв,male,,Новосибирск,2026-02-11,referral
2393,Денис Алексеев,male,1992-02-28,Новосибирск,2026-02-11,ads
2394,Олег Михайлов,male,,Москва,2026-02-11,organic
2395,Роман Кузьмин,male,1995-10-09,Омск,2026-02-11,bloggers
2396,Алексей Смирнов,male,2004-09-02,Новосибирск,2026-02-12,referral
2397,Александр Лебедев,male,1990-01-13,Новосибирск,2026-02-12,organic
2398,Полина Новикова,female,1996-05-02,Тюмень,2026-02-12,referral
2399,Алина Медведева,female,,Екатеринбург,2026-02-13,bloggers
2400,Вероника Павлова,female,1990-11-22,Ярославль,2026-02-13,referral
2401,Екатерина Гусева,female,1986-04-29,Волгоград,2026-02-13,organic
2402,Юлия Ким,female,1979-02-23,Москва,2026-02-14,referral
2403,Виктория Павлова,female,1995-09-26,Москва,2026-02-14,organic
2404,Валерия Андреева,female,1987-10-26,Москва,2026-02-14,referral
2405,Евгений Королёв,male,1992-10-07,Волгоград,2026-02-15,bloggers
2406,Виктория Кузьмина,female,1992-10-18,Москва,2026-02-15,ads
2407,Софья Захарова,female,1992-09-24,Москва,2026-02-15,ads
2408,Егор Козлов,male,2008-01-22,Санкт-Петербург,2026-02-16,organic
2409,Денис Орлов,male,2007-06-16,Тюмень,2026-02-16,organic
2410,Алиса Борисова,female,1985-08-09,Казань,2026-02-16,ads
2411,Полина Кузнецова,female,1983-11-22,Ярославль,2026-02-16,organic
2412,Анна Николаева,female,1984-11-24,Казань,2026-02-16,bloggers
2413,Никита Новиков,male,1992-09-16,Москва,2026-02-16,referral
2414,Анна Зайцева,female,1985-09-21,Новосибирск,2026-02-16,ads
2415,Полина Григорьева,female,1990-11-28,Нижний Новгород,2026-02-17,social
2416,Максим Киселёв,male,1987-12-31,Уфа,2026-02-17,organic
2417,Вероника Васильева,female,2001-03-15,Санкт-Петербург,2026-02-17,bloggers
2418,Дарья Михайлова,female,1994-03-15,Казань,2026-02-17,referral
2419,Сергей Соловьёв,male,1984-07-03,Новосибирск,2026-02-17,referral
2420,Наталья Киселёва,female,,Челябинск,2026-02-18,ads
2421,Алиса Григорьева,female,1990-01-16,Сочи,2026-02-18,bloggers
2422,Егор Фёдоров,male,1982-07-19,Москва,2026-02-18,bloggers
2423,Никита Яковлев,male,1999-09-03,Калининград,2026-02-19,ads
2424,Ольга Козлова,female,1986-10-05,Москва,2026-02-19,referral
2425,Дарья Полякова,female,2008-03-22,Иркутск,2026-02-20,organic
2426,Ольга Мельниченко,female,1986-07-07,Санкт-Петербург,2026-02-20,ads
2427,Кристина Кузнецова,female,1986-11-23,Омск,2026-02-20,organic
2428,Глеб Фёдоров,male,,Новосибирск,2026-02-20,social
2429,Полина Фролова,female,1986-09-21,Тюмень,2026-02-20,social
2430,Дарья Медведева,female,1985-04-08,Москва,2026-02-21,referral
2431,Ксения Смирнова,female,1979-01-31,Ярославль,2026-02-21,ads
2432,Вероника Ким,female,2008-10-13,Ростов-на-Дону,2026-02-21,organic
2433,Марина Белова,female,1985-08-22,Санкт-Петербург,2026-02-21,referral
2434,Вероника Никитина,female,2003-03-12,Самара,2026-02-22,referral
2435,Ольга Алексеева,female,2008-08-08,Екатеринбург,2026-02-22,organic
2436,Полина Андреева,female,1984-10-09,Санкт-Петербург,2026-02-22,social
2437,Андрей Степанов,male,1988-05-22,Самара,2026-02-22,ads
2438,Виктория Лебедева,female,1985-10-10,Красноярск,2026-02-22,social
2439,Илья Мельниченко,male,2008-08-28,Санкт-Петербург,2026-02-23,organic
2440,Софья Яковлева,female,1991-03-14,Краснодар,2026-02-23,organic
2441,Алина Яковлева,female,1998-08-08,Красноярск,2026-02-24,referral
2442,Полина Иванова,female,1991-07-06,Тюмень,2026-02-24,organic
2443,Татьяна Морозова,female,1969-10-30,Москва,2026-02-24,ads
2444,Марина Павлова,female,1982-09-07,Ростов-на-Дону,2026-02-24,organic
2445,Максим Романов,male,1991-11-15,Краснодар,2026-02-24,referral
2446,Юлия Никитина,female,1988-04-07,Воронеж,2026-02-24,ads
2447,Кристина Смирнова,female,1996-01-17,Нижний Новгород,2026-02-24,bloggers
2448,Андрей Никитин,male,1989-12-10,Воронеж,2026-02-24,bloggers
2449,Алиса Гусева,female,2000-03-11,Санкт-Петербург,2026-02-24,referral
2450,Юлия Медведева,female,1986-12-20,Красноярск,2026-02-25,social
2451,Татьяна Андреева,female,1985-04-06,Санкт-Петербург,2026-02-25,bloggers
2452,Ксения Попова,female,1984-12-25,Тюмень,2026-02-25,bloggers
2453,Дмитрий Павлов,male,,Казань,2026-02-25,social
2454,Ольга Морозова,female,1988-10-31,Санкт-Петербург,2026-02-25,social
2455,Никита Попов,male,1984-07-16,Москва,2026-02-25,ads
2456,Михаил Павлов,male,2004-04-10,Краснодар,2026-02-25,organic
2457,Мария Волкова,female,1983-03-01,Москва,2026-02-26,bloggers
2458,Матвей Волков,male,1970-04-06,Москва,2026-02-26,ads
2459,Анна Гусева,female,1987-02-21,Воронеж,2026-02-26,ads
2460,Андрей Орлов,male,1981-04-12,Москва,2026-02-26,ads
2461,Мария Волкова,female,1985-04-04,Москва,2026-02-26,organic
2462,Ксения Полякова,female,1994-05-07,Санкт-Петербург,2026-02-26,organic
2463,Ксения Сорокина,female,1977-09-05,Москва,2026-02-26,ads
2464,Марина Григорьева,female,1982-07-16,Волгоград,2026-02-27,referral
2465,Егор Сергеев,male,1993-12-12,Хабаровск,2026-02-27,bloggers
2466,Никита Соловьёв,male,2008-07-06,Самара,2026-02-27,ads
2467,Мария Яковлева,female,2001-05-06,Казань,2026-02-27,ads
2468,Павел Орлов,male,1985-10-03,,2026-02-27,bloggers
2469,Артём Виноградов,male,1999-07-13,Пермь,2026-02-27,social
2470,Сергей Воробьёв,male,2001-04-08,Сочи,2026-02-28,bloggers
2471,Алексей Захаров,male,1993-04-15,Новосибирск,2026-02-28,social
2472,Илья Сергеев,male,1998-02-08,Иркутск,2026-02-28,organic
2473,Анастасия Соколова,female,,Сочи,2026-02-28,social
2474,Евгений Максимов,male,1994-11-05,,2026-02-28,ads
2475,Наталья Морозова,female,2006-04-20,Москва,2026-02-28,bloggers
2476,Евгений Фёдоров,male,1996-03-20,Владивосток,2026-02-28,ads
2477,Виктория Ковалёва,female,2003-04-06,Екатеринбург,2026-03-01,bloggers
2478,Алиса Гусева,female,2005-06-23,Москва,2026-03-01,ads
2479,Татьяна Фролова,female,2003-06-10,Москва,2026-03-01,bloggers
2480,Анастасия Смирнова,female,1994-12-12,Самара,2026-03-02,referral
2481,Валерия Алексеева,female,1975-10-04,Новосибирск,2026-03-02,ads
2482,Матвей Дмитриев,male,1982-08-02,Новосибирск,2026-03-02,bloggers
2483,Екатерина Орлова,female,1980-02-29,Москва,2026-03-03,organic
2484,Артём Григорьев,male,1988-04-26,Нижний Новгород,2026-03-03,organic
2485,Андрей Никитин,male,1988-06-24,Москва,2026-03-03,referral
2486,Максим Ковалёв,male,1985-12-29,Москва,2026-03-03,social
2487,Артём Кузьмин,male,1992-06-19,Санкт-Петербург,2026-03-04,ads
2488,Полина Романова,female,1989-08-01,Ярославль,2026-03-04,social
2489,Наталья Смирнова,female,2003-02-01,Екатеринбург,2026-03-04,organic
2490,Артём Козлов,male,1987-08-14,Москва,2026-03-04,referral
2491,Анна Волкова,female,1994-12-07,Москва,2026-03-05,bloggers
2492,Ирина Яковлева,female,1982-11-17,Екатеринбург,2026-03-05,ads
2493,Светлана Петрова,female,2001-02-25,Екатеринбург,2026-03-05,social
2494,Софья Сорокина,female,1985-07-25,Новосибирск,2026-03-05,ads
2495,Ирина Егорова,female,1988-06-05,Москва,2026-03-05,referral
2496,Тимур Романов,male,1974-02-17,Казань,2026-03-05,ads
2497,Полина Ильина,female,1990-03-24,Москва,2026-03-05,organic
2498,Алексей Егоров,male,1994-02-11,Санкт-Петербург,2026-03-06,bloggers
2499,Виктория Андреева,female,1991-05-09,Москва,2026-03-06,ads
2500,Никита Макаров,male,1990-08-03,Москва,2026-03-06,social
2501,Максим Смирнов,male,2000-12-06,Уфа,2026-03-06,organic
2502,Роман Белов,male,1998-11-13,Иркутск,2026-03-06,organic
2503,Полина Морозова,female,1987-04-28,Ярославль,2026-03-06,ads
2504,Павел Сорокин,male,1986-04-08,Новосибирск,2026-03-06,organic
2505,Юлия Андреева,female,1978-04-03,Самара,2026-03-06,bloggers
2506,Ирина Новикова,female,1972-07-18,Санкт-Петербург,2026-03-07,bloggers
2507,Екатерина Козлова,female,2007-06-13,Москва,2026-03-07,social
2508,Никита Романов,male,1987-04-22,Москва,2026-03-07,bloggers
2509,Марина Виноградова,female,1983-11-28,Воронеж,2026-03-07,bloggers
2510,Екатерина Михайлова,female,1992-05-07,Красноярск,2026-03-07,referral
2511,Илья Яковлев,male,1997-09-10,Санкт-Петербург,2026-03-07,bloggers
2512,Михаил Ковалёв,male,2008-12-24,Москва,2026-03-08,referral
2513,Анастасия Степанова,female,1986-01-18,,2026-03-08,social
2514,Анна Коваленко,female,2008-12-13,,2026-03-09,organic
2515,Дмитрий Морозов,male,1989-04-01,Москва,2026-03-09,ads
2516,Олег Захаров,male,,Санкт-Петербург,2026-03-09,ads
2517,Алиса Захарова,female,2000-11-01,Нижний Новгород,2026-03-10,organic
2518,Ксения Белова,female,1975-09-14,Краснодар,2026-03-10,referral
2519,Алиса Алексеева,female,1986-04-07,Москва,2026-03-10,organic
2520,Матвей Виноградов,male,1994-03-07,Уфа,2026-03-10,bloggers
2521,Вероника Максимова,female,,Екатеринбург,2026-03-10,ads
2522,Анастасия Алексеева,female,1985-10-12,Москва,2026-03-10,organic
2523,Юлия Макарова,female,1988-12-26,Краснодар,2026-03-11,organic
2524,Татьяна Полякова,female,1975-11-08,Ростов-на-Дону,2026-03-11,bloggers
2525,Алина Кузнецова,female,1984-05-11,Омск,2026-03-11,ads
2526,Андрей Романов,male,1992-11-05,Санкт-Петербург,2026-03-11,ads
2527,Анна Борисова,female,2004-08-27,Москва,2026-03-11,organic
2528,Евгений Фролов,male,1985-02-04,Москва,2026-03-11,social
2529,Тимур Захаров,male,2008-11-25,Санкт-Петербург,2026-03-11,ads
2530,Андрей Яковлев,male,1997-12-27,Москва,2026-03-12,ads
2531,Вероника Николаева,female,1984-06-24,Калининград,2026-03-12,ads
2532,Валерия Соколова,female,1994-05-19,Екатеринбург,2026-03-12,organic
2533,Матвей Павлов,male,2003-11-17,Сочи,2026-03-12,ads
2534,Матвей Зайцев,male,1997-12-17,Санкт-Петербург,2026-03-12,bloggers
2535,Дмитрий Петров,male,1995-08-29,Ярославль,2026-03-12,organic
2536,Ольга Киселёва,female,1986-11-10,Москва,2026-03-12,ads
2537,Александр Романов,male,1998-06-13,Новосибирск,2026-03-13,organic
2538,Егор Козлов,male,2000-06-09,Воронеж,2026-03-13,bloggers
2539,Юлия Борисова,female,1994-01-13,Казань,2026-03-13,organic
2540,Ирина Дмитриева,female,1994-08-25,Москва,2026-03-13,organic
2541,Денис Орлов,male,1993-02-20,Москва,2026-03-13,bloggers
2542,Вероника Фролова,female,,Санкт-Петербург,2026-03-13,referral
2543,Алиса Васильева,female,1990-06-05,Екатеринбург,2026-03-14,organic
2544,Марина Фролова,female,1989-06-21,Ярославль,2026-03-14,organic
2545,Глеб Романов,male,1989-02-24,Москва,2026-03-14,social
2546,Валерия Степанова,female,1997-12-16,Челябинск,2026-03-15,referral
2547,Дарья Фёдорова,female,1993-03-18,Челябинск,2026-03-15,bloggers
2548,Елена Иванова,female,1994-11-18,,2026-03-15,social
2549,Екатерина Григорьева,female,1980-03-04,Воронеж,2026-03-15,referral
2550,Роман Киселёв,male,2004-04-21,Санкт-Петербург,2026-03-15,organic
2551,Екатерина Сорокина,female,2008-11-27,Челябинск,2026-03-16,ads
2552,Полина Ковалёва,female,1983-01-20,Волгоград,2026-03-16,bloggers
2553,Татьяна Фролова,female,1981-04-18,Краснодар,2026-03-16,referral
2554,Татьяна Макарова,female,1988-01-25,Новосибирск,2026-03-16,organic
2555,Андрей Яковлев,male,1983-03-25,Челябинск,2026-03-16,organic
2556,Мария Андреева,female,1996-10-07,,2026-03-17,organic
2557,Тимур Васильев,male,2008-03-29,Нижний Новгород,2026-03-17,bloggers
2558,Дмитрий Сорокин,male,2006-08-29,Москва,2026-03-17,referral
2559,Сергей Петров,male,1995-08-13,Казань,2026-03-18,referral
2560,Татьяна Степанова,female,1970-02-19,Екатеринбург,2026-03-18,ads
2561,Валерия Александрова,female,1985-09-12,Иркутск,2026-03-18,ads
2562,Виктория Степанова,female,1997-02-21,Тюмень,2026-03-19,organic
2563,Полина Ильина,female,,Москва,2026-03-19,organic
2564,Татьяна Смирнова,female,,Москва,2026-03-19,organic
2565,Максим Сергеев,male,1990-11-26,Самара,2026-03-19,ads
2566,Анастасия Соловьёва,female,1991-01-27,Екатеринбург,2026-03-19,social
2567,Светлана Борисова,female,1985-08-29,Нижний Новгород,2026-03-20,ads
2568,Тимур Соловьёв,male,1999-03-12,Екатеринбург,2026-03-20,bloggers
2569,Дарья Павлова,female,2001-09-09,Москва,2026-03-20,social
2570,Илья Орлов,male,1975-03-10,Москва,2026-03-20,ads
2571,Олег Николаев,male,1981-03-27,Москва,2026-03-21,organic
2572,Денис Бондаренко,male,,Омск,2026-03-21,organic
2573,Сергей Белов,male,1992-03-14,Уфа,2026-03-21,organic
2574,Ирина Соколова,female,1982-02-25,Санкт-Петербург,2026-03-21,bloggers
2575,Наталья Полякова,female,2008-09-14,Иркутск,2026-03-22,organic
2576,Илья Борисов,male,1994-12-12,Санкт-Петербург,2026-03-22,bloggers
2577,Тимур Кузнецов,male,1980-08-12,Иркутск,2026-03-22,organic
2578,Светлана Макарова,female,1988-10-07,Волгоград,2026-03-23,bloggers
2579,Матвей Никитин,male,1985-07-23,Екатеринбург,2026-03-23,organic
2580,Виктория Медведева,female,1987-04-11,Санкт-Петербург,2026-03-23,bloggers
2581,Алиса Васильева,female,2008-09-10,Санкт-Петербург,2026-03-24,organic
2582,Роман Никитин,male,1982-06-30,Ярославль,2026-03-24,referral
2583,Артём Соловьёв,male,1984-03-09,Нижний Новгород,2026-03-24,social
2584,Иван Егоров,male,1985-09-04,Омск,2026-03-24,organic
2585,Анна Волкова,female,1995-03-25,Ростов-на-Дону,2026-03-24,social
2586,Роман Смирнов,male,1993-04-03,,2026-03-24,ads
2587,Елена Петрова,female,1988-04-29,Иркутск,2026-03-25,referral
2588,Полина Яковлева,female,1972-01-09,Краснодар,2026-03-25,ads
2589,Глеб Александров,male,2005-05-12,Краснодар,2026-03-25,ads
2590,Ольга Волкова,female,1999-04-30,Иркутск,2026-03-25,social
2591,Ирина Никитина,female,1996-07-14,Москва,2026-03-26,referral
2592,Тимур Павлов,male,1984-11-19,Воронеж,2026-03-26,ads
2593,Михаил Дмитриев,male,,Москва,2026-03-26,organic
2594,Александр Смирнов,male,2000-11-16,Санкт-Петербург,2026-03-26,social
2595,Михаил Соловьёв,male,1986-10-04,Москва,2026-03-26,ads
2596,Татьяна Зайцева,female,1977-11-13,Нижний Новгород,2026-03-27,social
2597,Виктория Яковлева,female,,Красноярск,2026-03-27,ads
2598,Анастасия Алексеева,female,2008-12-24,Санкт-Петербург,2026-03-27,ads
2599,Никита Никитин,male,1980-01-04,Екатеринбург,2026-03-28,organic
2600,Валерия Ильина,female,2004-09-10,Владивосток,2026-03-28,ads
2601,Глеб Петров,male,1999-04-29,Москва,2026-03-28,organic
2602,Алексей Попов,male,1992-12-26,Москва,2026-03-28,ads
2603,Вероника Иванова,female,1992-01-17,Москва,2026-03-28,bloggers
2604,Роман Кузьмин,male,1979-02-12,Москва,2026-03-29,ads
2605,Екатерина Морозова,female,1992-08-29,Москва,2026-03-29,organic
2606,Андрей Фёдоров,male,1988-09-22,Ярославль,2026-03-29,ads
2607,Анна Ковалёва,female,1997-02-16,Казань,2026-03-30,social
2608,Ирина Михайлова,female,2008-06-20,Красноярск,2026-03-30,referral
2609,Елена Смирнова,female,1993-06-26,Санкт-Петербург,2026-03-30,ads
2610,Валерия Кузьмина,female,1990-10-08,Москва,2026-03-30,ads
2611,Глеб Королёв,male,1978-04-22,Самара,2026-03-30,organic
2612,Юлия Виноградова,female,1978-05-27,Нижний Новгород,2026-03-31,social
2613,Дарья Фёдорова,female,2008-08-18,Красноярск,2026-04-01,ads
2614,Валерия Белова,female,1971-08-06,Санкт-Петербург,2026-04-01,ads
2615,Дарья Шевченко,female,2008-10-29,Москва,2026-04-01,organic
2616,Алиса Фролова,female,1992-10-22,Москва,2026-04-01,organic
2617,Евгений Медведев,male,1989-10-22,Красноярск,2026-04-02,ads
2618,Валерия Киселёва,female,2002-01-08,Москва,2026-04-02,referral
2619,Виктория Григорьева,female,1991-04-07,Москва,2026-04-02,organic
2620,Вероника Орлова,female,1998-04-26,Ярославль,2026-04-02,referral
2621,Дарья Козлова,female,1986-11-06,Омск,2026-04-03,ads
2622,Денис Захаров,male,1994-07-09,Санкт-Петербург,2026-04-03,referral
2623,Вероника Кузьмина,female,1991-05-21,Волгоград,2026-04-03,social
2624,Татьяна Кузнецова,female,2004-06-07,Москва,2026-04-03,organic
2625,Илья Николаев,male,1987-10-26,Москва,2026-04-03,ads
2626,Михаил Соколов,male,1977-09-20,Екатеринбург,2026-04-04,social
2627,Вероника Орлова,female,2003-08-28,Москва,2026-04-04,ads
2628,Ксения Морозова,female,1977-07-11,Санкт-Петербург,2026-04-04,bloggers
2629,Илья Лебедев,male,1959-06-27,Нижний Новгород,2026-04-05,referral
2630,Кристина Дмитриева,female,1978-07-11,Санкт-Петербург,2026-04-05,organic
2631,Евгений Ковалёв,male,2003-06-01,Нижний Новгород,2026-04-05,organic
2632,Матвей Григорьев,male,1994-01-30,Москва,2026-04-05,ads
2633,Светлана Фролова,female,1978-02-09,Омск,2026-04-05,ads
2634,Валерия Смирнова,female,1996-10-11,Красноярск,2026-04-05,social
2635,Олег Сорокин,male,1993-01-05,Волгоград,2026-04-05,referral
2636,Олег Кузнецов,male,1984-08-15,Санкт-Петербург,2026-04-05,social
2637,Ксения Николаева,female,1990-07-16,Екатеринбург,2026-04-06,ads
2638,Екатерина Морозова,female,,Самара,2026-04-06,organic
2639,Алина Алексеева,female,1992-06-21,Москва,2026-04-06,organic
2640,Глеб Алексеев,male,2008-11-20,Москва,2026-04-06,referral
2641,Анастасия Кузнецова,female,1999-05-05,Екатеринбург,2026-04-07,organic
2642,Татьяна Виноградова,female,1983-05-22,Самара,2026-04-07,ads
2643,Дарья Мельниченко,female,1985-05-13,Москва,2026-04-07,social
2644,Владимир Попов,male,1989-10-11,Москва,2026-04-07,ads
2645,Екатерина Фёдорова,female,1995-03-08,Москва,2026-04-07,social
2646,Софья Иванова,female,1999-07-27,Челябинск,2026-04-08,organic
2647,Юлия Медведева,female,1992-08-18,Санкт-Петербург,2026-04-08,social
2648,Алина Павлова,female,1995-11-22,Омск,2026-04-08,ads
2649,Екатерина Васильева,female,1994-12-23,Волгоград,2026-04-09,bloggers
2650,Татьяна Иванова,female,1985-10-12,Тюмень,2026-04-09,ads
2651,Никита Петров,male,,Ростов-на-Дону,2026-04-10,organic
2652,Мария Васильева,female,1985-09-08,Санкт-Петербург,2026-04-10,referral
2653,Тимур Королёв,male,1994-02-09,Казань,2026-04-10,organic
2654,Ирина Соловьёва,female,1998-02-01,Калининград,2026-04-10,ads
2655,Роман Белов,male,1982-07-19,Самара,2026-04-10,bloggers
2656,Полина Полякова,female,2002-06-19,Сочи,2026-04-10,organic
2657,Наталья Васильева,female,1998-04-07,Санкт-Петербург,2026-04-10,bloggers
2658,Дмитрий Волков,male,1995-07-13,Санкт-Петербург,2026-04-10,organic
2659,Ирина Михайлова,female,1997-11-12,Новосибирск,2026-04-10,organic
2660,Наталья Дмитриева,female,2002-09-15,Краснодар,2026-04-10,bloggers
2661,Роман Смирнов,male,1999-04-20,Уфа,2026-04-10,organic
2662,Кирилл Сорокин,male,2006-08-15,Москва,2026-04-10,organic
2663,Евгений Борисов,male,1990-05-18,,2026-04-11,organic
2664,Дарья Смирнова,female,1989-05-07,Казань,2026-04-11,organic
2665,Полина Бондаренко,female,1991-08-04,Москва,2026-04-11,social
2666,Татьяна Борисова,female,,Санкт-Петербург,2026-04-11,organic
2667,Алексей Орлов,male,1994-11-03,Ярославль,2026-04-11,organic
2668,Ольга Михайлова,female,,Санкт-Петербург,2026-04-12,social
2669,Екатерина Виноградова,female,1994-10-26,Пермь,2026-04-12,organic
2670,Евгений Лебедев,male,2008-12-15,Нижний Новгород,2026-04-12,bloggers
2671,Алиса Орлова,female,2003-10-17,Санкт-Петербург,2026-04-12,referral
2672,Мария Гусева,female,2001-04-09,Владивосток,2026-04-13,organic
2673,Алина Алексеева,female,1985-10-17,Новосибирск,2026-04-13,organic
2674,Павел Максимов,male,1998-12-24,Иркутск,2026-04-14,organic
2675,Денис Киселёв,male,1986-03-11,,2026-04-14,social
2676,Олег Степанов,male,1967-02-15,Москва,2026-04-14,referral
2677,Софья Смирнова,female,1993-05-20,Ярославль,2026-04-14,ads
2678,Егор Соловьёв,male,1995-01-19,Москва,2026-04-15,referral
2679,Наталья Гусева,female,1985-03-12,Воронеж,2026-04-15,referral
2680,Матвей Кузьмин,male,2005-05-29,Санкт-Петербург,2026-04-15,ads
2681,Иван Лебедев,male,1990-03-18,Сочи,2026-04-16,bloggers
2682,Алиса Морозова,female,1987-02-08,Пермь,2026-04-16,organic
2683,Вероника Фролова,female,1993-07-07,Санкт-Петербург,2026-04-16,referral
2684,Мария Яковлева,female,,Краснодар,2026-04-16,organic
2685,Роман Попов,male,1977-07-30,Сочи,2026-04-16,organic
2686,Анна Морозова,female,1975-10-22,Нижний Новгород,2026-04-17,ads
2687,Алиса Медведева,female,1992-08-07,Тула,2026-04-17,bloggers
2688,Мария Коваленко,female,1998-06-27,Иркутск,2026-04-17,referral
2689,Евгений Григорьев,male,1979-06-23,Тула,2026-04-18,bloggers
2690,Артём Алексеев,male,1991-06-30,Москва,2026-04-18,social
2691,Александр Орлов,male,,Москва,2026-04-18,referral
2692,Анастасия Воробьёва,female,1990-09-11,Пермь,2026-04-18,bloggers
2693,Кирилл Алексеев,male,,Москва,2026-04-18,social
2694,Алиса Ковалёва,female,1997-05-22,Москва,2026-04-18,ads
2695,Алина Александрова,female,1977-08-11,Москва,2026-04-18,ads
2696,Ольга Захарова,female,,Красноярск,2026-04-19,social
2697,Кирилл Поляков,male,1990-07-04,Нижний Новгород,2026-04-19,social
2698,Наталья Полякова,female,1993-05-01,Уфа,2026-04-19,bloggers
2699,Светлана Григорьева,female,2007-06-01,Владивосток,2026-04-20,ads
2700,Егор Никитин,male,2008-03-07,Нижний Новгород,2026-04-20,social
2701,Максим Михайлов,male,1974-03-21,Екатеринбург,2026-04-21,bloggers
2702,Елена Андреева,female,1980-12-23,Челябинск,2026-04-21,organic
2703,Павел Воробьёв,male,2000-06-25,Санкт-Петербург,2026-04-21,bloggers
2704,Кристина Никитина,female,1996-10-09,Казань,2026-04-21,social
2705,Павел Степанов,male,1983-10-29,Калининград,2026-04-21,referral
2706,Анна Никитина,female,1988-07-01,Красноярск,2026-04-22,organic
2707,Тимур Захаров,male,2003-02-15,Пермь,2026-04-22,organic
2708,Мария Королёва,female,2008-05-30,Калининград,2026-04-22,ads
2709,Ольга Волкова,female,2004-06-15,Волгоград,2026-04-22,referral
2710,Марина Степанова,female,2008-03-27,Тюмень,2026-04-22,organic
2711,Павел Медведев,male,1998-06-03,Челябинск,2026-04-22,organic
2712,Екатерина Семёнова,female,1989-06-29,Уфа,2026-04-22,referral
2713,Денис Гусев,male,,Иркутск,2026-04-22,ads
2714,Михаил Николаев,male,2005-11-19,Краснодар,2026-04-23,organic
2715,Алиса Виноградова,female,2002-01-17,Казань,2026-04-23,ads
2716,Наталья Коваленко,female,1991-04-06,Тюмень,2026-04-23,bloggers
2717,Денис Попов,male,1990-05-12,Москва,2026-04-23,organic
2718,Софья Борисова,female,1983-01-29,Ростов-на-Дону,2026-04-23,social
2719,Виктория Орлова,female,1997-04-14,Екатеринбург,2026-04-23,organic
2720,Никита Николаев,male,1986-06-28,Москва,2026-04-24,bloggers
2721,Егор Андреев,male,1996-07-20,Санкт-Петербург,2026-04-24,organic
2722,Роман Макаров,male,1983-09-03,Волгоград,2026-04-24,organic
2723,Александр Медведев,male,1999-02-06,Москва,2026-04-24,ads
2724,Михаил Алексеев,male,1999-11-15,Москва,2026-04-24,bloggers
2725,Елена Морозова,female,1978-08-07,Челябинск,2026-04-24,ads
2726,Екатерина Полякова,female,2008-11-27,Москва,2026-04-25,referral
2727,Анна Зайцева,female,2008-10-21,Омск,2026-04-25,referral
2728,Олег Семёнов,male,,Москва,2026-04-25,referral
2729,Ирина Борисова,female,1988-11-13,Новосибирск,2026-04-25,referral
2730,Дарья Алексеева,female,1985-05-25,Иркутск,2026-04-25,organic
2731,Вероника Орлова,female,1991-09-05,Самара,2026-04-26,social
2732,Тимур Александров,male,,Москва,2026-04-26,bloggers
2733,Иван Захаров,male,1989-02-07,Москва,2026-04-27,organic
2734,Роман Поляков,male,1983-03-15,Новосибирск,2026-04-27,social
2735,Виктория Волкова,female,1984-05-27,Москва,2026-04-27,ads
2736,Владимир Гусев,male,1983-12-05,Казань,2026-04-27,organic
2737,Ксения Зайцева,female,1987-02-07,Москва,2026-04-28,social
2738,Екатерина Виноградова,female,1980-12-02,Калининград,2026-04-28,ads
2739,Полина Ильина,female,1998-06-20,Воронеж,2026-04-28,ads
2740,Андрей Захаров,male,1998-06-20,Ростов-на-Дону,2026-04-28,social
2741,Михаил Никитин,male,2006-03-09,Уфа,2026-04-28,ads
2742,Артём Яковлев,male,1999-08-25,Санкт-Петербург,2026-04-29,ads
2743,Андрей Орлов,male,1997-04-12,Пермь,2026-04-30,ads
2744,Ксения Максимова,female,1993-04-17,Казань,2026-04-30,bloggers
2745,Тимур Коваленко,male,1977-12-26,Краснодар,2026-04-30,organic
2746,Светлана Ким,female,,Уфа,2026-04-30,organic
2747,Алиса Белова,female,1997-05-18,Санкт-Петербург,2026-04-30,ads
2748,Алексей Новиков,male,2008-07-25,Калининград,2026-05-01,organic
2749,Евгений Степанов,male,1981-10-01,Уфа,2026-05-01,organic
2750,Владимир Никитин,male,2008-01-30,Санкт-Петербург,2026-05-02,bloggers
2751,Александр Григорьев,male,1986-04-24,Омск,2026-05-02,organic
2752,Алексей Зайцев,male,1978-02-02,Самара,2026-05-02,ads
2753,Дарья Борисова,female,1990-12-13,Челябинск,2026-05-03,organic
2754,Марина Ковалёва,female,2003-03-02,Санкт-Петербург,2026-05-03,organic
2755,Евгений Соловьёв,male,1991-12-10,Ростов-на-Дону,2026-05-03,ads
2756,Мария Кузьмина,female,2003-03-27,Москва,2026-05-04,bloggers
2757,Алексей Макаров,male,1988-02-10,Санкт-Петербург,2026-05-04,organic
2758,Вероника Алексеева,female,1984-06-29,Нижний Новгород,2026-05-04,organic
2759,Кирилл Максимов,male,1988-05-24,Челябинск,2026-05-05,organic
2760,Наталья Попова,female,2001-03-26,Владивосток,2026-05-05,bloggers
2761,Виктория Макарова,female,,Сочи,2026-05-06,ads
2762,Ирина Петрова,female,1989-09-26,Москва,2026-05-06,ads
2763,Алексей Королёв,male,1997-08-09,Ростов-на-Дону,2026-05-06,referral
2764,Анастасия Кузьмина,female,1986-06-10,Ростов-на-Дону,2026-05-06,referral
2765,Ольга Кузьмина,female,1981-01-27,Москва,2026-05-06,social
2766,Дмитрий Кузнецов,male,1988-05-25,Москва,2026-05-06,ads
2767,Екатерина Михайлова,female,1993-12-26,Ростов-на-Дону,2026-05-07,organic
2768,Ирина Ким,female,2001-09-03,Екатеринбург,2026-05-07,organic
2769,Артём Яковлев,male,1983-11-15,Владивосток,2026-05-07,organic
2770,Иван Смирнов,male,1999-01-22,Санкт-Петербург,2026-05-07,ads
2771,Глеб Яковлев,male,2008-09-25,Москва,2026-05-07,bloggers
2772,Анна Александрова,female,2008-04-26,Москва,2026-05-07,organic
2773,Павел Сорокин,male,1985-09-05,Санкт-Петербург,2026-05-07,bloggers
2774,Ксения Орлова,female,1992-08-15,Тюмень,2026-05-08,ads
2775,Никита Яковлев,male,1981-01-14,Ростов-на-Дону,2026-05-09,social
2776,Мария Павлова,female,1989-06-01,Москва,2026-05-09,ads
2777,Никита Коваленко,male,1988-11-07,Уфа,2026-05-09,bloggers
2778,Полина Васильева,female,1990-10-10,Москва,2026-05-09,bloggers
2779,Матвей Алексеев,male,1999-01-03,Москва,2026-05-10,ads
2780,Матвей Соловьёв,male,,Москва,2026-05-10,social
2781,Светлана Михайлова,female,1985-04-08,Москва,2026-05-10,organic
2782,Алиса Павлова,female,1989-07-20,Москва,2026-05-10,ads
2783,Вероника Полякова,female,2002-09-18,Москва,2026-05-10,organic
2784,Алина Королёва,female,1997-06-03,Челябинск,2026-05-10,referral
2785,Ольга Козлова,female,1993-08-07,Нижний Новгород,2026-05-11,social
2786,Вероника Андреева,female,1988-04-08,Санкт-Петербург,2026-05-11,bloggers
2787,Анастасия Гусева,female,1992-02-21,Москва,2026-05-11,organic
2788,Глеб Александров,male,1979-11-21,Санкт-Петербург,2026-05-12,ads
2789,Алиса Фёдорова,female,1996-10-13,Самара,2026-05-12,social
2790,Татьяна Ильина,female,2003-03-14,Москва,2026-05-12,ads
2791,Алексей Егоров,male,1986-04-29,Москва,2026-05-12,referral
2792,Глеб Орлов,male,1993-09-27,Владивосток,2026-05-12,organic
2793,Вероника Соколова,female,,Краснодар,2026-05-12,organic
2794,Михаил Романов,male,1989-01-26,Москва,2026-05-12,referral
2795,Полина Ильина,female,2008-12-13,Уфа,2026-05-13,organic
2796,Алина Белова,female,1996-11-25,Санкт-Петербург,2026-05-13,social
2797,Ольга Сорокина,female,1989-10-14,Новосибирск,2026-05-13,bloggers
2798,Кирилл Иванов,male,,Екатеринбург,2026-05-14,bloggers
2799,Ксения Попова,female,1985-04-02,Санкт-Петербург,2026-05-14,bloggers
2800,Ирина Шевченко,female,1995-11-02,Воронеж,2026-05-14,ads
2801,Павел Сорокин,male,1992-09-30,Москва,2026-05-14,ads
2802,Алина Борисова,female,1983-11-09,Пермь,2026-05-14,ads
2803,Светлана Виноградова,female,1983-09-23,Санкт-Петербург,2026-05-14,organic
2804,Егор Ильин,male,2007-03-04,Омск,2026-05-15,referral
2805,Кирилл Яковлев,male,2008-04-25,Москва,2026-05-15,social
2806,Алина Иванова,female,1989-04-18,Санкт-Петербург,2026-05-15,social
2807,Михаил Яковлев,male,1974-09-30,Тюмень,2026-05-16,bloggers
2808,Максим Орлов,male,1983-05-13,,2026-05-16,bloggers
2809,Юлия Гусева,female,1971-07-30,Санкт-Петербург,2026-05-16,referral
2810,Татьяна Смирнова,female,1984-06-15,Краснодар,2026-05-16,ads
2811,Олег Фролов,male,1997-08-28,Красноярск,2026-05-16,bloggers
2812,Вероника Фёдорова,female,1973-03-24,Москва,2026-05-17,organic
2813,Алиса Волкова,female,1973-02-09,Москва,2026-05-17,ads
2814,Алексей Петров,male,,Краснодар,2026-05-17,ads
2815,Елена Захарова,female,1986-03-13,Санкт-Петербург,2026-05-17,bloggers
2816,Полина Фёдорова,female,2002-10-27,Калининград,2026-05-17,organic
2817,Елена Романова,female,2006-08-01,Москва,2026-05-18,referral
2818,Татьяна Лебедева,female,1995-06-27,Москва,2026-05-18,bloggers
2819,Артём Медведев,male,1986-10-15,Воронеж,2026-05-18,social
2820,Егор Лебедев,male,1990-04-08,Воронеж,2026-05-18,organic
2821,Никита Фёдоров,male,1986-06-07,Москва,2026-05-19,bloggers
2822,Наталья Макарова,female,2005-01-27,Сочи,2026-05-20,referral
2823,Ирина Виноградова,female,1979-03-17,Тюмень,2026-05-20,organic
2824,Тимур Кузьмин,male,2001-07-03,Казань,2026-05-20,bloggers
2825,Дарья Воробьёва,female,2008-05-07,Воронеж,2026-05-20,ads
2826,Ксения Дмитриева,female,1973-05-24,Санкт-Петербург,2026-05-20,referral
2827,Александр Максимов,male,1979-12-23,Москва,2026-05-20,bloggers
2828,Юлия Лебедева,female,1991-11-27,Казань,2026-05-21,bloggers
2829,Алексей Николаев,male,1982-01-23,Москва,2026-05-21,ads
2830,Юлия Захарова,female,1990-07-18,Москва,2026-05-21,referral
2831,Анна Киселёва,female,2008-11-14,Ростов-на-Дону,2026-05-21,bloggers
2832,Кристина Соколова,female,2006-12-16,Москва,2026-05-22,ads
2833,Артём Максимов,male,1986-12-01,Челябинск,2026-05-22,ads
2834,Анна Соловьёва,female,1971-12-30,Москва,2026-05-22,organic
2835,Тимур Поляков,male,2003-11-13,Ростов-на-Дону,2026-05-22,social
2836,Ксения Романова,female,1981-08-25,Краснодар,2026-05-23,social
2837,Наталья Максимова,female,1992-08-02,Самара,2026-05-23,organic
2838,Никита Андреев,male,1991-12-09,Челябинск,2026-05-23,bloggers
2839,Кристина Александрова,female,2002-01-23,Новосибирск,2026-05-23,organic
2840,Светлана Королёва,female,1982-01-24,Казань,2026-05-23,bloggers
2841,Павел Поляков,male,1993-01-03,Новосибирск,2026-05-23,ads
2842,Алиса Новикова,female,2002-05-08,Ярославль,2026-05-24,ads
2843,Дмитрий Воробьёв,male,1988-10-28,Хабаровск,2026-05-24,organic
2844,Полина Белова,female,,Москва,2026-05-24,referral
2845,Матвей Виноградов,male,1971-10-01,Челябинск,2026-05-24,bloggers
2846,Владимир Кузнецов,male,2001-02-28,Сочи,2026-05-25,organic
2847,Светлана Александрова,female,1976-07-17,Санкт-Петербург,2026-05-25,organic
2848,Анна Мельниченко,female,1983-05-19,Москва,2026-05-25,organic
2849,Дарья Соловьёва,female,1995-04-09,Воронеж,2026-05-25,ads
2850,Алина Алексеева,female,1994-01-16,Санкт-Петербург,2026-05-25,social
2851,Дмитрий Ковалёв,male,1981-03-20,Новосибирск,2026-05-26,ads
2852,Михаил Николаев,male,1988-08-04,Москва,2026-05-26,referral
2853,Юлия Николаева,female,1981-07-28,Красноярск,2026-05-26,ads
2854,Евгений Медведев,male,1979-01-08,Москва,2026-05-27,social
2855,Алексей Петров,male,1987-10-14,Казань,2026-05-27,organic
2856,Илья Николаев,male,1982-05-25,Санкт-Петербург,2026-05-27,referral
2857,Виктория Кузнецова,female,2005-03-06,Москва,2026-05-27,organic
2858,Анастасия Волкова,female,1993-02-24,Краснодар,2026-05-28,social
2859,Егор Николаев,male,1984-03-07,Москва,2026-05-28,referral
2860,Кристина Григорьева,female,,Москва,2026-05-28,referral
2861,Екатерина Александрова,female,1995-07-15,Москва,2026-05-29,ads
2862,Кристина Никитина,female,1978-03-09,Пермь,2026-05-29,organic
2863,Наталья Дмитриева,female,1991-05-19,Москва,2026-05-29,referral
2864,Кристина Ковалёва,female,1982-07-22,Москва,2026-05-29,bloggers
2865,Ксения Егорова,female,2003-05-30,Москва,2026-05-30,ads
2866,Глеб Максимов,male,,Казань,2026-05-30,bloggers
2867,Елена Шевченко,female,2000-06-05,Новосибирск,2026-05-30,organic
2868,Дарья Волкова,female,2008-02-08,Пермь,2026-05-30,social
2869,Роман Медведев,male,1981-01-07,Москва,2026-05-30,organic
2870,Матвей Павлов,male,1998-05-19,Москва,2026-05-30,organic
2871,Виктория Иванова,female,1974-01-23,Казань,2026-05-31,organic
2872,Егор Сергеев,male,1988-11-14,Москва,2026-05-31,social
2873,Ольга Королёва,female,1994-11-06,Ярославль,2026-05-31,social
2874,Татьяна Попова,female,1974-06-25,Москва,2026-05-31,ads
2875,Елена Смирнова,female,2008-12-16,Хабаровск,2026-05-31,ads
2876,Никита Николаев,male,1997-10-11,Пермь,2026-05-31,bloggers
2877,Алиса Сорокина,female,2007-09-30,Воронеж,2026-06-01,bloggers
2878,Елена Новикова,female,1992-05-26,Тюмень,2026-06-01,organic
2879,Дмитрий Виноградов,male,1977-10-05,Казань,2026-06-01,organic
2880,Кирилл Макаров,male,2003-08-20,Сочи,2026-06-01,organic
2881,Екатерина Максимова,female,1982-04-03,Санкт-Петербург,2026-06-01,organic
2882,Сергей Захаров,male,,Самара,2026-06-01,referral
2883,Марина Фёдорова,female,1988-08-07,Санкт-Петербург,2026-06-02,bloggers
2884,Вероника Соловьёва,female,1989-10-21,Москва,2026-06-02,organic
2885,Матвей Фролов,male,2005-09-02,Москва,2026-06-02,bloggers
2886,Елена Иванова,female,2006-09-01,Новосибирск,2026-06-03,referral
2887,Андрей Романов,male,,Челябинск,2026-06-03,referral
2888,Олег Петров,male,2003-12-28,Пермь,2026-06-03,social
2889,Никита Фролов,male,1991-03-04,Калининград,2026-06-04,ads
2890,Егор Виноградов,male,1993-03-12,Волгоград,2026-06-04,organic
2891,Валерия Дмитриева,female,1987-05-21,Москва,2026-06-04,ads
2892,Алина Морозова,female,1997-09-01,Москва,2026-06-05,ads
2893,Тимур Григорьев,male,1980-02-07,Санкт-Петербург,2026-06-05,social
2894,Кирилл Ковалёв,male,2008-10-12,Калининград,2026-06-05,bloggers
2895,Софья Семёнова,female,1993-10-08,Краснодар,2026-06-06,referral
2896,Татьяна Никитина,female,1977-04-28,Москва,2026-06-06,referral
2897,Елена Николаева,female,1992-03-04,Краснодар,2026-06-06,organic
2898,Ксения Алексеева,female,1995-04-11,Москва,2026-06-06,organic
2899,Алина Сорокина,female,1983-02-17,Екатеринбург,2026-06-06,bloggers
2900,Ольга Медведева,female,1997-06-20,Калининград,2026-06-06,ads
2901,Дмитрий Новиков,male,1997-09-20,Пермь,2026-06-07,referral
2902,Артём Ильин,male,2008-08-23,Омск,2026-06-07,bloggers
2903,Вероника Романова,female,1995-03-16,Москва,2026-06-07,organic
2904,Алина Соколова,female,,Москва,2026-06-07,organic
2905,Виктория Григорьева,female,1996-09-07,Тюмень,2026-06-07,ads
2906,Артём Лебедев,male,1998-07-03,Екатеринбург,2026-06-08,social
2907,Евгений Борисов,male,1973-08-13,Уфа,2026-06-08,organic
2908,Владимир Александров,male,1988-05-05,Москва,2026-06-09,ads
2909,Денис Козлов,male,1984-04-16,Уфа,2026-06-09,organic
2910,Дарья Попова,female,1990-07-26,Москва,2026-06-09,organic
2911,Денис Новиков,male,,Уфа,2026-06-10,organic
2912,Матвей Соловьёв,male,1992-11-01,Санкт-Петербург,2026-06-10,bloggers
2913,Илья Степанов,male,1998-07-11,Краснодар,2026-06-10,ads
2914,Татьяна Захарова,female,2008-12-01,Челябинск,2026-06-11,social
2915,Андрей Захаров,male,1992-07-21,Екатеринбург,2026-06-11,organic
2916,Вероника Алексеева,female,1990-09-03,Москва,2026-06-11,social
2917,Елена Александрова,female,1983-07-18,Москва,2026-06-12,bloggers
2918,Ксения Александрова,female,2006-09-17,Владивосток,2026-06-12,ads
2919,Роман Иванов,male,,Самара,2026-06-12,social
2920,Роман Кузнецов,male,2002-08-21,Тюмень,2026-06-12,ads
2921,Анна Коваленко,female,,Пермь,2026-06-12,referral
2922,Павел Ким,male,1990-07-21,Казань,2026-06-12,organic
2923,Матвей Дмитриев,male,1984-02-28,Уфа,2026-06-13,social
2924,Марина Ильина,female,1998-06-16,Ростов-на-Дону,2026-06-13,bloggers
2925,Артём Сергеев,male,2004-03-22,Новосибирск,2026-06-13,social
2926,Наталья Полякова,female,,Новосибирск,2026-06-13,bloggers
2927,Тимур Ким,male,1996-08-25,Воронеж,2026-06-13,ads
2928,Алина Макарова,female,1996-09-25,Ростов-на-Дону,2026-06-13,referral
2929,Татьяна Иванова,female,1995-02-09,Нижний Новгород,2026-06-13,bloggers
2930,Алина Павлова,female,1983-05-12,Новосибирск,2026-06-14,referral
2931,Егор Смирнов,male,2007-11-27,Москва,2026-06-14,bloggers
2932,Дарья Максимова,female,1995-12-16,Самара,2026-06-14,social
2933,Наталья Соколова,female,1982-07-25,Ярославль,2026-06-14,bloggers
2934,Виктория Ильина,female,1974-05-16,Самара,2026-06-14,organic
2935,Елена Козлова,female,2008-09-18,Казань,2026-06-14,social
2936,Софья Полякова,female,1982-02-21,Новосибирск,2026-06-15,organic
2937,Илья Макаров,male,1995-08-17,Воронеж,2026-06-15,organic
2938,Виктория Степанова,female,1985-01-24,Казань,2026-06-15,organic
2939,Елена Морозова,female,1980-09-17,Казань,2026-06-15,ads
2940,Ольга Сергеева,female,1986-07-15,Москва,2026-06-15,organic
2941,Алиса Михайлова,female,1996-05-27,Нижний Новгород,2026-06-15,ads
2942,Юлия Королёва,female,2003-06-08,Екатеринбург,2026-06-16,ads
2943,Ольга Романова,female,1981-12-01,Иркутск,2026-06-16,ads
2944,Светлана Ковалёва,female,1993-08-02,Москва,2026-06-16,ads
2945,Роман Петров,male,1997-03-18,Санкт-Петербург,2026-06-16,bloggers
2946,Елена Яковлева,female,1991-11-21,Челябинск,2026-06-17,organic
2947,Полина Орлова,female,1991-08-26,Волгоград,2026-06-17,organic
2948,Ирина Киселёва,female,1983-11-22,Сочи,2026-06-17,referral
2949,Андрей Виноградов,male,1997-04-26,Нижний Новгород,2026-06-18,bloggers
2950,Денис Соловьёв,male,1992-09-11,Москва,2026-06-18,organic
2951,Ирина Соловьёва,female,1976-07-14,Самара,2026-06-18,ads
2952,Иван Попов,male,1980-11-26,Екатеринбург,2026-06-19,ads
2953,Владимир Ким,male,1992-10-12,Казань,2026-06-19,organic
2954,Сергей Егоров,male,1995-02-03,Челябинск,2026-06-19,referral
2955,Евгений Семёнов,male,1977-03-05,Омск,2026-06-20,social
2956,Ксения Попова,female,1980-06-13,Тула,2026-06-20,bloggers
2957,Кристина Шевченко,female,1993-05-23,Новосибирск,2026-06-20,ads
2958,Иван Смирнов,male,1998-08-15,Москва,2026-06-21,social
2959,Александр Коваленко,male,1995-11-11,Москва,2026-06-22,organic
2960,Анна Ким,female,1981-01-18,Новосибирск,2026-06-22,organic
2961,Роман Попов,male,2003-02-20,Санкт-Петербург,2026-06-22,ads
2962,Виктория Никитина,female,1994-05-02,Новосибирск,2026-06-22,ads
2963,Глеб Романов,male,,Москва,2026-06-22,social
2964,Софья Гусева,female,2005-07-14,Тула,2026-06-22,referral
2965,Дарья Киселёва,female,1979-02-06,Санкт-Петербург,2026-06-22,organic
2966,Ольга Полякова,female,1987-09-08,Уфа,2026-06-22,referral
2967,Андрей Степанов,male,2006-09-02,Санкт-Петербург,2026-06-22,social
2968,Алина Коваленко,female,2008-09-11,Санкт-Петербург,2026-06-23,social
2969,Алиса Дмитриева,female,,Москва,2026-06-23,bloggers
2970,Сергей Виноградов,male,1993-06-07,Воронеж,2026-06-23,ads
2971,Наталья Никитина,female,1976-11-19,Челябинск,2026-06-23,bloggers
2972,Наталья Андреева,female,2008-12-25,Москва,2026-06-23,social
2973,Олег Мельниченко,male,1994-09-20,Волгоград,2026-06-24,ads
2974,Марина Волкова,female,1993-01-23,Москва,2026-06-24,ads
2975,Алиса Павлова,female,1988-06-11,Ярославль,2026-06-24,referral
2976,Илья Петров,male,1985-03-12,Ростов-на-Дону,2026-06-24,ads
2977,Ксения Новикова,female,2008-12-20,Челябинск,2026-06-24,bloggers
2978,Артём Поляков,male,1989-05-12,Москва,2026-06-24,ads
2979,Алиса Лебедева,female,2002-12-21,Москва,2026-06-25,organic
2980,Екатерина Степанова,female,2008-08-23,Санкт-Петербург,2026-06-25,referral
2981,Илья Сергеев,male,1982-10-13,Екатеринбург,2026-06-25,referral
2982,Вероника Борисова,female,1998-07-29,Пермь,2026-06-25,social
2983,Матвей Волков,male,1995-10-14,Челябинск,2026-06-25,bloggers
2984,Виктория Орлова,female,2005-12-20,Москва,2026-06-25,ads
2985,Никита Михайлов,male,1975-02-17,Казань,2026-06-26,bloggers
2986,Егор Поляков,male,,,2026-06-26,bloggers
2987,Глеб Орлов,male,2004-10-06,Москва,2026-06-26,referral
2988,Иван Яковлев,male,1974-03-19,Тюмень,2026-06-27,referral
2989,Дмитрий Козлов,male,2006-06-05,Ярославль,2026-06-28,referral
2990,Тимур Виноградов,male,2001-08-31,Уфа,2026-06-28,organic
2991,Наталья Дмитриева,female,1961-12-28,Тюмень,2026-06-28,social
2992,Ирина Ким,female,1992-12-09,Санкт-Петербург,2026-06-29,organic
2993,Марина Сергеева,female,1986-03-20,Краснодар,2026-06-29,bloggers
2994,Андрей Белов,male,1979-02-26,Нижний Новгород,2026-06-29,organic
2995,Михаил Макаров,male,1984-10-24,Тула,2026-06-29,ads
2996,Максим Новиков,male,,Тюмень,2026-06-29,ads
2997,Евгений Белов,male,2008-05-29,Уфа,2026-06-30,referral
2998,Илья Ковалёв,male,2003-09-13,Волгоград,2026-06-30,ads
2999,Владимир Медведев,male,1984-04-07,Калининград,2026-06-30,bloggers
3000,Елена Николаева,female,1980-01-22,Новосибирск,2026-06-30,organic
