order_id,customer_id,order_date,status,payment_method,promo_code,discount,amount,delivery_date
100001,903,2025-01-01,delivered,card,WELCOME10,81.90,737.10,2025-01-06
100002,756,2025-01-01,delivered,card,,0.00,16250.00,2025-01-05
100003,412,2025-01-01,delivered,card,,0.00,5490.00,2025-01-05
100004,566,2025-01-01,delivered,sbp,,0.00,9928.00,2025-01-08
100005,484,2025-01-01,delivered,card,,0.00,13679.00,2025-01-03
100006,836,2025-01-01,delivered,cash,,0.00,6128.00,2025-01-03
100007,461,2025-01-01,delivered,sbp,,0.00,2290.00,2025-01-04
100008,581,2025-01-01,returned,sbp,,0.00,15627.00,2025-01-04
100009,726,2025-01-01,delivered,card,,0.00,3609.00,2025-01-06
100010,577,2025-01-01,delivered,card,,0.00,2290.00,2025-01-04
100011,793,2025-01-01,delivered,sbp,,0.00,45980.00,2025-01-06
100012,179,2025-01-01,delivered,card,,0.00,919.00,2025-01-04
100013,278,2025-01-01,delivered,card,,0.00,2980.00,2025-01-03
100014,905,2025-01-01,delivered,cash,WELCOME10,421.80,3796.20,2025-01-04
100015,198,2025-01-02,delivered,card,,0.00,3709.00,2025-01-06
100016,542,2025-01-02,returned,card,,0.00,16509.00,2025-01-04
100017,867,2025-01-02,delivered,card,,0.00,3580.00,2025-01-10
100018,910,2025-01-02,returned,cash,,0.00,8180.00,2025-01-04
100019,587,2025-01-02,delivered,card,,0.00,5490.00,2025-01-07
100020,39,2025-01-02,delivered,card,,0.00,2676.00,2025-01-06
100021,908,2025-01-02,delivered,card,WELCOME10,126.80,1141.20,2025-01-04
100022,401,2025-01-02,delivered,card,,0.00,1690.00,2025-01-03
100023,76,2025-01-02,delivered,cash,,0.00,49689.00,2025-01-10
100024,57,2025-01-02,returned,card,,0.00,739.00,2025-01-07
100025,553,2025-01-02,returned,card,,0.00,5090.00,2025-01-07
100026,832,2025-01-02,delivered,card,,0.00,81180.00,2025-01-04
100027,262,2025-01-02,delivered,sbp,,0.00,2890.00,2025-01-05
100028,721,2025-01-02,cancelled,sbp,,0.00,1390.00,
100029,338,2025-01-02,delivered,sbp,,0.00,4590.00,2025-01-03
100030,390,2025-01-02,delivered,card,,0.00,13458.00,2025-01-08
100031,48,2025-01-03,delivered,sbp,,0.00,4980.00,2025-01-08
100032,902,2025-01-03,delivered,card,WELCOME10,1000.00,110288.00,2025-01-10
100033,839,2025-01-03,delivered,card,,0.00,9818.00,2025-01-04
100034,784,2025-01-03,delivered,card,,0.00,2090.00,2025-01-06
100035,72,2025-01-03,delivered,card,,0.00,2990.00,2025-01-07
100036,373,2025-01-03,cancelled,cash,,0.00,1658.00,
100037,184,2025-01-03,delivered,card,,0.00,819.00,2025-01-13
100038,578,2025-01-03,delivered,cash,,0.00,5458.00,2025-01-07
100039,89,2025-01-03,delivered,card,,0.00,5580.00,2025-01-06
100040,518,2025-01-03,delivered,card,,0.00,2628.00,2025-01-06
100041,358,2025-01-03,delivered,cash,,0.00,6180.00,2025-01-08
100042,671,2025-01-03,delivered,cash,,0.00,23089.00,2025-01-05
100043,478,2025-01-03,delivered,card,,0.00,4590.00,2025-01-05
100044,641,2025-01-03,delivered,card,,0.00,9190.00,2025-01-08
100045,380,2025-01-03,delivered,card,,0.00,10009.00,2025-01-07
100046,506,2025-01-04,delivered,card,,0.00,7728.00,2025-01-09
100047,184,2025-01-04,delivered,card,,0.00,10918.00,2025-01-13
100048,714,2025-01-04,delivered,cash,,0.00,68980.00,2025-01-13
100049,222,2025-01-04,delivered,card,,0.00,12999.00,2025-01-09
100050,146,2025-01-04,delivered,card,,0.00,3690.00,2025-01-08
100051,252,2025-01-04,cancelled,card,,0.00,4190.00,
100052,84,2025-01-04,delivered,card,,0.00,838.00,2025-01-14
100053,893,2025-01-04,cancelled,cash,,0.00,3688.00,
100054,138,2025-01-04,delivered,cash,,0.00,7390.00,2025-01-08
100055,650,2025-01-04,delivered,card,,0.00,1190.00,2025-01-07
100056,98,2025-01-04,delivered,sbp,,0.00,1347.00,2025-01-06
100057,473,2025-01-04,delivered,card,,0.00,2790.00,2025-01-06
100058,836,2025-01-04,delivered,card,,0.00,21060.00,2025-01-07
100059,611,2025-01-04,delivered,card,,0.00,7390.00,2025-01-13
100060,104,2025-01-04,delivered,cash,,0.00,66180.00,2025-01-10
100061,904,2025-01-04,delivered,card,,0.00,6070.00,2025-01-14
100062,69,2025-01-04,delivered,cash,,0.00,2990.00,2025-01-09
100063,475,2025-01-04,cancelled,cash,,0.00,41390.00,
100064,906,2025-01-05,delivered,sbp,,0.00,8290.00,2025-01-06
100065,710,2025-01-05,delivered,cash,,0.00,990.00,2025-01-08
100066,67,2025-01-05,delivered,card,,0.00,8468.00,2025-01-15
100067,11,2025-01-05,cancelled,cash,,0.00,4590.00,
100068,718,2025-01-05,delivered,card,,0.00,1638.00,2025-01-08
100069,856,2025-01-05,delivered,card,,0.00,4770.00,2025-01-07
100070,626,2025-01-05,delivered,card,,0.00,5490.00,2025-01-08
100071,241,2025-01-05,cancelled,sbp,,0.00,5080.00,
100072,917,2025-01-05,delivered,card,,0.00,29117.00,2025-01-08
100073,914,2025-01-05,delivered,cash,,0.00,1790.00,2025-01-08
100074,912,2025-01-05,returned,cash,,0.00,10590.00,2025-01-09
100075,740,2025-01-05,delivered,card,,0.00,4580.00,2025-01-09
100076,909,2025-01-06,delivered,card,WELCOME10,459.00,4131.00,2025-01-10
100077,802,2025-01-06,delivered,card,,0.00,11990.00,2025-01-08
100078,640,2025-01-06,delivered,card,,0.00,1390.00,2025-01-10
100079,8,2025-01-06,delivered,card,,0.00,918.00,2025-01-10
100080,845,2025-01-06,delivered,card,,0.00,10590.00,2025-01-11
100081,915,2025-01-07,delivered,card,,0.00,3190.00,2025-01-08
100082,658,2025-01-07,delivered,card,,0.00,47880.00,2025-01-10
100083,714,2025-01-07,delivered,card,,0.00,1390.00,2025-01-15
100084,690,2025-01-07,delivered,sbp,,0.00,8439.00,2025-01-10
100085,599,2025-01-07,delivered,card,,0.00,739.00,2025-01-13
100086,759,2025-01-07,delivered,card,,0.00,9180.00,2025-01-17
100087,305,2025-01-07,delivered,card,,0.00,1190.00,2025-01-14
100088,766,2025-01-07,delivered,card,,0.00,739.00,2025-01-11
100089,920,2025-01-07,delivered,card,,0.00,819.00,2025-01-10
100090,149,2025-01-07,delivered,sbp,,0.00,3629.00,2025-01-10
100091,673,2025-01-07,delivered,card,,0.00,111029.00,2025-01-13
100092,674,2025-01-07,delivered,card,,0.00,25497.00,2025-01-17
100093,746,2025-01-07,delivered,card,,0.00,31280.00,2025-01-11
100094,53,2025-01-08,delivered,card,,0.00,1190.00,2025-01-13
100095,107,2025-01-08,delivered,card,,0.00,6890.00,2025-01-11
100096,922,2025-01-08,delivered,card,WELCOME10,1000.00,9508.00,2025-01-10
100097,26,2025-01-08,delivered,card,,0.00,10590.00,2025-01-12
100098,532,2025-01-08,delivered,card,,0.00,2790.00,2025-01-11
100099,858,2025-01-08,delivered,sbp,,0.00,5670.00,2025-01-12
100100,710,2025-01-08,delivered,card,,0.00,12736.00,2025-01-11
100101,71,2025-01-08,returned,card,,0.00,3609.00,2025-01-10
100102,83,2025-01-08,delivered,card,,0.00,19587.00,2025-01-09
100103,532,2025-01-08,delivered,card,,0.00,5678.00,2025-01-11
100104,356,2025-01-08,delivered,card,,0.00,15470.00,2025-01-15
100105,592,2025-01-08,delivered,card,,0.00,11990.00,2025-01-13
100106,449,2025-01-08,cancelled,sbp,,0.00,1190.00,
100107,918,2025-01-08,delivered,card,WELCOME10,245.70,2211.30,2025-01-14
100108,20,2025-01-08,cancelled,card,,0.00,15170.00,
100109,475,2025-01-09,delivered,card,,0.00,3880.00,2025-01-11
100110,546,2025-01-09,delivered,card,,0.00,5939.00,2025-01-10
100111,574,2025-01-09,cancelled,card,,0.00,2580.00,
100112,776,2025-01-09,delivered,card,,0.00,58770.00,2025-01-14
100113,302,2025-01-09,delivered,card,,0.00,15580.00,2025-01-14
100114,923,2025-01-09,delivered,card,,0.00,65127.00,2025-01-18
100115,801,2025-01-09,delivered,sbp,,0.00,31770.00,2025-01-15
100116,507,2025-01-09,delivered,card,,0.00,26460.00,2025-01-16
100117,158,2025-01-09,delivered,card,,0.00,6870.00,2025-01-10
100118,537,2025-01-09,delivered,card,,0.00,2457.00,2025-01-12
100119,628,2025-01-09,delivered,cash,,0.00,39590.00,2025-01-12
100120,532,2025-01-09,delivered,card,,0.00,98760.00,2025-01-12
100121,532,2025-01-09,delivered,card,,0.00,124308.00,2025-01-15
100122,413,2025-01-09,delivered,cash,,0.00,2409.00,2025-01-11
100123,359,2025-01-09,delivered,card,,0.00,2868.00,2025-01-11
100124,293,2025-01-10,delivered,card,,0.00,2780.00,2025-01-17
100125,52,2025-01-10,delivered,sbp,,0.00,539.00,2025-01-14
100126,445,2025-01-10,cancelled,sbp,,0.00,12398.00,
100127,770,2025-01-10,delivered,card,,0.00,10090.00,2025-01-16
100128,796,2025-01-10,delivered,card,,0.00,8290.00,2025-01-12
100129,808,2025-01-10,delivered,card,,0.00,16590.00,2025-01-16
100130,395,2025-01-10,delivered,card,,0.00,5990.00,2025-01-14
100131,748,2025-01-10,delivered,cash,,0.00,1638.00,2025-01-13
100132,551,2025-01-10,delivered,card,,0.00,6518.00,2025-01-12
100133,278,2025-01-10,returned,sbp,,0.00,2790.00,2025-01-13
100134,515,2025-01-10,delivered,card,,0.00,10980.00,2025-01-13
100135,349,2025-01-10,delivered,sbp,,0.00,13070.00,2025-01-13
100136,820,2025-01-10,delivered,card,,0.00,919.00,2025-01-12
100137,434,2025-01-10,cancelled,card,,0.00,2290.00,
100138,924,2025-01-10,delivered,card,,0.00,4180.00,2025-01-14
100139,94,2025-01-10,delivered,card,,0.00,93709.00,2025-01-17
100140,921,2025-01-10,delivered,card,,0.00,819.00,2025-01-13
100141,499,2025-01-11,returned,sbp,,0.00,10590.00,2025-01-16
100142,108,2025-01-11,returned,card,,0.00,4590.00,2025-01-15
100143,869,2025-01-11,delivered,card,,0.00,2790.00,2025-01-12
100144,484,2025-01-11,delivered,card,,0.00,78290.00,2025-01-14
100145,522,2025-01-11,delivered,sbp,,0.00,449.00,2025-01-12
100146,705,2025-01-11,cancelled,cash,,0.00,12637.00,
100147,829,2025-01-11,delivered,card,,0.00,15680.00,2025-01-17
100148,869,2025-01-11,delivered,card,,0.00,5980.00,2025-01-14
100149,792,2025-01-11,delivered,sbp,,0.00,25790.00,2025-01-16
100150,532,2025-01-11,delivered,card,,0.00,7780.00,2025-01-15
100151,929,2025-01-11,delivered,card,,0.00,39818.00,2025-01-14
100152,714,2025-01-11,delivered,card,,0.00,7380.00,2025-01-17
100153,409,2025-01-11,delivered,card,,0.00,3690.00,2025-01-17
100154,626,2025-01-11,returned,card,,0.00,48209.00,2025-01-15
100155,349,2025-01-11,delivered,card,,0.00,3190.00,2025-01-14
100156,1,2025-01-11,delivered,card,,0.00,1590.00,2025-01-12
100157,751,2025-01-11,delivered,sbp,,0.00,5933.00,2025-01-15
100158,522,2025-01-11,cancelled,card,,0.00,13447.00,
100159,7,2025-01-12,delivered,card,,0.00,1157.00,2025-01-15
100160,55,2025-01-12,delivered,cash,,0.00,1590.00,2025-01-17
100161,688,2025-01-12,delivered,card,,0.00,4380.00,2025-01-15
100162,915,2025-01-12,delivered,cash,,0.00,1478.00,2025-01-15
100163,265,2025-01-12,cancelled,card,,0.00,2290.00,
100164,919,2025-01-12,delivered,cash,,0.00,2790.00,2025-01-16
100165,801,2025-01-12,delivered,sbp,,0.00,22448.00,2025-01-18
100166,742,2025-01-12,delivered,card,,0.00,7390.00,2025-01-22
100167,52,2025-01-12,delivered,card,,0.00,1088.00,2025-01-22
100168,207,2025-01-12,delivered,card,,0.00,2539.00,2025-01-13
100169,276,2025-01-12,delivered,card,,0.00,4580.00,2025-01-15
100170,351,2025-01-12,delivered,card,,0.00,1690.00,2025-01-16
100171,28,2025-01-12,delivered,card,,0.00,6809.00,2025-01-14
100172,628,2025-01-12,delivered,card,,0.00,1838.00,2025-01-14
100173,396,2025-01-12,delivered,sbp,,0.00,12780.00,2025-01-15
100174,772,2025-01-12,delivered,card,,0.00,2790.00,2025-01-14
100175,863,2025-01-12,delivered,card,,0.00,8380.00,2025-01-14
100176,97,2025-01-12,delivered,card,,0.00,5859.00,2025-01-15
100177,555,2025-01-12,delivered,card,,0.00,1990.00,2025-01-16
100178,857,2025-01-13,delivered,card,,0.00,539.00,2025-01-16
100179,774,2025-01-13,delivered,sbp,,0.00,7380.00,2025-01-18
100180,737,2025-01-13,delivered,card,,0.00,21180.00,2025-01-15
100181,928,2025-01-13,delivered,card,WELCOME10,419.00,3771.00,2025-01-22
100182,618,2025-01-13,delivered,sbp,,0.00,3880.00,2025-01-17
100183,768,2025-01-13,cancelled,card,,0.00,43580.00,
100184,927,2025-01-13,delivered,card,,0.00,18680.00,2025-01-18
100185,766,2025-01-13,delivered,sbp,,0.00,739.00,2025-01-18
100186,140,2025-01-13,cancelled,card,,0.00,3109.00,
100187,218,2025-01-13,cancelled,card,,0.00,58769.00,
100188,769,2025-01-13,delivered,card,,0.00,13780.00,2025-01-17
100189,836,2025-01-13,delivered,sbp,,0.00,20299.00,2025-01-17
100190,581,2025-01-13,delivered,sbp,,0.00,369.00,2025-01-18
100191,413,2025-01-13,delivered,card,,0.00,1190.00,2025-01-18
100192,608,2025-01-13,delivered,card,,0.00,7780.00,2025-01-17
100193,400,2025-01-14,delivered,card,,0.00,1390.00,2025-01-18
100194,801,2025-01-14,delivered,card,,0.00,12880.00,2025-01-20
100195,357,2025-01-14,delivered,card,,0.00,1190.00,2025-01-15
100196,520,2025-01-14,delivered,sbp,,0.00,639.00,2025-01-21
100197,750,2025-01-14,delivered,card,,0.00,8239.00,2025-01-19
100198,154,2025-01-14,delivered,card,,0.00,5609.00,2025-01-24
100199,388,2025-01-14,delivered,card,,0.00,18880.00,2025-01-17
100200,701,2025-01-14,delivered,card,,0.00,2290.00,2025-01-17
100201,133,2025-01-14,delivered,sbp,,0.00,15180.00,2025-01-19
100202,161,2025-01-14,delivered,card,,0.00,1909.00,2025-01-18
100203,413,2025-01-14,delivered,sbp,,0.00,7709.00,2025-01-19
100204,95,2025-01-14,delivered,cash,,0.00,1390.00,2025-01-20
100205,533,2025-01-14,delivered,sbp,,0.00,918.00,2025-01-16
100206,802,2025-01-14,delivered,card,,0.00,32727.00,2025-01-16
100207,801,2025-01-14,delivered,cash,,0.00,1790.00,2025-01-19
100208,846,2025-01-14,delivered,card,,0.00,16480.00,2025-01-22
100209,237,2025-01-14,delivered,card,,0.00,2890.00,2025-01-21
100210,854,2025-01-14,delivered,sbp,,0.00,112228.00,2025-01-19
100211,128,2025-01-14,delivered,card,,0.00,739.00,2025-01-17
100212,483,2025-01-15,delivered,card,,0.00,1390.00,2025-01-24
100213,367,2025-01-15,delivered,card,,0.00,4590.00,2025-01-21
100214,661,2025-01-15,delivered,card,,0.00,46090.00,2025-01-17
100215,434,2025-01-15,delivered,cash,,0.00,10090.00,2025-01-18
100216,352,2025-01-15,delivered,cash,,0.00,15690.00,2025-01-17
100217,765,2025-01-15,delivered,card,,0.00,2457.00,2025-01-17
100218,5,2025-01-15,delivered,card,,0.00,8180.00,2025-01-17
100219,132,2025-01-15,delivered,cash,,0.00,15690.00,2025-01-17
100220,356,2025-01-15,delivered,card,,0.00,2790.00,2025-01-23
100221,772,2025-01-15,delivered,card,,0.00,19408.00,2025-01-16
100222,393,2025-01-15,delivered,cash,,0.00,33329.00,2025-01-18
100223,532,2025-01-15,delivered,cash,,0.00,459.00,2025-01-21
100224,232,2025-01-15,returned,cash,,0.00,1190.00,2025-01-19
100225,559,2025-01-15,delivered,cash,,0.00,639.00,2025-01-19
100226,97,2025-01-15,delivered,card,,0.00,1790.00,2025-01-19
100227,77,2025-01-15,delivered,card,,0.00,8389.00,2025-01-17
100228,824,2025-01-15,delivered,sbp,,0.00,990.00,2025-01-18
100229,178,2025-01-16,delivered,card,,0.00,898.00,2025-01-25
100230,124,2025-01-16,delivered,card,,0.00,3690.00,2025-01-22
100231,876,2025-01-16,delivered,sbp,,0.00,12180.00,2025-01-22
100232,872,2025-01-16,delivered,card,,0.00,22080.00,2025-01-18
100233,412,2025-01-16,delivered,card,,0.00,3380.00,2025-01-18
100234,419,2025-01-16,delivered,card,,0.00,1190.00,2025-01-19
100235,65,2025-01-16,delivered,card,,0.00,3716.00,2025-01-19
100236,931,2025-01-16,cancelled,sbp,,0.00,24887.00,
100237,796,2025-01-16,delivered,card,,0.00,6577.00,2025-01-18
100238,522,2025-01-16,delivered,sbp,,0.00,919.00,2025-01-19
100239,559,2025-01-16,delivered,card,,0.00,16590.00,2025-01-21
100240,157,2025-01-16,delivered,card,,0.00,9180.00,2025-01-18
100241,69,2025-01-16,delivered,card,,0.00,919.00,2025-01-20
100242,297,2025-01-16,delivered,sbp,,0.00,3929.00,2025-01-19
100243,912,2025-01-16,delivered,card,,0.00,2709.00,2025-01-22
100244,509,2025-01-17,delivered,card,,0.00,2457.00,2025-01-21
100245,324,2025-01-17,delivered,card,,0.00,1078.00,2025-01-18
100246,170,2025-01-17,delivered,card,,0.00,2690.00,2025-01-24
100247,902,2025-01-17,delivered,card,,0.00,2790.00,2025-01-21
100248,719,2025-01-17,delivered,card,,0.00,6890.00,2025-01-22
100249,157,2025-01-17,delivered,cash,,0.00,2890.00,2025-01-20
100250,532,2025-01-17,delivered,sbp,,0.00,13380.00,2025-01-21
100251,509,2025-01-17,delivered,card,,0.00,1838.00,2025-01-20
100252,448,2025-01-17,delivered,card,,0.00,2290.00,2025-01-23
100253,552,2025-01-17,delivered,card,,0.00,6119.00,2025-01-20
100254,368,2025-01-17,delivered,card,,0.00,2090.00,2025-01-21
100255,647,2025-01-17,delivered,card,,0.00,5490.00,2025-01-26
100256,937,2025-01-17,cancelled,sbp,,0.00,419.00,
100257,302,2025-01-17,delivered,sbp,,0.00,6080.00,2025-01-21
100258,491,2025-01-18,delivered,card,,0.00,1478.00,2025-01-26
100259,124,2025-01-18,delivered,card,,0.00,4090.00,2025-01-23
100260,940,2025-01-18,delivered,card,,0.00,739.00,2025-01-21
100261,185,2025-01-18,cancelled,card,,0.00,8429.00,
100262,417,2025-01-18,delivered,cash,,0.00,918.00,2025-01-19
100263,485,2025-01-18,delivered,card,,0.00,5539.00,2025-01-27
100264,133,2025-01-18,delivered,cash,,0.00,11629.00,2025-01-23
100265,934,2025-01-18,delivered,sbp,,0.00,4570.00,2025-01-22
100266,644,2025-01-18,delivered,card,,0.00,369.00,2025-01-24
100267,260,2025-01-18,cancelled,cash,,0.00,2217.00,
100268,516,2025-01-18,delivered,card,,0.00,1838.00,2025-01-20
100269,605,2025-01-19,delivered,card,,0.00,739.00,2025-01-26
100270,430,2025-01-19,delivered,card,,0.00,8319.00,2025-01-22
100271,715,2025-01-19,delivered,sbp,,0.00,4170.00,2025-01-23
100272,366,2025-01-19,delivered,card,,0.00,3368.00,2025-01-23
100273,202,2025-01-19,delivered,sbp,,0.00,11680.00,2025-01-22
100274,653,2025-01-19,delivered,card,,0.00,4190.00,2025-01-22
100275,255,2025-01-19,delivered,card,,0.00,4390.00,2025-01-21
100276,914,2025-01-19,delivered,card,,0.00,2290.00,2025-01-20
100277,275,2025-01-19,delivered,card,,0.00,5990.00,2025-01-23
100278,133,2025-01-19,returned,cash,,0.00,1917.00,2025-01-25
100279,146,2025-01-19,delivered,card,,0.00,9680.00,2025-01-28
100280,352,2025-01-19,delivered,cash,,0.00,4380.00,2025-01-22
100281,255,2025-01-19,delivered,card,,0.00,10090.00,2025-01-23
100282,276,2025-01-19,delivered,card,,0.00,21209.00,2025-01-23
100283,944,2025-01-19,delivered,card,,0.00,5329.00,2025-01-27
100284,408,2025-01-19,delivered,card,,0.00,28980.00,2025-01-23
100285,664,2025-01-19,delivered,card,,0.00,7470.00,2025-01-22
100286,670,2025-01-19,delivered,card,,0.00,2668.00,2025-01-25
100287,720,2025-01-19,delivered,sbp,,0.00,4590.00,2025-01-25
100288,426,2025-01-19,delivered,card,,0.00,2780.00,2025-01-24
100289,704,2025-01-19,delivered,card,,0.00,3690.00,2025-01-28
100290,943,2025-01-19,delivered,card,,0.00,10216.00,2025-01-22
100291,879,2025-01-19,delivered,card,,0.00,41470.00,2025-01-23
100292,78,2025-01-19,delivered,card,,0.00,1980.00,2025-01-22
100293,926,2025-01-19,returned,card,WELCOME10,549.00,4941.00,2025-01-20
100294,519,2025-01-19,delivered,card,,0.00,1629.00,2025-01-23
100295,133,2025-01-20,delivered,card,,0.00,2029.00,2025-01-24
100296,513,2025-01-20,delivered,card,,0.00,15180.00,2025-01-28
100297,426,2025-01-20,returned,card,,0.00,15189.00,2025-01-23
100298,142,2025-01-20,delivered,card,,0.00,11270.00,2025-01-24
100299,845,2025-01-20,delivered,card,,0.00,5080.00,2025-01-25
100300,162,2025-01-20,delivered,sbp,,0.00,5570.00,2025-01-26
100301,888,2025-01-20,delivered,card,,0.00,2380.00,2025-01-25
100302,237,2025-01-20,returned,card,,0.00,10590.00,2025-01-28
100303,700,2025-01-20,delivered,card,,0.00,909.00,2025-01-25
100304,532,2025-01-20,delivered,card,,0.00,2290.00,2025-01-23
100305,146,2025-01-20,delivered,card,,0.00,11599.00,2025-01-26
100306,335,2025-01-20,delivered,cash,,0.00,3316.00,2025-01-22
100307,463,2025-01-20,delivered,card,,0.00,1638.00,2025-01-23
100308,20,2025-01-20,delivered,card,,0.00,7390.00,2025-01-23
100309,378,2025-01-20,delivered,cash,,0.00,11570.00,2025-01-25
100310,304,2025-01-20,delivered,card,,0.00,10580.00,2025-01-23
100311,907,2025-01-20,delivered,card,,0.00,1297.00,2025-01-22
100312,537,2025-01-20,delivered,card,,0.00,2990.00,2025-01-25
100313,471,2025-01-20,delivered,cash,,0.00,4068.00,2025-01-23
100314,52,2025-01-20,delivered,card,,0.00,2290.00,2025-01-24
100315,916,2025-01-20,delivered,cash,,0.00,7390.00,2025-01-26
100316,263,2025-01-20,delivered,card,,0.00,10819.00,2025-01-22
100317,490,2025-01-20,delivered,card,,0.00,3380.00,2025-01-24
100318,942,2025-01-20,delivered,sbp,,0.00,4477.00,2025-01-24
100319,532,2025-01-20,delivered,sbp,,0.00,8380.00,2025-01-26
100320,395,2025-01-20,delivered,card,,0.00,17780.00,2025-01-26
100321,475,2025-01-21,delivered,card,,0.00,10660.00,2025-01-25
100322,475,2025-01-21,delivered,card,,0.00,7309.00,2025-01-23
100323,532,2025-01-21,delivered,card,,0.00,819.00,2025-01-25
100324,271,2025-01-21,delivered,card,,0.00,15519.00,2025-01-25
100325,481,2025-01-21,delivered,sbp,,0.00,1190.00,2025-01-27
100326,270,2025-01-21,delivered,card,,0.00,25790.00,2025-01-25
100327,947,2025-01-21,delivered,sbp,FRIEND300,300.00,3880.00,2025-01-25
100328,121,2025-01-21,delivered,card,,0.00,2290.00,2025-01-25
100329,307,2025-01-21,delivered,card,,0.00,1690.00,2025-01-25
100330,220,2025-01-21,delivered,cash,,0.00,4590.00,2025-01-23
100331,74,2025-01-21,delivered,card,,0.00,2580.00,2025-01-26
100332,842,2025-01-21,delivered,card,,0.00,1328.00,2025-01-23
100333,51,2025-01-21,delivered,card,,0.00,2109.00,2025-01-25
100334,709,2025-01-21,delivered,cash,,0.00,1638.00,2025-01-22
100335,413,2025-01-21,delivered,card,,0.00,10180.00,2025-01-24
100336,410,2025-01-21,delivered,card,,0.00,9190.00,2025-01-23
100337,523,2025-01-21,delivered,card,,0.00,5229.00,2025-01-26
100338,752,2025-01-21,delivered,sbp,,0.00,3770.00,2025-01-24
100339,3,2025-01-22,delivered,card,,0.00,5390.00,2025-01-27
100340,802,2025-01-22,delivered,card,,0.00,1458.00,2025-01-24
100341,581,2025-01-22,delivered,card,,0.00,9180.00,2025-01-24
100342,654,2025-01-22,delivered,cash,,0.00,9519.00,2025-01-26
100343,802,2025-01-22,delivered,card,,0.00,15690.00,2025-01-25
100344,106,2025-01-22,delivered,card,,0.00,120809.00,2025-01-25
100345,557,2025-01-22,delivered,card,,0.00,127570.00,2025-01-30
100346,836,2025-01-22,delivered,cash,,0.00,2790.00,2025-01-26
100347,473,2025-01-22,delivered,card,,0.00,7390.00,2025-01-25
100348,256,2025-01-22,delivered,cash,,0.00,2990.00,2025-01-26
100349,590,2025-01-22,delivered,card,,0.00,2780.00,2025-01-28
100350,951,2025-01-22,delivered,card,WELCOME10,1000.00,12560.00,2025-01-25
100351,812,2025-01-22,delivered,card,,0.00,9190.00,2025-01-28
100352,924,2025-01-22,delivered,cash,,0.00,1790.00,2025-01-28
100353,532,2025-01-23,returned,card,,0.00,5980.00,2025-01-28
100354,433,2025-01-23,delivered,card,,0.00,4590.00,2025-02-02
100355,353,2025-01-23,delivered,sbp,,0.00,3190.00,2025-01-27
100356,140,2025-01-23,delivered,card,,0.00,990.00,2025-01-29
100357,449,2025-01-23,delivered,sbp,,0.00,11090.00,2025-01-29
100358,378,2025-01-23,delivered,card,,0.00,6309.00,2025-01-30
100359,953,2025-01-23,delivered,card,,0.00,2790.00,2025-01-27
100360,522,2025-01-23,delivered,card,,0.00,819.00,2025-01-25
100361,211,2025-01-23,delivered,card,,0.00,34190.00,2025-01-29
100362,955,2025-01-23,delivered,card,,0.00,66389.00,2025-01-26
100363,802,2025-01-23,delivered,sbp,,0.00,5390.00,2025-01-25
100364,197,2025-01-23,delivered,card,,0.00,7390.00,2025-01-27
100365,332,2025-01-23,delivered,card,,0.00,34060.00,2025-01-26
100366,167,2025-01-23,delivered,card,,0.00,11549.00,2025-01-26
100367,87,2025-01-23,delivered,card,,0.00,2780.00,2025-02-01
100368,594,2025-01-23,delivered,card,,0.00,8968.00,2025-01-24
100369,221,2025-01-24,delivered,card,,0.00,909.00,2025-01-26
100370,614,2025-01-24,delivered,card,,0.00,3729.00,2025-01-27
100371,203,2025-01-24,delivered,sbp,,0.00,7777.00,2025-01-25
100372,162,2025-01-24,delivered,card,,0.00,9980.00,2025-01-28
100373,473,2025-01-24,delivered,card,,0.00,9180.00,2025-01-26
100374,682,2025-01-24,delivered,card,,0.00,4390.00,2025-01-26
100375,417,2025-01-24,delivered,cash,,0.00,898.00,2025-01-27
100376,413,2025-01-24,delivered,card,,0.00,51680.00,2025-01-28
100377,442,2025-01-24,cancelled,card,,0.00,65689.00,
100378,292,2025-01-24,delivered,card,,0.00,4180.00,2025-01-31
100379,532,2025-01-24,delivered,card,,0.00,7067.00,2025-01-29
100380,623,2025-01-24,delivered,card,,0.00,4590.00,2025-01-26
100381,428,2025-01-24,delivered,card,,0.00,4780.00,2025-01-28
100382,952,2025-01-24,delivered,card,,0.00,449.00,2025-01-26
100383,250,2025-01-25,delivered,card,,0.00,67799.00,2025-01-27
100384,800,2025-01-25,cancelled,cash,,0.00,6490.00,
100385,499,2025-01-25,cancelled,card,,0.00,10090.00,
100386,729,2025-01-25,delivered,sbp,,0.00,13699.00,2025-01-29
100387,511,2025-01-25,delivered,card,,0.00,2790.00,2025-01-28
100388,798,2025-01-25,delivered,card,,0.00,1886.00,2025-01-29
100389,756,2025-01-25,delivered,card,,0.00,4590.00,2025-01-30
100390,728,2025-01-25,cancelled,card,,0.00,15137.00,
100391,588,2025-01-25,returned,card,,0.00,15009.00,2025-01-27
100392,808,2025-01-25,delivered,card,,0.00,20280.00,2025-01-30
100393,671,2025-01-25,delivered,card,,0.00,13880.00,2025-01-28
100394,402,2025-01-25,returned,card,,0.00,25370.00,2025-02-02
100395,97,2025-01-25,delivered,card,,0.00,2090.00,2025-01-27
100396,616,2025-01-25,delivered,card,,0.00,2290.00,2025-01-26
100397,469,2025-01-25,delivered,cash,,0.00,1690.00,2025-01-27
100398,960,2025-01-25,delivered,card,FRIEND300,300.00,7090.00,2025-01-27
100399,728,2025-01-25,delivered,card,,0.00,3709.00,2025-02-03
100400,939,2025-01-26,delivered,card,,0.00,29990.00,2025-02-01
100401,515,2025-01-26,delivered,card,,0.00,71580.00,2025-01-27
100402,574,2025-01-26,delivered,sbp,,0.00,1390.00,2025-01-28
100403,534,2025-01-26,delivered,card,,0.00,5980.00,2025-01-29
100404,578,2025-01-26,delivered,cash,,0.00,4489.00,2025-01-30
100405,894,2025-01-26,delivered,sbp,,0.00,2890.00,2025-01-28
100406,661,2025-01-26,delivered,card,,0.00,1078.00,2025-01-31
100407,422,2025-01-26,delivered,card,,0.00,1190.00,2025-01-28
100408,378,2025-01-26,delivered,card,,0.00,13438.00,2025-02-04
100409,958,2025-01-26,delivered,cash,WELCOME10,179.00,1611.00,2025-01-30
100410,593,2025-01-26,delivered,card,,0.00,4047.00,2025-02-02
100411,121,2025-01-26,delivered,card,,0.00,1078.00,2025-01-31
100412,264,2025-01-26,delivered,card,,0.00,17129.00,2025-01-31
100413,587,2025-01-26,delivered,sbp,,0.00,49609.00,2025-02-03
100414,498,2025-01-26,delivered,card,,0.00,739.00,2025-02-01
100415,610,2025-01-26,delivered,card,,0.00,6890.00,2025-02-04
100416,760,2025-01-27,delivered,card,,0.00,20068.00,2025-02-01
100417,499,2025-01-27,delivered,card,,0.00,23090.00,2025-02-04
100418,773,2025-01-27,delivered,sbp,,0.00,990.00,2025-01-31
100419,270,2025-01-27,cancelled,card,,0.00,919.00,
100420,938,2025-01-27,delivered,card,WELCOME10,1000.00,38690.00,2025-02-01
100421,842,2025-01-27,delivered,card,,0.00,9028.00,2025-01-28
100422,702,2025-01-27,delivered,card,,0.00,31308.00,2025-02-01
100423,189,2025-01-27,delivered,card,,0.00,15690.00,2025-01-30
100424,950,2025-01-27,delivered,card,,0.00,18180.00,2025-02-01
100425,229,2025-01-27,delivered,card,,0.00,8070.00,2025-01-31
100426,651,2025-01-27,delivered,cash,,0.00,34190.00,2025-01-30
100427,950,2025-01-27,delivered,card,,0.00,46919.00,2025-01-31
100428,587,2025-01-27,delivered,sbp,,0.00,459.00,2025-02-06
100429,957,2025-01-27,cancelled,card,,0.00,5390.00,
100430,153,2025-01-27,delivered,card,,0.00,3690.00,2025-01-31
100431,656,2025-01-27,delivered,card,,0.00,2990.00,2025-01-31
100432,939,2025-01-27,delivered,card,,0.00,6890.00,2025-01-31
100433,16,2025-01-27,delivered,card,,0.00,13870.00,2025-01-28
100434,661,2025-01-28,delivered,card,,0.00,7380.00,2025-01-31
100435,939,2025-01-28,cancelled,card,,0.00,6890.00,
100436,964,2025-01-28,cancelled,cash,,0.00,59990.00,
100437,852,2025-01-28,returned,cash,,0.00,7170.00,2025-01-31
100438,480,2025-01-28,delivered,card,,0.00,4180.00,2025-01-30
100439,361,2025-01-28,cancelled,cash,,0.00,12870.00,
100440,525,2025-01-28,delivered,sbp,,0.00,7980.00,2025-02-01
100441,869,2025-01-28,delivered,sbp,,0.00,2990.00,2025-01-30
100442,949,2025-01-28,delivered,card,WELCOME10,459.00,4131.00,2025-02-02
100443,789,2025-01-28,delivered,card,,0.00,990.00,2025-02-02
100444,725,2025-01-28,delivered,card,,0.00,2556.00,2025-01-29
100445,649,2025-01-28,delivered,card,,0.00,46190.00,2025-02-02
100446,594,2025-01-28,delivered,card,,0.00,19960.00,2025-01-30
100447,971,2025-01-28,delivered,card,,0.00,1647.00,2025-01-29
100448,971,2025-01-28,delivered,card,WELCOME10,639.90,5759.10,2025-01-29
100449,844,2025-01-28,delivered,sbp,,0.00,459.00,2025-01-31
100450,733,2025-01-28,delivered,sbp,,0.00,549.00,2025-02-02
100451,153,2025-01-28,delivered,card,,0.00,2290.00,2025-01-31
100452,314,2025-01-28,delivered,sbp,,0.00,8070.00,2025-02-04
100453,507,2025-01-29,delivered,sbp,,0.00,13370.00,2025-02-02
100454,490,2025-01-29,delivered,card,,0.00,2090.00,2025-02-01
100455,934,2025-01-29,delivered,card,,0.00,4590.00,2025-02-03
100456,973,2025-01-29,delivered,card,,0.00,38760.00,2025-02-03
100457,862,2025-01-29,delivered,sbp,,0.00,60090.00,2025-02-01
100458,969,2025-01-29,delivered,card,,0.00,11319.00,2025-02-04
100459,824,2025-01-29,delivered,card,,0.00,33109.00,2025-01-31
100460,347,2025-01-29,delivered,card,,0.00,549.00,2025-02-04
100461,172,2025-01-29,delivered,card,,0.00,9208.00,2025-01-30
100462,615,2025-01-29,delivered,card,,0.00,4429.00,2025-01-30
100463,452,2025-01-29,delivered,cash,,0.00,549.00,2025-02-02
100464,532,2025-01-29,delivered,card,,0.00,2790.00,2025-02-01
100465,581,2025-01-29,delivered,cash,,0.00,898.00,2025-01-31
100466,921,2025-01-29,delivered,card,,0.00,11488.00,2025-01-31
100467,1,2025-01-29,delivered,cash,,0.00,1638.00,2025-02-01
100468,502,2025-01-29,delivered,card,,0.00,1790.00,2025-01-31
100469,836,2025-01-29,delivered,card,,0.00,15837.00,2025-02-02
100470,963,2025-01-29,delivered,card,,0.00,2829.00,2025-01-30
100471,110,2025-01-29,delivered,card,,0.00,549.00,2025-02-04
100472,962,2025-01-29,delivered,card,,0.00,5990.00,2025-02-01
100473,472,2025-01-30,delivered,cash,,0.00,6490.00,2025-02-02
100474,705,2025-01-30,delivered,card,,0.00,7727.00,2025-02-02
100475,352,2025-01-30,cancelled,cash,,0.00,1478.00,
100476,250,2025-01-30,delivered,card,,0.00,4590.00,2025-02-01
100477,84,2025-01-30,delivered,sbp,,0.00,7380.00,2025-02-06
100478,482,2025-01-30,cancelled,cash,,0.00,919.00,
100479,805,2025-01-30,delivered,cash,,0.00,838.00,2025-01-31
100480,714,2025-01-30,delivered,card,,0.00,819.00,2025-02-03
100481,278,2025-01-30,delivered,card,,0.00,27050.00,2025-02-01
100482,937,2025-01-30,delivered,card,,0.00,9180.00,2025-02-07
100483,628,2025-01-30,delivered,card,,0.00,990.00,2025-02-01
100484,978,2025-01-30,delivered,card,WELCOME10,1000.00,16688.00,2025-02-03
100485,977,2025-01-30,returned,card,,0.00,15670.00,2025-02-08
100486,706,2025-01-31,delivered,card,,0.00,16889.00,2025-02-07
100487,426,2025-01-31,delivered,card,,0.00,369.00,2025-02-06
100488,976,2025-01-31,delivered,sbp,,0.00,20290.00,2025-02-09
100489,184,2025-01-31,delivered,card,,0.00,11090.00,2025-02-10
100490,128,2025-01-31,delivered,card,,0.00,2090.00,2025-02-05
100491,528,2025-01-31,cancelled,cash,,0.00,1278.00,
100492,975,2025-01-31,delivered,cash,FRIEND300,300.00,1990.00,2025-02-03
100493,515,2025-01-31,delivered,card,,0.00,449.00,2025-02-02
100494,906,2025-01-31,delivered,card,,0.00,10190.00,2025-02-01
100495,932,2025-01-31,delivered,card,WELCOME10,147.80,1330.20,2025-02-05
100496,639,2025-01-31,delivered,card,,0.00,60090.00,2025-02-05
100497,606,2025-01-31,delivered,card,,0.00,87790.00,2025-02-03
100498,934,2025-01-31,returned,cash,,0.00,1478.00,2025-02-05
100499,857,2025-02-01,delivered,cash,,0.00,2090.00,2025-02-02
100500,875,2025-02-01,delivered,card,,0.00,12399.00,2025-02-05
100501,31,2025-02-01,delivered,sbp,,0.00,8770.00,2025-02-06
100502,270,2025-02-01,cancelled,sbp,,0.00,8408.00,
100503,109,2025-02-01,delivered,cash,,0.00,10190.00,2025-02-10
100504,509,2025-02-01,delivered,card,,0.00,639.00,2025-02-05
100505,32,2025-02-01,delivered,card,,0.00,4590.00,2025-02-03
100506,388,2025-02-01,delivered,card,,0.00,31180.00,2025-02-04
100507,599,2025-02-01,delivered,sbp,,0.00,1638.00,2025-02-04
100508,990,2025-02-01,delivered,cash,WELCOME10,145.80,1312.20,2025-02-03
100509,923,2025-02-01,delivered,card,,0.00,71689.00,2025-02-11
100510,532,2025-02-01,delivered,card,,0.00,8767.00,2025-02-06
100511,753,2025-02-01,delivered,card,,0.00,3467.00,2025-02-10
100512,354,2025-02-01,delivered,sbp,,0.00,46929.00,2025-02-04
100513,523,2025-02-01,delivered,sbp,,0.00,1390.00,2025-02-03
100514,719,2025-02-01,delivered,card,,0.00,20290.00,2025-02-05
100515,979,2025-02-01,delivered,sbp,WELCOME10,557.00,5013.00,2025-02-04
100516,154,2025-02-01,delivered,card,,0.00,819.00,2025-02-05
100517,991,2025-02-01,delivered,cash,,0.00,4999.00,2025-02-04
100518,483,2025-02-02,delivered,card,,0.00,11360.00,2025-02-11
100519,540,2025-02-02,delivered,card,,0.00,10570.00,2025-02-04
100520,331,2025-02-02,delivered,card,,0.00,12470.00,2025-02-04
100521,253,2025-02-02,delivered,card,,0.00,9680.00,2025-02-10
100522,617,2025-02-02,delivered,sbp,,0.00,1390.00,2025-02-08
100523,513,2025-02-02,cancelled,cash,,0.00,25908.00,
100524,559,2025-02-02,delivered,cash,,0.00,84670.00,2025-02-08
100525,214,2025-02-02,delivered,cash,,0.00,819.00,2025-02-03
100526,96,2025-02-02,delivered,card,,0.00,6970.00,2025-02-03
100527,665,2025-02-02,delivered,card,,0.00,1098.00,2025-02-08
100528,837,2025-02-02,delivered,card,,0.00,11870.00,2025-02-03
100529,53,2025-02-03,delivered,card,,0.00,2008.00,2025-02-07
100530,985,2025-02-03,delivered,card,,0.00,3359.00,2025-02-06
100531,958,2025-02-03,returned,card,,0.00,819.00,2025-02-09
100532,946,2025-02-03,delivered,card,,0.00,8380.00,2025-02-05
100533,469,2025-02-03,delivered,card,,0.00,6890.00,2025-02-05
100534,106,2025-02-03,delivered,card,,0.00,1190.00,2025-02-08
100535,958,2025-02-03,delivered,card,,0.00,25890.00,2025-02-08
100536,412,2025-02-03,delivered,card,,0.00,5380.00,2025-02-07
100537,322,2025-02-03,delivered,card,,0.00,639.00,2025-02-07
100538,52,2025-02-03,delivered,card,,0.00,1638.00,2025-02-09
100539,195,2025-02-03,delivered,card,,0.00,16590.00,2025-02-08
100540,993,2025-02-03,delivered,card,,0.00,639.00,2025-02-08
100541,135,2025-02-03,delivered,card,,0.00,639.00,2025-02-06
100542,909,2025-02-03,cancelled,card,,0.00,919.00,
100543,796,2025-02-03,delivered,card,,0.00,55589.00,2025-02-04
100544,131,2025-02-04,delivered,cash,,0.00,868.00,2025-02-07
100545,175,2025-02-04,cancelled,sbp,,0.00,1638.00,
100546,982,2025-02-04,delivered,card,,0.00,152580.00,2025-02-06
100547,643,2025-02-04,cancelled,card,,0.00,6380.00,
100548,184,2025-02-04,delivered,card,,0.00,2457.00,2025-02-10
100549,56,2025-02-04,delivered,card,,0.00,2790.00,2025-02-07
100550,194,2025-02-04,delivered,card,,0.00,2990.00,2025-02-07
100551,705,2025-02-04,returned,card,,0.00,6890.00,2025-02-07
100552,705,2025-02-04,delivered,sbp,,0.00,17818.00,2025-02-07
100553,682,2025-02-04,cancelled,cash,,0.00,3190.00,
100554,580,2025-02-04,returned,card,,0.00,8626.00,2025-02-07
100555,49,2025-02-04,delivered,card,,0.00,419.00,2025-02-11
100556,251,2025-02-04,delivered,card,,0.00,34190.00,2025-02-10
100557,448,2025-02-04,delivered,card,,0.00,2790.00,2025-02-07
100558,537,2025-02-05,delivered,card,,0.00,3190.00,2025-02-11
100559,509,2025-02-05,delivered,cash,,0.00,17009.00,2025-02-09
100560,364,2025-02-05,delivered,card,,0.00,10590.00,2025-02-15
100561,714,2025-02-05,delivered,sbp,,0.00,4590.00,2025-02-09
100562,122,2025-02-05,returned,card,,0.00,5847.00,2025-02-09
100563,852,2025-02-05,delivered,card,,0.00,8037.00,2025-02-07
100564,497,2025-02-05,delivered,sbp,,0.00,2090.00,2025-02-08
100565,487,2025-02-05,cancelled,sbp,,0.00,7380.00,
100566,990,2025-02-05,delivered,card,,0.00,16190.00,2025-02-07
100567,986,2025-02-05,delivered,card,,0.00,1838.00,2025-02-11
100568,1002,2025-02-05,delivered,sbp,WELCOME10,689.00,6201.00,2025-02-14
100569,343,2025-02-05,delivered,card,,0.00,13170.00,2025-02-08
100570,998,2025-02-06,delivered,card,,0.00,6490.00,2025-02-12
100571,613,2025-02-06,delivered,card,,0.00,13770.00,2025-02-08
100572,1001,2025-02-06,delivered,sbp,,0.00,2290.00,2025-02-12
100573,532,2025-02-06,delivered,card,,0.00,2709.00,2025-02-09
100574,996,2025-02-06,returned,card,FRIEND300,300.00,2890.00,2025-02-08
100575,995,2025-02-06,delivered,sbp,WELCOME10,559.90,5039.10,2025-02-09
100576,966,2025-02-06,delivered,card,FRIEND300,300.00,39949.00,2025-02-16
100577,566,2025-02-06,delivered,card,,0.00,10590.00,2025-02-12
100578,994,2025-02-06,delivered,card,WELCOME10,169.00,1521.00,2025-02-11
100579,967,2025-02-06,delivered,sbp,WELCOME10,1000.00,10235.00,2025-02-14
100580,725,2025-02-06,delivered,card,,0.00,2457.00,2025-02-08
100581,394,2025-02-06,delivered,sbp,,0.00,639.00,2025-02-08
100582,633,2025-02-07,delivered,card,,0.00,1638.00,2025-02-10
100583,1006,2025-02-07,delivered,card,WELCOME10,1000.00,10990.00,2025-02-10
100584,311,2025-02-07,delivered,card,,0.00,8678.00,2025-02-10
100585,250,2025-02-07,delivered,card,,0.00,1390.00,2025-02-10
100586,852,2025-02-07,delivered,card,,0.00,5980.00,2025-02-10
100587,333,2025-02-07,delivered,cash,,0.00,1990.00,2025-02-11
100588,614,2025-02-07,delivered,sbp,,0.00,20070.00,2025-02-10
100589,766,2025-02-07,delivered,card,,0.00,3368.00,2025-02-10
100590,1000,2025-02-07,delivered,card,,0.00,2828.00,2025-02-11
100591,984,2025-02-07,delivered,card,,0.00,10099.00,2025-02-13
100592,719,2025-02-07,delivered,card,,0.00,1790.00,2025-02-13
100593,537,2025-02-07,delivered,card,,0.00,20570.00,2025-02-13
100594,774,2025-02-07,delivered,card,,0.00,62180.00,2025-02-17
100595,282,2025-02-07,returned,card,,0.00,4987.00,2025-02-08
100596,742,2025-02-07,returned,cash,,0.00,1917.00,2025-02-12
100597,270,2025-02-07,delivered,card,,0.00,23180.00,2025-02-10
100598,925,2025-02-08,delivered,card,FRIEND300,300.00,14289.00,2025-02-10
100599,157,2025-02-08,delivered,sbp,,0.00,3690.00,2025-02-10
100600,29,2025-02-08,delivered,card,,0.00,7506.00,2025-02-11
100601,670,2025-02-08,delivered,card,,0.00,369.00,2025-02-12
100602,91,2025-02-08,delivered,card,,0.00,6539.00,2025-02-12
100603,433,2025-02-08,delivered,card,,0.00,13268.00,2025-02-15
100604,566,2025-02-08,delivered,card,,0.00,639.00,2025-02-13
100605,270,2025-02-08,delivered,card,,0.00,9670.00,2025-02-13
100606,822,2025-02-08,delivered,card,,0.00,17499.00,2025-02-12
100607,151,2025-02-08,cancelled,card,,0.00,10609.00,
100608,264,2025-02-08,delivered,card,,0.00,4590.00,2025-02-13
100609,891,2025-02-09,delivered,card,,0.00,2556.00,2025-02-12
100610,157,2025-02-09,delivered,card,,0.00,1638.00,2025-02-14
100611,854,2025-02-09,delivered,card,,0.00,2090.00,2025-02-12
100612,1004,2025-02-09,delivered,card,WELCOME10,139.00,1251.00,2025-02-15
100613,925,2025-02-09,delivered,card,,0.00,738.00,2025-02-12
100614,408,2025-02-09,delivered,card,,0.00,9470.00,2025-02-13
100615,799,2025-02-09,delivered,card,,0.00,102189.00,2025-02-14
100616,206,2025-02-09,delivered,card,,0.00,3019.00,2025-02-18
100617,672,2025-02-09,delivered,card,,0.00,3159.00,2025-02-16
100618,243,2025-02-09,cancelled,card,,0.00,2909.00,
100619,968,2025-02-09,delivered,card,,0.00,6619.00,2025-02-13
100620,476,2025-02-09,delivered,card,,0.00,2990.00,2025-02-13
100621,725,2025-02-09,delivered,card,,0.00,12880.00,2025-02-11
100622,126,2025-02-09,delivered,card,,0.00,9199.00,2025-02-15
100623,725,2025-02-09,delivered,card,,0.00,2290.00,2025-02-10
100624,914,2025-02-10,returned,card,,0.00,31070.00,2025-02-11
100625,1009,2025-02-10,returned,card,,0.00,2757.00,2025-02-12
100626,773,2025-02-10,delivered,card,,0.00,40470.00,2025-02-15
100627,1008,2025-02-10,delivered,card,,0.00,11090.00,2025-02-15
100628,229,2025-02-10,delivered,card,,0.00,40609.00,2025-02-14
100629,987,2025-02-10,delivered,card,,0.00,11090.00,2025-02-14
100630,1014,2025-02-10,delivered,card,WELCOME10,739.00,6651.00,2025-02-14
100631,942,2025-02-10,delivered,card,,0.00,369.00,2025-02-13
100632,401,2025-02-10,delivered,card,,0.00,34190.00,2025-02-13
100633,836,2025-02-10,delivered,card,,0.00,3090.00,2025-02-13
100634,173,2025-02-10,delivered,cash,,0.00,28150.00,2025-02-12
100635,449,2025-02-10,returned,card,,0.00,13770.00,2025-02-16
100636,20,2025-02-10,delivered,sbp,,0.00,5990.00,2025-02-14
100637,475,2025-02-10,cancelled,card,,0.00,85175.00,
100638,306,2025-02-11,delivered,card,,0.00,6728.00,2025-02-16
100639,269,2025-02-11,delivered,card,,0.00,2290.00,2025-02-13
100640,128,2025-02-11,delivered,card,,0.00,7370.00,2025-02-17
100641,563,2025-02-11,delivered,cash,,0.00,918.00,2025-02-15
100642,934,2025-02-11,returned,card,,0.00,1478.00,2025-02-15
100643,270,2025-02-11,delivered,card,,0.00,2780.00,2025-02-15
100644,333,2025-02-11,cancelled,card,,0.00,1390.00,
100645,448,2025-02-11,delivered,card,,0.00,18929.00,2025-02-14
100646,950,2025-02-11,delivered,card,,0.00,26060.00,2025-02-13
100647,960,2025-02-11,delivered,sbp,,0.00,2790.00,2025-02-14
100648,536,2025-02-11,delivered,card,,0.00,25890.00,2025-02-18
100649,356,2025-02-11,delivered,sbp,,0.00,6148.00,2025-02-21
100650,407,2025-02-11,delivered,sbp,,0.00,1287.00,2025-02-13
100651,408,2025-02-11,delivered,card,,0.00,1638.00,2025-02-16
100652,364,2025-02-11,delivered,card,,0.00,16258.00,2025-02-19
100653,1012,2025-02-12,delivered,card,,0.00,7180.00,2025-02-17
100654,772,2025-02-12,returned,sbp,,0.00,12270.00,2025-02-14
100655,935,2025-02-12,returned,card,WELCOME10,1000.00,15708.00,2025-02-21
100656,286,2025-02-12,delivered,cash,,0.00,30090.00,2025-02-19
100657,824,2025-02-12,delivered,card,,0.00,18680.00,2025-02-14
100658,831,2025-02-12,cancelled,card,,0.00,8319.00,
100659,845,2025-02-12,returned,card,,0.00,31250.00,2025-02-17
100660,595,2025-02-12,delivered,card,,0.00,16509.00,2025-02-21
100661,333,2025-02-12,delivered,card,,0.00,9290.00,2025-02-21
100662,204,2025-02-12,delivered,cash,,0.00,1638.00,2025-02-15
100663,440,2025-02-12,delivered,card,,0.00,11990.00,2025-02-17
100664,547,2025-02-12,delivered,cash,,0.00,1638.00,2025-02-17
100665,855,2025-02-12,delivered,card,,0.00,13580.00,2025-02-13
100666,482,2025-02-12,delivered,sbp,,0.00,92296.00,2025-02-15
100667,931,2025-02-12,delivered,card,,0.00,4590.00,2025-02-16
100668,990,2025-02-12,delivered,card,,0.00,27060.00,2025-02-15
100669,78,2025-02-12,delivered,card,,0.00,3690.00,2025-02-13
100670,602,2025-02-12,delivered,sbp,,0.00,10089.00,2025-02-15
100671,719,2025-02-13,delivered,sbp,,0.00,8380.00,2025-02-19
100672,346,2025-02-13,delivered,card,,0.00,16599.00,2025-02-19
100673,73,2025-02-13,delivered,cash,,0.00,3109.00,2025-02-22
100674,404,2025-02-13,delivered,cash,,0.00,3370.00,2025-02-16
100675,302,2025-02-13,delivered,card,,0.00,1638.00,2025-02-19
100676,675,2025-02-13,delivered,card,,0.00,87990.00,2025-02-17
100677,343,2025-02-13,delivered,card,,0.00,7019.00,2025-02-16
100678,503,2025-02-13,delivered,sbp,,0.00,6890.00,2025-02-19
100679,616,2025-02-13,delivered,card,,0.00,858.00,2025-02-14
100680,243,2025-02-14,delivered,card,,0.00,19680.00,2025-02-18
100681,682,2025-02-14,delivered,card,,0.00,20390.00,2025-02-19
100682,760,2025-02-14,delivered,sbp,,0.00,2790.00,2025-02-22
100683,594,2025-02-14,delivered,cash,,0.00,71660.00,2025-02-15
100684,969,2025-02-14,delivered,card,,0.00,12490.00,2025-02-19
100685,994,2025-02-14,delivered,card,,0.00,4837.00,2025-02-17
100686,680,2025-02-14,delivered,card,,0.00,5090.00,2025-02-15
100687,83,2025-02-14,cancelled,card,,0.00,29168.00,
100688,1019,2025-02-14,delivered,sbp,,0.00,2790.00,2025-02-17
100689,570,2025-02-14,delivered,sbp,,0.00,14470.00,2025-02-19
100690,495,2025-02-14,delivered,card,,0.00,7370.00,2025-02-16
100691,313,2025-02-15,cancelled,card,,0.00,819.00,
100692,269,2025-02-15,delivered,sbp,,0.00,4190.00,2025-02-19
100693,1016,2025-02-15,delivered,card,WELCOME10,99.00,891.00,2025-02-17
100694,675,2025-02-15,delivered,card,,0.00,46290.00,2025-02-17
100695,857,2025-02-15,delivered,card,,0.00,11980.00,2025-02-16
100696,538,2025-02-15,delivered,card,,0.00,14780.00,2025-02-20
100697,426,2025-02-15,delivered,card,,0.00,739.00,2025-02-20
100698,892,2025-02-15,delivered,card,,0.00,8680.00,2025-02-17
100699,490,2025-02-15,delivered,cash,,0.00,4570.00,2025-02-19
100700,866,2025-02-15,delivered,sbp,,0.00,15690.00,2025-02-17
100701,269,2025-02-15,delivered,card,,0.00,929.00,2025-02-18
100702,237,2025-02-16,returned,card,,0.00,1390.00,2025-02-22
100703,226,2025-02-16,returned,cash,,0.00,10190.00,2025-02-19
100704,496,2025-02-16,delivered,card,,0.00,2790.00,2025-02-19
100705,523,2025-02-16,delivered,card,,0.00,13689.00,2025-02-18
100706,591,2025-02-16,delivered,card,,0.00,8599.00,2025-02-22
100707,708,2025-02-16,delivered,card,,0.00,12658.00,2025-02-19
100708,796,2025-02-16,delivered,cash,,0.00,13480.00,2025-02-17
100709,419,2025-02-16,delivered,cash,,0.00,9839.00,2025-02-19
100710,480,2025-02-16,delivered,card,,0.00,5090.00,2025-02-19
100711,282,2025-02-16,delivered,sbp,,0.00,2090.00,2025-02-17
100712,557,2025-02-16,delivered,card,,0.00,4590.00,2025-02-24
100713,409,2025-02-16,delivered,card,,0.00,3090.00,2025-02-21
100714,788,2025-02-16,delivered,card,,0.00,16690.00,2025-02-18
100715,680,2025-02-16,delivered,card,,0.00,8290.00,2025-02-19
100716,942,2025-02-16,delivered,sbp,,0.00,3928.00,2025-02-19
100717,1028,2025-02-17,delivered,card,,0.00,3190.00,2025-02-20
100718,1018,2025-02-17,delivered,card,WELCOME10,657.00,5913.00,2025-02-20
100719,426,2025-02-17,delivered,cash,,0.00,5490.00,2025-02-23
100720,501,2025-02-17,delivered,card,,0.00,3690.00,2025-02-21
100721,788,2025-02-17,delivered,card,,0.00,918.00,2025-02-19
100722,1021,2025-02-17,delivered,card,,0.00,12728.00,2025-02-26
100723,541,2025-02-17,delivered,card,,0.00,2790.00,2025-02-22
100724,921,2025-02-17,cancelled,sbp,,0.00,14980.00,
100725,1022,2025-02-17,delivered,cash,,0.00,15970.00,2025-02-19
100726,203,2025-02-17,delivered,card,,0.00,1390.00,2025-02-20
100727,532,2025-02-17,delivered,sbp,,0.00,919.00,2025-02-21
100728,1029,2025-02-17,delivered,sbp,FRIEND300,300.00,22890.00,2025-02-26
100729,82,2025-02-17,delivered,cash,,0.00,5209.00,2025-02-22
100730,187,2025-02-17,delivered,card,,0.00,3768.00,2025-02-24
100731,382,2025-02-17,delivered,card,,0.00,819.00,2025-02-27
100732,258,2025-02-17,delivered,card,,0.00,5090.00,2025-02-27
100733,1015,2025-02-18,delivered,card,,0.00,49919.00,2025-02-20
100734,537,2025-02-18,returned,cash,,0.00,429.00,2025-02-24
100735,1031,2025-02-18,delivered,card,,0.00,459.00,2025-02-21
100736,272,2025-02-18,delivered,card,,0.00,3190.00,2025-02-26
100737,184,2025-02-18,delivered,sbp,,0.00,549.00,2025-02-23
100738,827,2025-02-18,delivered,card,,0.00,12970.00,2025-02-22
100739,537,2025-02-18,delivered,sbp,,0.00,7390.00,2025-02-21
100740,537,2025-02-18,delivered,card,,0.00,36936.00,2025-02-23
100741,291,2025-02-18,delivered,sbp,,0.00,2690.00,2025-02-24
100742,168,2025-02-18,delivered,card,,0.00,16690.00,2025-02-19
100743,1015,2025-02-18,delivered,card,WELCOME10,447.00,4023.00,2025-02-23
100744,71,2025-02-18,delivered,cash,,0.00,9480.00,2025-02-20
100745,342,2025-02-18,returned,sbp,,0.00,6246.00,2025-02-21
100746,962,2025-02-18,delivered,cash,,0.00,459.00,2025-02-20
100747,280,2025-02-18,delivered,cash,,0.00,2090.00,2025-02-20
100748,435,2025-02-19,delivered,card,,0.00,6490.00,2025-02-22
100749,766,2025-02-19,delivered,cash,,0.00,23190.00,2025-02-24
100750,755,2025-02-19,delivered,card,,0.00,5490.00,2025-02-21
100751,469,2025-02-19,delivered,card,,0.00,1990.00,2025-02-22
100752,1020,2025-02-19,cancelled,card,,0.00,10070.00,
100753,184,2025-02-19,delivered,card,,0.00,5580.00,2025-02-23
100754,719,2025-02-19,delivered,card,,0.00,6970.00,2025-02-22
100755,1026,2025-02-19,delivered,sbp,WELCOME10,1000.00,11080.00,2025-02-22
100756,475,2025-02-19,delivered,cash,,0.00,3090.00,2025-02-24
100757,939,2025-02-19,delivered,card,,0.00,20390.00,2025-02-25
100758,281,2025-02-19,delivered,card,,0.00,2990.00,2025-02-22
100759,705,2025-02-19,delivered,card,,0.00,858.00,2025-02-25
100760,990,2025-02-20,delivered,card,,0.00,5709.00,2025-02-23
100761,232,2025-02-20,cancelled,cash,,0.00,1990.00,
100762,574,2025-02-20,delivered,card,,0.00,3780.00,2025-02-24
100763,1032,2025-02-20,delivered,card,,0.00,17880.00,2025-02-22
100764,967,2025-02-20,delivered,card,,0.00,1858.00,2025-02-28
100765,1025,2025-02-20,delivered,card,,0.00,9745.00,2025-02-23
100766,1034,2025-02-20,delivered,card,,0.00,10190.00,2025-02-21
100767,537,2025-02-20,delivered,card,,0.00,4880.00,2025-02-25
100768,408,2025-02-20,delivered,sbp,,0.00,5590.00,2025-02-25
100769,811,2025-02-20,cancelled,cash,,0.00,2790.00,
100770,866,2025-02-20,delivered,sbp,,0.00,12490.00,2025-02-23
100771,879,2025-02-20,cancelled,card,,0.00,8177.00,
100772,574,2025-02-20,delivered,card,,0.00,7380.00,2025-02-24
100773,159,2025-02-20,cancelled,sbp,,0.00,2090.00,
100774,532,2025-02-20,delivered,card,,0.00,829.00,2025-02-26
100775,264,2025-02-20,delivered,card,,0.00,3639.00,2025-02-23
100776,907,2025-02-20,delivered,card,,0.00,739.00,2025-02-22
100777,576,2025-02-20,delivered,cash,,0.00,3190.00,2025-02-23
100778,796,2025-02-20,delivered,card,,0.00,4870.00,2025-02-23
100779,51,2025-02-20,cancelled,card,,0.00,40719.00,
100780,133,2025-02-20,delivered,card,,0.00,369.00,2025-02-25
100781,749,2025-02-20,delivered,card,,0.00,7380.00,2025-02-21
100782,1036,2025-02-21,delivered,card,,0.00,1190.00,2025-02-24
100783,815,2025-02-21,delivered,cash,,0.00,6280.00,2025-02-24
100784,1038,2025-02-21,delivered,card,,0.00,4590.00,2025-02-23
100785,512,2025-02-21,delivered,card,,0.00,449.00,2025-02-28
100786,87,2025-02-21,delivered,card,,0.00,5409.00,2025-03-01
100787,391,2025-02-21,delivered,sbp,,0.00,6890.00,2025-02-26
100788,993,2025-02-21,delivered,sbp,,0.00,6890.00,2025-02-27
100789,916,2025-02-21,delivered,sbp,,0.00,3780.00,2025-03-03
100790,419,2025-02-21,delivered,cash,,0.00,6580.00,2025-02-23
100791,278,2025-02-21,delivered,sbp,,0.00,12797.00,2025-02-24
100792,286,2025-02-21,delivered,cash,,0.00,2090.00,2025-02-26
100793,473,2025-02-22,delivered,card,,0.00,829.00,2025-02-25
100794,106,2025-02-22,delivered,card,,0.00,2380.00,2025-02-25
100795,127,2025-02-22,delivered,card,,0.00,449.00,2025-02-26
100796,605,2025-02-22,delivered,card,,0.00,3580.00,2025-03-01
100797,1010,2025-02-22,delivered,card,,0.00,3090.00,2025-02-28
100798,594,2025-02-22,delivered,card,,0.00,7870.00,2025-02-25
100799,739,2025-02-22,delivered,cash,,0.00,3519.00,2025-02-25
100800,1030,2025-02-22,delivered,card,,0.00,7939.00,2025-02-25
100801,763,2025-02-22,delivered,cash,,0.00,1287.00,2025-02-28
100802,581,2025-02-22,delivered,card,,0.00,2290.00,2025-02-27
100803,247,2025-02-22,delivered,sbp,,0.00,739.00,2025-02-25
100804,128,2025-02-22,delivered,card,,0.00,60290.00,2025-02-26
100805,1041,2025-02-22,returned,card,WELCOME10,266.80,2401.20,2025-02-24
100806,796,2025-02-22,delivered,card,,0.00,739.00,2025-02-25
100807,154,2025-02-22,delivered,card,,0.00,62380.00,2025-02-28
100808,916,2025-02-22,delivered,card,,0.00,429.00,2025-03-02
100809,532,2025-02-23,delivered,card,,0.00,36360.00,2025-02-27
100810,499,2025-02-23,delivered,cash,,0.00,84480.00,2025-02-28
100811,993,2025-02-23,delivered,sbp,,0.00,929.00,2025-03-03
100812,606,2025-02-23,delivered,card,,0.00,3090.00,2025-02-25
100813,957,2025-02-23,delivered,card,,0.00,10638.00,2025-02-28
100814,609,2025-02-23,delivered,sbp,,0.00,549.00,2025-02-27
100815,165,2025-02-23,delivered,card,,0.00,1790.00,2025-02-25
100816,286,2025-02-23,delivered,card,,0.00,13580.00,2025-03-04
100817,70,2025-02-23,delivered,card,,0.00,6180.00,2025-02-26
100818,620,2025-02-23,returned,sbp,,0.00,3459.00,2025-02-26
100819,522,2025-02-23,delivered,sbp,,0.00,919.00,2025-02-24
100820,1047,2025-02-23,delivered,card,,0.00,729.00,2025-02-28
100821,107,2025-02-23,delivered,cash,,0.00,829.00,2025-02-24
100822,395,2025-02-23,delivered,card,,0.00,5580.00,2025-02-28
100823,751,2025-02-23,delivered,card,,0.00,4519.00,2025-02-28
100824,1045,2025-02-23,delivered,cash,WELCOME10,1000.00,12768.00,2025-02-26
100825,547,2025-02-23,delivered,sbp,,0.00,78890.00,2025-02-28
100826,622,2025-02-23,delivered,card,,0.00,6138.00,2025-02-28
100827,498,2025-02-23,delivered,sbp,,0.00,12490.00,2025-03-01
100828,1044,2025-02-23,delivered,card,,0.00,12270.00,2025-02-26
100829,661,2025-02-23,delivered,card,,0.00,41690.00,2025-02-25
100830,1042,2025-02-23,delivered,card,,0.00,2690.00,2025-02-28
100831,133,2025-02-23,delivered,card,,0.00,5090.00,2025-03-01
100832,460,2025-02-24,delivered,sbp,,0.00,829.00,2025-02-28
100833,256,2025-02-24,returned,card,,0.00,5519.00,2025-02-28
100834,867,2025-02-24,delivered,sbp,,0.00,4580.00,2025-03-05
100835,1051,2025-02-24,delivered,sbp,,0.00,858.00,2025-02-25
100836,386,2025-02-24,delivered,cash,,0.00,929.00,2025-03-06
100837,644,2025-02-24,delivered,card,,0.00,3090.00,2025-02-27
100838,448,2025-02-24,delivered,sbp,,0.00,5307.00,2025-03-01
100839,241,2025-02-24,delivered,sbp,,0.00,3028.00,2025-02-28
100840,437,2025-02-24,delivered,card,,0.00,5419.00,2025-02-28
100841,725,2025-02-24,delivered,card,,0.00,5599.00,2025-02-25
100842,465,2025-02-24,cancelled,card,,0.00,15790.00,
100843,245,2025-02-24,delivered,cash,,0.00,2780.00,2025-03-01
100844,1048,2025-02-24,delivered,sbp,,0.00,1478.00,2025-03-05
100845,51,2025-02-24,delivered,sbp,,0.00,3090.00,2025-02-28
100846,145,2025-02-24,delivered,card,,0.00,38870.00,2025-03-04
100847,157,2025-02-24,delivered,card,,0.00,45890.00,2025-02-27
100848,866,2025-02-25,delivered,cash,,0.00,639.00,2025-02-26
100849,18,2025-02-25,delivered,sbp,,0.00,13367.00,2025-02-28
100850,395,2025-02-25,delivered,card,,0.00,2290.00,2025-02-28
100851,988,2025-02-25,delivered,card,,0.00,3829.00,2025-02-28
100852,467,2025-02-25,delivered,card,,0.00,15790.00,2025-03-06
100853,547,2025-02-25,delivered,card,,0.00,84819.00,2025-02-28
100854,88,2025-02-25,delivered,card,,0.00,16690.00,2025-02-26
100855,25,2025-02-25,delivered,card,,0.00,1639.00,2025-02-28
100856,993,2025-02-25,delivered,card,,0.00,2919.00,2025-03-03
100857,106,2025-02-25,delivered,card,,0.00,32309.00,2025-02-28
100858,1042,2025-02-25,delivered,card,,0.00,11090.00,2025-03-03
100859,599,2025-02-25,delivered,card,,0.00,7938.00,2025-02-28
100860,653,2025-02-26,delivered,card,,0.00,4380.00,2025-03-01
100861,747,2025-02-26,delivered,cash,,0.00,5580.00,2025-03-08
100862,915,2025-02-26,delivered,card,,0.00,4590.00,2025-02-28
100863,615,2025-02-26,delivered,card,,0.00,16168.00,2025-03-01
100864,322,2025-02-26,delivered,card,,0.00,4190.00,2025-02-28
100865,313,2025-02-26,delivered,cash,,0.00,4080.00,2025-03-01
100866,31,2025-02-26,delivered,sbp,,0.00,3090.00,2025-03-05
100867,166,2025-02-26,delivered,card,,0.00,4180.00,2025-03-02
100868,621,2025-02-26,delivered,card,,0.00,48248.00,2025-02-27
100869,288,2025-02-26,delivered,sbp,,0.00,1658.00,2025-02-28
100870,201,2025-02-26,delivered,card,,0.00,9309.00,2025-02-27
100871,1023,2025-02-26,delivered,card,,0.00,3864.00,2025-03-01
100872,460,2025-02-26,cancelled,card,,0.00,49190.00,
100873,1043,2025-02-26,delivered,card,,0.00,7390.00,2025-03-05
100874,276,2025-02-26,cancelled,card,,0.00,24119.00,
100875,337,2025-02-27,delivered,sbp,,0.00,33670.00,2025-03-01
100876,194,2025-02-27,delivered,card,,0.00,2790.00,2025-03-02
100877,832,2025-02-27,delivered,card,,0.00,5070.00,2025-03-03
100878,819,2025-02-27,delivered,card,,0.00,829.00,2025-03-02
100879,1046,2025-02-27,delivered,sbp,,0.00,15370.00,2025-03-05
100880,670,2025-02-27,delivered,card,,0.00,6748.00,2025-03-05
100881,473,2025-02-27,delivered,sbp,,0.00,2790.00,2025-03-02
100882,993,2025-02-27,cancelled,card,,0.00,1790.00,
100883,808,2025-02-27,delivered,cash,,0.00,449.00,2025-03-04
100884,409,2025-02-27,delivered,cash,,0.00,2290.00,2025-03-03
100885,442,2025-02-27,cancelled,cash,,0.00,6490.00,
100886,798,2025-02-27,delivered,card,,0.00,5590.00,2025-03-04
100887,775,2025-02-27,delivered,card,,0.00,2659.00,2025-03-02
100888,1061,2025-02-27,delivered,card,,0.00,829.00,2025-03-03
100889,773,2025-02-27,delivered,card,,0.00,2290.00,2025-03-08
100890,352,2025-02-28,delivered,sbp,,0.00,5299.00,2025-03-02
100891,499,2025-02-28,delivered,card,,0.00,1390.00,2025-03-09
100892,298,2025-02-28,delivered,card,,0.00,10690.00,2025-03-03
100893,195,2025-02-28,delivered,card,,0.00,14760.00,2025-03-03
100894,1065,2025-02-28,delivered,sbp,WELCOME10,63.90,575.10,2025-03-02
100895,618,2025-02-28,delivered,card,,0.00,60290.00,2025-03-03
100896,1064,2025-02-28,delivered,sbp,WELCOME10,319.00,2871.00,2025-03-05
100897,984,2025-02-28,delivered,cash,,0.00,3090.00,2025-03-05
100898,845,2025-02-28,delivered,card,,0.00,829.00,2025-03-02
100899,442,2025-02-28,cancelled,card,,0.00,46390.00,
100900,606,2025-02-28,delivered,card,,0.00,39890.00,2025-03-01
100901,311,2025-02-28,delivered,card,,0.00,7567.00,2025-03-02
100902,840,2025-02-28,delivered,cash,,0.00,7760.00,2025-03-01
100903,1068,2025-03-01,delivered,card,,0.00,5317.00,2025-03-06
100904,408,2025-03-01,delivered,card,,0.00,9480.00,2025-03-06
100905,719,2025-03-01,delivered,sbp,,0.00,82638.00,2025-03-04
100906,374,2025-03-01,delivered,sbp,,0.00,858.00,2025-03-03
100907,984,2025-03-01,delivered,card,,0.00,21580.00,2025-03-06
100908,742,2025-03-01,cancelled,card,,0.00,6490.00,
100909,1055,2025-03-01,delivered,card,,0.00,4180.00,2025-03-03
100910,313,2025-03-01,delivered,sbp,,0.00,2049.00,2025-03-04
100911,1067,2025-03-01,delivered,cash,,0.00,23190.00,2025-03-03
100912,845,2025-03-01,delivered,sbp,,0.00,6370.00,2025-03-06
100913,990,2025-03-01,delivered,card,,0.00,829.00,2025-03-04
100914,798,2025-03-01,delivered,card,,0.00,120690.00,2025-03-05
100915,1055,2025-03-01,delivered,card,,0.00,5490.00,2025-03-04
100916,338,2025-03-01,cancelled,card,,0.00,3749.00,
100917,520,2025-03-01,delivered,card,,0.00,990.00,2025-03-09
100918,119,2025-03-01,delivered,sbp,,0.00,11090.00,2025-03-04
100919,1062,2025-03-01,delivered,card,,0.00,4590.00,2025-03-09
100920,728,2025-03-01,cancelled,cash,,0.00,3690.00,
100921,349,2025-03-01,delivered,cash,,0.00,64980.00,2025-03-03
100922,875,2025-03-01,delivered,card,,0.00,6880.00,2025-03-07
100923,597,2025-03-01,delivered,card,,0.00,3690.00,2025-03-06
100924,819,2025-03-01,delivered,card,,0.00,1190.00,2025-03-03
100925,1,2025-03-01,delivered,cash,,0.00,2090.00,2025-03-02
100926,815,2025-03-02,delivered,sbp,,0.00,1090.00,2025-03-05
100927,435,2025-03-02,delivered,card,,0.00,4580.00,2025-03-05
100928,822,2025-03-02,returned,card,,0.00,4948.00,2025-03-06
100929,121,2025-03-02,delivered,card,,0.00,6370.00,2025-03-08
100930,284,2025-03-02,cancelled,card,,0.00,6480.00,
100931,876,2025-03-02,delivered,card,,0.00,6990.00,2025-03-07
100932,998,2025-03-02,delivered,card,,0.00,9680.00,2025-03-06
100933,783,2025-03-02,delivered,card,,0.00,2290.00,2025-03-04
100934,1054,2025-03-02,delivered,card,,0.00,15008.00,2025-03-04
100935,535,2025-03-02,cancelled,card,,0.00,1890.00,
100936,837,2025-03-02,delivered,card,,0.00,1790.00,2025-03-04
100937,378,2025-03-02,returned,sbp,,0.00,8128.00,2025-03-09
100938,31,2025-03-02,returned,card,,0.00,7319.00,2025-03-12
100939,985,2025-03-02,delivered,sbp,,0.00,8009.00,2025-03-07
100940,719,2025-03-02,delivered,card,,0.00,3090.00,2025-03-06
100941,796,2025-03-02,delivered,sbp,,0.00,9280.00,2025-03-05
100942,866,2025-03-02,delivered,card,,0.00,829.00,2025-03-05
100943,812,2025-03-02,delivered,card,,0.00,6419.00,2025-03-07
100944,708,2025-03-02,delivered,card,,0.00,16690.00,2025-03-05
100945,452,2025-03-02,delivered,cash,,0.00,18429.00,2025-03-08
100946,618,2025-03-02,delivered,cash,,0.00,115329.00,2025-03-04
100947,1042,2025-03-02,delivered,sbp,,0.00,3090.00,2025-03-06
100948,675,2025-03-02,returned,cash,,0.00,3180.00,2025-03-05
100949,84,2025-03-02,delivered,cash,,0.00,829.00,2025-03-07
100950,772,2025-03-02,delivered,card,,0.00,459.00,2025-03-05
100951,751,2025-03-02,delivered,cash,,0.00,3708.00,2025-03-06
100952,791,2025-03-02,returned,card,,0.00,9570.00,2025-03-06
100953,392,2025-03-02,delivered,sbp,,0.00,6177.00,2025-03-08
100954,725,2025-03-02,returned,sbp,,0.00,929.00,2025-03-05
100955,608,2025-03-02,cancelled,sbp,,0.00,6990.00,
100956,266,2025-03-02,delivered,card,,0.00,42419.00,2025-03-11
100957,764,2025-03-02,returned,card,,0.00,18889.00,2025-03-06
100958,984,2025-03-02,cancelled,card,,0.00,60390.00,
100959,180,2025-03-03,delivered,card,,0.00,6967.00,2025-03-05
100960,165,2025-03-03,delivered,card,,0.00,3090.00,2025-03-06
100961,532,2025-03-03,delivered,sbp,,0.00,20487.00,2025-03-07
100962,566,2025-03-03,delivered,card,,0.00,1658.00,2025-03-13
100963,992,2025-03-03,delivered,card,,0.00,8380.00,2025-03-06
100964,1073,2025-03-03,cancelled,cash,WELCOME10,279.00,2511.00,
100965,540,2025-03-03,delivered,card,,0.00,2290.00,2025-03-07
100966,827,2025-03-03,delivered,card,,0.00,6990.00,2025-03-06
100967,268,2025-03-03,delivered,card,,0.00,15790.00,2025-03-06
100968,1069,2025-03-03,delivered,card,,0.00,11880.00,2025-03-08
100969,629,2025-03-03,delivered,cash,,0.00,1490.00,2025-03-07
100970,70,2025-03-03,delivered,card,,0.00,13380.00,2025-03-05
100971,671,2025-03-03,delivered,card,,0.00,12490.00,2025-03-04
100972,358,2025-03-03,delivered,sbp,,0.00,2487.00,2025-03-09
100973,1075,2025-03-03,delivered,card,,0.00,15790.00,2025-03-05
100974,1004,2025-03-03,delivered,card,,0.00,4578.00,2025-03-11
100975,1076,2025-03-03,delivered,cash,WELCOME10,1000.00,43580.00,2025-03-05
100976,682,2025-03-03,delivered,cash,,0.00,4290.00,2025-03-05
100977,546,2025-03-03,delivered,card,,0.00,14278.00,2025-03-04
100978,433,2025-03-04,delivered,card,,0.00,8219.00,2025-03-11
100979,185,2025-03-04,delivered,card,,0.00,34380.00,2025-03-08
100980,449,2025-03-04,delivered,sbp,,0.00,1658.00,2025-03-08
100981,229,2025-03-04,delivered,card,,0.00,829.00,2025-03-07
100982,854,2025-03-04,delivered,cash,,0.00,32490.00,2025-03-10
100983,127,2025-03-04,delivered,card,,0.00,1690.00,2025-03-14
100984,435,2025-03-04,delivered,card,,0.00,11090.00,2025-03-10
100985,832,2025-03-04,delivered,card,,0.00,3090.00,2025-03-07
100986,352,2025-03-04,delivered,card,,0.00,10160.00,2025-03-06
100987,567,2025-03-04,delivered,card,,0.00,10180.00,2025-03-07
100988,106,2025-03-04,delivered,card,,0.00,8148.00,2025-03-08
100989,175,2025-03-04,delivered,card,,0.00,9680.00,2025-03-11
100990,419,2025-03-04,delivered,sbp,,0.00,5480.00,2025-03-06
100991,808,2025-03-04,cancelled,card,,0.00,4580.00,
100992,1007,2025-03-04,delivered,card,,0.00,9038.00,2025-03-07
100993,541,2025-03-04,delivered,sbp,,0.00,739.00,2025-03-06
100994,1080,2025-03-04,delivered,card,,0.00,3690.00,2025-03-07
100995,270,2025-03-04,returned,card,,0.00,3116.00,2025-03-07
100996,1072,2025-03-04,delivered,cash,WELCOME10,299.00,2691.00,2025-03-09
100997,499,2025-03-04,delivered,card,,0.00,4490.00,2025-03-14
100998,982,2025-03-04,delivered,card,,0.00,23309.00,2025-03-08
100999,214,2025-03-04,delivered,card,,0.00,12246.00,2025-03-07
101000,168,2025-03-05,delivered,card,,0.00,1190.00,2025-03-06
101001,428,2025-03-05,delivered,card,,0.00,16290.00,2025-03-14
101002,532,2025-03-05,delivered,sbp,,0.00,739.00,2025-03-09
101003,661,2025-03-05,delivered,card,,0.00,2790.00,2025-03-10
101004,523,2025-03-05,delivered,card,,0.00,21438.00,2025-03-09
101005,832,2025-03-05,delivered,card,,0.00,829.00,2025-03-09
101006,1072,2025-03-05,delivered,cash,,0.00,14870.00,2025-03-12
101007,167,2025-03-05,delivered,cash,,0.00,5490.00,2025-03-08
101008,593,2025-03-05,delivered,card,,0.00,4190.00,2025-03-11
101009,96,2025-03-05,delivered,card,,0.00,549.00,2025-03-08
101010,453,2025-03-05,delivered,card,,0.00,18009.00,2025-03-10
101011,532,2025-03-05,delivered,card,,0.00,47380.00,2025-03-08
101012,557,2025-03-05,cancelled,cash,,0.00,3190.00,
101013,719,2025-03-05,delivered,card,,0.00,8148.00,2025-03-11
101014,360,2025-03-05,delivered,cash,,0.00,7860.00,2025-03-09
101015,547,2025-03-05,returned,cash,,0.00,25990.00,2025-03-11
101016,937,2025-03-05,delivered,card,,0.00,2219.00,2025-03-11
101017,692,2025-03-05,delivered,card,,0.00,2787.00,2025-03-09
101018,206,2025-03-05,delivered,card,,0.00,2790.00,2025-03-10
101019,278,2025-03-05,delivered,cash,,0.00,16070.00,2025-03-07
101020,836,2025-03-05,cancelled,cash,,0.00,4590.00,
101021,967,2025-03-05,delivered,sbp,,0.00,2090.00,2025-03-11
101022,559,2025-03-05,delivered,card,,0.00,2380.00,2025-03-08
101023,594,2025-03-05,returned,card,,0.00,9180.00,2025-03-08
101024,74,2025-03-06,cancelled,card,,0.00,5458.00,
101025,1002,2025-03-06,delivered,card,,0.00,12490.00,2025-03-10
101026,305,2025-03-06,delivered,sbp,,0.00,19480.00,2025-03-11
101027,364,2025-03-06,delivered,card,,0.00,5580.00,2025-03-15
101028,605,2025-03-06,returned,sbp,,0.00,3090.00,2025-03-16
101029,766,2025-03-06,delivered,card,,0.00,429.00,2025-03-09
101030,706,2025-03-06,delivered,card,,0.00,7390.00,2025-03-11
101031,1085,2025-03-06,delivered,card,,0.00,459.00,2025-03-10
101032,875,2025-03-06,delivered,sbp,,0.00,2790.00,2025-03-16
101033,88,2025-03-06,delivered,sbp,,0.00,7908.00,2025-03-07
101034,919,2025-03-06,delivered,card,,0.00,3839.00,2025-03-09
101035,834,2025-03-06,delivered,card,,0.00,7960.00,2025-03-09
101036,31,2025-03-06,delivered,card,,0.00,3429.00,2025-03-11
101037,587,2025-03-06,delivered,cash,,0.00,1790.00,2025-03-10
101038,106,2025-03-06,delivered,card,,0.00,4590.00,2025-03-11
101039,559,2025-03-06,delivered,card,,0.00,10838.00,2025-03-12
101040,838,2025-03-06,delivered,card,,0.00,3698.00,2025-03-11
101041,642,2025-03-06,delivered,card,,0.00,5509.00,2025-03-08
101042,110,2025-03-06,delivered,card,,0.00,5490.00,2025-03-11
101043,165,2025-03-06,delivered,card,,0.00,13819.00,2025-03-07
101044,976,2025-03-06,delivered,card,,0.00,18860.00,2025-03-11
101045,401,2025-03-07,delivered,cash,,0.00,829.00,2025-03-09
101046,180,2025-03-07,delivered,card,,0.00,1919.00,2025-03-10
101047,791,2025-03-07,delivered,sbp,,0.00,1790.00,2025-03-11
101048,719,2025-03-07,delivered,card,,0.00,829.00,2025-03-13
101049,345,2025-03-07,delivered,sbp,,0.00,3190.00,2025-03-13
101050,548,2025-03-07,cancelled,card,,0.00,739.00,
101051,581,2025-03-07,delivered,cash,,0.00,4190.00,2025-03-10
101052,231,2025-03-07,delivered,card,,0.00,7390.00,2025-03-11
101053,705,2025-03-07,delivered,card,,0.00,2919.00,2025-03-12
101054,986,2025-03-07,delivered,sbp,,0.00,13270.00,2025-03-11
101055,161,2025-03-07,delivered,card,,0.00,5590.00,2025-03-17
101056,283,2025-03-07,delivered,card,,0.00,8670.00,2025-03-08
101057,801,2025-03-07,delivered,card,,0.00,8789.00,2025-03-12
101058,982,2025-03-07,delivered,card,,0.00,8280.00,2025-03-10
101059,1042,2025-03-07,delivered,cash,,0.00,5090.00,2025-03-13
101060,519,2025-03-07,returned,sbp,,0.00,2990.00,2025-03-12
101061,819,2025-03-07,delivered,card,,0.00,6319.00,2025-03-11
101062,361,2025-03-07,delivered,card,,0.00,4590.00,2025-03-12
101063,442,2025-03-07,delivered,card,,0.00,8470.00,2025-03-10
101064,220,2025-03-07,delivered,card,,0.00,13970.00,2025-03-09
101065,1078,2025-03-07,delivered,card,WELCOME10,853.50,7681.50,2025-03-09
101066,815,2025-03-07,returned,card,,0.00,15977.00,2025-03-11
101067,832,2025-03-07,delivered,card,,0.00,21380.00,2025-03-09
101068,1080,2025-03-07,delivered,cash,,0.00,4285.00,2025-03-11
101069,597,2025-03-07,delivered,cash,,0.00,829.00,2025-03-14
101070,1083,2025-03-07,cancelled,card,,0.00,3090.00,
101071,869,2025-03-07,returned,sbp,,0.00,9080.00,2025-03-08
101072,172,2025-03-08,delivered,card,,0.00,2587.00,2025-03-11
101073,364,2025-03-08,delivered,card,,0.00,1190.00,2025-03-17
101074,270,2025-03-08,delivered,card,,0.00,12180.00,2025-03-11
101075,604,2025-03-08,delivered,card,,0.00,17789.00,2025-03-11
101076,722,2025-03-08,delivered,sbp,,0.00,16460.00,2025-03-11
101077,211,2025-03-08,delivered,cash,,0.00,17380.00,2025-03-13
101078,437,2025-03-08,delivered,card,,0.00,1468.00,2025-03-10
101079,1075,2025-03-08,delivered,card,,0.00,5180.00,2025-03-10
101080,1073,2025-03-08,delivered,cash,,0.00,1890.00,2025-03-11
101081,998,2025-03-08,returned,card,,0.00,9570.00,2025-03-13
101082,778,2025-03-08,delivered,card,,0.00,7390.00,2025-03-10
101083,994,2025-03-08,delivered,card,,0.00,15250.00,2025-03-12
101084,75,2025-03-08,delivered,card,,0.00,9118.00,2025-03-10
101085,594,2025-03-08,delivered,card,,0.00,3780.00,2025-03-11
101086,615,2025-03-08,delivered,card,,0.00,1377.00,2025-03-11
101087,196,2025-03-08,delivered,card,,0.00,12188.00,2025-03-14
101088,1051,2025-03-08,delivered,card,,0.00,7380.00,2025-03-10
101089,1054,2025-03-08,delivered,sbp,,0.00,3090.00,2025-03-11
101090,1094,2025-03-08,delivered,sbp,WELCOME10,494.80,4453.20,2025-03-11
101091,1026,2025-03-08,delivered,sbp,,0.00,7180.00,2025-03-11
101092,831,2025-03-08,delivered,card,,0.00,6490.00,2025-03-11
101093,252,2025-03-08,delivered,card,,0.00,3190.00,2025-03-14
101094,541,2025-03-08,delivered,card,,0.00,2990.00,2025-03-13
101095,1093,2025-03-08,delivered,card,,0.00,1790.00,2025-03-11
101096,517,2025-03-09,delivered,cash,,0.00,1390.00,2025-03-12
101097,825,2025-03-09,delivered,card,,0.00,10167.00,2025-03-13
101098,103,2025-03-09,delivered,cash,,0.00,2780.00,2025-03-13
101099,937,2025-03-09,delivered,card,,0.00,829.00,2025-03-14
101100,522,2025-03-09,delivered,card,,0.00,2290.00,2025-03-12
101101,639,2025-03-09,delivered,card,,0.00,2380.00,2025-03-15
101102,764,2025-03-09,delivered,cash,,0.00,8870.00,2025-03-12
101103,395,2025-03-09,delivered,card,,0.00,459.00,2025-03-15
101104,418,2025-03-09,delivered,card,,0.00,5990.00,2025-03-13
101105,133,2025-03-09,delivered,sbp,,0.00,2290.00,2025-03-14
101106,408,2025-03-09,returned,sbp,,0.00,739.00,2025-03-15
101107,775,2025-03-09,delivered,card,,0.00,8780.00,2025-03-12
101108,566,2025-03-09,delivered,sbp,,0.00,1390.00,2025-03-15
101109,509,2025-03-09,delivered,card,,0.00,17018.00,2025-03-11
101110,566,2025-03-09,delivered,card,,0.00,7880.00,2025-03-19
101111,617,2025-03-10,delivered,card,,0.00,369.00,2025-03-16
101112,832,2025-03-10,delivered,card,,0.00,1858.00,2025-03-12
101113,537,2025-03-10,delivered,card,,0.00,1790.00,2025-03-15
101114,522,2025-03-10,delivered,card,,0.00,20470.00,2025-03-13
101115,395,2025-03-10,delivered,card,,0.00,9760.00,2025-03-16
101116,1054,2025-03-10,delivered,card,,0.00,1190.00,2025-03-14
101117,215,2025-03-10,delivered,card,,0.00,12209.00,2025-03-18
101118,102,2025-03-10,delivered,card,,0.00,5490.00,2025-03-12
101119,502,2025-03-10,delivered,sbp,,0.00,1377.00,2025-03-15
101120,193,2025-03-10,delivered,cash,,0.00,2380.00,2025-03-11
101121,1096,2025-03-10,delivered,card,,0.00,17388.00,2025-03-12
101122,1078,2025-03-10,delivered,card,,0.00,2790.00,2025-03-11
101123,1098,2025-03-10,delivered,cash,WELCOME10,641.90,5777.10,2025-03-12
101124,52,2025-03-11,delivered,cash,,0.00,6949.00,2025-03-20
101125,1028,2025-03-11,delivered,sbp,,0.00,929.00,2025-03-13
101126,1088,2025-03-11,delivered,cash,WELCOME10,1000.00,21180.00,2025-03-13
101127,269,2025-03-11,delivered,card,,0.00,2468.00,2025-03-16
101128,990,2025-03-11,delivered,sbp,,0.00,4190.00,2025-03-14
101129,812,2025-03-11,delivered,card,,0.00,2217.00,2025-03-15
101130,752,2025-03-11,delivered,sbp,,0.00,5490.00,2025-03-14
101131,83,2025-03-11,delivered,card,,0.00,1490.00,2025-03-13
101132,611,2025-03-11,delivered,card,,0.00,30190.00,2025-03-20
101133,1043,2025-03-11,delivered,cash,,0.00,1390.00,2025-03-21
101134,278,2025-03-11,delivered,cash,,0.00,1890.00,2025-03-13
101135,840,2025-03-11,delivered,card,,0.00,5307.00,2025-03-12
101136,145,2025-03-11,cancelled,card,,0.00,10899.00,
101137,1101,2025-03-11,delivered,card,,0.00,13378.00,2025-03-13
101138,618,2025-03-11,delivered,sbp,,0.00,2487.00,2025-03-15
101139,1092,2025-03-11,delivered,sbp,WELCOME10,1000.00,9360.00,2025-03-13
101140,801,2025-03-11,delivered,card,,0.00,40870.00,2025-03-16
101141,866,2025-03-11,delivered,cash,,0.00,3090.00,2025-03-13
101142,72,2025-03-11,delivered,card,,0.00,1739.00,2025-03-16
101143,1087,2025-03-11,delivered,sbp,,0.00,5490.00,2025-03-13
101144,445,2025-03-11,delivered,card,,0.00,4239.00,2025-03-13
101145,340,2025-03-11,delivered,cash,,0.00,10119.00,2025-03-15
101146,917,2025-03-12,delivered,card,,0.00,639.00,2025-03-13
101147,547,2025-03-12,cancelled,cash,,0.00,3090.00,
101148,916,2025-03-12,delivered,card,,0.00,7390.00,2025-03-22
101149,958,2025-03-12,delivered,card,,0.00,1390.00,2025-03-20
101150,695,2025-03-12,delivered,sbp,,0.00,829.00,2025-03-16
101151,766,2025-03-12,delivered,card,,0.00,549.00,2025-03-16
101152,186,2025-03-12,delivered,sbp,,0.00,47867.00,2025-03-21
101153,580,2025-03-12,cancelled,cash,,0.00,829.00,
101154,879,2025-03-12,delivered,cash,,0.00,28658.00,2025-03-22
101155,19,2025-03-12,delivered,card,,0.00,1190.00,2025-03-18
101156,417,2025-03-12,delivered,cash,,0.00,3090.00,2025-03-13
101157,286,2025-03-12,delivered,cash,,0.00,11190.00,2025-03-20
101158,573,2025-03-12,delivered,sbp,,0.00,4980.00,2025-03-15
101159,414,2025-03-12,delivered,sbp,,0.00,17709.00,2025-03-14
101160,497,2025-03-12,delivered,card,,0.00,32590.00,2025-03-15
101161,1102,2025-03-12,delivered,card,WELCOME10,241.90,2177.10,2025-03-17
101162,532,2025-03-12,delivered,card,,0.00,829.00,2025-03-15
101163,1026,2025-03-13,delivered,sbp,,0.00,3459.00,2025-03-18
101164,606,2025-03-13,cancelled,card,,0.00,3690.00,
101165,161,2025-03-13,delivered,sbp,,0.00,5090.00,2025-03-21
101166,831,2025-03-13,delivered,cash,,0.00,2239.00,2025-03-14
101167,532,2025-03-13,delivered,cash,,0.00,369.00,2025-03-19
101168,509,2025-03-13,delivered,card,,0.00,30190.00,2025-03-16
101169,950,2025-03-13,delivered,card,,0.00,5580.00,2025-03-16
101170,832,2025-03-13,delivered,card,,0.00,12380.00,2025-03-17
101171,989,2025-03-13,delivered,card,,0.00,1190.00,2025-03-16
101172,211,2025-03-13,delivered,sbp,,0.00,3090.00,2025-03-17
101173,1104,2025-03-13,delivered,cash,,0.00,2565.00,2025-03-17
101174,503,2025-03-14,delivered,card,,0.00,1377.00,2025-03-18
101175,1103,2025-03-14,delivered,card,,0.00,1287.00,2025-03-16
101176,1106,2025-03-14,delivered,card,,0.00,6880.00,2025-03-18
101177,1105,2025-03-14,delivered,sbp,,0.00,829.00,2025-03-17
101178,1022,2025-03-14,delivered,card,,0.00,3459.00,2025-03-16
101179,990,2025-03-14,returned,card,,0.00,11970.00,2025-03-15
101180,445,2025-03-14,delivered,card,,0.00,13370.00,2025-03-16
101181,753,2025-03-14,delivered,card,,0.00,3090.00,2025-03-20
101182,492,2025-03-14,delivered,card,,0.00,9609.00,2025-03-20
101183,620,2025-03-14,delivered,card,,0.00,829.00,2025-03-19
101184,608,2025-03-14,delivered,card,,0.00,3180.00,2025-03-17
101185,1108,2025-03-14,delivered,card,WELCOME10,1000.00,11380.00,2025-03-17
101186,1054,2025-03-14,delivered,cash,,0.00,4377.00,2025-03-16
101187,608,2025-03-14,returned,card,,0.00,8638.00,2025-03-18
101188,775,2025-03-14,delivered,card,,0.00,2090.00,2025-03-17
101189,1109,2025-03-14,delivered,card,,0.00,18080.00,2025-03-20
101190,1041,2025-03-14,delivered,sbp,,0.00,6490.00,2025-03-19
101191,419,2025-03-14,delivered,cash,,0.00,1790.00,2025-03-17
101192,475,2025-03-14,cancelled,card,,0.00,3690.00,
101193,728,2025-03-14,delivered,card,,0.00,7370.00,2025-03-18
101194,894,2025-03-14,delivered,sbp,,0.00,1390.00,2025-03-16
101195,985,2025-03-14,delivered,card,,0.00,1790.00,2025-03-18
101196,1085,2025-03-14,delivered,card,,0.00,34390.00,2025-03-16
101197,578,2025-03-14,delivered,card,,0.00,4977.00,2025-03-19
101198,616,2025-03-15,delivered,card,,0.00,12889.00,2025-03-17
101199,802,2025-03-15,delivered,card,,0.00,6990.00,2025-03-16
101200,7,2025-03-15,delivered,card,,0.00,1377.00,2025-03-16
101201,294,2025-03-15,delivered,card,,0.00,6490.00,2025-03-18
101202,135,2025-03-15,delivered,card,,0.00,3019.00,2025-03-19
101203,499,2025-03-15,cancelled,card,,0.00,3690.00,
101204,522,2025-03-15,delivered,cash,,0.00,4690.00,2025-03-16
101205,653,2025-03-15,delivered,sbp,,0.00,459.00,2025-03-17
101206,492,2025-03-15,delivered,card,,0.00,829.00,2025-03-23
101207,503,2025-03-15,delivered,sbp,,0.00,25560.00,2025-03-18
101208,581,2025-03-15,cancelled,card,,0.00,3290.00,
101209,398,2025-03-15,delivered,sbp,,0.00,10680.00,2025-03-16
101210,1084,2025-03-15,delivered,card,WELCOME10,159.00,1431.00,2025-03-18
101211,907,2025-03-15,delivered,card,,0.00,1390.00,2025-03-17
101212,109,2025-03-15,delivered,card,,0.00,459.00,2025-03-21
101213,1100,2025-03-15,delivered,card,,0.00,12590.00,2025-03-17
101214,615,2025-03-16,delivered,card,,0.00,113980.00,2025-03-17
101215,215,2025-03-16,delivered,card,,0.00,2180.00,2025-03-22
101216,587,2025-03-16,delivered,card,,0.00,35280.00,2025-03-26
101217,153,2025-03-16,delivered,cash,,0.00,918.00,2025-03-22
101218,124,2025-03-16,delivered,card,,0.00,6580.00,2025-03-21
101219,338,2025-03-16,cancelled,cash,,0.00,829.00,
101220,1091,2025-03-16,delivered,card,WELCOME10,1000.00,18360.00,2025-03-17
101221,665,2025-03-16,delivered,card,,0.00,5780.00,2025-03-23
101222,263,2025-03-16,returned,card,,0.00,1390.00,2025-03-19
101223,305,2025-03-16,delivered,card,,0.00,5868.00,2025-03-26
101224,1114,2025-03-16,delivered,card,,0.00,3768.00,2025-03-18
101225,241,2025-03-16,delivered,card,,0.00,11080.00,2025-03-22
101226,1111,2025-03-16,delivered,card,WELCOME10,649.00,5841.00,2025-03-26
101227,961,2025-03-16,delivered,sbp,,0.00,1658.00,2025-03-20
101228,958,2025-03-16,delivered,sbp,,0.00,1858.00,2025-03-22
101229,1013,2025-03-16,delivered,sbp,WELCOME10,1000.00,9268.00,2025-03-20
101230,1101,2025-03-17,delivered,card,,0.00,6990.00,2025-03-18
101231,200,2025-03-17,delivered,cash,,0.00,9360.00,2025-03-20
101232,486,2025-03-17,delivered,card,,0.00,2319.00,2025-03-19
101233,484,2025-03-17,cancelled,card,,0.00,1890.00,
101234,775,2025-03-17,delivered,card,,0.00,79090.00,2025-03-18
101235,71,2025-03-17,delivered,card,,0.00,10680.00,2025-03-22
101236,1071,2025-03-17,delivered,cash,WELCOME10,918.00,8262.00,2025-03-18
101237,532,2025-03-17,delivered,card,,0.00,1107.00,2025-03-22
101238,594,2025-03-17,delivered,card,,0.00,9660.00,2025-03-18
101239,1102,2025-03-18,delivered,sbp,,0.00,12590.00,2025-03-24
101240,840,2025-03-18,delivered,card,,0.00,8380.00,2025-03-19
101241,798,2025-03-18,returned,cash,,0.00,9570.00,2025-03-23
101242,719,2025-03-18,cancelled,card,,0.00,12590.00,
101243,1116,2025-03-18,returned,sbp,,0.00,11580.00,2025-03-22
101244,990,2025-03-18,delivered,card,,0.00,929.00,2025-03-21
101245,1041,2025-03-18,delivered,card,,0.00,549.00,2025-03-22
101246,1034,2025-03-18,cancelled,card,,0.00,4980.00,
101247,56,2025-03-18,delivered,card,,0.00,6180.00,2025-03-21
101248,404,2025-03-18,returned,card,,0.00,7770.00,2025-03-22
101249,521,2025-03-18,returned,card,,0.00,9749.00,2025-03-25
101250,845,2025-03-18,delivered,sbp,,0.00,6319.00,2025-03-23
101251,599,2025-03-18,delivered,card,,0.00,11270.00,2025-03-23
101252,1085,2025-03-18,delivered,card,,0.00,4748.00,2025-03-22
101253,975,2025-03-18,delivered,card,,0.00,33080.00,2025-03-21
101254,1068,2025-03-19,delivered,cash,,0.00,2790.00,2025-03-22
101255,913,2025-03-19,delivered,cash,,0.00,6470.00,2025-03-24
101256,348,2025-03-19,delivered,sbp,,0.00,918.00,2025-03-23
101257,968,2025-03-19,delivered,cash,,0.00,54860.00,2025-03-26
101258,388,2025-03-19,delivered,card,,0.00,12936.00,2025-03-22
101259,234,2025-03-19,delivered,card,,0.00,34390.00,2025-03-22
101260,697,2025-03-19,delivered,card,,0.00,2990.00,2025-03-27
101261,605,2025-03-19,delivered,card,,0.00,1849.00,2025-03-24
101262,17,2025-03-19,delivered,card,,0.00,4590.00,2025-03-20
101263,775,2025-03-19,delivered,card,,0.00,369.00,2025-03-22
101264,409,2025-03-19,delivered,cash,,0.00,15680.00,2025-03-22
101265,426,2025-03-19,delivered,sbp,,0.00,1790.00,2025-03-22
101266,1123,2025-03-19,delivered,card,,0.00,4690.00,2025-03-22
101267,472,2025-03-19,delivered,card,,0.00,1377.00,2025-03-22
101268,708,2025-03-19,delivered,cash,,0.00,4590.00,2025-03-22
101269,193,2025-03-19,delivered,card,,0.00,57870.00,2025-03-21
101270,522,2025-03-19,delivered,card,,0.00,7390.00,2025-03-21
101271,252,2025-03-19,delivered,card,,0.00,6990.00,2025-03-26
101272,581,2025-03-19,delivered,card,,0.00,7390.00,2025-03-23
101273,1008,2025-03-19,delivered,cash,,0.00,4590.00,2025-03-25
101274,555,2025-03-19,cancelled,sbp,,0.00,6490.00,
101275,532,2025-03-19,delivered,cash,,0.00,829.00,2025-03-25
101276,894,2025-03-19,delivered,cash,,0.00,4590.00,2025-03-20
101277,913,2025-03-20,delivered,card,,0.00,4590.00,2025-03-23
101278,401,2025-03-20,delivered,card,,0.00,15790.00,2025-03-22
101279,465,2025-03-20,delivered,card,,0.00,23038.00,2025-03-30
101280,175,2025-03-20,delivered,card,,0.00,4409.00,2025-03-25
101281,31,2025-03-20,delivered,card,,0.00,5007.00,2025-03-29
101282,411,2025-03-20,delivered,card,,0.00,2828.00,2025-03-21
101283,311,2025-03-20,cancelled,card,,0.00,8390.00,
101284,1111,2025-03-20,delivered,card,,0.00,4680.00,2025-03-24
101285,1118,2025-03-20,delivered,card,,0.00,19580.00,2025-03-22
101286,671,2025-03-20,delivered,card,,0.00,9019.00,2025-03-23
101287,157,2025-03-21,delivered,card,,0.00,1890.00,2025-03-26
101288,304,2025-03-21,delivered,sbp,,0.00,11848.00,2025-03-26
101289,719,2025-03-21,delivered,card,,0.00,17150.00,2025-03-26
101290,97,2025-03-21,delivered,card,,0.00,62780.00,2025-03-24
101291,388,2025-03-21,delivered,card,,0.00,8390.00,2025-03-24
101292,742,2025-03-21,delivered,sbp,,0.00,2868.00,2025-03-29
101293,123,2025-03-21,delivered,card,,0.00,369.00,2025-03-24
101294,403,2025-03-21,delivered,sbp,,0.00,31119.00,2025-03-25
101295,4,2025-03-21,delivered,sbp,,0.00,1590.00,2025-03-26
101296,333,2025-03-21,delivered,card,,0.00,429.00,2025-03-31
101297,671,2025-03-21,delivered,card,,0.00,60490.00,2025-03-24
101298,492,2025-03-21,delivered,card,,0.00,30690.00,2025-03-25
101299,456,2025-03-21,delivered,sbp,,0.00,1190.00,2025-03-23
101300,433,2025-03-21,delivered,card,,0.00,9748.00,2025-03-26
101301,764,2025-03-21,delivered,sbp,,0.00,10180.00,2025-03-24
101302,382,2025-03-21,delivered,card,,0.00,19260.00,2025-03-31
101303,798,2025-03-21,delivered,cash,,0.00,47419.00,2025-03-27
101304,611,2025-03-21,delivered,cash,,0.00,1656.00,2025-03-26
101305,894,2025-03-21,delivered,cash,,0.00,23039.00,2025-03-23
101306,944,2025-03-21,delivered,card,,0.00,6280.00,2025-03-31
101307,984,2025-03-22,delivered,card,,0.00,549.00,2025-03-25
101308,398,2025-03-22,delivered,card,,0.00,9480.00,2025-03-24
101309,1080,2025-03-22,delivered,cash,,0.00,5380.00,2025-03-27
101310,950,2025-03-22,delivered,sbp,,0.00,8499.00,2025-03-26
101311,472,2025-03-22,delivered,sbp,,0.00,1590.00,2025-03-25
101312,409,2025-03-22,delivered,card,,0.00,2790.00,2025-03-26
101313,872,2025-03-22,delivered,cash,,0.00,1190.00,2025-03-23
101314,52,2025-03-22,delivered,card,,0.00,5829.00,2025-03-31
101315,470,2025-03-22,cancelled,card,,0.00,3219.00,
101316,382,2025-03-22,delivered,card,,0.00,6968.00,2025-04-01
101317,195,2025-03-22,delivered,card,,0.00,21380.00,2025-03-26
101318,20,2025-03-22,returned,sbp,,0.00,929.00,2025-03-25
101319,861,2025-03-22,delivered,sbp,,0.00,829.00,2025-03-31
101320,183,2025-03-22,returned,card,,0.00,4590.00,2025-03-25
101321,993,2025-03-22,cancelled,cash,,0.00,3119.00,
101322,1132,2025-03-23,delivered,cash,,0.00,829.00,2025-03-28
101323,1102,2025-03-23,delivered,card,,0.00,5980.00,2025-03-27
101324,232,2025-03-23,delivered,card,,0.00,2219.00,2025-04-01
101325,449,2025-03-23,delivered,card,,0.00,12870.00,2025-03-29
101326,801,2025-03-23,delivered,card,,0.00,16790.00,2025-03-26
101327,333,2025-03-23,delivered,card,,0.00,3380.00,2025-03-29
101328,276,2025-03-23,delivered,card,,0.00,16790.00,2025-03-27
101329,993,2025-03-23,delivered,card,,0.00,6080.00,2025-04-02
101330,437,2025-03-23,delivered,card,,0.00,4690.00,2025-03-26
101331,1024,2025-03-23,cancelled,card,,0.00,51070.00,
101332,730,2025-03-23,delivered,card,,0.00,1478.00,2025-03-28
101333,1,2025-03-23,delivered,sbp,,0.00,2090.00,2025-03-24
101334,300,2025-03-23,delivered,card,,0.00,5757.00,2025-03-26
101335,537,2025-03-23,delivered,card,,0.00,3090.00,2025-03-27
101336,1091,2025-03-23,delivered,card,,0.00,369.00,2025-03-26
101337,701,2025-03-23,delivered,sbp,,0.00,4619.00,2025-03-26
101338,1049,2025-03-23,delivered,card,,0.00,112429.00,2025-03-26
101339,547,2025-03-23,delivered,card,,0.00,1990.00,2025-03-29
101340,364,2025-03-23,delivered,sbp,,0.00,14370.00,2025-03-28
101341,1108,2025-03-23,returned,card,,0.00,1858.00,2025-03-26
101342,747,2025-03-23,delivered,sbp,,0.00,7780.00,2025-04-01
101343,73,2025-03-23,delivered,sbp,,0.00,4690.00,2025-04-01
101344,156,2025-03-23,delivered,sbp,,0.00,23290.00,2025-03-27
101345,1041,2025-03-23,delivered,card,,0.00,3180.00,2025-03-27
101346,1134,2025-03-24,delivered,sbp,,0.00,9470.00,2025-03-25
101347,574,2025-03-24,delivered,card,,0.00,28870.00,2025-03-28
101348,532,2025-03-24,delivered,card,,0.00,9877.00,2025-03-27
101349,1090,2025-03-24,delivered,cash,,0.00,3829.00,2025-04-01
101350,1007,2025-03-24,delivered,cash,,0.00,54088.00,2025-03-27
101351,760,2025-03-24,delivered,card,,0.00,929.00,2025-03-28
101352,1054,2025-03-24,delivered,cash,,0.00,1658.00,2025-03-26
101353,692,2025-03-24,delivered,card,,0.00,4190.00,2025-03-28
101354,475,2025-03-24,delivered,card,,0.00,10080.00,2025-03-27
101355,922,2025-03-24,delivered,cash,,0.00,12090.00,2025-03-26
101356,215,2025-03-24,delivered,card,,0.00,8099.00,2025-04-03
101357,791,2025-03-24,delivered,card,,0.00,5080.00,2025-03-30
101358,988,2025-03-24,delivered,card,,0.00,2790.00,2025-03-27
101359,388,2025-03-24,delivered,card,,0.00,3209.00,2025-03-29
101360,994,2025-03-24,delivered,cash,,0.00,3178.00,2025-03-26
101361,894,2025-03-24,delivered,card,,0.00,12980.00,2025-03-26
101362,827,2025-03-25,delivered,cash,,0.00,10027.00,2025-03-28
101363,680,2025-03-25,cancelled,sbp,,0.00,2219.00,
101364,45,2025-03-25,delivered,card,,0.00,6180.00,2025-04-03
101365,191,2025-03-25,delivered,card,,0.00,1647.00,2025-03-26
101366,184,2025-03-25,delivered,card,,0.00,829.00,2025-04-02
101367,688,2025-03-25,delivered,card,,0.00,4429.00,2025-03-27
101368,532,2025-03-25,delivered,card,,0.00,80019.00,2025-03-29
101369,157,2025-03-25,delivered,sbp,,0.00,2639.00,2025-03-30
101370,438,2025-03-25,delivered,card,,0.00,6680.00,2025-03-29
101371,532,2025-03-25,delivered,card,,0.00,7919.00,2025-03-29
101372,1080,2025-03-25,delivered,card,,0.00,3290.00,2025-03-29
101373,894,2025-03-25,delivered,card,,0.00,1190.00,2025-03-26
101374,786,2025-03-25,delivered,sbp,,0.00,58528.00,2025-03-27
101375,802,2025-03-25,delivered,card,,0.00,8180.00,2025-03-28
101376,779,2025-03-25,delivered,card,,0.00,3090.00,2025-03-29
101377,741,2025-03-26,delivered,cash,,0.00,16780.00,2025-04-01
101378,1112,2025-03-26,delivered,sbp,WELCOME10,159.00,1431.00,2025-03-28
101379,1073,2025-03-26,returned,card,,0.00,9280.00,2025-03-29
101380,824,2025-03-26,returned,cash,,0.00,13760.00,2025-03-30
101381,356,2025-03-26,delivered,card,,0.00,10870.00,2025-03-30
101382,1123,2025-03-26,delivered,sbp,,0.00,13519.00,2025-03-29
101383,52,2025-03-26,delivered,sbp,,0.00,6980.00,2025-03-31
101384,585,2025-03-26,cancelled,card,,0.00,929.00,
101385,402,2025-03-26,delivered,card,,0.00,13870.00,2025-04-02
101386,287,2025-03-26,delivered,card,,0.00,6348.00,2025-03-29
101387,356,2025-03-26,delivered,card,,0.00,1990.00,2025-04-04
101388,84,2025-03-26,delivered,card,,0.00,7019.00,2025-04-04
101389,756,2025-03-26,delivered,card,,0.00,48880.00,2025-04-01
101390,437,2025-03-26,delivered,cash,,0.00,6636.00,2025-03-30
101391,1061,2025-03-26,delivered,card,,0.00,1858.00,2025-03-29
101392,831,2025-03-26,delivered,sbp,,0.00,3780.00,2025-03-29
101393,815,2025-03-26,delivered,cash,,0.00,739.00,2025-03-30
101394,84,2025-03-26,delivered,card,,0.00,9070.00,2025-04-04
101395,499,2025-03-26,delivered,cash,,0.00,23760.00,2025-04-02
101396,1102,2025-03-26,delivered,card,,0.00,1658.00,2025-04-01
101397,1085,2025-03-26,delivered,card,,0.00,8380.00,2025-03-30
101398,994,2025-03-27,cancelled,cash,,0.00,738.00,
101399,680,2025-03-27,returned,card,,0.00,2690.00,2025-03-30
101400,282,2025-03-27,delivered,card,,0.00,15790.00,2025-03-28
101401,376,2025-03-27,delivered,card,,0.00,1590.00,2025-03-31
101402,1131,2025-03-27,returned,card,,0.00,4537.00,2025-04-01
101403,540,2025-03-27,delivered,card,,0.00,829.00,2025-03-29
101404,1081,2025-03-27,delivered,card,,0.00,43780.00,2025-03-31
101405,313,2025-03-27,delivered,card,,0.00,1498.00,2025-03-30
101406,950,2025-03-27,delivered,card,,0.00,21228.00,2025-03-30
101407,256,2025-03-27,returned,card,,0.00,5090.00,2025-03-30
101408,1137,2025-03-27,delivered,card,,0.00,132289.00,2025-04-02
101409,334,2025-03-27,delivered,card,,0.00,469.00,2025-03-29
101410,752,2025-03-27,delivered,card,,0.00,1390.00,2025-03-28
101411,734,2025-03-27,delivered,card,,0.00,3048.00,2025-03-28
101412,106,2025-03-27,delivered,card,,0.00,7490.00,2025-03-31
101413,673,2025-03-27,delivered,sbp,,0.00,829.00,2025-03-31
101414,728,2025-03-27,delivered,card,,0.00,3090.00,2025-04-01
101415,399,2025-03-27,cancelled,cash,,0.00,429.00,
101416,1042,2025-03-28,delivered,card,,0.00,429.00,2025-04-01
101417,631,2025-03-28,delivered,card,,0.00,3780.00,2025-04-03
101418,107,2025-03-28,delivered,card,,0.00,2790.00,2025-03-30
101419,1141,2025-03-28,delivered,card,WELCOME10,229.00,2061.00,2025-04-01
101420,121,2025-03-28,returned,card,,0.00,469.00,2025-04-03
101421,831,2025-03-28,delivered,cash,,0.00,10238.00,2025-03-30
101422,527,2025-03-28,delivered,card,,0.00,429.00,2025-03-31
101423,618,2025-03-28,delivered,sbp,,0.00,10009.00,2025-03-31
101424,124,2025-03-28,delivered,card,,0.00,7470.00,2025-04-04
101425,1149,2025-03-28,delivered,card,WELCOME10,867.00,7803.00,2025-04-02
101426,1142,2025-03-28,delivered,card,,0.00,3690.00,2025-03-30
101427,459,2025-03-28,delivered,card,,0.00,3090.00,2025-03-30
101428,270,2025-03-28,delivered,cash,,0.00,10148.00,2025-04-01
101429,819,2025-03-28,delivered,card,,0.00,6348.00,2025-04-02
101430,611,2025-03-28,delivered,card,,0.00,929.00,2025-04-03
101431,1040,2025-03-28,delivered,card,,0.00,26090.00,2025-04-02
101432,531,2025-03-28,delivered,card,,0.00,2990.00,2025-04-01
101433,782,2025-03-28,delivered,card,,0.00,1390.00,2025-04-02
101434,513,2025-03-29,delivered,card,,0.00,4690.00,2025-04-05
101435,84,2025-03-29,delivered,cash,,0.00,18160.00,2025-04-04
101436,106,2025-03-29,delivered,card,,0.00,7490.00,2025-04-03
101437,374,2025-03-29,delivered,card,,0.00,3290.00,2025-04-01
101438,437,2025-03-29,delivered,sbp,,0.00,5380.00,2025-04-01
101439,448,2025-03-29,delivered,card,,0.00,11670.00,2025-04-01
101440,388,2025-03-29,delivered,card,,0.00,3290.00,2025-04-03
101441,168,2025-03-29,delivered,sbp,,0.00,11780.00,2025-03-31
101442,1007,2025-03-29,delivered,card,,0.00,4690.00,2025-04-01
101443,406,2025-03-29,cancelled,card,,0.00,1090.00,
101444,812,2025-03-29,delivered,card,,0.00,8558.00,2025-04-03
101445,1124,2025-03-29,delivered,cash,,0.00,2790.00,2025-04-02
101446,367,2025-03-29,delivered,card,,0.00,3090.00,2025-04-04
101447,313,2025-03-29,delivered,card,,0.00,3090.00,2025-03-31
101448,585,2025-03-29,delivered,sbp,,0.00,13667.00,2025-03-31
101449,300,2025-03-29,delivered,card,,0.00,829.00,2025-03-30
101450,873,2025-03-30,delivered,cash,,0.00,1658.00,2025-04-03
101451,608,2025-03-30,delivered,card,,0.00,2090.00,2025-04-04
101452,783,2025-03-30,delivered,card,,0.00,5919.00,2025-04-02
101453,812,2025-03-30,delivered,card,,0.00,7280.00,2025-04-02
101454,1125,2025-03-30,delivered,sbp,,0.00,23848.00,2025-04-03
101455,356,2025-03-30,delivered,sbp,,0.00,4377.00,2025-04-05
101456,827,2025-03-30,delivered,card,,0.00,12080.00,2025-04-02
101457,1139,2025-03-30,delivered,card,WELCOME10,82.90,746.10,2025-04-01
101458,967,2025-03-30,delivered,card,,0.00,1658.00,2025-04-08
101459,608,2025-03-30,delivered,sbp,,0.00,54399.00,2025-04-04
101460,725,2025-03-30,delivered,card,,0.00,1658.00,2025-03-31
101461,270,2025-03-30,delivered,sbp,,0.00,100680.00,2025-04-05
101462,719,2025-03-30,cancelled,sbp,,0.00,2290.00,
101463,470,2025-03-30,delivered,card,,0.00,1390.00,2025-04-02
101464,1159,2025-03-30,delivered,card,,0.00,1190.00,2025-04-01
101465,541,2025-03-30,cancelled,card,,0.00,15718.00,
101466,217,2025-03-30,delivered,sbp,,0.00,1858.00,2025-04-02
101467,1152,2025-03-30,delivered,card,,0.00,30290.00,2025-04-02
101468,196,2025-03-30,delivered,cash,,0.00,1390.00,2025-04-06
101469,1155,2025-03-30,delivered,cash,WELCOME10,649.00,5841.00,2025-04-03
101470,253,2025-03-30,delivered,sbp,,0.00,8158.00,2025-04-08
101471,774,2025-03-30,delivered,sbp,,0.00,12090.00,2025-04-05
101472,830,2025-03-31,delivered,card,,0.00,4190.00,2025-04-02
101473,282,2025-03-31,cancelled,card,,0.00,4690.00,
101474,1159,2025-03-31,cancelled,sbp,,0.00,2290.00,
101475,50,2025-03-31,delivered,card,,0.00,3680.00,2025-04-06
101476,837,2025-03-31,delivered,card,,0.00,4190.00,2025-04-02
101477,831,2025-03-31,delivered,card,,0.00,9170.00,2025-04-02
101478,121,2025-04-01,cancelled,cash,,0.00,3090.00,
101479,736,2025-04-01,delivered,card,,0.00,6880.00,2025-04-06
101480,1045,2025-04-01,delivered,cash,,0.00,5337.00,2025-04-06
101481,1156,2025-04-01,delivered,card,,0.00,4703.00,2025-04-06
101482,286,2025-04-01,delivered,card,,0.00,1590.00,2025-04-07
101483,566,2025-04-01,delivered,cash,,0.00,6090.00,2025-04-11
101484,46,2025-04-01,delivered,card,,0.00,60590.00,2025-04-04
101485,74,2025-04-01,delivered,card,,0.00,15470.00,2025-04-03
101486,573,2025-04-01,delivered,card,,0.00,938.00,2025-04-04
101487,106,2025-04-01,delivered,card,,0.00,23968.00,2025-04-07
101488,753,2025-04-01,returned,sbp,,0.00,1190.00,2025-04-06
101489,482,2025-04-01,delivered,card,,0.00,3090.00,2025-04-05
101490,250,2025-04-01,delivered,card,,0.00,2790.00,2025-04-05
101491,985,2025-04-01,delivered,card,,0.00,639.00,2025-04-05
101492,995,2025-04-02,delivered,card,,0.00,14880.00,2025-04-06
101493,46,2025-04-02,delivered,cash,,0.00,8170.00,2025-04-05
101494,1054,2025-04-02,delivered,card,,0.00,829.00,2025-04-06
101495,806,2025-04-02,delivered,card,,0.00,61550.00,2025-04-05
101496,126,2025-04-02,delivered,card,,0.00,4690.00,2025-04-07
101497,775,2025-04-02,delivered,card,,0.00,6819.00,2025-04-03
101498,419,2025-04-02,delivered,card,,0.00,7490.00,2025-04-05
101499,78,2025-04-02,delivered,card,,0.00,111990.00,2025-04-03
101500,522,2025-04-02,delivered,card,,0.00,3090.00,2025-04-04
101501,380,2025-04-02,delivered,cash,,0.00,47760.00,2025-04-04
101502,628,2025-04-02,delivered,card,,0.00,111990.00,2025-04-05
101503,829,2025-04-02,delivered,card,,0.00,2990.00,2025-04-07
101504,1085,2025-04-02,delivered,card,,0.00,3248.00,2025-04-06
101505,1151,2025-04-02,delivered,card,,0.00,34490.00,2025-04-05
101506,52,2025-04-03,delivered,card,,0.00,12338.00,2025-04-08
101507,1090,2025-04-03,delivered,cash,,0.00,8390.00,2025-04-12
101508,87,2025-04-03,delivered,card,,0.00,4680.00,2025-04-09
101509,270,2025-04-03,delivered,sbp,,0.00,11867.00,2025-04-07
101510,671,2025-04-03,delivered,card,,0.00,9278.00,2025-04-05
101511,408,2025-04-03,delivered,cash,,0.00,6490.00,2025-04-07
101512,1045,2025-04-03,delivered,sbp,,0.00,829.00,2025-04-07
101513,1114,2025-04-04,delivered,card,,0.00,7847.00,2025-04-06
101514,522,2025-04-04,delivered,sbp,,0.00,459.00,2025-04-06
101515,157,2025-04-04,delivered,cash,,0.00,3368.00,2025-04-06
101516,129,2025-04-04,returned,card,,0.00,929.00,2025-04-08
101517,382,2025-04-04,delivered,card,,0.00,1658.00,2025-04-09
101518,515,2025-04-04,delivered,card,,0.00,1980.00,2025-04-07
101519,783,2025-04-04,delivered,card,,0.00,3290.00,2025-04-07
101520,756,2025-04-04,delivered,sbp,,0.00,46680.00,2025-04-08
101521,401,2025-04-04,delivered,card,,0.00,37290.00,2025-04-07
101522,82,2025-04-04,returned,cash,,0.00,20970.00,2025-04-07
101523,958,2025-04-04,delivered,card,,0.00,30670.00,2025-04-12
101524,1094,2025-04-04,delivered,sbp,,0.00,429.00,2025-04-06
101525,836,2025-04-04,delivered,card,,0.00,40090.00,2025-04-06
101526,919,2025-04-04,delivered,card,,0.00,17429.00,2025-04-09
101527,496,2025-04-04,delivered,card,,0.00,6277.00,2025-04-06
101528,1167,2025-04-04,delivered,card,,0.00,88690.00,2025-04-06
101529,346,2025-04-04,delivered,sbp,,0.00,10280.00,2025-04-07
101530,419,2025-04-04,delivered,card,,0.00,2780.00,2025-04-08
101531,1163,2025-04-04,delivered,card,,0.00,12370.00,2025-04-08
101532,80,2025-04-04,delivered,card,,0.00,469.00,2025-04-06
101533,1078,2025-04-04,cancelled,cash,,0.00,21629.00,
101534,581,2025-04-04,returned,cash,,0.00,3090.00,2025-04-09
101535,373,2025-04-04,cancelled,cash,,0.00,6490.00,
101536,78,2025-04-04,delivered,sbp,,0.00,1190.00,2025-04-06
101537,800,2025-04-04,delivered,card,,0.00,2290.00,2025-04-13
101538,578,2025-04-04,delivered,cash,,0.00,4690.00,2025-04-13
101539,982,2025-04-04,delivered,card,,0.00,1478.00,2025-04-08
101540,1132,2025-04-04,delivered,card,,0.00,5919.00,2025-04-09
101541,420,2025-04-04,delivered,card,,0.00,3459.00,2025-04-09
101542,587,2025-04-05,delivered,card,,0.00,5490.00,2025-04-15
101543,264,2025-04-05,delivered,card,,0.00,8390.00,2025-04-11
101544,380,2025-04-05,delivered,sbp,,0.00,2787.00,2025-04-07
101545,51,2025-04-05,delivered,sbp,,0.00,4659.00,2025-04-09
101546,942,2025-04-05,delivered,card,,0.00,3290.00,2025-04-08
101547,450,2025-04-05,delivered,cash,,0.00,4690.00,2025-04-08
101548,1111,2025-04-05,delivered,card,,0.00,9280.00,2025-04-09
101549,195,2025-04-05,delivered,sbp,,0.00,13270.00,2025-04-09
101550,796,2025-04-05,delivered,card,,0.00,2317.00,2025-04-07
101551,1085,2025-04-05,delivered,card,,0.00,3290.00,2025-04-07
101552,836,2025-04-05,delivered,sbp,,0.00,3839.00,2025-04-08
101553,1147,2025-04-05,delivered,card,,0.00,1658.00,2025-04-08
101554,820,2025-04-05,returned,card,,0.00,1890.00,2025-04-08
101555,909,2025-04-05,delivered,card,,0.00,6490.00,2025-04-15
101556,215,2025-04-05,delivered,card,,0.00,7177.00,2025-04-11
101557,855,2025-04-05,delivered,card,,0.00,44780.00,2025-04-08
101558,782,2025-04-06,delivered,card,,0.00,1790.00,2025-04-11
101559,608,2025-04-06,delivered,sbp,,0.00,8419.00,2025-04-09
101560,695,2025-04-06,delivered,cash,,0.00,12409.00,2025-04-13
101561,388,2025-04-06,delivered,card,,0.00,6370.00,2025-04-11
101562,499,2025-04-06,delivered,card,,0.00,15960.00,2025-04-15
101563,1175,2025-04-06,delivered,card,,0.00,13980.00,2025-04-07
101564,437,2025-04-06,delivered,sbp,,0.00,459.00,2025-04-10
101565,722,2025-04-06,delivered,card,,0.00,10119.00,2025-04-09
101566,1042,2025-04-06,delivered,card,,0.00,8390.00,2025-04-10
101567,364,2025-04-06,delivered,card,,0.00,2249.00,2025-04-15
101568,1179,2025-04-06,delivered,card,,0.00,829.00,2025-04-09
101569,1142,2025-04-06,delivered,sbp,,0.00,8880.00,2025-04-10
101570,894,2025-04-06,delivered,card,,0.00,1190.00,2025-04-08
101571,819,2025-04-06,delivered,sbp,,0.00,15380.00,2025-04-09
101572,1111,2025-04-06,returned,card,,0.00,4929.00,2025-04-16
101573,744,2025-04-06,delivered,card,,0.00,6980.00,2025-04-13
101574,992,2025-04-06,delivered,card,,0.00,5580.00,2025-04-08
101575,1,2025-04-06,delivered,card,,0.00,12090.00,2025-04-07
101576,552,2025-04-06,delivered,card,,0.00,4619.00,2025-04-10
101577,971,2025-04-06,delivered,card,,0.00,549.00,2025-04-09
101578,774,2025-04-06,delivered,sbp,,0.00,11190.00,2025-04-11
101579,496,2025-04-06,delivered,card,,0.00,4180.00,2025-04-10
101580,728,2025-04-06,delivered,card,,0.00,549.00,2025-04-15
101581,1004,2025-04-06,cancelled,card,,0.00,1980.00,
101582,753,2025-04-06,delivered,card,,0.00,7490.00,2025-04-14
101583,955,2025-04-06,delivered,card,,0.00,13570.00,2025-04-12
101584,1164,2025-04-06,delivered,sbp,WELCOME10,609.00,5481.00,2025-04-09
101585,623,2025-04-06,delivered,cash,,0.00,2290.00,2025-04-09
101586,811,2025-04-06,delivered,card,,0.00,2380.00,2025-04-11
101587,1124,2025-04-06,returned,card,,0.00,16070.00,2025-04-09
101588,1002,2025-04-06,delivered,card,,0.00,16290.00,2025-04-11
101589,122,2025-04-06,delivered,card,,0.00,1858.00,2025-04-10
101590,126,2025-04-06,delivered,card,,0.00,12090.00,2025-04-12
101591,20,2025-04-07,delivered,card,,0.00,3719.00,2025-04-11
101592,776,2025-04-07,delivered,card,,0.00,5490.00,2025-04-15
101593,24,2025-04-07,delivered,card,,0.00,29257.00,2025-04-13
101594,1026,2025-04-07,delivered,card,,0.00,37390.00,2025-04-12
101595,1175,2025-04-07,delivered,card,,0.00,1980.00,2025-04-08
101596,69,2025-04-07,delivered,card,,0.00,23657.00,2025-04-11
101597,538,2025-04-07,delivered,card,,0.00,33580.00,2025-04-10
101598,333,2025-04-07,delivered,card,,0.00,26999.00,2025-04-12
101599,751,2025-04-07,cancelled,card,,0.00,22309.00,
101600,201,2025-04-07,delivered,card,,0.00,11190.00,2025-04-09
101601,990,2025-04-07,delivered,card,,0.00,4480.00,2025-04-10
101602,1142,2025-04-07,returned,sbp,,0.00,2290.00,2025-04-09
101603,1169,2025-04-07,delivered,card,,0.00,23290.00,2025-04-10
101604,121,2025-04-07,delivered,sbp,,0.00,30280.00,2025-04-11
101605,614,2025-04-07,cancelled,card,,0.00,4088.00,
101606,1124,2025-04-07,delivered,sbp,,0.00,6490.00,2025-04-12
101607,1086,2025-04-07,delivered,sbp,,0.00,1390.00,2025-04-12
101608,1157,2025-04-07,delivered,card,WELCOME10,563.90,5075.10,2025-04-10
101609,1080,2025-04-07,delivered,card,,0.00,3290.00,2025-04-12
101610,1176,2025-04-07,delivered,card,,0.00,11309.00,2025-04-10
101611,552,2025-04-07,delivered,card,,0.00,4677.00,2025-04-13
101612,680,2025-04-08,delivered,card,,0.00,4980.00,2025-04-09
101613,225,2025-04-08,delivered,card,,0.00,40190.00,2025-04-11
101614,74,2025-04-08,delivered,card,,0.00,24460.00,2025-04-13
101615,77,2025-04-08,delivered,card,,0.00,13928.00,2025-04-09
101616,323,2025-04-08,delivered,cash,,0.00,749.00,2025-04-15
101617,408,2025-04-08,delivered,cash,,0.00,5090.00,2025-04-12
101618,801,2025-04-08,delivered,card,,0.00,1980.00,2025-04-12
101619,203,2025-04-08,delivered,cash,,0.00,3036.00,2025-04-11
101620,832,2025-04-08,delivered,cash,,0.00,3819.00,2025-04-12
101621,608,2025-04-08,delivered,card,,0.00,1390.00,2025-04-12
101622,585,2025-04-08,delivered,card,,0.00,11190.00,2025-04-10
101623,775,2025-04-08,delivered,card,,0.00,3290.00,2025-04-09
101624,1083,2025-04-09,delivered,card,,0.00,3090.00,2025-04-13
101625,204,2025-04-09,delivered,cash,,0.00,40190.00,2025-04-14
101626,764,2025-04-09,returned,card,,0.00,1190.00,2025-04-12
101627,419,2025-04-09,delivered,card,,0.00,5680.00,2025-04-12
101628,854,2025-04-09,delivered,card,,0.00,429.00,2025-04-13
101629,1181,2025-04-09,delivered,cash,WELCOME10,179.00,1611.00,2025-04-10
101630,1152,2025-04-09,delivered,card,,0.00,7580.00,2025-04-14
101631,1004,2025-04-09,delivered,sbp,,0.00,2090.00,2025-04-15
101632,1101,2025-04-09,delivered,card,,0.00,829.00,2025-04-11
101633,638,2025-04-09,delivered,card,,0.00,26190.00,2025-04-12
101634,1,2025-04-10,delivered,card,,0.00,9290.00,2025-04-13
101635,628,2025-04-10,delivered,card,,0.00,46078.00,2025-04-12
101636,753,2025-04-10,delivered,card,,0.00,11680.00,2025-04-16
101637,496,2025-04-10,delivered,card,,0.00,6580.00,2025-04-13
101638,824,2025-04-10,cancelled,card,,0.00,8390.00,
101639,1150,2025-04-10,delivered,card,,0.00,37199.00,2025-04-14
101640,608,2025-04-10,delivered,card,,0.00,469.00,2025-04-16
101641,1084,2025-04-10,delivered,sbp,,0.00,1190.00,2025-04-13
101642,832,2025-04-10,delivered,card,,0.00,38280.00,2025-04-15
101643,602,2025-04-10,delivered,sbp,,0.00,5639.00,2025-04-12
101644,418,2025-04-10,delivered,card,,0.00,1478.00,2025-04-13
101645,501,2025-04-10,delivered,card,,0.00,10580.00,2025-04-14
101646,1148,2025-04-10,delivered,cash,,0.00,829.00,2025-04-20
101647,286,2025-04-10,delivered,card,,0.00,38736.00,2025-04-15
101648,979,2025-04-10,delivered,card,,0.00,79390.00,2025-04-12
101649,1124,2025-04-10,delivered,card,,0.00,60690.00,2025-04-14
101650,996,2025-04-10,delivered,card,,0.00,7070.00,2025-04-11
101651,1073,2025-04-10,delivered,card,,0.00,8009.00,2025-04-15
101652,1178,2025-04-10,cancelled,cash,,0.00,829.00,
101653,1188,2025-04-11,delivered,card,,0.00,41080.00,2025-04-14
101654,183,2025-04-11,delivered,sbp,,0.00,429.00,2025-04-15
101655,71,2025-04-11,delivered,card,,0.00,3048.00,2025-04-15
101656,864,2025-04-11,delivered,cash,,0.00,7029.00,2025-04-13
101657,635,2025-04-11,delivered,sbp,,0.00,112190.00,2025-04-14
101658,671,2025-04-11,delivered,sbp,,0.00,7490.00,2025-04-14
101659,102,2025-04-11,delivered,card,,0.00,7919.00,2025-04-13
101660,311,2025-04-11,delivered,card,,0.00,2219.00,2025-04-12
101661,1065,2025-04-11,delivered,sbp,,0.00,26577.00,2025-04-13
101662,570,2025-04-11,delivered,sbp,,0.00,1647.00,2025-04-16
101663,590,2025-04-11,delivered,cash,,0.00,4280.00,2025-04-16
101664,585,2025-04-11,delivered,sbp,,0.00,938.00,2025-04-14
101665,1186,2025-04-11,delivered,card,WELCOME10,179.00,1611.00,2025-04-14
101666,1159,2025-04-11,delivered,card,,0.00,16790.00,2025-04-14
101667,894,2025-04-11,delivered,card,,0.00,5090.00,2025-04-13
101668,1078,2025-04-11,delivered,card,,0.00,2790.00,2025-04-14
101669,502,2025-04-11,delivered,card,,0.00,12090.00,2025-04-13
101670,1187,2025-04-11,delivered,card,WELCOME10,1000.00,15247.00,2025-04-13
101671,1184,2025-04-11,delivered,card,,0.00,7380.00,2025-04-14
101672,957,2025-04-11,delivered,cash,,0.00,3480.00,2025-04-16
101673,352,2025-04-11,delivered,sbp,,0.00,112190.00,2025-04-14
101674,475,2025-04-11,returned,card,,0.00,9290.00,2025-04-13
101675,906,2025-04-11,delivered,card,,0.00,29170.00,2025-04-12
101676,580,2025-04-11,delivered,card,,0.00,5490.00,2025-04-14
101677,742,2025-04-11,delivered,card,,0.00,12187.00,2025-04-19
101678,184,2025-04-11,delivered,card,,0.00,369.00,2025-04-20
101679,608,2025-04-12,delivered,card,,0.00,7490.00,2025-04-15
101680,217,2025-04-12,delivered,card,,0.00,46690.00,2025-04-13
101681,990,2025-04-12,delivered,card,,0.00,33627.00,2025-04-15
101682,388,2025-04-12,delivered,card,,0.00,33180.00,2025-04-18
101683,408,2025-04-12,delivered,sbp,,0.00,4119.00,2025-04-16
101684,355,2025-04-12,delivered,card,,0.00,9806.00,2025-04-21
101685,682,2025-04-12,delivered,card,,0.00,23390.00,2025-04-15
101686,378,2025-04-12,cancelled,card,,0.00,40190.00,
101687,395,2025-04-12,delivered,card,,0.00,1098.00,2025-04-16
101688,1182,2025-04-12,delivered,card,,0.00,3290.00,2025-04-13
101689,211,2025-04-12,delivered,card,,0.00,6990.00,2025-04-18
101690,341,2025-04-12,delivered,card,,0.00,4038.00,2025-04-16
101691,725,2025-04-12,delivered,card,,0.00,2408.00,2025-04-15
101692,1190,2025-04-12,delivered,card,,0.00,6780.00,2025-04-16
101693,939,2025-04-12,delivered,sbp,,0.00,10290.00,2025-04-16
101694,608,2025-04-12,delivered,card,,0.00,14770.00,2025-04-17
101695,1178,2025-04-12,delivered,card,,0.00,3690.00,2025-04-13
101696,876,2025-04-13,delivered,card,,0.00,4327.00,2025-04-19
101697,754,2025-04-13,cancelled,card,,0.00,8850.00,
101698,1152,2025-04-13,delivered,card,,0.00,1919.00,2025-04-19
101699,233,2025-04-13,delivered,card,,0.00,66880.00,2025-04-17
101700,453,2025-04-13,delivered,card,,0.00,3290.00,2025-04-17
101701,709,2025-04-13,delivered,sbp,,0.00,9770.00,2025-04-14
101702,250,2025-04-13,delivered,card,,0.00,3090.00,2025-04-17
101703,443,2025-04-13,delivered,card,,0.00,3580.00,2025-04-15
101704,300,2025-04-13,delivered,card,,0.00,113980.00,2025-04-16
101705,958,2025-04-13,delivered,sbp,,0.00,11767.00,2025-04-17
101706,95,2025-04-13,delivered,sbp,,0.00,4748.00,2025-04-18
101707,832,2025-04-13,delivered,sbp,,0.00,7419.00,2025-04-16
101708,1157,2025-04-13,delivered,card,,0.00,469.00,2025-04-15
101709,395,2025-04-13,delivered,card,,0.00,3090.00,2025-04-19
101710,1172,2025-04-13,delivered,sbp,,0.00,1390.00,2025-04-21
101711,356,2025-04-13,delivered,sbp,,0.00,6180.00,2025-04-22
101712,1042,2025-04-13,delivered,sbp,,0.00,3690.00,2025-04-16
101713,159,2025-04-13,delivered,card,,0.00,829.00,2025-04-16
101714,97,2025-04-13,delivered,sbp,,0.00,19099.00,2025-04-16
101715,583,2025-04-13,delivered,card,,0.00,7670.00,2025-04-17
101716,642,2025-04-14,delivered,card,,0.00,2780.00,2025-04-17
101717,1194,2025-04-14,cancelled,cash,,0.00,2790.00,
101718,153,2025-04-14,delivered,sbp,,0.00,1658.00,2025-04-18
101719,837,2025-04-14,delivered,sbp,,0.00,1658.00,2025-04-15
101720,302,2025-04-14,returned,card,,0.00,46690.00,2025-04-24
101721,695,2025-04-14,delivered,cash,,0.00,3188.00,2025-04-21
101722,559,2025-04-14,delivered,card,,0.00,1098.00,2025-04-20
101723,88,2025-04-14,delivered,card,,0.00,79490.00,2025-04-15
101724,950,2025-04-14,delivered,card,,0.00,22260.00,2025-04-16
101725,153,2025-04-14,delivered,card,,0.00,5909.00,2025-04-18
101726,509,2025-04-14,delivered,sbp,,0.00,1658.00,2025-04-18
101727,967,2025-04-14,delivered,cash,,0.00,10290.00,2025-04-24
101728,1180,2025-04-14,delivered,card,FRIEND300,300.00,3319.00,2025-04-20
101729,1166,2025-04-14,delivered,card,,0.00,7519.00,2025-04-19
101730,620,2025-04-14,delivered,cash,,0.00,10009.00,2025-04-16
101731,655,2025-04-14,delivered,sbp,,0.00,9180.00,2025-04-16
101732,783,2025-04-14,delivered,sbp,,0.00,1590.00,2025-04-16
101733,1199,2025-04-14,delivered,card,,0.00,5580.00,2025-04-17
101734,305,2025-04-14,cancelled,card,,0.00,429.00,
101735,121,2025-04-14,delivered,card,,0.00,8390.00,2025-04-20
101736,695,2025-04-14,delivered,card,,0.00,7490.00,2025-04-23
101737,444,2025-04-14,delivered,sbp,,0.00,5590.00,2025-04-17
101738,661,2025-04-15,delivered,card,,0.00,46770.00,2025-04-20
101739,1055,2025-04-15,delivered,card,,0.00,2290.00,2025-04-17
101740,81,2025-04-15,delivered,card,,0.00,11609.00,2025-04-19
101741,942,2025-04-15,delivered,card,,0.00,28070.00,2025-04-20
101742,802,2025-04-15,delivered,cash,,0.00,2090.00,2025-04-18
101743,838,2025-04-15,delivered,sbp,,0.00,80039.00,2025-04-17
101744,559,2025-04-15,delivered,sbp,,0.00,1776.00,2025-04-21
101745,1131,2025-04-15,cancelled,card,,0.00,128080.00,
101746,1073,2025-04-15,delivered,sbp,,0.00,5490.00,2025-04-19
101747,470,2025-04-15,delivered,sbp,,0.00,649.00,2025-04-19
101748,747,2025-04-15,returned,sbp,,0.00,9380.00,2025-04-22
101749,1030,2025-04-15,delivered,card,,0.00,14248.00,2025-04-19
101750,597,2025-04-15,delivered,card,,0.00,3290.00,2025-04-20
101751,1061,2025-04-15,cancelled,cash,,0.00,6059.00,
101752,1112,2025-04-15,delivered,card,,0.00,4339.00,2025-04-17
101753,832,2025-04-15,delivered,card,,0.00,2380.00,2025-04-18
101754,1115,2025-04-15,delivered,card,,0.00,40190.00,2025-04-17
101755,521,2025-04-15,delivered,card,,0.00,9839.00,2025-04-23
101756,1069,2025-04-15,cancelled,card,,0.00,6180.00,
101757,483,2025-04-15,delivered,card,,0.00,11180.00,2025-04-22
101758,1092,2025-04-15,delivered,sbp,,0.00,3280.00,2025-04-19
101759,695,2025-04-16,delivered,card,,0.00,4690.00,2025-04-22
101760,603,2025-04-16,delivered,card,,0.00,2487.00,2025-04-19
101761,664,2025-04-16,delivered,sbp,,0.00,1098.00,2025-04-18
101762,1026,2025-04-16,delivered,card,,0.00,649.00,2025-04-22
101763,348,2025-04-16,delivered,card,,0.00,42549.00,2025-04-22
101764,300,2025-04-16,delivered,card,,0.00,5590.00,2025-04-19
101765,313,2025-04-16,delivered,card,,0.00,8390.00,2025-04-20
101766,453,2025-04-16,delivered,sbp,,0.00,1890.00,2025-04-25
101767,937,2025-04-16,delivered,card,,0.00,42080.00,2025-04-24
101768,757,2025-04-16,delivered,cash,,0.00,3090.00,2025-04-22
101769,967,2025-04-16,delivered,card,,0.00,11167.00,2025-04-21
101770,409,2025-04-16,returned,sbp,,0.00,3909.00,2025-04-21
101771,949,2025-04-16,delivered,sbp,,0.00,1890.00,2025-04-19
101772,742,2025-04-16,delivered,card,,0.00,1390.00,2025-04-26
101773,1157,2025-04-16,delivered,cash,,0.00,6990.00,2025-04-17
101774,1147,2025-04-16,delivered,card,,0.00,6570.00,2025-04-19
101775,1201,2025-04-16,delivered,card,WELCOME10,610.60,5495.40,2025-04-25
101776,56,2025-04-16,delivered,cash,,0.00,38570.00,2025-04-20
101777,1094,2025-04-16,delivered,card,,0.00,6180.00,2025-04-19
101778,1139,2025-04-16,delivered,sbp,,0.00,469.00,2025-04-20
101779,1193,2025-04-16,delivered,cash,,0.00,1298.00,2025-04-19
101780,200,2025-04-16,delivered,card,,0.00,1658.00,2025-04-19
101781,515,2025-04-16,returned,card,,0.00,8390.00,2025-04-17
101782,371,2025-04-17,delivered,card,,0.00,10648.00,2025-04-21
101783,844,2025-04-17,delivered,card,,0.00,15890.00,2025-04-19
101784,1204,2025-04-17,delivered,card,,0.00,5090.00,2025-04-24
101785,167,2025-04-17,delivered,card,,0.00,122139.00,2025-04-18
101786,1198,2025-04-17,delivered,sbp,,0.00,40190.00,2025-04-27
101787,1207,2025-04-17,delivered,card,WELCOME10,358.80,3229.20,2025-04-21
101788,484,2025-04-17,delivered,card,,0.00,6490.00,2025-04-18
101789,287,2025-04-17,delivered,card,,0.00,6990.00,2025-04-19
101790,949,2025-04-17,delivered,sbp,,0.00,3090.00,2025-04-22
101791,638,2025-04-17,delivered,card,,0.00,7458.00,2025-04-21
101792,1192,2025-04-17,delivered,card,WELCOME10,179.00,1611.00,2025-04-20
101793,599,2025-04-17,delivered,cash,,0.00,459.00,2025-04-23
101794,118,2025-04-17,delivered,card,,0.00,3690.00,2025-04-18
101795,796,2025-04-17,delivered,card,,0.00,1190.00,2025-04-19
101796,246,2025-04-17,delivered,card,,0.00,749.00,2025-04-20
101797,1102,2025-04-17,delivered,cash,,0.00,8680.00,2025-04-23
101798,1142,2025-04-17,delivered,sbp,,0.00,829.00,2025-04-20
101799,515,2025-04-17,delivered,card,,0.00,13478.00,2025-04-20
101800,1081,2025-04-17,delivered,card,,0.00,16840.00,2025-04-27
101801,1208,2025-04-17,delivered,card,WELCOME10,469.00,4221.00,2025-04-26
101802,788,2025-04-17,delivered,cash,,0.00,14980.00,2025-04-22
101803,756,2025-04-17,delivered,sbp,,0.00,4680.00,2025-04-22
101804,1083,2025-04-18,delivered,card,,0.00,3119.00,2025-04-20
101805,1085,2025-04-18,delivered,card,,0.00,17619.00,2025-04-23
101806,1069,2025-04-18,delivered,card,,0.00,649.00,2025-04-25
101807,364,2025-04-18,delivered,sbp,,0.00,3419.00,2025-04-27
101808,638,2025-04-18,delivered,cash,,0.00,30390.00,2025-04-21
101809,1174,2025-04-18,delivered,cash,,0.00,55319.00,2025-04-24
101810,480,2025-04-18,delivered,card,,0.00,3677.00,2025-04-19
101811,872,2025-04-18,delivered,sbp,,0.00,3690.00,2025-04-19
101812,559,2025-04-18,delivered,card,,0.00,2439.00,2025-04-22
101813,832,2025-04-18,delivered,card,,0.00,4878.00,2025-04-20
101814,476,2025-04-18,delivered,card,,0.00,21380.00,2025-04-23
101815,1085,2025-04-18,delivered,card,,0.00,6490.00,2025-04-22
101816,341,2025-04-18,delivered,card,,0.00,5490.00,2025-04-21
101817,253,2025-04-18,delivered,cash,,0.00,1190.00,2025-04-27
101818,475,2025-04-18,delivered,cash,,0.00,2090.00,2025-04-23
101819,605,2025-04-18,delivered,card,,0.00,14887.00,2025-04-25
101820,909,2025-04-18,delivered,card,,0.00,369.00,2025-04-24
101821,796,2025-04-19,delivered,card,,0.00,3290.00,2025-04-22
101822,1037,2025-04-19,delivered,cash,WELCOME10,73.80,664.20,2025-04-25
101823,1101,2025-04-19,returned,card,,0.00,1190.00,2025-04-21
101824,595,2025-04-19,delivered,card,,0.00,6080.00,2025-04-26
101825,955,2025-04-19,delivered,card,,0.00,459.00,2025-04-23
101826,1181,2025-04-19,cancelled,card,,0.00,2790.00,
101827,196,2025-04-19,delivered,card,,0.00,11139.00,2025-04-26
101828,1090,2025-04-19,delivered,card,,0.00,6490.00,2025-04-23
101829,788,2025-04-19,delivered,card,,0.00,9290.00,2025-04-21
101830,547,2025-04-19,delivered,sbp,,0.00,9238.00,2025-04-24
101831,157,2025-04-19,cancelled,card,,0.00,6090.00,
101832,699,2025-04-19,delivered,card,,0.00,3090.00,2025-04-23
101833,570,2025-04-19,delivered,card,,0.00,14360.00,2025-04-22
101834,20,2025-04-19,delivered,card,,0.00,829.00,2025-04-22
101835,105,2025-04-19,delivered,sbp,,0.00,858.00,2025-04-23
101836,495,2025-04-19,delivered,card,,0.00,9380.00,2025-04-22
101837,1142,2025-04-19,delivered,card,,0.00,1890.00,2025-04-22
101838,1013,2025-04-19,returned,card,,0.00,6993.00,2025-04-24
101839,639,2025-04-19,delivered,card,,0.00,57147.00,2025-04-22
101840,937,2025-04-19,delivered,sbp,,0.00,5980.00,2025-04-29
101841,547,2025-04-19,delivered,card,,0.00,749.00,2025-04-22
101842,382,2025-04-19,delivered,card,,0.00,12019.00,2025-04-27
101843,379,2025-04-19,delivered,cash,,0.00,5139.00,2025-04-20
101844,671,2025-04-19,delivered,card,,0.00,3649.00,2025-04-20
101845,680,2025-04-19,delivered,card,,0.00,1658.00,2025-04-21
101846,537,2025-04-20,delivered,card,,0.00,2790.00,2025-04-26
101847,448,2025-04-20,delivered,sbp,,0.00,829.00,2025-04-24
101848,1072,2025-04-20,delivered,sbp,,0.00,939.00,2025-04-24
101849,508,2025-04-20,delivered,card,,0.00,76680.00,2025-04-22
101850,269,2025-04-20,delivered,card,,0.00,46790.00,2025-04-24
101851,751,2025-04-20,delivered,card,,0.00,2380.00,2025-04-24
101852,1090,2025-04-20,delivered,card,,0.00,6990.00,2025-04-24
101853,994,2025-04-20,delivered,card,,0.00,79590.00,2025-04-24
101854,1102,2025-04-20,delivered,card,,0.00,13119.00,2025-04-23
101855,110,2025-04-20,delivered,card,,0.00,2559.00,2025-04-25
101856,75,2025-04-20,cancelled,card,,0.00,1190.00,
101857,1042,2025-04-20,returned,card,,0.00,8970.00,2025-04-25
101858,1185,2025-04-20,delivered,card,WELCOME10,1000.00,45790.00,2025-04-24
101859,476,2025-04-20,delivered,sbp,,0.00,37578.00,2025-04-25
101860,137,2025-04-20,delivered,card,,0.00,17729.00,2025-04-21
101861,442,2025-04-20,delivered,card,,0.00,829.00,2025-04-26
101862,909,2025-04-20,returned,cash,,0.00,1878.00,2025-04-30
101863,1085,2025-04-20,delivered,card,,0.00,41380.00,2025-04-24
101864,1009,2025-04-21,delivered,card,,0.00,35080.00,2025-04-24
101865,481,2025-04-21,delivered,card,,0.00,6490.00,2025-04-26
101866,673,2025-04-21,delivered,cash,,0.00,1390.00,2025-04-24
101867,1142,2025-04-21,delivered,card,,0.00,3690.00,2025-04-26
101868,990,2025-04-21,delivered,sbp,,0.00,4780.00,2025-04-23
101869,312,2025-04-21,returned,sbp,,0.00,4188.00,2025-04-22
101870,52,2025-04-21,delivered,card,,0.00,749.00,2025-04-27
101871,618,2025-04-21,delivered,card,,0.00,2090.00,2025-04-23
101872,1055,2025-04-21,delivered,card,,0.00,2027.00,2025-04-24
101873,1222,2025-04-21,delivered,card,,0.00,2090.00,2025-04-23
101874,514,2025-04-21,returned,card,,0.00,3536.00,2025-04-27
101875,352,2025-04-21,delivered,cash,,0.00,6168.00,2025-04-23
101876,551,2025-04-21,delivered,card,,0.00,429.00,2025-04-23
101877,382,2025-04-21,delivered,card,,0.00,1190.00,2025-05-01
101878,1212,2025-04-21,delivered,cash,,0.00,1390.00,2025-04-22
101879,1213,2025-04-21,returned,card,,0.00,37370.00,2025-04-27
101880,1078,2025-04-21,delivered,card,,0.00,12870.00,2025-04-23
101881,521,2025-04-21,delivered,card,,0.00,2290.00,2025-04-30
101882,540,2025-04-21,delivered,card,,0.00,17970.00,2025-04-25
101883,671,2025-04-21,delivered,card,,0.00,4290.00,2025-04-24
101884,476,2025-04-21,delivered,card,,0.00,26190.00,2025-04-30
101885,722,2025-04-21,delivered,card,,0.00,1190.00,2025-04-23
101886,906,2025-04-22,delivered,cash,,0.00,7490.00,2025-04-25
101887,331,2025-04-22,returned,card,,0.00,939.00,2025-04-25
101888,499,2025-04-22,cancelled,card,,0.00,1190.00,
101889,1108,2025-04-22,delivered,sbp,,0.00,3090.00,2025-04-25
101890,84,2025-04-22,delivered,sbp,,0.00,2956.00,2025-04-27
101891,1006,2025-04-22,delivered,card,,0.00,23390.00,2025-04-24
101892,559,2025-04-22,delivered,card,,0.00,3188.00,2025-04-27
101893,1081,2025-04-22,delivered,card,,0.00,6380.00,2025-05-01
101894,168,2025-04-22,delivered,cash,,0.00,30390.00,2025-04-23
101895,1220,2025-04-22,delivered,card,,0.00,1390.00,2025-04-24
101896,203,2025-04-22,delivered,card,,0.00,9780.00,2025-04-24
101897,921,2025-04-22,delivered,card,,0.00,8899.00,2025-04-27
101898,1216,2025-04-22,delivered,cash,WELCOME10,508.00,4572.00,2025-05-02
101899,665,2025-04-22,delivered,sbp,,0.00,6139.00,2025-04-27
101900,31,2025-04-22,delivered,cash,,0.00,5019.00,2025-05-01
101901,1217,2025-04-22,delivered,card,,0.00,1590.00,2025-04-28
101902,681,2025-04-22,delivered,cash,,0.00,7480.00,2025-04-27
101903,1228,2025-04-22,delivered,card,WELCOME10,1000.00,22390.00,2025-04-25
101904,608,2025-04-22,delivered,card,,0.00,4690.00,2025-04-26
101905,1109,2025-04-22,delivered,card,,0.00,2790.00,2025-05-02
101906,706,2025-04-23,delivered,card,,0.00,939.00,2025-04-27
101907,1236,2025-04-23,delivered,card,,0.00,1098.00,2025-04-26
101908,1008,2025-04-23,delivered,card,,0.00,2487.00,2025-04-26
101909,78,2025-04-23,delivered,sbp,,0.00,6098.00,2025-04-24
101910,52,2025-04-23,returned,card,,0.00,6639.00,2025-05-01
101911,428,2025-04-23,delivered,sbp,,0.00,10918.00,2025-04-27
101912,791,2025-04-23,delivered,card,,0.00,8368.00,2025-04-29
101913,1233,2025-04-23,delivered,card,,0.00,5439.00,2025-04-24
101914,313,2025-04-23,delivered,card,,0.00,4937.00,2025-04-26
101915,538,2025-04-23,delivered,card,,0.00,7490.00,2025-04-26
101916,1171,2025-04-23,delivered,card,WELCOME10,398.00,3582.00,2025-04-25
101917,1210,2025-04-23,delivered,card,WELCOME10,1000.00,9270.00,2025-04-25
101918,1235,2025-04-23,delivered,card,,0.00,4690.00,2025-04-26
101919,364,2025-04-23,returned,card,,0.00,48907.00,2025-05-03
101920,83,2025-04-23,delivered,cash,,0.00,3678.00,2025-04-26
101921,168,2025-04-23,delivered,card,,0.00,1390.00,2025-04-26
101922,4,2025-04-23,delivered,card,,0.00,5580.00,2025-04-28
101923,490,2025-04-23,delivered,card,,0.00,938.00,2025-04-25
101924,637,2025-04-23,delivered,sbp,,0.00,13670.00,2025-04-27
101925,906,2025-04-23,delivered,sbp,,0.00,51450.00,2025-04-25
101926,246,2025-04-24,delivered,card,,0.00,11180.00,2025-04-27
101927,371,2025-04-24,delivered,card,,0.00,5880.00,2025-04-28
101928,1159,2025-04-24,delivered,card,,0.00,31580.00,2025-04-27
101929,1131,2025-04-24,returned,sbp,,0.00,9380.00,2025-04-28
101930,1109,2025-04-24,delivered,card,,0.00,1878.00,2025-04-29
101931,1090,2025-04-24,delivered,card,,0.00,3690.00,2025-04-29
101932,278,2025-04-24,delivered,card,,0.00,3690.00,2025-04-27
101933,1207,2025-04-24,delivered,card,,0.00,3290.00,2025-04-26
101934,118,2025-04-24,delivered,cash,,0.00,3290.00,2025-04-27
101935,909,2025-04-24,cancelled,card,,0.00,15280.00,
101936,584,2025-04-24,delivered,cash,,0.00,2290.00,2025-04-29
101937,541,2025-04-24,delivered,card,,0.00,6380.00,2025-04-28
101938,836,2025-04-24,delivered,sbp,,0.00,6490.00,2025-04-26
101939,484,2025-04-24,delivered,cash,,0.00,11819.00,2025-04-25
101940,931,2025-04-24,delivered,card,,0.00,16790.00,2025-04-29
101941,269,2025-04-24,delivered,cash,,0.00,12360.00,2025-04-28
101942,329,2025-04-24,delivered,card,,0.00,3609.00,2025-05-03
101943,631,2025-04-24,delivered,card,,0.00,938.00,2025-04-29
101944,186,2025-04-25,delivered,card,,0.00,2790.00,2025-05-04
101945,1078,2025-04-25,delivered,card,,0.00,7490.00,2025-04-27
101946,706,2025-04-25,cancelled,card,,0.00,34590.00,
101947,570,2025-04-25,delivered,card,,0.00,2319.00,2025-04-29
101948,522,2025-04-25,delivered,card,,0.00,1190.00,2025-04-28
101949,706,2025-04-25,delivered,card,,0.00,2697.00,2025-05-05
101950,490,2025-04-25,delivered,card,,0.00,5090.00,2025-04-29
101951,232,2025-04-25,delivered,card,,0.00,1490.00,2025-05-01
101952,1042,2025-04-25,delivered,cash,,0.00,7880.00,2025-05-01
101953,752,2025-04-25,delivered,sbp,,0.00,7490.00,2025-04-28
101954,1030,2025-04-25,delivered,card,,0.00,6380.00,2025-04-29
101955,772,2025-04-25,delivered,card,,0.00,1878.00,2025-04-26
101956,319,2025-04-25,cancelled,card,,0.00,2790.00,
101957,1220,2025-04-25,delivered,card,,0.00,8480.00,2025-04-26
101958,1239,2025-04-25,delivered,sbp,,0.00,3729.00,2025-04-27
101959,764,2025-04-25,delivered,sbp,,0.00,9380.00,2025-04-28
101960,673,2025-04-25,delivered,card,,0.00,4690.00,2025-05-01
101961,698,2025-04-25,delivered,card,,0.00,4690.00,2025-04-30
101962,537,2025-04-25,cancelled,card,,0.00,3090.00,
101963,1225,2025-04-25,delivered,card,,0.00,42399.00,2025-04-26
101964,1125,2025-04-25,delivered,card,,0.00,2036.00,2025-05-05
101965,401,2025-04-26,delivered,card,,0.00,829.00,2025-04-27
101966,1234,2025-04-26,delivered,card,WELCOME10,419.00,3771.00,2025-05-04
101967,728,2025-04-26,delivered,card,,0.00,3919.00,2025-05-02
101968,1207,2025-04-26,delivered,card,,0.00,10290.00,2025-04-29
101969,815,2025-04-26,delivered,card,,0.00,4129.00,2025-04-30
101970,809,2025-04-26,delivered,card,,0.00,30390.00,2025-05-05
101971,742,2025-04-26,returned,sbp,,0.00,939.00,2025-05-05
101972,1115,2025-04-26,cancelled,cash,,0.00,3209.00,
101973,1229,2025-04-26,delivered,card,,0.00,1658.00,2025-04-28
101974,52,2025-04-26,delivered,card,,0.00,7009.00,2025-05-01
101975,1169,2025-04-26,delivered,sbp,,0.00,13997.00,2025-04-29
101976,80,2025-04-26,delivered,card,,0.00,6990.00,2025-04-28
101977,433,2025-04-26,delivered,card,,0.00,2219.00,2025-05-02
101978,894,2025-04-26,delivered,card,,0.00,20590.00,2025-04-29
101979,1002,2025-04-26,returned,card,,0.00,4690.00,2025-04-30
101980,1055,2025-04-26,delivered,card,,0.00,42190.00,2025-04-29
101981,388,2025-04-27,delivered,sbp,,0.00,7490.00,2025-05-03
101982,1042,2025-04-27,delivered,cash,,0.00,23947.00,2025-05-03
101983,1029,2025-04-27,delivered,card,,0.00,32129.00,2025-05-03
101984,69,2025-04-27,delivered,sbp,,0.00,549.00,2025-05-01
101985,302,2025-04-27,delivered,sbp,,0.00,17349.00,2025-05-06
101986,401,2025-04-27,delivered,sbp,,0.00,12190.00,2025-04-28
101987,7,2025-04-27,delivered,cash,,0.00,829.00,2025-04-30
101988,657,2025-04-27,delivered,sbp,,0.00,2790.00,2025-04-30
101989,1217,2025-04-27,delivered,card,,0.00,459.00,2025-05-01
101990,1094,2025-04-27,delivered,card,,0.00,18680.00,2025-05-01
101991,771,2025-04-27,delivered,card,,0.00,1477.00,2025-05-07
101992,1073,2025-04-27,delivered,card,,0.00,939.00,2025-05-01
101993,837,2025-04-27,delivered,card,,0.00,20999.00,2025-04-28
101994,1245,2025-04-27,delivered,sbp,,0.00,829.00,2025-05-01
101995,552,2025-04-27,delivered,card,,0.00,26190.00,2025-04-30
101996,523,2025-04-27,delivered,card,,0.00,939.00,2025-05-02
101997,1216,2025-04-27,delivered,sbp,,0.00,2790.00,2025-05-03
101998,403,2025-04-27,cancelled,cash,,0.00,4867.00,
101999,1000,2025-04-27,delivered,card,,0.00,1590.00,2025-05-01
102000,964,2025-04-27,delivered,card,,0.00,20590.00,2025-05-02
102001,559,2025-04-27,delivered,cash,,0.00,2380.00,2025-05-02
102002,241,2025-04-27,delivered,card,,0.00,6626.00,2025-05-02
102003,844,2025-04-27,delivered,sbp,,0.00,429.00,2025-05-01
102004,356,2025-04-27,delivered,sbp,,0.00,5239.00,2025-05-01
102005,629,2025-04-27,delivered,card,,0.00,42190.00,2025-05-01
102006,909,2025-04-27,delivered,cash,,0.00,12590.00,2025-05-06
102007,557,2025-04-28,delivered,card,,0.00,2127.00,2025-05-05
102008,894,2025-04-28,delivered,card,,0.00,6590.00,2025-04-29
102009,666,2025-04-28,delivered,sbp,,0.00,469.00,2025-05-01
102010,381,2025-04-28,delivered,cash,,0.00,26190.00,2025-05-02
102011,102,2025-04-28,delivered,card,,0.00,31260.00,2025-04-30
102012,836,2025-04-28,delivered,card,,0.00,429.00,2025-05-02
102013,1244,2025-04-28,delivered,card,,0.00,3290.00,2025-05-01
102014,349,2025-04-28,delivered,card,,0.00,2749.00,2025-05-03
102015,790,2025-04-28,delivered,card,,0.00,549.00,2025-05-01
102016,1083,2025-04-28,delivered,cash,,0.00,9280.00,2025-04-30
102017,408,2025-04-28,delivered,card,,0.00,4690.00,2025-05-02
102018,1220,2025-04-28,delivered,card,,0.00,4580.00,2025-05-01
102019,408,2025-04-29,delivered,card,,0.00,649.00,2025-05-04
102020,563,2025-04-29,delivered,sbp,,0.00,51319.00,2025-05-01
102021,537,2025-04-29,delivered,card,,0.00,4297.00,2025-05-05
102022,523,2025-04-29,delivered,card,,0.00,13380.00,2025-05-03
102023,725,2025-04-29,returned,sbp,,0.00,4088.00,2025-05-02
102024,703,2025-04-29,delivered,sbp,,0.00,1098.00,2025-05-02
102025,832,2025-04-29,delivered,card,,0.00,5619.00,2025-05-03
102026,1022,2025-04-29,delivered,card,,0.00,5549.00,2025-05-02
102027,52,2025-04-29,delivered,card,,0.00,649.00,2025-05-09
102028,497,2025-04-29,delivered,card,,0.00,1478.00,2025-05-01
102029,1240,2025-04-29,delivered,card,,0.00,369.00,2025-05-02
102030,269,2025-04-29,delivered,cash,,0.00,2090.00,2025-05-01
102031,256,2025-04-29,delivered,sbp,,0.00,3690.00,2025-05-04
102032,437,2025-04-29,cancelled,cash,,0.00,939.00,
102033,990,2025-04-30,delivered,card,,0.00,40290.00,2025-05-02
102034,196,2025-04-30,delivered,card,,0.00,2090.00,2025-05-09
102035,56,2025-04-30,delivered,card,,0.00,12570.00,2025-05-06
102036,1003,2025-04-30,delivered,sbp,WELCOME10,36.90,332.10,2025-05-06
102037,777,2025-04-30,delivered,card,,0.00,43799.00,2025-05-02
102038,1022,2025-04-30,delivered,card,,0.00,8880.00,2025-05-02
102039,774,2025-04-30,delivered,sbp,,0.00,829.00,2025-05-08
102040,587,2025-04-30,delivered,sbp,,0.00,2790.00,2025-05-07
102041,824,2025-04-30,delivered,sbp,,0.00,1658.00,2025-05-03
102042,970,2025-04-30,delivered,card,WELCOME10,119.00,1071.00,2025-05-03
102043,1142,2025-04-30,delivered,card,,0.00,2990.00,2025-05-03
102044,1197,2025-04-30,delivered,card,,0.00,16890.00,2025-05-06
102045,14,2025-04-30,delivered,card,,0.00,3795.00,2025-05-04
102046,575,2025-04-30,delivered,card,,0.00,1658.00,2025-05-02
102047,1115,2025-04-30,delivered,card,,0.00,16890.00,2025-05-02
102048,344,2025-05-01,delivered,card,,0.00,2790.00,2025-05-04
102049,153,2025-05-01,delivered,card,,0.00,123577.00,2025-05-06
102050,313,2025-05-01,delivered,sbp,,0.00,7490.00,2025-05-05
102051,1090,2025-05-01,returned,sbp,,0.00,10528.00,2025-05-08
102052,135,2025-05-01,delivered,card,,0.00,67450.00,2025-05-05
102053,1111,2025-05-01,delivered,card,,0.00,2290.00,2025-05-11
102054,1241,2025-05-01,returned,card,WELCOME10,887.60,7988.40,2025-05-05
102055,437,2025-05-01,delivered,card,,0.00,6590.00,2025-05-04
102056,566,2025-05-01,delivered,card,,0.00,8390.00,2025-05-09
102057,495,2025-05-01,delivered,sbp,,0.00,8859.00,2025-05-03
102058,185,2025-05-01,delivered,card,,0.00,2990.00,2025-05-05
102059,970,2025-05-01,delivered,card,,0.00,1098.00,2025-05-07
102060,352,2025-05-01,delivered,card,,0.00,5380.00,2025-05-02
102061,887,2025-05-01,delivered,card,,0.00,3290.00,2025-05-06
102062,775,2025-05-01,delivered,cash,,0.00,4190.00,2025-05-04
102063,442,2025-05-01,delivered,cash,,0.00,918.00,2025-05-05
102064,126,2025-05-01,delivered,card,,0.00,3280.00,2025-05-06
102065,1186,2025-05-02,delivered,sbp,,0.00,7878.00,2025-05-05
102066,747,2025-05-02,delivered,card,,0.00,98050.00,2025-05-12
102067,188,2025-05-02,delivered,card,,0.00,6709.00,2025-05-04
102068,747,2025-05-02,delivered,card,,0.00,3090.00,2025-05-12
102069,135,2025-05-02,delivered,card,,0.00,7278.00,2025-05-05
102070,950,2025-05-02,delivered,sbp,,0.00,4519.00,2025-05-05
102071,639,2025-05-02,delivered,card,,0.00,22456.00,2025-05-07
102072,963,2025-05-02,returned,card,,0.00,6280.00,2025-05-04
102073,1255,2025-05-02,delivered,sbp,,0.00,16670.00,2025-05-04
102074,52,2025-05-02,cancelled,card,,0.00,1878.00,
102075,388,2025-05-02,delivered,cash,,0.00,4197.00,2025-05-07
102076,1200,2025-05-02,delivered,card,WELCOME10,369.00,3321.00,2025-05-04
102077,348,2025-05-02,delivered,sbp,,0.00,2127.00,2025-05-06
102078,955,2025-05-02,delivered,card,,0.00,45989.00,2025-05-05
102079,756,2025-05-02,delivered,sbp,,0.00,3290.00,2025-05-08
102080,1260,2025-05-02,delivered,card,,0.00,9390.00,2025-05-07
102081,1098,2025-05-02,delivered,sbp,,0.00,5490.00,2025-05-03
102082,395,2025-05-02,delivered,card,,0.00,6180.00,2025-05-07
102083,105,2025-05-02,delivered,card,,0.00,30770.00,2025-05-08
102084,154,2025-05-02,delivered,card,,0.00,5780.00,2025-05-11
102085,121,2025-05-03,delivered,card,,0.00,1190.00,2025-05-07
102086,594,2025-05-03,delivered,card,,0.00,6480.00,2025-05-05
102087,587,2025-05-03,delivered,card,,0.00,2990.00,2025-05-07
102088,665,2025-05-03,delivered,card,,0.00,829.00,2025-05-08
102089,20,2025-05-03,delivered,card,,0.00,6177.00,2025-05-06
102090,1243,2025-05-03,delivered,card,WELCOME10,534.80,4813.20,2025-05-07
102091,661,2025-05-03,delivered,card,,0.00,8390.00,2025-05-08
102092,398,2025-05-03,delivered,card,,0.00,9780.00,2025-05-06
102093,1139,2025-05-03,delivered,card,,0.00,2290.00,2025-05-07
102094,444,2025-05-03,delivered,cash,,0.00,4690.00,2025-05-06
102095,629,2025-05-03,delivered,card,,0.00,14670.00,2025-05-09
102096,364,2025-05-03,delivered,card,,0.00,7475.00,2025-05-12
102097,574,2025-05-03,delivered,sbp,,0.00,1449.00,2025-05-06
102098,252,2025-05-03,delivered,sbp,,0.00,62868.00,2025-05-09
102099,168,2025-05-03,cancelled,sbp,,0.00,5590.00,
102100,1142,2025-05-03,delivered,sbp,,0.00,48780.00,2025-05-06
102101,1260,2025-05-03,cancelled,sbp,,0.00,5780.00,
102102,7,2025-05-03,cancelled,cash,,0.00,7490.00,
102103,1142,2025-05-03,returned,card,,0.00,24199.00,2025-05-07
102104,1254,2025-05-03,delivered,sbp,,0.00,469.00,2025-05-13
102105,1051,2025-05-03,delivered,card,,0.00,5490.00,2025-05-05
102106,993,2025-05-04,delivered,card,,0.00,7490.00,2025-05-13
102107,170,2025-05-04,delivered,sbp,,0.00,469.00,2025-05-10
102108,1258,2025-05-04,delivered,card,,0.00,459.00,2025-05-06
102109,319,2025-05-04,delivered,card,,0.00,32080.00,2025-05-12
102110,755,2025-05-04,delivered,card,,0.00,81729.00,2025-05-05
102111,1267,2025-05-04,delivered,card,,0.00,3405.00,2025-05-09
102112,638,2025-05-04,delivered,card,,0.00,7380.00,2025-05-06
102113,894,2025-05-04,delivered,cash,,0.00,1590.00,2025-05-06
102114,961,2025-05-04,delivered,card,,0.00,5780.00,2025-05-06
102115,796,2025-05-04,delivered,card,,0.00,42190.00,2025-05-06
102116,755,2025-05-04,delivered,card,,0.00,4580.00,2025-05-06
102117,344,2025-05-04,delivered,card,,0.00,1890.00,2025-05-07
102118,557,2025-05-04,delivered,card,,0.00,3690.00,2025-05-13
102119,1259,2025-05-04,delivered,card,,0.00,11578.00,2025-05-07
102120,810,2025-05-04,delivered,sbp,,0.00,918.00,2025-05-08
102121,52,2025-05-04,delivered,sbp,,0.00,4690.00,2025-05-08
102122,1003,2025-05-04,delivered,card,,0.00,8638.00,2025-05-07
102123,157,2025-05-04,delivered,card,,0.00,7490.00,2025-05-08
102124,388,2025-05-04,delivered,card,,0.00,549.00,2025-05-10
102125,305,2025-05-04,delivered,card,,0.00,6597.00,2025-05-09
102126,1142,2025-05-04,delivered,sbp,,0.00,2990.00,2025-05-06
102127,1104,2025-05-04,delivered,card,,0.00,8390.00,2025-05-08
102128,1135,2025-05-05,delivered,card,,0.00,15470.00,2025-05-11
102129,1261,2025-05-05,delivered,card,,0.00,6090.00,2025-05-07
102130,280,2025-05-05,delivered,sbp,,0.00,3380.00,2025-05-06
102131,1265,2025-05-05,delivered,card,,0.00,2308.00,2025-05-09
102132,395,2025-05-05,delivered,cash,,0.00,2808.00,2025-05-09
102133,1149,2025-05-05,cancelled,sbp,,0.00,2290.00,
102134,699,2025-05-05,delivered,sbp,,0.00,4190.00,2025-05-10
102135,513,2025-05-05,delivered,sbp,,0.00,11170.00,2025-05-13
102136,1109,2025-05-05,delivered,card,,0.00,6590.00,2025-05-13
102137,836,2025-05-05,delivered,sbp,,0.00,9380.00,2025-05-09
102138,628,2025-05-05,delivered,card,,0.00,6480.00,2025-05-07
102139,698,2025-05-05,delivered,cash,,0.00,18280.00,2025-05-09
102140,408,2025-05-05,delivered,sbp,,0.00,85960.00,2025-05-08
102141,1144,2025-05-05,delivered,card,,0.00,1878.00,2025-05-06
102142,557,2025-05-05,delivered,card,,0.00,12970.00,2025-05-15
102143,84,2025-05-05,delivered,card,,0.00,30490.00,2025-05-12
102144,1152,2025-05-05,delivered,cash,,0.00,46370.00,2025-05-09
102145,159,2025-05-06,delivered,sbp,,0.00,839.00,2025-05-10
102146,1178,2025-05-06,delivered,card,,0.00,17880.00,2025-05-07
102147,1112,2025-05-06,delivered,card,,0.00,1390.00,2025-05-09
102148,1277,2025-05-06,delivered,card,,0.00,9039.00,2025-05-10
102149,1152,2025-05-06,delivered,cash,,0.00,1647.00,2025-05-09
102150,1064,2025-05-06,delivered,card,,0.00,4690.00,2025-05-11
102151,1262,2025-05-06,delivered,sbp,WELCOME10,139.00,1251.00,2025-05-08
102152,1271,2025-05-06,delivered,card,WELCOME10,1000.00,9780.00,2025-05-09
102153,1268,2025-05-06,delivered,sbp,WELCOME10,1000.00,14207.00,2025-05-07
102154,387,2025-05-06,delivered,cash,,0.00,7490.00,2025-05-11
102155,263,2025-05-06,delivered,card,,0.00,549.00,2025-05-09
102156,1266,2025-05-06,delivered,card,WELCOME10,418.00,3762.00,2025-05-07
102157,1124,2025-05-06,returned,card,,0.00,1390.00,2025-05-10
102158,349,2025-05-07,delivered,card,,0.00,3129.00,2025-05-12
102159,1095,2025-05-07,returned,card,WELCOME10,130.80,1177.20,2025-05-14
102160,1111,2025-05-07,delivered,cash,,0.00,2790.00,2025-05-14
102161,1280,2025-05-07,delivered,card,WELCOME10,916.80,8251.20,2025-05-15
102162,333,2025-05-07,delivered,sbp,,0.00,1890.00,2025-05-14
102163,689,2025-05-07,delivered,card,,0.00,8390.00,2025-05-13
102164,608,2025-05-07,delivered,card,,0.00,469.00,2025-05-10
102165,154,2025-05-07,delivered,card,,0.00,9580.00,2025-05-14
102166,1148,2025-05-07,cancelled,sbp,,0.00,2380.00,
102167,796,2025-05-07,cancelled,card,,0.00,34750.00,
102168,304,2025-05-08,delivered,sbp,,0.00,5190.00,2025-05-12
102169,1142,2025-05-08,delivered,card,,0.00,16890.00,2025-05-10
102170,1105,2025-05-08,delivered,card,,0.00,26290.00,2025-05-13
102171,408,2025-05-08,delivered,sbp,,0.00,2090.00,2025-05-13
102172,497,2025-05-08,delivered,card,,0.00,8390.00,2025-05-12
102173,1051,2025-05-08,delivered,card,,0.00,7707.00,2025-05-09
102174,1100,2025-05-08,delivered,sbp,,0.00,8270.00,2025-05-12
102175,566,2025-05-08,delivered,card,,0.00,7858.00,2025-05-16
102176,1144,2025-05-08,delivered,card,,0.00,5157.00,2025-05-10
102177,1285,2025-05-08,delivered,card,WELCOME10,1000.00,17230.00,2025-05-09
102178,1241,2025-05-08,delivered,sbp,,0.00,1298.00,2025-05-10
102179,1270,2025-05-08,returned,card,,0.00,7970.00,2025-05-18
102180,46,2025-05-08,cancelled,cash,,0.00,3690.00,
102181,719,2025-05-08,delivered,card,,0.00,5527.00,2025-05-14
102182,741,2025-05-08,delivered,card,,0.00,1390.00,2025-05-12
102183,364,2025-05-08,delivered,card,,0.00,4149.00,2025-05-12
102184,570,2025-05-08,delivered,sbp,,0.00,2380.00,2025-05-12
102185,1283,2025-05-08,delivered,card,,0.00,2090.00,2025-05-11
102186,276,2025-05-08,cancelled,cash,,0.00,40390.00,
102187,35,2025-05-08,delivered,card,,0.00,1298.00,2025-05-14
102188,352,2025-05-09,delivered,card,,0.00,2108.00,2025-05-10
102189,252,2025-05-09,cancelled,card,,0.00,469.00,
102190,644,2025-05-09,delivered,card,,0.00,4190.00,2025-05-14
102191,124,2025-05-09,delivered,card,,0.00,31150.00,2025-05-13
102192,832,2025-05-09,delivered,card,,0.00,4280.00,2025-05-14
102193,557,2025-05-09,delivered,card,,0.00,7487.00,2025-05-18
102194,1009,2025-05-09,delivered,card,,0.00,6480.00,2025-05-14
102195,124,2025-05-09,delivered,card,,0.00,2388.00,2025-05-19
102196,1274,2025-05-09,delivered,card,,0.00,1090.00,2025-05-12
102197,1003,2025-05-09,delivered,sbp,,0.00,12470.00,2025-05-12
102198,235,2025-05-09,delivered,cash,,0.00,5529.00,2025-05-13
102199,751,2025-05-09,delivered,card,,0.00,2217.00,2025-05-12
102200,1281,2025-05-09,delivered,card,WELCOME10,1000.00,20929.00,2025-05-12
102201,1273,2025-05-09,delivered,card,WELCOME10,996.00,8964.00,2025-05-14
102202,1284,2025-05-09,delivered,card,,0.00,649.00,2025-05-15
102203,687,2025-05-09,delivered,card,,0.00,2868.00,2025-05-11
102204,193,2025-05-09,delivered,card,,0.00,1678.00,2025-05-11
102205,950,2025-05-09,delivered,card,,0.00,2790.00,2025-05-11
102206,581,2025-05-09,delivered,card,,0.00,4690.00,2025-05-11
102207,568,2025-05-09,delivered,sbp,,0.00,739.00,2025-05-12
102208,1008,2025-05-09,delivered,card,,0.00,5597.00,2025-05-14
102209,280,2025-05-09,delivered,card,,0.00,11409.00,2025-05-10
102210,680,2025-05-09,delivered,card,,0.00,91619.00,2025-05-12
102211,1249,2025-05-10,delivered,card,,0.00,5988.00,2025-05-12
102212,796,2025-05-10,returned,sbp,,0.00,13708.00,2025-05-13
102213,234,2025-05-10,delivered,card,,0.00,18509.00,2025-05-12
102214,944,2025-05-10,delivered,card,,0.00,22780.00,2025-05-18
102215,1282,2025-05-10,delivered,card,FRIEND300,300.00,37190.00,2025-05-14
102216,1022,2025-05-10,delivered,sbp,,0.00,3090.00,2025-05-12
102217,845,2025-05-10,delivered,card,,0.00,83980.00,2025-05-14
102218,921,2025-05-10,delivered,sbp,,0.00,8880.00,2025-05-13
102219,1069,2025-05-10,delivered,card,,0.00,7380.00,2025-05-15
102220,499,2025-05-10,delivered,sbp,,0.00,15870.00,2025-05-19
102221,141,2025-05-10,delivered,sbp,,0.00,7490.00,2025-05-13
102222,399,2025-05-10,delivered,sbp,,0.00,939.00,2025-05-11
102223,1022,2025-05-10,cancelled,card,,0.00,7280.00,
102224,1279,2025-05-10,delivered,card,,0.00,9270.00,2025-05-13
102225,943,2025-05-10,delivered,sbp,,0.00,369.00,2025-05-16
102226,409,2025-05-10,delivered,card,,0.00,8580.00,2025-05-15
102227,235,2025-05-10,delivered,card,,0.00,3290.00,2025-05-16
102228,513,2025-05-11,delivered,cash,,0.00,10348.00,2025-05-20
102229,286,2025-05-11,delivered,card,,0.00,3528.00,2025-05-20
102230,618,2025-05-11,delivered,card,,0.00,38780.00,2025-05-13
102231,422,2025-05-11,delivered,cash,,0.00,13970.00,2025-05-14
102232,581,2025-05-11,delivered,card,,0.00,40370.00,2025-05-14
102233,27,2025-05-11,delivered,card,,0.00,8390.00,2025-05-14
102234,837,2025-05-11,delivered,card,,0.00,12270.00,2025-05-13
102235,1276,2025-05-11,delivered,card,,0.00,30990.00,2025-05-12
102236,404,2025-05-11,delivered,card,,0.00,1390.00,2025-05-14
102237,1022,2025-05-11,delivered,cash,,0.00,3729.00,2025-05-12
102238,944,2025-05-11,delivered,card,,0.00,4690.00,2025-05-15
102239,566,2025-05-11,delivered,card,,0.00,3290.00,2025-05-21
102240,469,2025-05-12,delivered,card,,0.00,7507.00,2025-05-15
102241,97,2025-05-12,delivered,card,,0.00,56290.00,2025-05-15
102242,394,2025-05-12,delivered,card,,0.00,5159.00,2025-05-13
102243,911,2025-05-12,delivered,card,,0.00,2029.00,2025-05-15
102244,1181,2025-05-12,delivered,card,,0.00,4690.00,2025-05-13
102245,755,2025-05-12,delivered,cash,,0.00,2290.00,2025-05-14
102246,119,2025-05-12,delivered,card,,0.00,2790.00,2025-05-15
102247,190,2025-05-12,delivered,card,,0.00,8880.00,2025-05-15
102248,1167,2025-05-12,delivered,card,,0.00,7180.00,2025-05-15
102249,351,2025-05-12,cancelled,card,,0.00,738.00,
102250,786,2025-05-12,delivered,card,,0.00,3690.00,2025-05-14
102251,909,2025-05-12,delivered,card,,0.00,3690.00,2025-05-17
102252,815,2025-05-12,delivered,card,,0.00,1190.00,2025-05-15
102253,1291,2025-05-12,delivered,card,,0.00,14958.00,2025-05-15
102254,587,2025-05-12,delivered,card,,0.00,27229.00,2025-05-22
102255,1212,2025-05-12,delivered,sbp,,0.00,3029.00,2025-05-15
102256,1101,2025-05-12,delivered,card,,0.00,3290.00,2025-05-14
102257,1288,2025-05-12,delivered,cash,,0.00,939.00,2025-05-15
102258,276,2025-05-13,delivered,sbp,,0.00,2787.00,2025-05-17
102259,1289,2025-05-13,delivered,card,,0.00,4690.00,2025-05-21
102260,449,2025-05-13,delivered,sbp,,0.00,12329.00,2025-05-16
102261,725,2025-05-13,delivered,card,,0.00,649.00,2025-05-14
102262,675,2025-05-13,delivered,card,,0.00,16258.00,2025-05-15
102263,528,2025-05-13,delivered,card,,0.00,40270.00,2025-05-17
102264,315,2025-05-13,delivered,card,,0.00,38387.00,2025-05-21
102265,1295,2025-05-13,delivered,card,WELCOME10,299.00,2691.00,2025-05-16
102266,967,2025-05-13,delivered,sbp,,0.00,10290.00,2025-05-19
102267,392,2025-05-13,delivered,sbp,,0.00,2790.00,2025-05-20
102268,745,2025-05-14,delivered,card,,0.00,5159.00,2025-05-19
102269,838,2025-05-14,delivered,cash,,0.00,3290.00,2025-05-16
102270,855,2025-05-14,delivered,card,,0.00,9760.00,2025-05-15
102271,557,2025-05-14,delivered,cash,,0.00,369.00,2025-05-22
102272,133,2025-05-14,cancelled,card,,0.00,3090.00,
102273,1292,2025-05-14,cancelled,card,,0.00,649.00,
102274,1171,2025-05-14,delivered,card,,0.00,20750.00,2025-05-15
102275,1083,2025-05-14,returned,card,,0.00,6090.00,2025-05-17
102276,1030,2025-05-14,delivered,sbp,,0.00,9280.00,2025-05-18
102277,990,2025-05-14,delivered,cash,,0.00,52539.00,2025-05-15
102278,916,2025-05-14,delivered,card,,0.00,51680.00,2025-05-18
102279,364,2025-05-14,delivered,card,,0.00,2290.00,2025-05-20
102280,133,2025-05-14,returned,card,,0.00,469.00,2025-05-20
102281,967,2025-05-14,delivered,sbp,,0.00,6429.00,2025-05-21
102282,495,2025-05-15,delivered,card,,0.00,12448.00,2025-05-17
102283,1241,2025-05-15,delivered,card,,0.00,3690.00,2025-05-19
102284,1065,2025-05-15,delivered,sbp,,0.00,4119.00,2025-05-17
102285,637,2025-05-15,delivered,card,,0.00,11180.00,2025-05-20
102286,73,2025-05-15,delivered,card,,0.00,64180.00,2025-05-22
102287,557,2025-05-15,delivered,card,,0.00,11809.00,2025-05-19
102288,719,2025-05-15,delivered,card,,0.00,38870.00,2025-05-19
102289,200,2025-05-15,returned,card,,0.00,6180.00,2025-05-17
102290,433,2025-05-15,delivered,card,,0.00,1098.00,2025-05-23
102291,1150,2025-05-15,delivered,cash,,0.00,36950.00,2025-05-18
102292,538,2025-05-15,delivered,cash,,0.00,4388.00,2025-05-21
102293,1301,2025-05-15,delivered,card,,0.00,61090.00,2025-05-20
102294,1152,2025-05-15,delivered,sbp,,0.00,1407.00,2025-05-18
102295,20,2025-05-15,delivered,card,,0.00,8280.00,2025-05-21
102296,1249,2025-05-15,delivered,card,,0.00,4690.00,2025-05-18
102297,734,2025-05-15,cancelled,card,,0.00,4119.00,
102298,73,2025-05-15,delivered,cash,,0.00,2790.00,2025-05-23
102299,1271,2025-05-16,delivered,card,,0.00,4080.00,2025-05-22
102300,581,2025-05-16,delivered,card,,0.00,4690.00,2025-05-18
102301,702,2025-05-16,cancelled,cash,,0.00,9080.00,
102302,302,2025-05-16,delivered,sbp,,0.00,5580.00,2025-05-21
102303,1305,2025-05-16,delivered,card,,0.00,3690.00,2025-05-21
102304,538,2025-05-16,delivered,card,,0.00,6880.00,2025-05-21
102305,1200,2025-05-16,delivered,card,,0.00,7480.00,2025-05-18
102306,341,2025-05-16,delivered,cash,,0.00,11919.00,2025-05-20
102307,891,2025-05-16,delivered,card,,0.00,30490.00,2025-05-18
102308,380,2025-05-16,cancelled,sbp,,0.00,459.00,
102309,873,2025-05-16,delivered,sbp,,0.00,4190.00,2025-05-22
102310,1081,2025-05-16,delivered,card,,0.00,1858.00,2025-05-20
102311,628,2025-05-17,delivered,card,,0.00,3090.00,2025-05-20
102312,1220,2025-05-17,delivered,sbp,,0.00,990.00,2025-05-19
102313,214,2025-05-17,delivered,card,,0.00,1098.00,2025-05-20
102314,776,2025-05-17,delivered,card,,0.00,469.00,2025-05-21
102315,1009,2025-05-17,delivered,sbp,,0.00,1190.00,2025-05-22
102316,433,2025-05-17,delivered,card,,0.00,9380.00,2025-05-24
102317,944,2025-05-17,delivered,cash,,0.00,379.00,2025-05-21
102318,986,2025-05-17,delivered,sbp,,0.00,8219.00,2025-05-21
102319,1296,2025-05-17,delivered,sbp,,0.00,38860.00,2025-05-21
102320,180,2025-05-17,delivered,cash,,0.00,7429.00,2025-05-20
102321,838,2025-05-17,delivered,card,,0.00,8870.00,2025-05-19
102322,87,2025-05-17,delivered,card,,0.00,2380.00,2025-05-22
102323,1297,2025-05-17,delivered,cash,WELCOME10,1000.00,12119.00,2025-05-20
102324,764,2025-05-17,delivered,sbp,,0.00,549.00,2025-05-20
102325,1283,2025-05-17,delivered,sbp,,0.00,4480.00,2025-05-20
102326,309,2025-05-17,delivered,sbp,,0.00,8607.00,2025-05-20
102327,419,2025-05-17,delivered,card,,0.00,17380.00,2025-05-21
102328,1217,2025-05-17,delivered,card,,0.00,109019.00,2025-05-23
102329,699,2025-05-18,delivered,sbp,,0.00,20690.00,2025-05-24
102330,369,2025-05-18,delivered,card,,0.00,4690.00,2025-05-19
102331,1281,2025-05-18,delivered,sbp,,0.00,5590.00,2025-05-21
102332,154,2025-05-18,delivered,card,,0.00,6580.00,2025-05-23
102333,220,2025-05-18,delivered,card,,0.00,5190.00,2025-05-20
102334,307,2025-05-18,delivered,card,,0.00,2190.00,2025-05-22
102335,744,2025-05-18,delivered,card,,0.00,1678.00,2025-05-22
102336,128,2025-05-18,delivered,sbp,,0.00,12180.00,2025-05-21
102337,984,2025-05-18,delivered,cash,,0.00,2517.00,2025-05-22
102338,1201,2025-05-18,delivered,card,,0.00,1490.00,2025-05-25
102339,538,2025-05-18,delivered,card,,0.00,1137.00,2025-05-24
102340,184,2025-05-18,delivered,card,,0.00,12070.00,2025-05-25
102341,639,2025-05-18,delivered,card,,0.00,2790.00,2025-05-21
102342,608,2025-05-18,delivered,sbp,,0.00,3290.00,2025-05-21
102343,1273,2025-05-18,delivered,card,,0.00,839.00,2025-05-28
102344,830,2025-05-18,returned,card,,0.00,4690.00,2025-05-20
102345,1314,2025-05-18,returned,card,,0.00,10380.00,2025-05-19
102346,1316,2025-05-19,delivered,card,,0.00,56390.00,2025-05-21
102347,153,2025-05-19,delivered,card,,0.00,4690.00,2025-05-24
102348,1117,2025-05-19,delivered,sbp,,0.00,11290.00,2025-05-23
102349,1309,2025-05-19,delivered,card,,0.00,23490.00,2025-05-25
102350,776,2025-05-19,delivered,card,,0.00,26160.00,2025-05-25
102351,754,2025-05-19,delivered,card,,0.00,2687.00,2025-05-24
102352,1051,2025-05-19,delivered,sbp,,0.00,2380.00,2025-05-21
102353,1003,2025-05-19,delivered,card,,0.00,13980.00,2025-05-23
102354,753,2025-05-19,delivered,cash,,0.00,13029.00,2025-05-29
102355,774,2025-05-19,delivered,card,,0.00,459.00,2025-05-29
102356,323,2025-05-19,delivered,card,,0.00,2790.00,2025-05-25
102357,1311,2025-05-19,delivered,card,,0.00,4839.00,2025-05-20
102358,1286,2025-05-19,delivered,card,WELCOME10,202.90,1826.10,2025-05-22
102359,1298,2025-05-19,delivered,card,,0.00,14460.00,2025-05-24
102360,1303,2025-05-19,delivered,cash,,0.00,12360.00,2025-05-23
102361,832,2025-05-19,delivered,card,,0.00,1890.00,2025-05-21
102362,522,2025-05-19,delivered,sbp,,0.00,15470.00,2025-05-20
102363,812,2025-05-19,delivered,card,,0.00,6080.00,2025-05-23
102364,201,2025-05-19,delivered,sbp,,0.00,39470.00,2025-05-21
102365,1249,2025-05-19,delivered,card,,0.00,4690.00,2025-05-24
102366,993,2025-05-19,delivered,card,,0.00,7280.00,2025-05-25
102367,268,2025-05-19,delivered,card,,0.00,5590.00,2025-05-22
102368,480,2025-05-19,delivered,sbp,,0.00,549.00,2025-05-20
102369,1230,2025-05-19,delivered,card,,0.00,9380.00,2025-05-22
102370,350,2025-05-19,delivered,card,,0.00,49260.00,2025-05-20
102371,820,2025-05-20,cancelled,card,,0.00,42290.00,
102372,1154,2025-05-20,delivered,sbp,WELCOME10,609.00,5481.00,2025-05-22
102373,1268,2025-05-20,delivered,card,,0.00,5180.00,2025-05-21
102374,614,2025-05-20,delivered,card,,0.00,839.00,2025-05-25
102375,1318,2025-05-20,delivered,card,,0.00,938.00,2025-05-21
102376,499,2025-05-20,delivered,card,,0.00,839.00,2025-05-29
102377,465,2025-05-20,delivered,card,,0.00,8419.00,2025-05-24
102378,119,2025-05-20,delivered,card,,0.00,1390.00,2025-05-23
102379,1088,2025-05-20,delivered,sbp,,0.00,10290.00,2025-05-23
102380,118,2025-05-20,delivered,sbp,,0.00,3290.00,2025-05-23
102381,1310,2025-05-20,delivered,card,,0.00,10780.00,2025-05-23
102382,682,2025-05-20,delivered,card,,0.00,1377.00,2025-05-22
102383,1105,2025-05-20,delivered,sbp,,0.00,839.00,2025-05-25
102384,1306,2025-05-20,delivered,sbp,WELCOME10,937.00,8433.00,2025-05-23
102385,587,2025-05-21,delivered,card,,0.00,4690.00,2025-05-26
102386,276,2025-05-21,delivered,card,,0.00,46990.00,2025-05-23
102387,1273,2025-05-21,delivered,sbp,,0.00,3149.00,2025-05-31
102388,728,2025-05-21,cancelled,cash,,0.00,4690.00,
102389,836,2025-05-21,delivered,card,,0.00,549.00,2025-05-23
102390,751,2025-05-21,delivered,card,,0.00,1690.00,2025-05-25
102391,1042,2025-05-21,cancelled,card,,0.00,739.00,
102392,150,2025-05-21,delivered,card,,0.00,54560.00,2025-05-24
102393,1262,2025-05-21,cancelled,sbp,,0.00,6990.00,
102394,796,2025-05-21,delivered,card,,0.00,1190.00,2025-05-24
102395,991,2025-05-21,delivered,sbp,,0.00,10570.00,2025-05-23
102396,1320,2025-05-21,delivered,cash,,0.00,32890.00,2025-05-29
102397,20,2025-05-22,delivered,card,,0.00,3629.00,2025-05-28
102398,442,2025-05-22,delivered,sbp,,0.00,51057.00,2025-05-26
102399,822,2025-05-22,delivered,card,,0.00,1190.00,2025-05-26
102400,1240,2025-05-22,delivered,cash,,0.00,1678.00,2025-05-26
102401,829,2025-05-22,delivered,card,,0.00,3090.00,2025-05-27
102402,764,2025-05-22,delivered,card,,0.00,1678.00,2025-05-28
102403,671,2025-05-22,delivered,sbp,,0.00,7768.00,2025-05-25
102404,1031,2025-05-22,delivered,sbp,,0.00,61090.00,2025-05-28
102405,31,2025-05-22,delivered,sbp,,0.00,30590.00,2025-05-28
102406,1315,2025-05-22,delivered,card,,0.00,1390.00,2025-05-26
102407,25,2025-05-22,delivered,sbp,,0.00,4980.00,2025-05-25
102408,492,2025-05-22,delivered,card,,0.00,10829.00,2025-05-29
102409,832,2025-05-22,delivered,card,,0.00,6139.00,2025-05-25
102410,428,2025-05-22,delivered,card,,0.00,4580.00,2025-05-28
102411,338,2025-05-22,delivered,card,,0.00,2829.00,2025-05-24
102412,19,2025-05-22,delivered,card,,0.00,3829.00,2025-05-28
102413,995,2025-05-22,delivered,card,,0.00,5190.00,2025-05-24
102414,498,2025-05-22,delivered,card,,0.00,918.00,2025-05-26
102415,278,2025-05-22,delivered,card,,0.00,9390.00,2025-05-26
102416,20,2025-05-22,delivered,card,,0.00,2517.00,2025-05-28
102417,220,2025-05-22,cancelled,card,,0.00,2380.00,
102418,537,2025-05-22,delivered,sbp,,0.00,16490.00,2025-05-27
102419,403,2025-05-22,cancelled,card,,0.00,6780.00,
102420,511,2025-05-23,delivered,cash,,0.00,11290.00,2025-05-27
102421,1075,2025-05-23,delivered,card,,0.00,2790.00,2025-05-26
102422,1322,2025-05-23,delivered,sbp,,0.00,7470.00,2025-05-26
102423,1254,2025-05-23,delivered,card,,0.00,7729.00,2025-05-31
102424,1132,2025-05-23,delivered,card,,0.00,4690.00,2025-05-28
102425,996,2025-05-23,delivered,sbp,,0.00,12480.00,2025-05-26
102426,364,2025-05-23,cancelled,card,,0.00,2190.00,
102427,1257,2025-05-23,cancelled,cash,,0.00,5480.00,
102428,993,2025-05-23,delivered,card,,0.00,14909.00,2025-05-27
102429,87,2025-05-23,delivered,card,,0.00,5417.00,2025-05-30
102430,540,2025-05-23,delivered,card,,0.00,7959.00,2025-05-26
102431,775,2025-05-23,delivered,cash,,0.00,2790.00,2025-05-25
102432,627,2025-05-23,delivered,card,,0.00,2380.00,2025-05-26
102433,4,2025-05-23,delivered,sbp,,0.00,16890.00,2025-05-27
102434,1325,2025-05-23,delivered,card,WELCOME10,776.80,6991.20,2025-05-25
102435,822,2025-05-23,delivered,cash,,0.00,4690.00,2025-05-27
102436,943,2025-05-23,cancelled,sbp,,0.00,61090.00,
102437,200,2025-05-23,delivered,card,,0.00,2290.00,2025-05-27
102438,680,2025-05-23,delivered,card,,0.00,19180.00,2025-05-26
102439,1088,2025-05-23,delivered,card,,0.00,17139.00,2025-05-25
102440,573,2025-05-23,delivered,card,,0.00,35980.00,2025-05-28
102441,605,2025-05-23,delivered,card,,0.00,1678.00,2025-05-31
102442,1186,2025-05-23,cancelled,card,,0.00,31070.00,
102443,1169,2025-05-23,delivered,card,,0.00,17248.00,2025-05-24
102444,775,2025-05-23,delivered,card,,0.00,4190.00,2025-05-25
102445,719,2025-05-23,delivered,cash,,0.00,84070.00,2025-05-26
102446,128,2025-05-24,delivered,card,,0.00,7580.00,2025-05-30
102447,313,2025-05-24,delivered,card,,0.00,14170.00,2025-05-28
102448,525,2025-05-24,delivered,card,,0.00,4690.00,2025-05-30
102449,252,2025-05-24,returned,card,,0.00,5249.00,2025-06-01
102450,665,2025-05-24,delivered,cash,,0.00,839.00,2025-06-01
102451,1324,2025-05-24,delivered,sbp,WELCOME10,1000.00,35578.00,2025-06-01
102452,489,2025-05-24,delivered,card,,0.00,1190.00,2025-05-25
102453,1321,2025-05-24,delivered,sbp,WELCOME10,309.00,2781.00,2025-05-27
102454,786,2025-05-24,delivered,cash,,0.00,6590.00,2025-05-27
102455,465,2025-05-24,delivered,card,,0.00,918.00,2025-06-02
102456,135,2025-05-24,delivered,card,,0.00,8490.00,2025-05-27
102457,1022,2025-05-24,delivered,card,,0.00,839.00,2025-05-27
102458,395,2025-05-24,delivered,card,,0.00,45080.00,2025-05-28
102459,1054,2025-05-24,delivered,card,,0.00,5159.00,2025-05-26
102460,1081,2025-05-24,returned,card,,0.00,8088.00,2025-06-02
102461,46,2025-05-24,delivered,sbp,,0.00,3090.00,2025-05-26
102462,1000,2025-05-24,delivered,card,,0.00,4690.00,2025-05-28
102463,1136,2025-05-25,delivered,card,WELCOME10,157.70,1419.30,2025-05-28
102464,618,2025-05-25,delivered,sbp,,0.00,38470.00,2025-05-30
102465,566,2025-05-25,delivered,sbp,,0.00,1190.00,2025-06-02
102466,957,2025-05-25,delivered,cash,,0.00,54419.00,2025-05-29
102467,1330,2025-05-25,delivered,card,,0.00,8870.00,2025-05-27
102468,796,2025-05-25,delivered,card,,0.00,22809.00,2025-05-26
102469,682,2025-05-25,delivered,card,,0.00,20280.00,2025-05-27
102470,894,2025-05-25,delivered,card,,0.00,2790.00,2025-05-27
102471,522,2025-05-25,delivered,sbp,,0.00,5808.00,2025-05-28
102472,962,2025-05-25,delivered,card,,0.00,4619.00,2025-05-27
102473,1228,2025-05-25,delivered,card,,0.00,10290.00,2025-05-28
102474,1083,2025-05-25,delivered,sbp,,0.00,6457.00,2025-05-29
102475,442,2025-05-25,delivered,card,,0.00,3790.00,2025-05-31
102476,808,2025-05-25,delivered,sbp,,0.00,739.00,2025-05-31
102477,937,2025-05-25,delivered,cash,,0.00,14080.00,2025-05-30
102478,20,2025-05-25,delivered,card,,0.00,9380.00,2025-05-31
102479,1326,2025-05-25,delivered,card,,0.00,11780.00,2025-06-01
102480,774,2025-05-25,returned,sbp,,0.00,18060.00,2025-05-29
102481,1328,2025-05-25,delivered,sbp,,0.00,6590.00,2025-05-29
102482,756,2025-05-25,delivered,sbp,,0.00,1678.00,2025-05-28
102483,472,2025-05-25,delivered,card,,0.00,6590.00,2025-05-31
102484,605,2025-05-25,cancelled,sbp,,0.00,1498.00,
102485,1220,2025-05-25,delivered,sbp,,0.00,3829.00,2025-05-27
102486,537,2025-05-25,delivered,card,,0.00,649.00,2025-05-31
102487,1,2025-05-26,delivered,card,,0.00,918.00,2025-05-29
102488,756,2025-05-26,delivered,card,,0.00,1367.00,2025-06-01
102489,725,2025-05-26,cancelled,cash,,0.00,10858.00,
102490,1142,2025-05-26,delivered,cash,,0.00,4690.00,2025-05-30
102491,121,2025-05-26,delivered,sbp,,0.00,1390.00,2025-05-29
102492,1319,2025-05-26,delivered,sbp,,0.00,64760.00,2025-06-01
102493,1149,2025-05-26,delivered,sbp,,0.00,3129.00,2025-05-28
102494,522,2025-05-26,cancelled,cash,,0.00,1678.00,
102495,1337,2025-05-26,delivered,card,WELCOME10,883.90,7955.10,2025-06-02
102496,495,2025-05-26,delivered,sbp,,0.00,5590.00,2025-05-29
102497,364,2025-05-26,delivered,card,,0.00,918.00,2025-06-04
102498,313,2025-05-26,delivered,sbp,,0.00,22009.00,2025-05-28
102499,250,2025-05-27,delivered,card,,0.00,8490.00,2025-05-29
102500,341,2025-05-27,delivered,cash,,0.00,459.00,2025-05-31
102501,1086,2025-05-27,delivered,card,,0.00,3790.00,2025-06-03
102502,804,2025-05-27,delivered,card,,0.00,16919.00,2025-05-31
102503,1090,2025-05-27,cancelled,sbp,,0.00,14670.00,
102504,475,2025-05-27,delivered,card,,0.00,6590.00,2025-05-29
102505,422,2025-05-27,delivered,card,,0.00,34790.00,2025-06-01
102506,990,2025-05-27,cancelled,cash,,0.00,1890.00,
102507,1178,2025-05-27,delivered,card,,0.00,79990.00,2025-05-28
102508,1134,2025-05-27,delivered,card,,0.00,2908.00,2025-05-30
102509,580,2025-05-27,delivered,card,,0.00,4176.00,2025-05-28
102510,1331,2025-05-27,delivered,cash,,0.00,3555.00,2025-05-30
102511,1333,2025-05-27,delivered,sbp,FRIEND300,300.00,4680.00,2025-06-01
102512,992,2025-05-28,delivered,sbp,,0.00,2190.00,2025-05-31
102513,692,2025-05-28,cancelled,cash,,0.00,9370.00,
102514,599,2025-05-28,delivered,card,,0.00,12109.00,2025-05-31
102515,902,2025-05-28,delivered,card,,0.00,1137.00,2025-06-07
102516,1336,2025-05-28,delivered,cash,,0.00,6590.00,2025-05-30
102517,967,2025-05-28,returned,card,,0.00,77170.00,2025-06-05
102518,1083,2025-05-28,delivered,card,,0.00,6380.00,2025-06-01
102519,894,2025-05-28,delivered,cash,,0.00,4229.00,2025-05-31
102520,574,2025-05-28,delivered,sbp,,0.00,4980.00,2025-05-30
102521,1284,2025-05-28,delivered,card,,0.00,3790.00,2025-06-02
102522,409,2025-05-28,delivered,card,,0.00,9780.00,2025-06-02
102523,1090,2025-05-28,delivered,sbp,,0.00,3290.00,2025-06-01
102524,788,2025-05-28,delivered,cash,,0.00,939.00,2025-05-30
102525,489,2025-05-29,delivered,card,,0.00,2190.00,2025-06-01
102526,274,2025-05-29,delivered,card,,0.00,3029.00,2025-06-05
102527,196,2025-05-29,delivered,card,,0.00,3290.00,2025-06-04
102528,5,2025-05-29,delivered,sbp,,0.00,1678.00,2025-05-31
102529,1083,2025-05-29,cancelled,card,,0.00,30590.00,
102530,1337,2025-05-29,delivered,card,,0.00,10048.00,2025-06-02
102531,419,2025-05-29,cancelled,card,,0.00,2939.00,
102532,286,2025-05-29,delivered,card,,0.00,4227.00,2025-06-06
102533,286,2025-05-29,delivered,card,,0.00,3090.00,2025-06-07
102534,272,2025-05-29,delivered,cash,,0.00,25168.00,2025-06-02
102535,119,2025-05-29,delivered,card,,0.00,4898.00,2025-06-02
102536,313,2025-05-29,delivered,card,,0.00,8326.00,2025-06-01
102537,1338,2025-05-29,delivered,sbp,,0.00,3680.00,2025-06-04
102538,27,2025-05-29,delivered,card,,0.00,9680.00,2025-06-02
102539,1187,2025-05-29,delivered,cash,,0.00,3090.00,2025-06-03
102540,1186,2025-05-29,delivered,card,,0.00,2290.00,2025-05-30
102541,465,2025-05-29,delivered,card,,0.00,3580.00,2025-06-03
102542,1220,2025-05-29,delivered,sbp,,0.00,6090.00,2025-06-01
102543,547,2025-05-29,delivered,card,,0.00,6970.00,2025-06-02
102544,1337,2025-05-30,delivered,card,,0.00,20690.00,2025-06-06
102545,1205,2025-05-30,delivered,sbp,,0.00,5170.00,2025-06-03
102546,760,2025-05-30,delivered,cash,,0.00,1878.00,2025-06-04
102547,1348,2025-05-30,delivered,sbp,,0.00,14480.00,2025-06-05
102548,133,2025-05-30,delivered,card,,0.00,73480.00,2025-06-04
102549,1201,2025-05-30,returned,card,,0.00,2990.00,2025-06-06
102550,919,2025-05-30,delivered,cash,,0.00,5490.00,2025-06-03
102551,580,2025-05-30,delivered,card,,0.00,8670.00,2025-06-01
102552,1139,2025-05-30,delivered,cash,,0.00,2190.00,2025-06-01
102553,465,2025-05-30,cancelled,card,,0.00,7580.00,
102554,346,2025-05-30,delivered,card,,0.00,3308.00,2025-06-05
102555,198,2025-05-30,delivered,card,,0.00,5190.00,2025-06-05
102556,901,2025-05-30,delivered,cash,,0.00,7490.00,2025-06-01
102557,344,2025-05-30,delivered,card,,0.00,115280.00,2025-05-31
102558,939,2025-05-30,delivered,card,,0.00,12670.00,2025-06-05
102559,364,2025-05-30,delivered,card,,0.00,5590.00,2025-06-09
102560,719,2025-05-30,delivered,card,,0.00,559.00,2025-06-04
102561,269,2025-05-31,delivered,card,,0.00,918.00,2025-06-02
102562,1352,2025-05-31,delivered,sbp,,0.00,4190.00,2025-06-04
102563,193,2025-05-31,delivered,card,,0.00,12660.00,2025-06-02
102564,902,2025-05-31,delivered,cash,,0.00,8959.00,2025-06-07
102565,706,2025-05-31,delivered,card,,0.00,3790.00,2025-06-06
102566,371,2025-05-31,delivered,cash,,0.00,7580.00,2025-06-04
102567,705,2025-05-31,delivered,card,,0.00,6049.00,2025-06-06
102568,921,2025-05-31,delivered,card,,0.00,4690.00,2025-06-02
102569,992,2025-05-31,delivered,card,,0.00,1190.00,2025-06-02
102570,417,2025-05-31,returned,card,,0.00,29748.00,2025-06-01
102571,122,2025-05-31,delivered,cash,,0.00,2190.00,2025-06-09
102572,566,2025-05-31,cancelled,card,,0.00,8480.00,
102573,580,2025-05-31,delivered,card,,0.00,4569.00,2025-06-02
102574,1201,2025-05-31,delivered,card,,0.00,7090.00,2025-06-07
102575,513,2025-05-31,delivered,sbp,,0.00,5580.00,2025-06-04
102576,1349,2025-05-31,delivered,sbp,WELCOME10,1000.00,30090.00,2025-06-05
102577,31,2025-05-31,delivered,card,,0.00,8480.00,2025-06-05
102578,1353,2025-05-31,delivered,card,,0.00,6108.00,2025-06-03
102579,952,2025-05-31,delivered,card,,0.00,3805.00,2025-06-02
102580,509,2025-05-31,cancelled,sbp,,0.00,839.00,
102581,1354,2025-05-31,delivered,card,,0.00,5680.00,2025-06-05
102582,428,2025-05-31,delivered,card,,0.00,5980.00,2025-06-07
102583,913,2025-05-31,delivered,card,,0.00,1929.00,2025-06-03
102584,75,2025-05-31,delivered,card,,0.00,1190.00,2025-06-01
102585,473,2025-05-31,returned,card,,0.00,2790.00,2025-06-03
102586,313,2025-05-31,delivered,card,,0.00,2790.00,2025-06-04
102587,719,2025-05-31,delivered,card,,0.00,5780.00,2025-06-05
102588,1131,2025-05-31,cancelled,card,,0.00,2990.00,
102589,1357,2025-06-01,delivered,card,WELCOME10,519.00,4671.00,2025-06-06
102590,756,2025-06-01,delivered,cash,,0.00,5590.00,2025-06-04
102591,167,2025-06-01,cancelled,card,,0.00,6480.00,
102592,1078,2025-06-01,delivered,card,,0.00,20197.00,2025-06-03
102593,909,2025-06-01,delivered,sbp,,0.00,9770.00,2025-06-06
102594,1350,2025-06-01,delivered,card,WELCOME10,738.00,6642.00,2025-06-04
102595,1259,2025-06-01,delivered,sbp,,0.00,7066.00,2025-06-02
102596,250,2025-06-01,delivered,card,,0.00,1678.00,2025-06-05
102597,490,2025-06-01,delivered,cash,,0.00,11180.00,2025-06-04
102598,459,2025-06-01,delivered,card,,0.00,12280.00,2025-06-03
102599,967,2025-06-01,delivered,sbp,,0.00,469.00,2025-06-09
102600,1226,2025-06-01,delivered,cash,WELCOME10,238.00,2142.00,2025-06-03
102601,373,2025-06-01,delivered,sbp,,0.00,1778.00,2025-06-05
102602,1101,2025-06-01,delivered,sbp,,0.00,2290.00,2025-06-03
102603,1157,2025-06-01,delivered,card,,0.00,10390.00,2025-06-04
102604,388,2025-06-01,delivered,card,,0.00,123049.00,2025-06-06
102605,1305,2025-06-01,delivered,cash,,0.00,429.00,2025-06-04
102606,796,2025-06-01,delivered,cash,,0.00,8029.00,2025-06-02
102607,1338,2025-06-01,delivered,sbp,,0.00,7170.00,2025-06-07
102608,1351,2025-06-01,delivered,sbp,,0.00,49890.00,2025-06-03
102609,822,2025-06-01,delivered,card,,0.00,2790.00,2025-06-05
102610,188,2025-06-01,delivered,cash,,0.00,2990.00,2025-06-05
102611,728,2025-06-01,delivered,card,,0.00,429.00,2025-06-07
102612,725,2025-06-01,delivered,cash,,0.00,4678.00,2025-06-04
102613,1269,2025-06-01,delivered,card,,0.00,7090.00,2025-06-07
102614,790,2025-06-02,delivered,sbp,,0.00,3790.00,2025-06-04
102615,702,2025-06-02,delivered,card,,0.00,11290.00,2025-06-04
102616,304,2025-06-02,delivered,sbp,,0.00,1118.00,2025-06-05
102617,1207,2025-06-02,delivered,card,,0.00,5658.00,2025-06-05
102618,204,2025-06-02,delivered,cash,,0.00,19780.00,2025-06-05
102619,286,2025-06-02,delivered,card,SUMMER5,224.50,4265.50,2025-06-10
102620,950,2025-06-02,delivered,cash,SUMMER5,234.50,4455.50,2025-06-04
102621,459,2025-06-02,delivered,cash,,0.00,5190.00,2025-06-03
102622,1359,2025-06-02,delivered,card,,0.00,3790.00,2025-06-07
102623,1154,2025-06-02,delivered,card,,0.00,929.00,2025-06-05
102624,840,2025-06-02,delivered,sbp,,0.00,11409.00,2025-06-04
102625,241,2025-06-02,delivered,cash,,0.00,43719.00,2025-06-08
102626,211,2025-06-02,delivered,cash,,0.00,1390.00,2025-06-07
102627,1167,2025-06-02,delivered,card,,0.00,3090.00,2025-06-05
102628,417,2025-06-02,delivered,card,SUMMER5,162.45,3086.55,2025-06-04
102629,950,2025-06-02,delivered,cash,,0.00,379.00,2025-06-07
102630,1358,2025-06-02,delivered,card,,0.00,8680.00,2025-06-09
102631,570,2025-06-02,delivered,card,,0.00,5190.00,2025-06-08
102632,955,2025-06-02,delivered,card,,0.00,8490.00,2025-06-08
102633,313,2025-06-02,delivered,card,SUMMER5,182.45,3466.55,2025-06-06
102634,1212,2025-06-02,delivered,sbp,SUMMER5,424.50,8065.50,2025-06-03
102635,184,2025-06-02,delivered,card,,0.00,5190.00,2025-06-07
102636,1334,2025-06-03,delivered,cash,,0.00,5569.00,2025-06-04
102637,728,2025-06-03,delivered,sbp,,0.00,1690.00,2025-06-09
102638,555,2025-06-03,delivered,sbp,,0.00,1790.00,2025-06-13
102639,921,2025-06-03,delivered,sbp,,0.00,4980.00,2025-06-07
102640,1108,2025-06-03,delivered,sbp,,0.00,10380.00,2025-06-05
102641,304,2025-06-03,delivered,sbp,,0.00,23590.00,2025-06-08
102642,52,2025-06-03,delivered,cash,,0.00,1390.00,2025-06-09
102643,1297,2025-06-03,delivered,card,,0.00,5190.00,2025-06-06
102644,1361,2025-06-03,delivered,sbp,,0.00,7429.00,2025-06-07
102645,994,2025-06-03,delivered,cash,,0.00,5580.00,2025-06-05
102646,730,2025-06-03,delivered,card,,0.00,16960.00,2025-06-09
102647,109,2025-06-03,cancelled,card,,0.00,28780.00,
102648,1340,2025-06-03,returned,sbp,WELCOME10,1000.00,27637.00,2025-06-05
102649,753,2025-06-03,delivered,card,,0.00,5129.00,2025-06-11
102650,719,2025-06-03,delivered,card,,0.00,4080.00,2025-06-08
102651,1285,2025-06-03,delivered,card,,0.00,3290.00,2025-06-04
102652,908,2025-06-03,delivered,card,,0.00,939.00,2025-06-08
102653,1090,2025-06-03,delivered,card,,0.00,2690.00,2025-06-11
102654,1350,2025-06-03,delivered,card,,0.00,9380.00,2025-06-06
102655,216,2025-06-04,delivered,sbp,,0.00,12280.00,2025-06-05
102656,307,2025-06-04,delivered,sbp,,0.00,12690.00,2025-06-10
102657,319,2025-06-04,delivered,sbp,,0.00,469.00,2025-06-12
102658,250,2025-06-04,delivered,card,,0.00,51780.00,2025-06-08
102659,495,2025-06-04,returned,card,,0.00,33749.00,2025-06-08
102660,1316,2025-06-04,delivered,cash,,0.00,7280.00,2025-06-07
102661,46,2025-06-04,delivered,card,,0.00,6590.00,2025-06-06
102662,448,2025-06-04,delivered,cash,,0.00,39368.00,2025-06-10
102663,1041,2025-06-04,delivered,card,,0.00,11290.00,2025-06-08
102664,304,2025-06-04,delivered,card,,0.00,8070.00,2025-06-09
102665,1364,2025-06-04,delivered,card,WELCOME10,1000.00,19260.00,2025-06-06
102666,513,2025-06-04,delivered,card,,0.00,5190.00,2025-06-11
102667,382,2025-06-04,delivered,card,,0.00,2790.00,2025-06-13
102668,587,2025-06-04,delivered,cash,SUMMER5,309.00,5871.00,2025-06-13
102669,496,2025-06-04,delivered,sbp,SUMMER5,2119.50,40270.50,2025-06-06
102670,709,2025-06-04,delivered,sbp,SUMMER5,229.40,4358.60,2025-06-06
102671,1292,2025-06-05,delivered,cash,,0.00,10770.00,2025-06-08
102672,1306,2025-06-05,delivered,sbp,,0.00,8490.00,2025-06-06
102673,1088,2025-06-05,delivered,card,,0.00,3790.00,2025-06-08
102674,1343,2025-06-05,delivered,card,,0.00,5190.00,2025-06-11
102675,21,2025-06-05,delivered,card,,0.00,18380.00,2025-06-08
102676,367,2025-06-05,delivered,sbp,,0.00,839.00,2025-06-09
102677,195,2025-06-05,delivered,sbp,,0.00,26870.00,2025-06-08
102678,284,2025-06-05,delivered,card,,0.00,5580.00,2025-06-11
102679,762,2025-06-05,delivered,card,,0.00,2090.00,2025-06-09
102680,1123,2025-06-05,cancelled,card,,0.00,8490.00,
102681,516,2025-06-05,delivered,cash,,0.00,3308.00,2025-06-08
102682,1360,2025-06-05,delivered,card,WELCOME10,709.00,6381.00,2025-06-09
102683,1363,2025-06-05,delivered,card,,0.00,48060.00,2025-06-11
102684,1171,2025-06-05,delivered,card,,0.00,7960.00,2025-06-08
102685,1114,2025-06-06,cancelled,card,,0.00,23590.00,
102686,364,2025-06-06,delivered,card,,0.00,6980.00,2025-06-12
102687,1093,2025-06-06,delivered,card,,0.00,32990.00,2025-06-09
102688,832,2025-06-06,delivered,sbp,SUMMER5,97.85,1859.15,2025-06-10
102689,925,2025-06-06,cancelled,cash,,0.00,1857.00,
102690,349,2025-06-06,delivered,cash,,0.00,8919.00,2025-06-09
102691,820,2025-06-06,delivered,card,,0.00,5580.00,2025-06-08
102692,498,2025-06-06,cancelled,cash,,0.00,5698.00,
102693,128,2025-06-06,delivered,card,,0.00,2290.00,2025-06-10
102694,916,2025-06-06,delivered,card,,0.00,18160.00,2025-06-13
102695,725,2025-06-06,delivered,cash,,0.00,6760.00,2025-06-09
102696,126,2025-06-06,delivered,card,SUMMER5,374.50,7115.50,2025-06-11
102697,1213,2025-06-06,delivered,card,,0.00,5548.00,2025-06-10
102698,1323,2025-06-06,delivered,card,WELCOME10,1000.00,11680.00,2025-06-10
102699,1356,2025-06-06,delivered,card,WELCOME10,364.90,3284.10,2025-06-07
102700,541,2025-06-06,returned,card,,0.00,33380.00,2025-06-08
102701,1251,2025-06-06,delivered,card,,0.00,2790.00,2025-06-08
102702,287,2025-06-06,delivered,card,SUMMER5,823.50,15646.50,2025-06-09
102703,467,2025-06-07,returned,card,,0.00,30619.00,2025-06-12
102704,364,2025-06-07,returned,card,,0.00,7780.00,2025-06-15
102705,1372,2025-06-07,delivered,card,,0.00,10658.00,2025-06-09
102706,419,2025-06-07,delivered,card,,0.00,4690.00,2025-06-10
102707,448,2025-06-07,delivered,card,,0.00,1678.00,2025-06-10
102708,661,2025-06-07,delivered,card,,0.00,6590.00,2025-06-11
102709,1371,2025-06-07,delivered,card,,0.00,6080.00,2025-06-13
102710,128,2025-06-07,delivered,sbp,,0.00,59045.00,2025-06-12
102711,1169,2025-06-07,delivered,cash,,0.00,8490.00,2025-06-10
102712,99,2025-06-07,delivered,sbp,,0.00,124480.00,2025-06-09
102713,399,2025-06-07,delivered,card,,0.00,4690.00,2025-06-10
102714,815,2025-06-07,delivered,cash,,0.00,4180.00,2025-06-10
102715,1301,2025-06-07,cancelled,cash,,0.00,9016.00,
102716,566,2025-06-07,delivered,sbp,,0.00,9380.00,2025-06-17
102717,1051,2025-06-07,delivered,sbp,,0.00,2817.00,2025-06-10
102718,1373,2025-06-07,cancelled,card,WELCOME10,607.00,5463.00,
102719,465,2025-06-07,delivered,card,,0.00,6367.00,2025-06-12
102720,435,2025-06-07,delivered,card,SUMMER5,119.00,2261.00,2025-06-13
102721,319,2025-06-07,delivered,card,,0.00,5590.00,2025-06-11
102722,1212,2025-06-08,cancelled,card,,0.00,3629.00,
102723,1167,2025-06-08,delivered,cash,SUMMER5,189.50,3600.50,2025-06-12
102724,705,2025-06-08,cancelled,card,,0.00,2790.00,
102725,386,2025-06-08,delivered,card,,0.00,4190.00,2025-06-13
102726,157,2025-06-08,delivered,sbp,,0.00,24989.00,2025-06-13
102727,786,2025-06-08,delivered,sbp,SUMMER5,444.00,8436.00,2025-06-11
102728,1362,2025-06-08,delivered,card,WELCOME10,1000.00,25949.00,2025-06-15
102729,821,2025-06-08,delivered,card,,0.00,379.00,2025-06-16
102730,1037,2025-06-08,delivered,card,,0.00,2190.00,2025-06-13
102731,1182,2025-06-08,delivered,card,,0.00,4190.00,2025-06-09
102732,484,2025-06-08,delivered,sbp,,0.00,11280.00,2025-06-09
102733,984,2025-06-08,delivered,sbp,,0.00,6580.00,2025-06-14
102734,810,2025-06-08,cancelled,card,,0.00,2290.00,
102735,1117,2025-06-08,delivered,card,SUMMER5,139.50,2650.50,2025-06-14
102736,1353,2025-06-08,delivered,cash,,0.00,11290.00,2025-06-12
102737,1266,2025-06-08,delivered,card,,0.00,41460.00,2025-06-11
102738,622,2025-06-08,delivered,sbp,,0.00,1890.00,2025-06-11
102739,118,2025-06-08,delivered,cash,,0.00,8490.00,2025-06-09
102740,1353,2025-06-08,delivered,sbp,SUMMER5,164.00,3116.00,2025-06-12
102741,1054,2025-06-08,delivered,card,,0.00,939.00,2025-06-11
102742,278,2025-06-09,delivered,card,,0.00,7456.00,2025-06-13
102743,623,2025-06-09,cancelled,card,,0.00,19070.00,
102744,141,2025-06-09,delivered,card,,0.00,15599.00,2025-06-12
102745,233,2025-06-09,cancelled,card,,0.00,3829.00,
102746,1026,2025-06-09,delivered,card,SUMMER5,234.50,4455.50,2025-06-13
102747,745,2025-06-09,delivered,cash,,0.00,1218.00,2025-06-15
102748,1344,2025-06-09,delivered,card,WELCOME10,1000.00,9726.00,2025-06-11
102749,31,2025-06-09,delivered,card,,0.00,2790.00,2025-06-14
102750,215,2025-06-09,delivered,card,,0.00,8280.00,2025-06-16
102751,1378,2025-06-09,delivered,card,,0.00,1390.00,2025-06-13
102752,1078,2025-06-09,delivered,card,,0.00,61290.00,2025-06-10
102753,725,2025-06-09,delivered,card,,0.00,2790.00,2025-06-11
102754,764,2025-06-09,delivered,cash,,0.00,469.00,2025-06-12
102755,1147,2025-06-09,returned,card,,0.00,5190.00,2025-06-10
102756,1346,2025-06-09,cancelled,card,WELCOME10,1000.00,11180.00,
102757,356,2025-06-09,delivered,cash,,0.00,9280.00,2025-06-16
102758,252,2025-06-09,delivered,card,,0.00,2237.00,2025-06-17
102759,373,2025-06-09,delivered,card,,0.00,3639.00,2025-06-12
102760,937,2025-06-09,delivered,sbp,,0.00,2908.00,2025-06-18
102761,1152,2025-06-09,cancelled,card,,0.00,938.00,
102762,1357,2025-06-09,delivered,sbp,,0.00,6780.00,2025-06-14
102763,386,2025-06-09,delivered,card,,0.00,1190.00,2025-06-16
102764,1369,2025-06-10,delivered,sbp,WELCOME10,469.00,4221.00,2025-06-13
102765,1380,2025-06-10,delivered,sbp,WELCOME10,546.80,4921.20,2025-06-13
102766,837,2025-06-10,cancelled,card,,0.00,1390.00,
102767,1111,2025-06-10,delivered,sbp,,0.00,10390.00,2025-06-17
102768,751,2025-06-10,delivered,card,,0.00,11680.00,2025-06-14
102769,741,2025-06-10,delivered,card,,0.00,63480.00,2025-06-13
102770,774,2025-06-10,delivered,sbp,,0.00,6480.00,2025-06-17
102771,1142,2025-06-10,delivered,sbp,,0.00,8490.00,2025-06-14
102772,563,2025-06-10,delivered,card,,0.00,46639.00,2025-06-13
102773,1031,2025-06-10,delivered,card,,0.00,48970.00,2025-06-14
102774,1305,2025-06-10,delivered,card,,0.00,1390.00,2025-06-14
102775,1186,2025-06-11,delivered,sbp,,0.00,43460.00,2025-06-12
102776,976,2025-06-11,cancelled,card,,0.00,10390.00,
102777,741,2025-06-11,returned,card,,0.00,4690.00,2025-06-15
102778,984,2025-06-11,delivered,cash,,0.00,1190.00,2025-06-17
102779,950,2025-06-11,delivered,card,SUMMER5,1674.30,31811.70,2025-06-16
102780,1182,2025-06-11,delivered,card,,0.00,13229.00,2025-06-12
102781,1081,2025-06-11,delivered,card,,0.00,6590.00,2025-06-20
102782,1382,2025-06-11,delivered,card,SUMMER5,374.50,7115.50,2025-06-15
102783,1031,2025-06-11,delivered,card,,0.00,6419.00,2025-06-17
102784,243,2025-06-11,delivered,sbp,,0.00,4380.00,2025-06-15
102785,1152,2025-06-11,delivered,card,,0.00,10380.00,2025-06-14
102786,1101,2025-06-11,delivered,card,,0.00,4490.00,2025-06-14
102787,574,2025-06-11,delivered,sbp,,0.00,16990.00,2025-06-13
102788,909,2025-06-11,delivered,card,,0.00,42490.00,2025-06-15
102789,107,2025-06-11,delivered,card,,0.00,2790.00,2025-06-14
102790,1266,2025-06-11,delivered,sbp,,0.00,43260.00,2025-06-14
102791,585,2025-06-11,delivered,cash,SUMMER5,229.00,4351.00,2025-06-13
102792,1086,2025-06-11,delivered,card,,0.00,2290.00,2025-06-15
102793,1303,2025-06-12,delivered,card,,0.00,11290.00,2025-06-16
102794,133,2025-06-12,delivered,cash,,0.00,2790.00,2025-06-18
102795,1386,2025-06-12,cancelled,cash,,0.00,3790.00,
102796,35,2025-06-12,delivered,card,,0.00,21109.00,2025-06-15
102797,118,2025-06-12,delivered,card,,0.00,8490.00,2025-06-13
102798,49,2025-06-12,delivered,sbp,,0.00,5980.00,2025-06-22
102799,419,2025-06-12,delivered,sbp,,0.00,2990.00,2025-06-15
102800,859,2025-06-12,delivered,card,,0.00,3790.00,2025-06-15
102801,1381,2025-06-12,delivered,sbp,,0.00,6470.00,2025-06-19
102802,362,2025-06-12,delivered,sbp,,0.00,16609.00,2025-06-15
102803,1370,2025-06-13,delivered,card,,0.00,10168.00,2025-06-17
102804,909,2025-06-13,delivered,sbp,,0.00,2190.00,2025-06-18
102805,1389,2025-06-13,delivered,cash,SUMMER5,642.45,12206.55,2025-06-17
102806,527,2025-06-13,delivered,cash,,0.00,7490.00,2025-06-16
102807,1220,2025-06-13,returned,card,,0.00,2990.00,2025-06-16
102808,1392,2025-06-13,delivered,sbp,WELCOME10,1000.00,39080.00,2025-06-17
102809,1149,2025-06-13,delivered,card,,0.00,14760.00,2025-06-15
102810,20,2025-06-13,delivered,card,,0.00,2790.00,2025-06-17
102811,1388,2025-06-13,delivered,card,WELCOME10,428.00,3852.00,2025-06-19
102812,1134,2025-06-13,cancelled,card,,0.00,47929.00,
102813,1376,2025-06-13,delivered,card,,0.00,839.00,2025-06-19
102814,681,2025-06-13,delivered,card,,0.00,9888.00,2025-06-21
102815,570,2025-06-13,delivered,card,,0.00,5580.00,2025-06-18
102816,286,2025-06-13,delivered,sbp,,0.00,7480.00,2025-06-22
102817,193,2025-06-14,delivered,card,,0.00,2190.00,2025-06-15
102818,1147,2025-06-14,delivered,card,,0.00,4190.00,2025-06-15
102819,795,2025-06-14,delivered,card,,0.00,2790.00,2025-06-16
102820,1151,2025-06-14,delivered,card,,0.00,24480.00,2025-06-15
102821,1069,2025-06-14,delivered,card,,0.00,16260.00,2025-06-18
102822,728,2025-06-14,delivered,card,,0.00,6280.00,2025-06-23
102823,764,2025-06-14,returned,card,,0.00,160480.00,2025-06-19
102824,522,2025-06-14,delivered,card,,0.00,1690.00,2025-06-15
102825,473,2025-06-14,delivered,card,,0.00,34890.00,2025-06-15
102826,313,2025-06-14,delivered,card,,0.00,649.00,2025-06-16
102827,786,2025-06-14,delivered,card,,0.00,1490.00,2025-06-16
102828,31,2025-06-14,delivered,card,,0.00,23149.00,2025-06-22
102829,1325,2025-06-14,delivered,card,,0.00,2780.00,2025-06-16
102830,388,2025-06-14,cancelled,card,,0.00,32368.00,
102831,1297,2025-06-14,delivered,cash,,0.00,40590.00,2025-06-18
102832,808,2025-06-14,delivered,card,,0.00,2390.00,2025-06-17
102833,1257,2025-06-14,delivered,card,,0.00,6090.00,2025-06-17
102834,392,2025-06-14,cancelled,card,,0.00,938.00,
102835,728,2025-06-14,cancelled,cash,,0.00,6180.00,
102836,311,2025-06-14,delivered,card,,0.00,2380.00,2025-06-17
102837,1325,2025-06-15,delivered,card,,0.00,9848.00,2025-06-17
102838,939,2025-06-15,delivered,sbp,SUMMER5,109.50,2080.50,2025-06-20
102839,1028,2025-06-15,delivered,card,,0.00,6180.00,2025-06-18
102840,229,2025-06-15,delivered,card,,0.00,1390.00,2025-06-19
102841,756,2025-06-15,delivered,card,,0.00,55470.00,2025-06-18
102842,403,2025-06-15,delivered,card,,0.00,5580.00,2025-06-18
102843,313,2025-06-15,delivered,card,,0.00,1390.00,2025-06-18
102844,1281,2025-06-15,delivered,card,,0.00,3318.00,2025-06-19
102845,719,2025-06-15,delivered,card,,0.00,43680.00,2025-06-19
102846,975,2025-06-15,delivered,card,SUMMER5,121.45,2307.55,2025-06-20
102847,736,2025-06-15,delivered,sbp,SUMMER5,99.00,1881.00,2025-06-21
102848,608,2025-06-15,delivered,card,,0.00,1867.00,2025-06-20
102849,1390,2025-06-15,delivered,sbp,,0.00,82380.00,2025-06-21
102850,912,2025-06-15,delivered,sbp,,0.00,47670.00,2025-06-21
102851,585,2025-06-15,delivered,card,,0.00,3927.00,2025-06-18
102852,780,2025-06-15,cancelled,cash,,0.00,8280.00,
102853,873,2025-06-15,delivered,card,,0.00,1936.00,2025-06-20
102854,1220,2025-06-15,delivered,card,,0.00,939.00,2025-06-16
102855,716,2025-06-15,delivered,card,,0.00,49990.00,2025-06-19
102856,401,2025-06-15,delivered,card,,0.00,19470.00,2025-06-18
102857,1118,2025-06-15,delivered,card,,0.00,67460.00,2025-06-18
102858,126,2025-06-15,delivered,card,,0.00,12290.00,2025-06-22
102859,796,2025-06-15,delivered,sbp,,0.00,10558.00,2025-06-16
102860,948,2025-06-15,cancelled,sbp,WELCOME10,219.00,1971.00,
102861,587,2025-06-15,delivered,card,,0.00,8490.00,2025-06-23
102862,566,2025-06-16,delivered,card,,0.00,31580.00,2025-06-25
102863,783,2025-06-16,cancelled,cash,,0.00,8490.00,
102864,836,2025-06-16,returned,card,,0.00,7490.00,2025-06-18
102865,480,2025-06-16,delivered,card,,0.00,4780.00,2025-06-17
102866,673,2025-06-16,delivered,sbp,,0.00,1390.00,2025-06-19
102867,469,2025-06-16,delivered,sbp,,0.00,5108.00,2025-06-18
102868,80,2025-06-16,delivered,card,,0.00,16880.00,2025-06-18
102869,1332,2025-06-16,delivered,card,,0.00,30170.00,2025-06-20
102870,565,2025-06-16,delivered,card,,0.00,61390.00,2025-06-25
102871,401,2025-06-16,delivered,cash,,0.00,2090.00,2025-06-17
102872,215,2025-06-16,cancelled,card,,0.00,15058.00,
102873,274,2025-06-16,delivered,card,,0.00,2790.00,2025-06-23
102874,195,2025-06-16,delivered,card,,0.00,1790.00,2025-06-19
102875,1184,2025-06-16,delivered,sbp,,0.00,3790.00,2025-06-18
102876,753,2025-06-16,delivered,card,,0.00,6080.00,2025-06-20
102877,154,2025-06-16,delivered,sbp,,0.00,3090.00,2025-06-21
102878,960,2025-06-16,delivered,card,,0.00,3880.00,2025-06-19
102879,1394,2025-06-16,delivered,cash,WELCOME10,1000.00,23429.00,2025-06-17
102880,480,2025-06-16,delivered,card,,0.00,10390.00,2025-06-18
102881,278,2025-06-16,delivered,card,SUMMER5,568.50,10801.50,2025-06-18
102882,709,2025-06-16,delivered,card,,0.00,4780.00,2025-06-17
102883,1217,2025-06-16,delivered,card,,0.00,2190.00,2025-06-21
102884,608,2025-06-16,delivered,card,,0.00,3229.00,2025-06-20
102885,1081,2025-06-16,delivered,card,SUMMER5,354.50,6735.50,2025-06-21
102886,102,2025-06-17,delivered,card,,0.00,2790.00,2025-06-18
102887,541,2025-06-17,delivered,card,,0.00,1790.00,2025-06-22
102888,537,2025-06-17,delivered,card,,0.00,16990.00,2025-06-22
102889,1395,2025-06-17,delivered,card,WELCOME10,119.00,1071.00,2025-06-22
102890,594,2025-06-17,delivered,card,,0.00,1878.00,2025-06-19
102891,333,2025-06-17,delivered,card,,0.00,4290.00,2025-06-24
102892,494,2025-06-17,delivered,cash,,0.00,11996.00,2025-06-19
102893,1395,2025-06-17,delivered,sbp,,0.00,10560.00,2025-06-20
102894,278,2025-06-17,delivered,sbp,,0.00,58480.00,2025-06-21
102895,665,2025-06-17,delivered,card,,0.00,10570.00,2025-06-26
102896,790,2025-06-17,delivered,card,,0.00,1678.00,2025-06-20
102897,671,2025-06-17,delivered,sbp,,0.00,2390.00,2025-06-20
102898,1305,2025-06-17,delivered,cash,,0.00,34890.00,2025-06-21
102899,124,2025-06-17,delivered,card,,0.00,1190.00,2025-06-24
102900,919,2025-06-17,delivered,card,,0.00,44368.00,2025-06-20
102901,258,2025-06-17,delivered,card,,0.00,14070.00,2025-06-26
102902,1064,2025-06-17,delivered,card,,0.00,8880.00,2025-06-22
102903,127,2025-06-17,delivered,card,,0.00,3249.00,2025-06-21
102904,1244,2025-06-17,delivered,card,,0.00,7490.00,2025-06-18
102905,302,2025-06-18,delivered,card,,0.00,7090.00,2025-06-22
102906,1030,2025-06-18,delivered,sbp,,0.00,4925.00,2025-06-21
102907,1111,2025-06-18,delivered,cash,,0.00,12270.00,2025-06-25
102908,1008,2025-06-18,returned,sbp,,0.00,12438.00,2025-06-21
102909,250,2025-06-18,delivered,card,,0.00,5690.00,2025-06-21
102910,631,2025-06-18,returned,card,,0.00,2380.00,2025-06-22
102911,1,2025-06-18,delivered,card,,0.00,8948.00,2025-06-21
102912,1078,2025-06-18,delivered,sbp,,0.00,13160.00,2025-06-19
102913,990,2025-06-18,delivered,card,,0.00,3090.00,2025-06-20
102914,1283,2025-06-18,cancelled,cash,SUMMER5,329.50,6260.50,
102915,628,2025-06-18,delivered,sbp,,0.00,1118.00,2025-06-21
102916,538,2025-06-18,delivered,card,,0.00,1390.00,2025-06-23
102917,1389,2025-06-18,returned,card,,0.00,12970.00,2025-06-22
102918,957,2025-06-18,delivered,cash,,0.00,12347.00,2025-06-23
102919,623,2025-06-18,delivered,card,,0.00,3090.00,2025-06-21
102920,513,2025-06-19,delivered,card,SUMMER5,41.95,797.05,2025-06-23
102921,1249,2025-06-19,delivered,sbp,,0.00,10770.00,2025-06-23
102922,921,2025-06-19,delivered,sbp,,0.00,5988.00,2025-06-24
102923,722,2025-06-19,delivered,sbp,,0.00,1878.00,2025-06-20
102924,380,2025-06-19,delivered,card,,0.00,3090.00,2025-06-21
102925,661,2025-06-19,delivered,card,,0.00,3290.00,2025-06-22
102926,1131,2025-06-19,delivered,card,,0.00,9680.00,2025-06-22
102927,575,2025-06-19,delivered,card,SUMMER5,2124.50,40365.50,2025-06-22
102928,253,2025-06-19,delivered,cash,,0.00,5590.00,2025-06-24
102929,1196,2025-06-19,delivered,card,,0.00,469.00,2025-06-22
102930,1220,2025-06-19,delivered,sbp,,0.00,6149.00,2025-06-21
102931,1241,2025-06-19,delivered,card,,0.00,1390.00,2025-06-21
102932,873,2025-06-19,delivered,sbp,,0.00,16490.00,2025-06-23
102933,687,2025-06-19,cancelled,cash,,0.00,18360.00,
102934,535,2025-06-19,cancelled,card,,0.00,2790.00,
102935,241,2025-06-19,delivered,cash,,0.00,3908.00,2025-06-23
102936,313,2025-06-19,delivered,card,,0.00,8490.00,2025-06-22
102937,1215,2025-06-19,delivered,card,SUMMER5,419.00,7961.00,2025-06-22
102938,179,2025-06-19,returned,sbp,,0.00,6570.00,2025-06-22
102939,1285,2025-06-19,delivered,sbp,,0.00,3549.00,2025-06-22
102940,975,2025-06-19,delivered,card,,0.00,758.00,2025-06-25
102941,1387,2025-06-19,delivered,card,,0.00,4080.00,2025-06-20
102942,908,2025-06-19,delivered,card,,0.00,2790.00,2025-06-21
102943,836,2025-06-19,delivered,card,,0.00,7380.00,2025-06-21
102944,334,2025-06-19,delivered,card,,0.00,10380.00,2025-06-20
102945,673,2025-06-19,delivered,card,,0.00,10880.00,2025-06-22
102946,326,2025-06-19,delivered,sbp,,0.00,9380.00,2025-06-25
102947,121,2025-06-19,delivered,card,,0.00,10767.00,2025-06-24
102948,1404,2025-06-19,delivered,sbp,,0.00,16019.00,2025-06-25
102949,443,2025-06-19,delivered,cash,,0.00,8170.00,2025-06-22
102950,840,2025-06-19,cancelled,card,,0.00,939.00,
102951,196,2025-06-20,delivered,card,,0.00,6029.00,2025-06-27
102952,1409,2025-06-20,cancelled,cash,WELCOME10,888.00,7992.00,
102953,993,2025-06-20,delivered,sbp,SUMMER5,299.00,5681.00,2025-06-25
102954,604,2025-06-20,delivered,card,,0.00,61390.00,2025-06-22
102955,387,2025-06-20,delivered,card,,0.00,559.00,2025-06-24
102956,16,2025-06-20,delivered,card,SUMMER5,41.95,797.05,2025-06-22
102957,728,2025-06-20,delivered,sbp,SUMMER5,46.95,892.05,2025-06-29
102958,1064,2025-06-20,delivered,sbp,,0.00,1498.00,2025-06-25
102959,893,2025-06-20,cancelled,cash,,0.00,2790.00,
102960,594,2025-06-20,delivered,card,,0.00,11290.00,2025-06-21
102961,1289,2025-06-20,delivered,card,,0.00,839.00,2025-06-25
102962,1151,2025-06-20,delivered,card,,0.00,14180.00,2025-06-23
102963,133,2025-06-20,delivered,sbp,,0.00,1678.00,2025-06-25
102964,1393,2025-06-20,delivered,card,,0.00,1190.00,2025-06-23
102965,1366,2025-06-20,delivered,card,WELCOME10,469.00,4221.00,2025-06-23
102966,994,2025-06-20,delivered,card,,0.00,5970.00,2025-06-25
102967,1396,2025-06-20,delivered,card,,0.00,7980.00,2025-06-24
102968,1159,2025-06-20,delivered,cash,,0.00,9719.00,2025-06-22
102969,725,2025-06-20,delivered,sbp,,0.00,839.00,2025-06-21
102970,97,2025-06-21,delivered,card,,0.00,4780.00,2025-06-26
102971,993,2025-06-21,delivered,sbp,SUMMER5,314.00,5966.00,2025-06-28
102972,1414,2025-06-21,delivered,card,WELCOME10,338.00,3042.00,2025-06-26
102973,736,2025-06-21,delivered,sbp,,0.00,1118.00,2025-06-24
102974,206,2025-06-21,delivered,card,,0.00,3708.00,2025-06-29
102975,1263,2025-06-21,cancelled,card,WELCOME10,446.80,4021.20,
102976,419,2025-06-21,delivered,card,,0.00,45436.00,2025-06-23
102977,166,2025-06-21,delivered,card,,0.00,5839.00,2025-06-26
102978,922,2025-06-21,delivered,sbp,,0.00,1190.00,2025-06-23
102979,621,2025-06-21,delivered,card,,0.00,8490.00,2025-06-24
102980,97,2025-06-22,delivered,card,,0.00,8490.00,2025-06-25
102981,1008,2025-06-22,delivered,cash,,0.00,3790.00,2025-06-25
102982,1412,2025-06-22,delivered,card,FRIEND300,300.00,2790.00,2025-06-26
102983,605,2025-06-22,delivered,card,,0.00,4690.00,2025-06-28
102984,909,2025-06-22,delivered,card,,0.00,7680.00,2025-06-28
102985,1254,2025-06-22,delivered,card,SUMMER5,633.35,12033.65,2025-06-30
102986,97,2025-06-22,delivered,card,,0.00,1890.00,2025-06-24
102987,1416,2025-06-22,delivered,card,,0.00,10750.00,2025-06-24
102988,1390,2025-06-22,delivered,card,,0.00,3649.00,2025-06-28
102989,827,2025-06-22,delivered,card,,0.00,4690.00,2025-06-24
102990,673,2025-06-22,cancelled,card,,0.00,379.00,
102991,118,2025-06-22,delivered,sbp,,0.00,749.00,2025-06-24
102992,1069,2025-06-22,delivered,cash,,0.00,2949.00,2025-06-27
102993,798,2025-06-22,delivered,card,,0.00,2390.00,2025-06-25
102994,1200,2025-06-22,delivered,card,,0.00,16990.00,2025-06-23
102995,423,2025-06-22,delivered,cash,,0.00,16080.00,2025-07-02
102996,167,2025-06-22,delivered,card,,0.00,9880.00,2025-06-25
102997,1315,2025-06-23,cancelled,sbp,SUMMER5,139.50,2650.50,
102998,1379,2025-06-23,delivered,card,,0.00,51870.00,2025-06-29
102999,671,2025-06-23,delivered,card,SUMMER5,154.50,2935.50,2025-06-24
103000,753,2025-06-23,delivered,cash,,0.00,1677.00,2025-07-02
103001,998,2025-06-23,delivered,card,,0.00,11946.00,2025-06-28
103002,985,2025-06-23,delivered,card,SUMMER5,329.00,6251.00,2025-06-29
103003,775,2025-06-23,delivered,card,SUMMER5,186.45,3542.55,2025-06-26
103004,417,2025-06-23,delivered,sbp,SUMMER5,246.95,4692.05,2025-06-25
103005,475,2025-06-23,cancelled,cash,,0.00,12680.00,
103006,515,2025-06-23,cancelled,sbp,,0.00,2790.00,
103007,278,2025-06-23,delivered,card,,0.00,1118.00,2025-06-27
103008,585,2025-06-23,delivered,card,,0.00,1749.00,2025-06-25
103009,942,2025-06-23,delivered,sbp,,0.00,3790.00,2025-06-25
103010,1400,2025-06-23,delivered,card,FRIEND300,300.00,9370.00,2025-07-01
103011,1328,2025-06-23,delivered,cash,,0.00,10329.00,2025-06-26
103012,681,2025-06-23,delivered,card,,0.00,16990.00,2025-06-28
103013,755,2025-06-23,delivered,sbp,,0.00,6180.00,2025-06-24
103014,361,2025-06-23,delivered,card,,0.00,14180.00,2025-06-29
103015,1061,2025-06-23,delivered,card,,0.00,43608.00,2025-06-25
103016,1215,2025-06-24,delivered,sbp,,0.00,1678.00,2025-06-29
103017,112,2025-06-24,delivered,card,,0.00,7480.00,2025-06-29
103018,688,2025-06-24,delivered,card,,0.00,3290.00,2025-06-27
103019,364,2025-06-24,returned,card,,0.00,2690.00,2025-07-01
103020,1279,2025-06-24,delivered,card,,0.00,56690.00,2025-06-27
103021,546,2025-06-24,delivered,card,,0.00,48229.00,2025-06-27
103022,1020,2025-06-24,delivered,card,SUMMER5,379.50,7210.50,2025-06-25
103023,1241,2025-06-24,delivered,sbp,,0.00,3790.00,2025-06-27
103024,812,2025-06-24,delivered,card,,0.00,9180.00,2025-06-29
103025,605,2025-06-24,delivered,sbp,,0.00,9480.00,2025-06-30
103026,1407,2025-06-24,returned,card,WELCOME10,1000.00,123360.00,2025-07-04
103027,775,2025-06-24,delivered,cash,,0.00,6590.00,2025-06-26
103028,274,2025-06-24,delivered,cash,,0.00,20548.00,2025-06-28
103029,916,2025-06-24,delivered,card,,0.00,1890.00,2025-07-03
103030,1339,2025-06-24,delivered,card,,0.00,8490.00,2025-06-27
103031,1217,2025-06-24,delivered,sbp,,0.00,12208.00,2025-06-28
103032,1081,2025-06-24,delivered,sbp,,0.00,8907.00,2025-07-03
103033,594,2025-06-24,delivered,card,,0.00,4690.00,2025-06-25
103034,1427,2025-06-25,cancelled,cash,,0.00,41980.00,
103035,791,2025-06-25,delivered,card,,0.00,7590.00,2025-07-01
103036,1424,2025-06-25,delivered,sbp,WELCOME10,119.00,1071.00,2025-07-01
103037,253,2025-06-25,delivered,sbp,,0.00,1190.00,2025-06-29
103038,812,2025-06-25,delivered,card,,0.00,4190.00,2025-06-30
103039,584,2025-06-25,delivered,card,SUMMER5,109.50,2080.50,2025-06-28
103040,356,2025-06-25,delivered,card,,0.00,10437.00,2025-06-29
103041,682,2025-06-25,delivered,card,,0.00,5980.00,2025-06-27
103042,1421,2025-06-25,delivered,card,SUMMER5,1673.00,31787.00,2025-06-27
103043,845,2025-06-25,delivered,card,,0.00,1190.00,2025-06-27
103044,1305,2025-06-25,returned,card,,0.00,36160.00,2025-06-30
103045,581,2025-06-25,returned,cash,,0.00,5419.00,2025-06-27
103046,1315,2025-06-25,delivered,card,,0.00,2190.00,2025-07-01
103047,1400,2025-06-25,delivered,card,,0.00,469.00,2025-06-30
103048,1139,2025-06-25,delivered,cash,,0.00,9680.00,2025-06-29
103049,943,2025-06-25,delivered,card,,0.00,48039.00,2025-06-30
103050,388,2025-06-25,delivered,cash,,0.00,3729.00,2025-06-28
103051,437,2025-06-25,delivered,sbp,,0.00,8429.00,2025-06-28
103052,546,2025-06-25,delivered,card,,0.00,49080.00,2025-06-26
103053,975,2025-06-25,delivered,card,,0.00,459.00,2025-06-28
103054,950,2025-06-26,delivered,card,,0.00,11380.00,2025-06-30
103055,1249,2025-06-26,delivered,card,SUMMER5,234.50,4455.50,2025-07-01
103056,1421,2025-06-26,delivered,card,,0.00,1118.00,2025-06-27
103057,492,2025-06-26,delivered,card,,0.00,122890.00,2025-07-06
103058,1186,2025-06-26,delivered,sbp,,0.00,3868.00,2025-06-28
103059,443,2025-06-26,delivered,card,,0.00,88370.00,2025-06-29
103060,423,2025-06-26,delivered,card,,0.00,4690.00,2025-07-06
103061,1217,2025-06-26,delivered,card,,0.00,5488.00,2025-06-29
103062,587,2025-06-26,delivered,sbp,,0.00,14380.00,2025-06-30
103063,840,2025-06-26,delivered,sbp,,0.00,21349.00,2025-06-29
103064,747,2025-06-26,delivered,card,,0.00,2429.00,2025-06-30
103065,172,2025-06-26,delivered,sbp,,0.00,3090.00,2025-06-29
103066,845,2025-06-26,delivered,card,,0.00,1390.00,2025-06-30
103067,1022,2025-06-26,delivered,card,,0.00,8869.00,2025-06-29
103068,675,2025-06-27,delivered,sbp,,0.00,5739.00,2025-06-30
103069,278,2025-06-27,delivered,card,,0.00,918.00,2025-06-29
103070,594,2025-06-27,delivered,card,,0.00,4190.00,2025-06-30
103071,1101,2025-06-27,delivered,cash,,0.00,23229.00,2025-06-30
103072,535,2025-06-27,delivered,sbp,SUMMER5,41.95,797.05,2025-07-01
103073,1367,2025-06-27,delivered,card,,0.00,11290.00,2025-07-02
103074,1295,2025-06-27,delivered,sbp,,0.00,4280.00,2025-07-01
103075,566,2025-06-27,delivered,card,,0.00,3780.00,2025-07-06
103076,133,2025-06-27,delivered,sbp,,0.00,42590.00,2025-07-01
103077,537,2025-06-27,delivered,card,,0.00,7948.00,2025-06-30
103078,1395,2025-06-27,delivered,card,,0.00,5590.00,2025-07-01
103079,574,2025-06-27,delivered,card,,0.00,8490.00,2025-06-30
103080,957,2025-06-27,delivered,sbp,,0.00,3290.00,2025-06-30
103081,547,2025-06-27,cancelled,card,,0.00,18350.00,
103082,984,2025-06-28,delivered,sbp,,0.00,559.00,2025-07-02
103083,1362,2025-06-28,delivered,card,,0.00,6588.00,2025-07-08
103084,1326,2025-06-28,returned,card,,0.00,61490.00,2025-07-02
103085,1435,2025-06-28,delivered,sbp,,0.00,3308.00,2025-06-30
103086,581,2025-06-28,delivered,card,,0.00,1390.00,2025-07-02
103087,775,2025-06-28,delivered,sbp,,0.00,1298.00,2025-06-30
103088,373,2025-06-28,delivered,sbp,,0.00,839.00,2025-06-30
103089,655,2025-06-28,delivered,card,,0.00,9770.00,2025-06-30
103090,594,2025-06-28,delivered,card,,0.00,7590.00,2025-07-01
103091,1388,2025-06-28,delivered,card,,0.00,5590.00,2025-07-01
103092,1436,2025-06-28,delivered,card,,0.00,9380.00,2025-07-02
103093,203,2025-06-28,delivered,cash,,0.00,918.00,2025-06-29
103094,783,2025-06-28,delivered,cash,,0.00,40580.00,2025-07-02
103095,788,2025-06-28,delivered,card,,0.00,54729.00,2025-07-01
103096,196,2025-06-28,delivered,cash,,0.00,1890.00,2025-07-02
103097,1159,2025-06-28,delivered,card,,0.00,379.00,2025-07-03
103098,906,2025-06-28,delivered,card,,0.00,4690.00,2025-06-29
103099,1443,2025-06-28,delivered,card,SUMMER5,309.00,5871.00,2025-07-01
103100,51,2025-06-28,delivered,sbp,,0.00,6590.00,2025-07-01
103101,742,2025-06-28,delivered,card,,0.00,459.00,2025-07-04
103102,165,2025-06-28,returned,card,,0.00,13719.00,2025-07-01
103103,623,2025-06-28,returned,sbp,,0.00,21629.00,2025-06-29
103104,83,2025-06-28,delivered,sbp,,0.00,15580.00,2025-07-01
103105,126,2025-06-29,delivered,card,SUMMER5,189.50,3600.50,2025-07-04
103106,1030,2025-06-29,delivered,card,,0.00,4690.00,2025-07-03
103107,147,2025-06-29,delivered,sbp,,0.00,3290.00,2025-07-04
103108,153,2025-06-29,cancelled,card,,0.00,2280.00,
103109,753,2025-06-29,delivered,sbp,,0.00,5749.00,2025-07-06
103110,1156,2025-06-29,delivered,sbp,,0.00,1190.00,2025-07-05
103111,1393,2025-06-29,cancelled,card,,0.00,3090.00,
103112,521,2025-06-29,delivered,card,,0.00,4467.00,2025-07-05
103113,796,2025-06-29,delivered,cash,,0.00,649.00,2025-07-02
103114,442,2025-06-29,delivered,card,,0.00,6090.00,2025-07-02
103115,1,2025-06-29,cancelled,card,,0.00,4688.00,
103116,459,2025-06-29,delivered,card,,0.00,53370.00,2025-07-02
103117,1431,2025-06-29,delivered,card,SUMMER5,484.00,9196.00,2025-07-04
103118,200,2025-06-29,delivered,card,,0.00,26370.00,2025-07-02
103119,725,2025-06-29,delivered,sbp,,0.00,15178.00,2025-06-30
103120,1448,2025-06-29,returned,card,,0.00,12150.00,2025-07-03
103121,1155,2025-06-29,delivered,card,,0.00,23590.00,2025-07-04
103122,97,2025-06-29,delivered,cash,,0.00,3790.00,2025-07-01
103123,1091,2025-06-29,delivered,sbp,,0.00,11680.00,2025-07-02
103124,1054,2025-06-29,delivered,card,SUMMER5,32.45,616.55,2025-07-02
103125,1144,2025-06-29,delivered,card,,0.00,2790.00,2025-07-01
103126,1438,2025-06-29,delivered,card,,0.00,3090.00,2025-07-04
103127,1357,2025-06-29,delivered,card,,0.00,6639.00,2025-07-01
103128,520,2025-06-29,delivered,cash,,0.00,10380.00,2025-07-04
103129,365,2025-06-29,delivered,card,SUMMER5,149.50,2840.50,2025-07-05
103130,1446,2025-06-29,delivered,card,,0.00,2390.00,2025-07-03
103131,480,2025-06-29,delivered,card,,0.00,9880.00,2025-07-01
103132,921,2025-06-29,delivered,card,,0.00,6059.00,2025-07-02
103133,1382,2025-06-29,delivered,card,SUMMER5,379.50,7210.50,2025-07-04
103134,127,2025-06-29,delivered,sbp,,0.00,34990.00,2025-07-09
103135,990,2025-06-30,delivered,cash,,0.00,9597.00,2025-07-02
103136,1301,2025-06-30,cancelled,card,,0.00,8729.00,
103137,269,2025-06-30,delivered,card,SUMMER5,671.95,12767.05,2025-07-05
103138,1429,2025-06-30,delivered,card,WELCOME10,1000.00,44680.00,2025-07-02
103139,1337,2025-06-30,delivered,card,,0.00,8980.00,2025-07-08
103140,1315,2025-06-30,delivered,card,,0.00,2790.00,2025-07-10
103141,380,2025-06-30,delivered,card,,0.00,3559.00,2025-07-04
103142,1123,2025-06-30,delivered,card,,0.00,1790.00,2025-07-03
103143,672,2025-06-30,delivered,card,,0.00,12580.00,2025-07-04
103144,1453,2025-06-30,delivered,card,,0.00,17470.00,2025-07-01
103145,1444,2025-06-30,delivered,card,WELCOME10,758.00,6822.00,2025-07-04
103146,1249,2025-06-30,delivered,card,,0.00,1678.00,2025-07-04
103147,1449,2025-06-30,cancelled,sbp,,0.00,9138.00,
103148,437,2025-06-30,delivered,card,,0.00,3290.00,2025-07-04
103149,324,2025-06-30,delivered,card,,0.00,1308.00,2025-07-02
103150,1440,2025-06-30,delivered,sbp,,0.00,1407.00,2025-07-02
103151,46,2025-07-01,delivered,cash,SUMMER5,189.50,3600.50,2025-07-02
103152,1445,2025-07-01,delivered,cash,,0.00,2990.00,2025-07-04
103153,1305,2025-07-01,delivered,card,,0.00,13129.00,2025-07-06
103154,782,2025-07-01,delivered,card,,0.00,2390.00,2025-07-04
103155,627,2025-07-01,delivered,card,,0.00,5019.00,2025-07-07
103156,308,2025-07-01,delivered,card,,0.00,18219.00,2025-07-11
103157,1418,2025-07-01,delivered,cash,WELCOME10,1000.00,10370.00,2025-07-07
103158,172,2025-07-01,delivered,card,,0.00,3090.00,2025-07-04
103159,1433,2025-07-01,delivered,card,,0.00,2390.00,2025-07-03
103160,443,2025-07-01,delivered,card,,0.00,17209.00,2025-07-03
103161,473,2025-07-01,delivered,cash,,0.00,11280.00,2025-07-03
103162,102,2025-07-01,delivered,card,,0.00,32468.00,2025-07-02
103163,346,2025-07-01,returned,sbp,,0.00,4480.00,2025-07-06
103164,382,2025-07-01,delivered,card,,0.00,5190.00,2025-07-06
103165,623,2025-07-01,delivered,card,,0.00,10599.00,2025-07-04
103166,570,2025-07-01,cancelled,card,,0.00,34990.00,
103167,1430,2025-07-01,delivered,card,,0.00,26250.00,2025-07-03
103168,269,2025-07-01,delivered,cash,,0.00,1118.00,2025-07-06
103169,909,2025-07-01,delivered,card,,0.00,16990.00,2025-07-10
103170,1338,2025-07-01,delivered,sbp,,0.00,2390.00,2025-07-06
103171,671,2025-07-01,delivered,card,SUMMER5,3074.50,58415.50,2025-07-03
103172,433,2025-07-02,delivered,card,SUMMER5,139.50,2650.50,2025-07-12
103173,1249,2025-07-02,delivered,card,,0.00,32180.00,2025-07-04
103174,1132,2025-07-02,delivered,sbp,,0.00,12270.00,2025-07-05
103175,1022,2025-07-02,delivered,card,,0.00,5808.00,2025-07-04
103176,180,2025-07-02,delivered,cash,,0.00,3790.00,2025-07-04
103177,1382,2025-07-02,cancelled,card,,0.00,12670.00,
103178,1073,2025-07-02,delivered,card,,0.00,7590.00,2025-07-06
103179,826,2025-07-02,delivered,cash,,0.00,2390.00,2025-07-05
103180,1134,2025-07-02,delivered,sbp,SUMMER5,2364.50,44925.50,2025-07-05
103181,764,2025-07-02,delivered,card,,0.00,5190.00,2025-07-07
103182,302,2025-07-02,delivered,card,,0.00,2190.00,2025-07-11
103183,1450,2025-07-02,cancelled,cash,WELCOME10,965.80,8692.20,
103184,1435,2025-07-02,delivered,card,,0.00,33090.00,2025-07-06
103185,454,2025-07-02,delivered,cash,,0.00,5690.00,2025-07-07
103186,1421,2025-07-02,delivered,sbp,,0.00,469.00,2025-07-03
103187,112,2025-07-02,delivered,card,,0.00,5580.00,2025-07-05
103188,734,2025-07-02,delivered,card,,0.00,3629.00,2025-07-03
103189,352,2025-07-02,delivered,card,,0.00,70460.00,2025-07-05
103190,1451,2025-07-02,delivered,cash,,0.00,7658.00,2025-07-05
103191,1220,2025-07-02,cancelled,card,,0.00,2380.00,
103192,1022,2025-07-02,delivered,card,,0.00,2517.00,2025-07-04
103193,1427,2025-07-02,returned,card,,0.00,54460.00,2025-07-07
103194,373,2025-07-03,delivered,card,,0.00,15360.00,2025-07-05
103195,470,2025-07-03,delivered,card,,0.00,18180.00,2025-07-07
103196,1454,2025-07-03,delivered,sbp,,0.00,6760.00,2025-07-05
103197,1037,2025-07-03,delivered,sbp,,0.00,4180.00,2025-07-07
103198,1463,2025-07-03,delivered,card,WELCOME10,1000.00,9470.00,2025-07-07
103199,184,2025-07-03,delivered,card,,0.00,3090.00,2025-07-09
103200,1467,2025-07-03,delivered,card,,0.00,1118.00,2025-07-06
103201,452,2025-07-03,delivered,card,,0.00,2790.00,2025-07-12
103202,1456,2025-07-03,delivered,card,WELCOME10,278.00,2502.00,2025-07-04
103203,917,2025-07-03,delivered,card,,0.00,559.00,2025-07-05
103204,1159,2025-07-03,delivered,card,,0.00,4690.00,2025-07-07
103205,495,2025-07-03,delivered,card,,0.00,6180.00,2025-07-05
103206,1426,2025-07-03,delivered,card,,0.00,1590.00,2025-07-05
103207,1408,2025-07-03,delivered,card,,0.00,34990.00,2025-07-07
103208,1273,2025-07-03,delivered,card,,0.00,37890.00,2025-07-08
103209,1467,2025-07-03,delivered,cash,WELCOME10,253.90,2285.10,2025-07-04
103210,1061,2025-07-03,delivered,card,,0.00,6170.00,2025-07-06
103211,1404,2025-07-03,delivered,card,,0.00,8490.00,2025-07-13
103212,1455,2025-07-03,delivered,cash,,0.00,1390.00,2025-07-07
103213,1098,2025-07-03,delivered,card,,0.00,9870.00,2025-07-06
103214,1437,2025-07-03,delivered,card,,0.00,10570.00,2025-07-06
103215,496,2025-07-03,delivered,sbp,,0.00,10146.00,2025-07-06
103216,25,2025-07-04,cancelled,card,,0.00,5580.00,
103217,954,2025-07-04,delivered,sbp,,0.00,5678.00,2025-07-07
103218,1201,2025-07-04,returned,card,,0.00,3090.00,2025-07-10
103219,483,2025-07-04,delivered,card,,0.00,64380.00,2025-07-09
103220,1460,2025-07-04,delivered,card,,0.00,3790.00,2025-07-07
103221,302,2025-07-04,returned,card,,0.00,4688.00,2025-07-10
103222,764,2025-07-04,delivered,card,SUMMER5,304.50,5785.50,2025-07-07
103223,1297,2025-07-04,delivered,sbp,,0.00,54370.00,2025-07-08
103224,50,2025-07-04,delivered,cash,,0.00,4290.00,2025-07-11
103225,300,2025-07-04,cancelled,card,,0.00,3908.00,
103226,537,2025-07-04,delivered,sbp,,0.00,839.00,2025-07-07
103227,433,2025-07-04,delivered,sbp,,0.00,5190.00,2025-07-13
103228,1090,2025-07-04,delivered,cash,,0.00,4290.00,2025-07-12
103229,1393,2025-07-04,delivered,cash,,0.00,10498.00,2025-07-07
103230,538,2025-07-04,delivered,card,SUMMER5,248.50,4721.50,2025-07-07
103231,466,2025-07-04,cancelled,card,,0.00,7780.00,
103232,1152,2025-07-04,delivered,card,,0.00,12790.00,2025-07-10
103233,380,2025-07-04,delivered,cash,,0.00,5608.00,2025-07-08
103234,1,2025-07-04,returned,card,,0.00,29770.00,2025-07-06
103235,917,2025-07-04,delivered,card,,0.00,4137.00,2025-07-06
103236,417,2025-07-04,delivered,cash,,0.00,1678.00,2025-07-06
103237,388,2025-07-04,delivered,card,,0.00,459.00,2025-07-08
103238,514,2025-07-04,cancelled,sbp,,0.00,12770.00,
103239,20,2025-07-04,delivered,card,SUMMER5,994.00,18886.00,2025-07-07
103240,909,2025-07-04,delivered,card,,0.00,1390.00,2025-07-12
103241,1208,2025-07-04,delivered,sbp,SUMMER5,154.50,2935.50,2025-07-13
103242,827,2025-07-04,delivered,card,,0.00,10239.00,2025-07-06
103243,54,2025-07-04,delivered,card,,0.00,9370.00,2025-07-08
103244,1459,2025-07-04,delivered,card,,0.00,4690.00,2025-07-06
103245,618,2025-07-04,delivered,card,,0.00,64337.00,2025-07-07
103246,1171,2025-07-05,delivered,card,,0.00,47290.00,2025-07-07
103247,428,2025-07-05,delivered,card,,0.00,3868.00,2025-07-15
103248,97,2025-07-05,delivered,card,,0.00,1587.00,2025-07-10
103249,909,2025-07-05,delivered,cash,,0.00,379.00,2025-07-10
103250,1386,2025-07-05,delivered,card,,0.00,1590.00,2025-07-07
103251,1101,2025-07-05,delivered,cash,,0.00,9980.00,2025-07-08
103252,755,2025-07-05,delivered,cash,,0.00,52828.00,2025-07-06
103253,97,2025-07-05,delivered,card,,0.00,19380.00,2025-07-07
103254,594,2025-07-05,delivered,card,,0.00,3469.00,2025-07-07
103255,638,2025-07-05,delivered,card,,0.00,6590.00,2025-07-09
103256,1250,2025-07-05,delivered,card,FRIEND300,300.00,2990.00,2025-07-09
103257,409,2025-07-05,delivered,card,,0.00,649.00,2025-07-10
103258,1467,2025-07-05,delivered,card,,0.00,4280.00,2025-07-06
103259,559,2025-07-05,delivered,card,,0.00,839.00,2025-07-09
103260,184,2025-07-05,delivered,card,,0.00,6180.00,2025-07-14
103261,1476,2025-07-05,delivered,card,WELCOME10,279.00,2511.00,2025-07-10
103262,231,2025-07-05,delivered,card,,0.00,5190.00,2025-07-08
103263,1016,2025-07-05,delivered,sbp,,0.00,23690.00,2025-07-07
103264,184,2025-07-05,delivered,card,,0.00,3090.00,2025-07-09
103265,408,2025-07-05,delivered,card,,0.00,12619.00,2025-07-11
103266,1114,2025-07-05,delivered,card,,0.00,6090.00,2025-07-07
103267,1081,2025-07-06,delivered,card,SUMMER5,2034.50,38655.50,2025-07-14
103268,388,2025-07-06,delivered,card,SUMMER5,518.50,9851.50,2025-07-10
103269,128,2025-07-06,delivered,card,,0.00,858.00,2025-07-10
103270,1117,2025-07-06,returned,sbp,,0.00,16770.00,2025-07-14
103271,880,2025-07-06,delivered,card,,0.00,11370.00,2025-07-08
103272,611,2025-07-06,delivered,card,,0.00,4380.00,2025-07-10
103273,433,2025-07-06,delivered,card,,0.00,1190.00,2025-07-16
103274,381,2025-07-06,delivered,sbp,,0.00,97470.00,2025-07-12
103275,1296,2025-07-06,delivered,card,,0.00,1490.00,2025-07-08
103276,1274,2025-07-06,delivered,cash,,0.00,1390.00,2025-07-10
103277,1305,2025-07-06,cancelled,card,,0.00,4480.00,
103278,282,2025-07-06,delivered,card,,0.00,11280.00,2025-07-09
103279,1478,2025-07-06,delivered,sbp,,0.00,4739.00,2025-07-08
103280,448,2025-07-06,delivered,card,,0.00,11609.00,2025-07-10
103281,1350,2025-07-06,delivered,card,,0.00,2790.00,2025-07-09
103282,971,2025-07-06,delivered,sbp,,0.00,4780.00,2025-07-08
103283,398,2025-07-06,delivered,sbp,,0.00,459.00,2025-07-07
103284,967,2025-07-06,delivered,card,,0.00,1390.00,2025-07-13
103285,1457,2025-07-06,returned,card,,0.00,9880.00,2025-07-09
103286,525,2025-07-06,delivered,card,,0.00,10309.00,2025-07-12
103287,1131,2025-07-06,delivered,card,,0.00,26388.00,2025-07-12
103288,1469,2025-07-06,delivered,card,WELCOME10,83.90,755.10,2025-07-08
103289,1043,2025-07-06,delivered,card,SUMMER5,469.00,8911.00,2025-07-16
103290,133,2025-07-06,delivered,cash,,0.00,23080.00,2025-07-09
103291,699,2025-07-06,delivered,card,,0.00,6819.00,2025-07-10
103292,1470,2025-07-06,delivered,card,WELCOME10,251.70,2265.30,2025-07-09
103293,546,2025-07-06,returned,sbp,,0.00,2390.00,2025-07-07
103294,1054,2025-07-07,delivered,card,,0.00,1390.00,2025-07-11
103295,81,2025-07-07,delivered,card,,0.00,1190.00,2025-07-12
103296,645,2025-07-07,delivered,card,,0.00,839.00,2025-07-12
103297,408,2025-07-07,delivered,sbp,,0.00,4180.00,2025-07-11
103298,566,2025-07-07,delivered,cash,,0.00,24080.00,2025-07-15
103299,513,2025-07-07,delivered,sbp,,0.00,9490.00,2025-07-13
103300,508,2025-07-07,delivered,card,,0.00,429.00,2025-07-09
103301,380,2025-07-07,delivered,card,,0.00,6090.00,2025-07-10
103302,1421,2025-07-07,delivered,card,,0.00,1190.00,2025-07-10
103303,563,2025-07-07,delivered,card,,0.00,21640.00,2025-07-11
103304,499,2025-07-07,delivered,card,,0.00,559.00,2025-07-11
103305,184,2025-07-07,delivered,card,,0.00,81270.00,2025-07-14
103306,403,2025-07-07,delivered,card,,0.00,1190.00,2025-07-10
103307,1481,2025-07-07,delivered,card,,0.00,16980.00,2025-07-17
103308,1466,2025-07-07,delivered,card,,0.00,12960.00,2025-07-09
103309,829,2025-07-07,delivered,card,,0.00,12760.00,2025-07-10
103310,570,2025-07-07,delivered,card,,0.00,31170.00,2025-07-11
103311,470,2025-07-07,delivered,sbp,,0.00,559.00,2025-07-09
103312,1274,2025-07-07,delivered,card,,0.00,15170.00,2025-07-12
103313,1054,2025-07-07,delivered,card,,0.00,1190.00,2025-07-11
103314,783,2025-07-08,cancelled,card,,0.00,8429.00,
103315,501,2025-07-08,delivered,sbp,,0.00,1590.00,2025-07-11
103316,51,2025-07-08,delivered,sbp,,0.00,2148.00,2025-07-11
103317,241,2025-07-08,delivered,cash,,0.00,4129.00,2025-07-11
103318,1480,2025-07-08,delivered,card,,0.00,2190.00,2025-07-11
103319,1285,2025-07-08,delivered,cash,,0.00,39267.00,2025-07-10
103320,958,2025-07-08,delivered,card,,0.00,559.00,2025-07-18
103321,955,2025-07-08,delivered,card,,0.00,7580.00,2025-07-14
103322,950,2025-07-08,delivered,card,,0.00,1390.00,2025-07-11
103323,594,2025-07-08,delivered,sbp,,0.00,4580.00,2025-07-11
103324,1417,2025-07-08,delivered,card,,0.00,7980.00,2025-07-11
103325,755,2025-07-08,delivered,card,,0.00,13970.00,2025-07-10
103326,206,2025-07-08,delivered,sbp,,0.00,20790.00,2025-07-12
103327,352,2025-07-08,delivered,card,,0.00,14088.00,2025-07-11
103328,1080,2025-07-08,delivered,card,,0.00,8980.00,2025-07-14
103329,1484,2025-07-08,delivered,card,,0.00,6590.00,2025-07-09
103330,473,2025-07-08,delivered,card,,0.00,26490.00,2025-07-11
103331,1487,2025-07-09,delivered,sbp,SUMMER5,46.90,891.10,2025-07-18
103332,1325,2025-07-09,delivered,sbp,,0.00,559.00,2025-07-10
103333,1101,2025-07-09,delivered,card,,0.00,5590.00,2025-07-12
103334,1,2025-07-09,delivered,card,SUMMER5,424.50,8065.50,2025-07-11
103335,918,2025-07-09,delivered,card,,0.00,2790.00,2025-07-12
103336,1274,2025-07-09,delivered,card,,0.00,15009.00,2025-07-12
103337,755,2025-07-09,returned,card,,0.00,13249.00,2025-07-12
103338,97,2025-07-09,delivered,cash,SUMMER5,619.00,11761.00,2025-07-13
103339,183,2025-07-09,cancelled,card,,0.00,749.00,
103340,1305,2025-07-09,delivered,card,SUMMER5,69.50,1320.50,2025-07-12
103341,480,2025-07-09,delivered,card,,0.00,5529.00,2025-07-10
103342,522,2025-07-09,delivered,card,,0.00,990.00,2025-07-10
103343,1350,2025-07-09,delivered,sbp,,0.00,8490.00,2025-07-14
103344,72,2025-07-09,delivered,cash,,0.00,1118.00,2025-07-14
103345,1283,2025-07-09,delivered,card,,0.00,1490.00,2025-07-12
103346,1069,2025-07-09,delivered,card,,0.00,7380.00,2025-07-14
103347,473,2025-07-09,delivered,sbp,,0.00,459.00,2025-07-11
103348,1486,2025-07-09,delivered,cash,WELCOME10,219.00,1971.00,2025-07-13
103349,1467,2025-07-09,delivered,card,,0.00,4690.00,2025-07-10
103350,623,2025-07-09,delivered,cash,,0.00,22670.00,2025-07-12
103351,1422,2025-07-09,delivered,card,,0.00,4490.00,2025-07-11
103352,1042,2025-07-09,delivered,card,,0.00,16990.00,2025-07-14
103353,1491,2025-07-10,delivered,card,WELCOME10,273.70,2463.30,2025-07-16
103354,454,2025-07-10,cancelled,card,,0.00,7980.00,
103355,1034,2025-07-10,delivered,cash,,0.00,2090.00,2025-07-13
103356,1106,2025-07-10,returned,card,,0.00,4228.00,2025-07-16
103357,168,2025-07-10,delivered,card,,0.00,8460.00,2025-07-13
103358,495,2025-07-10,delivered,card,,0.00,2780.00,2025-07-13
103359,978,2025-07-10,delivered,card,SUMMER5,27.95,531.05,2025-07-15
103360,1350,2025-07-10,delivered,card,,0.00,3790.00,2025-07-12
103361,20,2025-07-10,delivered,card,,0.00,11280.00,2025-07-13
103362,304,2025-07-10,delivered,card,,0.00,7590.00,2025-07-14
103363,864,2025-07-10,delivered,card,,0.00,61580.00,2025-07-13
103364,1249,2025-07-10,delivered,card,,0.00,13480.00,2025-07-15
103365,1460,2025-07-10,delivered,card,,0.00,83650.00,2025-07-15
103366,625,2025-07-10,delivered,card,SUMMER5,234.50,4455.50,2025-07-16
103367,166,2025-07-10,cancelled,card,,0.00,7088.00,
103368,1091,2025-07-10,delivered,card,,0.00,3790.00,2025-07-13
103369,1259,2025-07-10,delivered,cash,,0.00,1090.00,2025-07-13
103370,1325,2025-07-11,delivered,sbp,,0.00,7438.00,2025-07-13
103371,456,2025-07-11,delivered,cash,,0.00,41509.00,2025-07-13
103372,418,2025-07-11,delivered,cash,,0.00,2190.00,2025-07-13
103373,459,2025-07-11,delivered,sbp,,0.00,5190.00,2025-07-13
103374,1477,2025-07-11,delivered,sbp,,0.00,11080.00,2025-07-18
103375,1186,2025-07-11,delivered,card,,0.00,2517.00,2025-07-14
103376,1088,2025-07-11,delivered,card,,0.00,2328.00,2025-07-14
103377,1494,2025-07-11,delivered,sbp,,0.00,3290.00,2025-07-16
103378,827,2025-07-11,delivered,card,,0.00,6058.00,2025-07-13
103379,1393,2025-07-11,delivered,card,SUMMER5,55.90,1062.10,2025-07-13
103380,1205,2025-07-11,delivered,card,,0.00,23690.00,2025-07-14
103381,563,2025-07-11,delivered,sbp,,0.00,14680.00,2025-07-13
103382,649,2025-07-11,delivered,card,,0.00,559.00,2025-07-16
103383,1464,2025-07-11,delivered,card,SUMMER5,27.95,531.05,2025-07-14
103384,783,2025-07-11,delivered,sbp,,0.00,3090.00,2025-07-16
103385,1390,2025-07-11,delivered,card,SUMMER5,94.50,1795.50,2025-07-16
103386,949,2025-07-11,delivered,sbp,,0.00,2790.00,2025-07-17
103387,1452,2025-07-12,delivered,card,,0.00,459.00,2025-07-21
103388,453,2025-07-12,delivered,card,,0.00,4239.00,2025-07-16
103389,615,2025-07-12,delivered,card,,0.00,1190.00,2025-07-14
103390,448,2025-07-12,delivered,card,,0.00,6018.00,2025-07-18
103391,1390,2025-07-12,delivered,card,,0.00,7090.00,2025-07-17
103392,1251,2025-07-12,delivered,sbp,,0.00,5690.00,2025-07-16
103393,1448,2025-07-12,delivered,sbp,,0.00,1218.00,2025-07-19
103394,1477,2025-07-12,delivered,sbp,,0.00,1190.00,2025-07-19
103395,1394,2025-07-12,delivered,sbp,,0.00,19970.00,2025-07-15
103396,587,2025-07-12,cancelled,card,,0.00,4690.00,
103397,1083,2025-07-12,delivered,card,,0.00,27478.00,2025-07-16
103398,955,2025-07-12,delivered,card,,0.00,74719.00,2025-07-15
103399,1080,2025-07-12,returned,card,,0.00,469.00,2025-07-18
103400,1378,2025-07-12,delivered,sbp,SUMMER5,279.50,5310.50,2025-07-14
103401,680,2025-07-12,delivered,cash,,0.00,5480.00,2025-07-13
103402,1169,2025-07-12,delivered,card,,0.00,459.00,2025-07-13
103403,1111,2025-07-12,delivered,card,,0.00,5190.00,2025-07-21
103404,1080,2025-07-12,cancelled,sbp,,0.00,54034.00,
103405,1073,2025-07-12,delivered,card,,0.00,7370.00,2025-07-18
103406,1196,2025-07-12,delivered,card,,0.00,1190.00,2025-07-13
103407,1135,2025-07-12,delivered,card,,0.00,8049.00,2025-07-18
103408,675,2025-07-12,delivered,card,,0.00,1190.00,2025-07-15
103409,91,2025-07-13,delivered,card,,0.00,41670.00,2025-07-17
103410,755,2025-07-13,delivered,card,,0.00,8870.00,2025-07-15
103411,264,2025-07-13,delivered,sbp,,0.00,2749.00,2025-07-17
103412,706,2025-07-13,delivered,card,,0.00,3186.00,2025-07-23
103413,1458,2025-07-13,delivered,card,FRIEND300,300.00,11778.00,2025-07-17
103414,950,2025-07-13,delivered,card,,0.00,6190.00,2025-07-16
103415,1459,2025-07-13,delivered,card,SUMMER5,1894.50,35995.50,2025-07-16
103416,1350,2025-07-13,delivered,sbp,,0.00,4629.00,2025-07-18
103417,382,2025-07-13,delivered,sbp,,0.00,2790.00,2025-07-20
103418,408,2025-07-13,delivered,cash,,0.00,4290.00,2025-07-16
103419,46,2025-07-13,delivered,card,,0.00,17980.00,2025-07-16
103420,80,2025-07-13,delivered,card,,0.00,35090.00,2025-07-15
103421,69,2025-07-13,delivered,card,,0.00,4588.00,2025-07-18
103422,1241,2025-07-13,returned,cash,,0.00,7480.00,2025-07-17
103423,661,2025-07-13,delivered,sbp,,0.00,72980.00,2025-07-17
103424,263,2025-07-13,delivered,cash,,0.00,30790.00,2025-07-14
103425,991,2025-07-13,delivered,card,,0.00,3229.00,2025-07-15
103426,1201,2025-07-13,delivered,sbp,SUMMER5,164.50,3125.50,2025-07-17
103427,788,2025-07-13,cancelled,card,,0.00,20180.00,
103428,133,2025-07-14,delivered,sbp,,0.00,1890.00,2025-07-19
103429,580,2025-07-14,delivered,sbp,,0.00,12280.00,2025-07-17
103430,1000,2025-07-14,delivered,cash,,0.00,3370.00,2025-07-16
103431,346,2025-07-14,delivered,card,,0.00,559.00,2025-07-18
103432,122,2025-07-14,delivered,sbp,,0.00,33190.00,2025-07-22
103433,1322,2025-07-14,delivered,card,,0.00,10209.00,2025-07-16
103434,948,2025-07-14,delivered,card,SUMMER5,459.00,8721.00,2025-07-16
103435,286,2025-07-14,delivered,card,,0.00,459.00,2025-07-23
103436,1388,2025-07-14,delivered,sbp,SUMMER5,94.50,1795.50,2025-07-17
103437,343,2025-07-14,delivered,card,SUMMER5,564.00,10716.00,2025-07-16
103438,1301,2025-07-14,delivered,sbp,,0.00,6580.00,2025-07-16
103439,682,2025-07-14,delivered,sbp,,0.00,13160.00,2025-07-16
103440,1371,2025-07-14,delivered,card,,0.00,2390.00,2025-07-22
103441,1283,2025-07-14,delivered,card,,0.00,2790.00,2025-07-16
103442,352,2025-07-14,delivered,card,,0.00,8490.00,2025-07-15
103443,196,2025-07-15,delivered,cash,SUMMER5,1039.00,19741.00,2025-07-22
103444,1013,2025-07-15,delivered,sbp,,0.00,80969.00,2025-07-19
103445,69,2025-07-15,delivered,sbp,SUMMER5,329.50,6260.50,2025-07-18
103446,1037,2025-07-15,delivered,cash,,0.00,3908.00,2025-07-18
103447,948,2025-07-15,delivered,card,,0.00,3068.00,2025-07-18
103448,1301,2025-07-15,delivered,card,,0.00,4408.00,2025-07-17
103449,473,2025-07-15,delivered,card,,0.00,46660.00,2025-07-16
103450,1284,2025-07-15,delivered,sbp,,0.00,37280.00,2025-07-18
103451,1468,2025-07-15,cancelled,cash,,0.00,3259.00,
103452,527,2025-07-15,delivered,cash,,0.00,3290.00,2025-07-17
103453,776,2025-07-15,delivered,card,,0.00,6158.00,2025-07-19
103454,1492,2025-07-15,delivered,card,,0.00,48508.00,2025-07-18
103455,124,2025-07-15,delivered,cash,,0.00,123548.00,2025-07-20
103456,1100,2025-07-15,delivered,card,,0.00,1118.00,2025-07-19
103457,802,2025-07-15,cancelled,cash,,0.00,3085.00,
103458,909,2025-07-15,delivered,card,,0.00,10680.00,2025-07-21
103459,1289,2025-07-15,delivered,cash,,0.00,839.00,2025-07-22
103460,924,2025-07-15,delivered,card,,0.00,26590.00,2025-07-18
103461,122,2025-07-15,delivered,card,,0.00,839.00,2025-07-25
103462,1502,2025-07-16,delivered,card,,0.00,1890.00,2025-07-17
103463,1147,2025-07-16,delivered,cash,,0.00,8280.00,2025-07-17
103464,282,2025-07-16,delivered,card,,0.00,8490.00,2025-07-18
103465,974,2025-07-16,delivered,card,,0.00,3790.00,2025-07-19
103466,1490,2025-07-16,delivered,card,,0.00,559.00,2025-07-17
103467,1055,2025-07-16,delivered,card,,0.00,12290.00,2025-07-20
103468,1,2025-07-16,delivered,card,,0.00,16550.00,2025-07-17
103469,1042,2025-07-16,delivered,card,,0.00,949.00,2025-07-19
103470,1137,2025-07-16,cancelled,cash,,0.00,459.00,
103471,184,2025-07-16,cancelled,card,,0.00,6180.00,
103472,1198,2025-07-16,delivered,card,,0.00,10770.00,2025-07-21
103473,832,2025-07-16,delivered,sbp,,0.00,1190.00,2025-07-19
103474,515,2025-07-16,delivered,card,,0.00,84078.00,2025-07-18
103475,557,2025-07-16,delivered,card,,0.00,9380.00,2025-07-20
103476,399,2025-07-16,delivered,card,,0.00,918.00,2025-07-19
103477,499,2025-07-16,delivered,card,SUMMER5,3485.45,66223.55,2025-07-24
103478,1431,2025-07-16,delivered,card,,0.00,5070.00,2025-07-19
103479,713,2025-07-17,delivered,sbp,,0.00,990.00,2025-07-23
103480,1511,2025-07-17,delivered,sbp,,0.00,13070.00,2025-07-22
103481,201,2025-07-17,delivered,card,SUMMER5,329.50,6260.50,2025-07-19
103482,574,2025-07-17,delivered,sbp,,0.00,12288.00,2025-07-20
103483,1498,2025-07-17,delivered,cash,WELCOME10,418.00,3762.00,2025-07-26
103484,955,2025-07-17,delivered,card,SUMMER5,46.90,891.10,2025-07-20
103485,1281,2025-07-17,delivered,card,,0.00,1690.00,2025-07-20
103486,753,2025-07-17,delivered,card,,0.00,7090.00,2025-07-24
103487,376,2025-07-17,delivered,sbp,,0.00,8490.00,2025-07-22
103488,608,2025-07-17,delivered,card,SUMMER5,468.50,8901.50,2025-07-23
103489,305,2025-07-17,delivered,card,,0.00,2790.00,2025-07-22
103490,704,2025-07-17,delivered,sbp,,0.00,4780.00,2025-07-24
103491,1008,2025-07-17,delivered,card,,0.00,459.00,2025-07-22
103492,852,2025-07-18,returned,card,,0.00,8039.00,2025-07-19
103493,840,2025-07-18,delivered,card,,0.00,4690.00,2025-07-20
103494,443,2025-07-18,delivered,card,,0.00,2859.00,2025-07-20
103495,872,2025-07-18,delivered,sbp,SUMMER5,169.00,3211.00,2025-07-19
103496,1042,2025-07-18,delivered,sbp,,0.00,46990.00,2025-07-23
103497,1236,2025-07-18,delivered,sbp,,0.00,938.00,2025-07-24
103498,1506,2025-07-18,delivered,card,,0.00,2090.00,2025-07-25
103499,1512,2025-07-18,delivered,card,,0.00,3290.00,2025-07-24
103500,511,2025-07-18,delivered,card,,0.00,5190.00,2025-07-20
103501,1504,2025-07-18,delivered,card,,0.00,40790.00,2025-07-26
103502,776,2025-07-19,cancelled,cash,,0.00,37990.00,
103503,752,2025-07-19,delivered,card,,0.00,6190.00,2025-07-20
103504,1196,2025-07-19,delivered,sbp,,0.00,26590.00,2025-07-21
103505,97,2025-07-19,delivered,card,,0.00,5659.00,2025-07-24
103506,475,2025-07-19,delivered,card,,0.00,14019.00,2025-07-21
103507,1080,2025-07-19,delivered,card,,0.00,16090.00,2025-07-23
103508,465,2025-07-19,delivered,card,SUMMER5,234.50,4455.50,2025-07-26
103509,1314,2025-07-19,delivered,card,,0.00,839.00,2025-07-20
103510,1520,2025-07-19,delivered,cash,WELCOME10,1000.00,55108.00,2025-07-24
103511,465,2025-07-19,delivered,sbp,,0.00,938.00,2025-07-27
103512,1102,2025-07-19,delivered,card,,0.00,990.00,2025-07-23
103513,1362,2025-07-19,cancelled,cash,,0.00,1890.00,
103514,1125,2025-07-19,delivered,card,,0.00,2190.00,2025-07-27
103515,1517,2025-07-19,delivered,sbp,WELCOME10,1000.00,46490.00,2025-07-20
103516,921,2025-07-19,delivered,sbp,,0.00,1298.00,2025-07-23
103517,1431,2025-07-19,delivered,card,SUMMER5,762.50,14487.50,2025-07-22
103518,755,2025-07-19,delivered,sbp,,0.00,7559.00,2025-07-20
103519,673,2025-07-19,delivered,cash,,0.00,8490.00,2025-07-22
103520,832,2025-07-19,delivered,card,,0.00,2790.00,2025-07-21
103521,167,2025-07-19,delivered,sbp,,0.00,9429.00,2025-07-20
103522,50,2025-07-19,delivered,card,,0.00,2790.00,2025-07-26
103523,1480,2025-07-20,delivered,card,,0.00,2990.00,2025-07-22
103524,243,2025-07-20,delivered,card,,0.00,12280.00,2025-07-22
103525,1301,2025-07-20,delivered,card,,0.00,6628.00,2025-07-22
103526,1101,2025-07-20,delivered,sbp,,0.00,2069.00,2025-07-21
103527,1348,2025-07-20,returned,card,SUMMER5,329.00,6251.00,2025-07-24
103528,1507,2025-07-20,cancelled,sbp,WELCOME10,618.00,5562.00,
103529,448,2025-07-20,delivered,card,SUMMER5,258.50,4911.50,2025-07-24
103530,503,2025-07-20,delivered,sbp,,0.00,8490.00,2025-07-24
103531,141,2025-07-20,delivered,card,,0.00,82998.00,2025-07-24
103532,995,2025-07-20,delivered,card,,0.00,40790.00,2025-07-24
103533,1132,2025-07-20,delivered,sbp,SUMMER5,219.00,4161.00,2025-07-23
103534,460,2025-07-20,delivered,card,SUMMER5,410.95,7808.05,2025-07-23
103535,1400,2025-07-20,delivered,card,SUMMER5,41.95,797.05,2025-07-25
103536,1516,2025-07-20,delivered,card,,0.00,5190.00,2025-07-23
103537,1339,2025-07-20,delivered,card,SUMMER5,519.40,9868.60,2025-07-22
103538,618,2025-07-20,delivered,card,,0.00,3790.00,2025-07-22
103539,1250,2025-07-20,delivered,card,,0.00,7590.00,2025-07-25
103540,1090,2025-07-20,delivered,card,,0.00,27460.00,2025-07-27
103541,892,2025-07-20,delivered,cash,,0.00,759.00,2025-07-23
103542,1503,2025-07-20,cancelled,card,,0.00,12790.00,
103543,269,2025-07-20,delivered,card,,0.00,13980.00,2025-07-24
103544,950,2025-07-20,delivered,card,,0.00,7429.00,2025-07-22
103545,1518,2025-07-20,delivered,sbp,,0.00,4380.00,2025-07-23
103546,1522,2025-07-20,delivered,cash,WELCOME10,279.00,2511.00,2025-07-30
103547,838,2025-07-20,delivered,card,,0.00,2790.00,2025-07-23
103548,584,2025-07-20,delivered,cash,,0.00,2190.00,2025-07-25
103549,1517,2025-07-20,delivered,sbp,SUMMER5,164.50,3125.50,2025-07-22
103550,1435,2025-07-20,delivered,card,SUMMER5,329.00,6251.00,2025-07-23
103551,728,2025-07-21,delivered,sbp,,0.00,1190.00,2025-07-31
103552,442,2025-07-21,delivered,sbp,,0.00,2790.00,2025-07-26
103553,1357,2025-07-21,delivered,card,,0.00,7080.00,2025-07-25
103554,118,2025-07-21,delivered,card,,0.00,9949.00,2025-07-24
103555,1309,2025-07-21,delivered,card,,0.00,6829.00,2025-07-26
103556,615,2025-07-21,delivered,sbp,,0.00,1390.00,2025-07-24
103557,511,2025-07-21,delivered,sbp,,0.00,559.00,2025-07-25
103558,1467,2025-07-21,delivered,card,,0.00,19680.00,2025-07-24
103559,982,2025-07-21,delivered,card,,0.00,2090.00,2025-07-25
103560,352,2025-07-21,delivered,card,,0.00,10880.00,2025-07-22
103561,1500,2025-07-21,delivered,card,WELCOME10,309.00,2781.00,2025-07-24
103562,1303,2025-07-22,delivered,sbp,,0.00,5690.00,2025-07-26
103563,1523,2025-07-22,delivered,sbp,,0.00,12760.00,2025-07-27
103564,1142,2025-07-22,delivered,card,,0.00,22070.00,2025-07-25
103565,584,2025-07-22,delivered,card,,0.00,10370.00,2025-07-26
103566,1443,2025-07-22,delivered,card,,0.00,13988.00,2025-07-27
103567,1325,2025-07-22,delivered,cash,,0.00,4690.00,2025-07-23
103568,1398,2025-07-22,delivered,card,,0.00,7580.00,2025-07-25
103569,1181,2025-07-22,delivered,card,,0.00,4698.00,2025-07-23
103570,102,2025-07-22,delivered,card,SUMMER5,519.50,9870.50,2025-07-23
103571,243,2025-07-22,delivered,card,,0.00,3028.00,2025-07-25
103572,706,2025-07-22,delivered,cash,,0.00,5690.00,2025-07-29
103573,476,2025-07-22,delivered,cash,,0.00,749.00,2025-08-01
103574,1493,2025-07-22,delivered,sbp,WELCOME10,708.00,6372.00,2025-07-25
103575,594,2025-07-22,delivered,card,,0.00,4690.00,2025-07-24
103576,1357,2025-07-22,delivered,cash,,0.00,68280.00,2025-07-24
103577,1078,2025-07-22,returned,card,,0.00,10390.00,2025-07-25
103578,1467,2025-07-22,delivered,card,SUMMER5,154.50,2935.50,2025-07-24
103579,1505,2025-07-22,delivered,card,WELCOME10,469.00,4221.00,2025-07-30
103580,1446,2025-07-22,delivered,card,,0.00,4739.00,2025-07-31
103581,919,2025-07-23,delivered,card,,0.00,10288.00,2025-07-25
103582,1335,2025-07-23,delivered,card,WELCOME10,628.00,5652.00,2025-07-30
103583,313,2025-07-23,cancelled,cash,,0.00,2790.00,
103584,243,2025-07-23,delivered,card,,0.00,5580.00,2025-07-28
103585,346,2025-07-23,cancelled,card,,0.00,27980.00,
103586,1220,2025-07-23,delivered,sbp,,0.00,7590.00,2025-07-26
103587,479,2025-07-23,delivered,cash,,0.00,2390.00,2025-07-26
103588,976,2025-07-23,delivered,card,,0.00,8578.00,2025-07-27
103589,557,2025-07-23,delivered,card,,0.00,2790.00,2025-08-02
103590,184,2025-07-23,delivered,sbp,,0.00,4908.00,2025-07-29
103591,1241,2025-07-23,returned,sbp,,0.00,2190.00,2025-07-25
103592,305,2025-07-23,delivered,cash,SUMMER5,69.50,1320.50,2025-07-30
103593,1222,2025-07-23,delivered,card,,0.00,559.00,2025-07-25
103594,1407,2025-07-23,delivered,card,,0.00,31290.00,2025-08-02
103595,1090,2025-07-23,delivered,card,,0.00,17090.00,2025-07-28
103596,159,2025-07-23,delivered,cash,,0.00,1390.00,2025-07-25
103597,1412,2025-07-23,delivered,card,,0.00,7780.00,2025-07-26
103598,5,2025-07-24,delivered,sbp,,0.00,2790.00,2025-07-26
103599,958,2025-07-24,delivered,card,,0.00,1190.00,2025-08-01
103600,1518,2025-07-24,delivered,sbp,SUMMER5,266.45,5062.55,2025-07-26
103601,1427,2025-07-24,delivered,card,,0.00,9880.00,2025-08-02
103602,232,2025-07-24,delivered,sbp,,0.00,4728.00,2025-08-01
103603,774,2025-07-24,delivered,card,,0.00,52180.00,2025-08-02
103604,808,2025-07-24,delivered,card,,0.00,26590.00,2025-07-28
103605,1301,2025-07-24,delivered,sbp,,0.00,127170.00,2025-07-26
103606,503,2025-07-24,delivered,card,,0.00,2990.00,2025-07-30
103607,1534,2025-07-24,delivered,cash,WELCOME10,1000.00,17360.00,2025-07-27
103608,437,2025-07-24,delivered,sbp,,0.00,5670.00,2025-07-28
103609,594,2025-07-24,delivered,card,,0.00,1390.00,2025-07-26
103610,628,2025-07-24,delivered,card,,0.00,439.00,2025-07-25
103611,580,2025-07-24,delivered,card,,0.00,1698.00,2025-07-27
103612,705,2025-07-24,delivered,sbp,,0.00,2390.00,2025-07-27
103613,1401,2025-07-24,delivered,card,WELCOME10,1000.00,27780.00,2025-07-26
103614,1511,2025-07-24,delivered,cash,,0.00,3839.00,2025-07-27
103615,162,2025-07-24,delivered,card,,0.00,10365.00,2025-07-29
103616,1533,2025-07-24,delivered,card,,0.00,8490.00,2025-07-30
103617,838,2025-07-24,delivered,card,,0.00,2380.00,2025-07-27
103618,1285,2025-07-24,delivered,card,,0.00,16360.00,2025-07-26
103619,84,2025-07-24,delivered,sbp,,0.00,949.00,2025-07-28
103620,229,2025-07-24,delivered,card,,0.00,4467.00,2025-07-29
103621,288,2025-07-24,delivered,card,,0.00,7749.00,2025-07-25
103622,752,2025-07-25,delivered,card,,0.00,40060.00,2025-07-26
103623,1185,2025-07-25,delivered,cash,,0.00,1890.00,2025-07-29
103624,1133,2025-07-25,delivered,sbp,,0.00,115580.00,2025-07-27
103625,689,2025-07-25,delivered,card,,0.00,1790.00,2025-07-29
103626,1336,2025-07-25,delivered,card,,0.00,39308.00,2025-07-28
103627,203,2025-07-25,delivered,sbp,,0.00,5580.00,2025-07-26
103628,832,2025-07-25,delivered,card,,0.00,2390.00,2025-07-27
103629,87,2025-07-25,delivered,card,,0.00,21350.00,2025-07-29
103630,581,2025-07-25,delivered,card,,0.00,23690.00,2025-07-30
103631,1511,2025-07-25,delivered,card,,0.00,5190.00,2025-07-30
103632,1529,2025-07-25,delivered,card,,0.00,53819.00,2025-07-28
103633,955,2025-07-25,returned,card,,0.00,559.00,2025-07-28
103634,642,2025-07-25,delivered,card,,0.00,1118.00,2025-07-27
103635,499,2025-07-25,delivered,sbp,,0.00,7437.00,2025-07-29
103636,211,2025-07-25,delivered,card,,0.00,3290.00,2025-07-30
103637,1034,2025-07-25,delivered,cash,,0.00,1218.00,2025-07-26
103638,126,2025-07-25,delivered,cash,,0.00,5376.00,2025-08-03
103639,1055,2025-07-25,delivered,card,,0.00,1090.00,2025-07-28
103640,1500,2025-07-25,delivered,card,,0.00,28288.00,2025-07-29
103641,546,2025-07-25,delivered,card,,0.00,659.00,2025-07-26
103642,119,2025-07-26,delivered,card,,0.00,2256.00,2025-07-28
103643,919,2025-07-26,delivered,sbp,,0.00,4570.00,2025-07-28
103644,448,2025-07-26,delivered,cash,,0.00,47770.00,2025-07-29
103645,955,2025-07-26,delivered,sbp,,0.00,6590.00,2025-08-01
103646,1543,2025-07-26,delivered,card,,0.00,7370.00,2025-07-31
103647,1244,2025-07-26,delivered,cash,,0.00,5590.00,2025-07-29
103648,950,2025-07-26,delivered,card,,0.00,21870.00,2025-07-29
103649,409,2025-07-26,delivered,card,,0.00,4780.00,2025-08-01
103650,16,2025-07-26,delivered,card,,0.00,1508.00,2025-07-28
103651,780,2025-07-26,delivered,card,SUMMER5,94.90,1803.10,2025-08-04
103652,419,2025-07-26,delivered,card,SUMMER5,616.70,11717.30,2025-07-28
103653,1305,2025-07-26,delivered,card,,0.00,849.00,2025-07-28
103654,836,2025-07-26,delivered,card,,0.00,29380.00,2025-07-30
103655,97,2025-07-26,delivered,card,,0.00,17470.00,2025-07-31
103656,854,2025-07-26,delivered,card,,0.00,469.00,2025-07-31
103657,1542,2025-07-26,delivered,card,,0.00,17760.00,2025-08-01
103658,499,2025-07-27,delivered,sbp,,0.00,17837.00,2025-08-01
103659,1548,2025-07-27,delivered,sbp,,0.00,3790.00,2025-07-30
103660,169,2025-07-27,returned,cash,,0.00,5347.00,2025-07-29
103661,802,2025-07-27,delivered,card,,0.00,1390.00,2025-07-29
103662,961,2025-07-27,returned,card,,0.00,4408.00,2025-07-30
103663,195,2025-07-27,delivered,sbp,,0.00,44160.00,2025-07-31
103664,812,2025-07-27,delivered,card,SUMMER5,27.95,531.05,2025-07-30
103665,950,2025-07-27,delivered,card,,0.00,39470.00,2025-07-30
103666,280,2025-07-27,delivered,cash,,0.00,24960.00,2025-07-28
103667,570,2025-07-27,delivered,card,,0.00,6180.00,2025-08-01
103668,741,2025-07-27,delivered,card,SUMMER5,1596.45,30332.55,2025-08-02
103669,939,2025-07-27,cancelled,cash,,0.00,4588.00,
103670,418,2025-07-27,delivered,card,,0.00,4398.00,2025-07-29
103671,964,2025-07-27,delivered,sbp,,0.00,16980.00,2025-08-02
103672,1545,2025-07-27,cancelled,card,,0.00,469.00,
103673,1546,2025-07-27,delivered,card,WELCOME10,150.80,1357.20,2025-07-31
103674,380,2025-07-27,delivered,card,,0.00,659.00,2025-07-29
103675,994,2025-07-27,delivered,sbp,,0.00,559.00,2025-07-29
103676,80,2025-07-27,delivered,card,,0.00,11390.00,2025-07-31
103677,1524,2025-07-27,delivered,sbp,WELCOME10,930.90,8378.10,2025-07-30
103678,1516,2025-07-27,delivered,cash,,0.00,1508.00,2025-07-28
103679,211,2025-07-27,delivered,card,,0.00,9380.00,2025-07-31
103680,1550,2025-07-27,delivered,card,WELCOME10,99.00,891.00,2025-07-30
103681,1541,2025-07-27,delivered,card,WELCOME10,388.80,3499.20,2025-08-02
103682,211,2025-07-27,cancelled,card,,0.00,990.00,
103683,1208,2025-07-27,delivered,card,,0.00,4480.00,2025-08-01
103684,1186,2025-07-28,cancelled,card,,0.00,1790.00,
103685,352,2025-07-28,delivered,card,,0.00,121180.00,2025-07-31
103686,608,2025-07-28,delivered,card,,0.00,1118.00,2025-08-01
103687,87,2025-07-28,delivered,cash,,0.00,18560.00,2025-08-06
103688,709,2025-07-28,delivered,card,,0.00,2790.00,2025-07-29
103689,215,2025-07-28,delivered,card,,0.00,19880.00,2025-08-02
103690,1257,2025-07-28,delivered,card,SUMMER5,42.45,806.55,2025-07-30
103691,1286,2025-07-28,delivered,sbp,,0.00,3290.00,2025-07-31
103692,203,2025-07-28,delivered,card,,0.00,39688.00,2025-07-31
103693,584,2025-07-28,delivered,cash,,0.00,10229.00,2025-08-01
103694,1539,2025-07-28,delivered,cash,,0.00,12770.00,2025-07-29
103695,993,2025-07-28,delivered,card,,0.00,2190.00,2025-08-01
103696,1523,2025-07-28,delivered,card,,0.00,4690.00,2025-07-30
103697,573,2025-07-28,delivered,sbp,SUMMER5,519.50,9870.50,2025-07-30
103698,403,2025-07-28,delivered,sbp,,0.00,1490.00,2025-08-01
103699,687,2025-07-29,delivered,cash,,0.00,4780.00,2025-07-30
103700,921,2025-07-29,delivered,card,,0.00,1190.00,2025-08-02
103701,1361,2025-07-29,delivered,cash,,0.00,3808.00,2025-08-04
103702,598,2025-07-29,cancelled,card,,0.00,559.00,
103703,1254,2025-07-29,delivered,card,SUMMER5,84.90,1613.10,2025-08-05
103704,1080,2025-07-29,delivered,sbp,,0.00,47459.00,2025-08-04
103705,909,2025-07-29,delivered,card,,0.00,17070.00,2025-08-05
103706,1115,2025-07-29,delivered,sbp,,0.00,80719.00,2025-08-01
103707,153,2025-07-29,delivered,card,,0.00,3888.00,2025-08-03
103708,313,2025-07-29,delivered,card,,0.00,2349.00,2025-08-01
103709,812,2025-07-29,delivered,card,SUMMER5,94.50,1795.50,2025-08-01
103710,352,2025-07-29,delivered,cash,,0.00,64919.00,2025-07-30
103711,1350,2025-07-29,delivered,card,,0.00,6860.00,2025-08-01
103712,1144,2025-07-29,cancelled,card,,0.00,6580.00,
103713,1065,2025-07-29,delivered,card,,0.00,11148.00,2025-08-01
103714,1528,2025-07-29,delivered,sbp,,0.00,80270.00,2025-08-03
103715,1218,2025-07-29,delivered,card,WELCOME10,429.00,3861.00,2025-08-03
103716,1448,2025-07-29,delivered,card,,0.00,4980.00,2025-08-03
103717,1080,2025-07-29,delivered,cash,,0.00,1498.00,2025-08-02
103718,1460,2025-07-29,delivered,card,,0.00,93509.00,2025-07-31
103719,1088,2025-07-29,delivered,sbp,SUMMER5,4039.50,76750.50,2025-07-31
103720,1348,2025-07-29,delivered,card,,0.00,3790.00,2025-08-02
103721,1412,2025-07-29,cancelled,card,,0.00,3790.00,
103722,465,2025-07-29,delivered,card,,0.00,749.00,2025-08-06
103723,984,2025-07-29,delivered,sbp,SUMMER5,586.45,11142.55,2025-08-01
103724,1356,2025-07-29,returned,card,,0.00,1898.00,2025-08-01
103725,388,2025-07-29,delivered,card,,0.00,7590.00,2025-08-03
103726,1530,2025-07-29,delivered,sbp,,0.00,3908.00,2025-08-01
103727,20,2025-07-29,returned,card,,0.00,123590.00,2025-08-04
103728,520,2025-07-29,delivered,card,,0.00,31390.00,2025-08-07
103729,1262,2025-07-29,delivered,card,,0.00,27908.00,2025-07-30
103730,960,2025-07-29,delivered,card,,0.00,10880.00,2025-07-31
103731,1531,2025-07-29,delivered,cash,WELCOME10,724.90,6524.10,2025-08-01
103732,1142,2025-07-30,delivered,card,,0.00,8170.00,2025-08-03
103733,168,2025-07-30,delivered,card,,0.00,11390.00,2025-07-31
103734,1142,2025-07-30,delivered,sbp,,0.00,10380.00,2025-08-01
103735,1199,2025-07-30,returned,card,,0.00,6590.00,2025-08-02
103736,566,2025-07-30,delivered,card,,0.00,3977.00,2025-08-07
103737,1540,2025-07-30,delivered,card,WELCOME10,1000.00,22790.00,2025-08-05
103738,161,2025-07-30,delivered,sbp,,0.00,35190.00,2025-08-08
103739,1553,2025-07-30,delivered,card,,0.00,469.00,2025-08-04
103740,985,2025-07-30,delivered,card,,0.00,3790.00,2025-08-03
103741,559,2025-07-30,cancelled,card,,0.00,6590.00,
103742,1557,2025-07-30,delivered,card,SUMMER5,1112.90,21145.10,2025-08-03
103743,1556,2025-07-30,delivered,card,,0.00,1190.00,2025-08-03
103744,1408,2025-07-30,delivered,card,,0.00,2990.00,2025-08-01
103745,123,2025-07-30,delivered,cash,,0.00,1190.00,2025-08-01
103746,566,2025-07-30,delivered,card,,0.00,379.00,2025-08-04
103747,1416,2025-07-30,delivered,card,,0.00,10390.00,2025-08-01
103748,1178,2025-07-30,delivered,card,SUMMER5,139.50,2650.50,2025-08-02
103749,118,2025-07-30,returned,sbp,,0.00,50380.00,2025-07-31
103750,775,2025-07-31,delivered,cash,,0.00,37070.00,2025-08-02
103751,566,2025-07-31,delivered,card,,0.00,6597.00,2025-08-09
103752,1416,2025-07-31,delivered,card,SUMMER5,149.50,2840.50,2025-08-02
103753,495,2025-07-31,delivered,cash,,0.00,559.00,2025-08-04
103754,184,2025-07-31,delivered,card,,0.00,1790.00,2025-08-06
103755,211,2025-07-31,delivered,card,,0.00,4690.00,2025-08-05
103756,957,2025-07-31,delivered,card,,0.00,469.00,2025-08-06
103757,1558,2025-07-31,delivered,sbp,,0.00,21560.00,2025-08-05
103758,1285,2025-07-31,delivered,card,,0.00,559.00,2025-08-03
103759,503,2025-07-31,delivered,sbp,,0.00,4449.00,2025-08-03
103760,1559,2025-07-31,delivered,cash,,0.00,559.00,2025-08-03
103761,1562,2025-07-31,delivered,card,,0.00,9370.00,2025-08-04
103762,1182,2025-07-31,delivered,card,,0.00,3790.00,2025-08-03
103763,741,2025-07-31,delivered,card,,0.00,12390.00,2025-08-06
103764,1244,2025-08-01,returned,card,,0.00,6190.00,2025-08-03
103765,253,2025-08-01,delivered,card,,0.00,5580.00,2025-08-05
103766,1559,2025-08-01,delivered,card,,0.00,31390.00,2025-08-02
103767,1107,2025-08-01,returned,card,,0.00,2890.00,2025-08-02
103768,1118,2025-08-01,returned,sbp,,0.00,4290.00,2025-08-02
103769,1448,2025-08-01,delivered,cash,,0.00,1977.00,2025-08-07
103770,184,2025-08-01,delivered,card,,0.00,6080.00,2025-08-06
103771,732,2025-08-01,delivered,card,,0.00,5190.00,2025-08-03
103772,431,2025-08-01,delivered,card,,0.00,2308.00,2025-08-04
103773,191,2025-08-01,delivered,card,,0.00,3790.00,2025-08-02
103774,1106,2025-08-01,delivered,card,,0.00,2390.00,2025-08-04
103775,1568,2025-08-01,delivered,cash,WELCOME10,1000.00,30780.00,2025-08-09
103776,772,2025-08-01,cancelled,cash,,0.00,4690.00,
103777,827,2025-08-01,delivered,card,,0.00,17090.00,2025-08-04
103778,1009,2025-08-01,delivered,sbp,,0.00,2190.00,2025-08-06
103779,513,2025-08-01,delivered,card,,0.00,1590.00,2025-08-08
103780,19,2025-08-01,delivered,card,,0.00,7090.00,2025-08-04
103781,278,2025-08-01,delivered,sbp,,0.00,2790.00,2025-08-04
103782,697,2025-08-01,delivered,card,,0.00,1490.00,2025-08-08
103783,195,2025-08-01,delivered,card,,0.00,5980.00,2025-08-04
103784,1506,2025-08-02,delivered,card,,0.00,559.00,2025-08-12
103785,836,2025-08-02,returned,card,,0.00,1190.00,2025-08-04
103786,443,2025-08-02,delivered,card,,0.00,4608.00,2025-08-04
103787,797,2025-08-02,delivered,card,,0.00,1698.00,2025-08-06
103788,1357,2025-08-02,delivered,card,,0.00,48439.00,2025-08-04
103789,69,2025-08-02,delivered,card,,0.00,3290.00,2025-08-05
103790,574,2025-08-02,delivered,sbp,,0.00,1980.00,2025-08-05
103791,1554,2025-08-02,delivered,card,,0.00,26590.00,2025-08-07
103792,428,2025-08-02,returned,card,,0.00,4480.00,2025-08-09
103793,452,2025-08-02,delivered,card,,0.00,16378.00,2025-08-12
103794,1390,2025-08-02,delivered,sbp,,0.00,4690.00,2025-08-05
103795,278,2025-08-02,delivered,card,,0.00,20890.00,2025-08-06
103796,1175,2025-08-02,delivered,card,,0.00,3790.00,2025-08-03
103797,369,2025-08-02,returned,card,,0.00,2190.00,2025-08-04
103798,245,2025-08-02,delivered,card,,0.00,5366.00,2025-08-05
103799,1567,2025-08-02,delivered,card,,0.00,7488.00,2025-08-04
103800,1340,2025-08-02,delivered,card,,0.00,27068.00,2025-08-05
103801,1297,2025-08-02,delivered,sbp,,0.00,11390.00,2025-08-05
103802,1325,2025-08-02,delivered,card,,0.00,1698.00,2025-08-05
103803,127,2025-08-02,delivered,cash,,0.00,3290.00,2025-08-12
103804,1123,2025-08-02,delivered,card,,0.00,3090.00,2025-08-04
103805,87,2025-08-02,cancelled,sbp,,0.00,849.00,
103806,1427,2025-08-02,delivered,card,,0.00,81908.00,2025-08-08
103807,1511,2025-08-02,delivered,sbp,,0.00,878.00,2025-08-07
103808,1564,2025-08-02,delivered,card,WELCOME10,329.00,2961.00,2025-08-04
103809,1430,2025-08-03,delivered,sbp,,0.00,12790.00,2025-08-06
103810,628,2025-08-03,delivered,card,,0.00,3290.00,2025-08-04
103811,127,2025-08-03,delivered,card,,0.00,30890.00,2025-08-08
103812,982,2025-08-03,delivered,card,,0.00,8590.00,2025-08-07
103813,1535,2025-08-03,delivered,sbp,WELCOME10,355.90,3203.10,2025-08-09
103814,1430,2025-08-03,delivered,cash,,0.00,5070.00,2025-08-05
103815,604,2025-08-03,delivered,sbp,,0.00,2190.00,2025-08-04
103816,1392,2025-08-03,delivered,card,,0.00,1790.00,2025-08-10
103817,894,2025-08-03,delivered,sbp,,0.00,1390.00,2025-08-06
103818,967,2025-08-03,delivered,cash,,0.00,15570.00,2025-08-12
103819,448,2025-08-03,delivered,card,,0.00,6180.00,2025-08-09
103820,598,2025-08-03,delivered,card,,0.00,30890.00,2025-08-06
103821,139,2025-08-03,delivered,cash,,0.00,16929.00,2025-08-08
103822,575,2025-08-03,delivered,card,,0.00,2847.00,2025-08-05
103823,747,2025-08-03,delivered,sbp,,0.00,30890.00,2025-08-13
103824,1186,2025-08-03,delivered,sbp,,0.00,7090.00,2025-08-06
103825,728,2025-08-03,delivered,card,,0.00,17198.00,2025-08-10
103826,475,2025-08-03,delivered,card,,0.00,3380.00,2025-08-07
103827,597,2025-08-03,delivered,card,,0.00,56270.00,2025-08-12
103828,775,2025-08-03,delivered,sbp,,0.00,2888.00,2025-08-06
103829,957,2025-08-03,delivered,cash,,0.00,2990.00,2025-08-06
103830,1315,2025-08-03,delivered,card,,0.00,4290.00,2025-08-08
103831,984,2025-08-04,delivered,card,,0.00,9570.00,2025-08-07
103832,859,2025-08-04,cancelled,card,,0.00,469.00,
103833,1424,2025-08-04,delivered,card,,0.00,1590.00,2025-08-11
103834,52,2025-08-04,delivered,card,,0.00,30890.00,2025-08-08
103835,552,2025-08-04,delivered,card,,0.00,7888.00,2025-08-09
103836,1414,2025-08-04,returned,card,,0.00,2780.00,2025-08-07
103837,408,2025-08-04,delivered,cash,SUMMER5,224.90,4273.10,2025-08-08
103838,351,2025-08-04,delivered,card,,0.00,1190.00,2025-08-08
103839,1220,2025-08-04,delivered,card,,0.00,4790.00,2025-08-06
103840,97,2025-08-04,delivered,sbp,,0.00,938.00,2025-08-09
103841,1511,2025-08-04,delivered,sbp,,0.00,1390.00,2025-08-09
103842,220,2025-08-04,delivered,card,,0.00,23790.00,2025-08-07
103843,101,2025-08-04,delivered,sbp,,0.00,3790.00,2025-08-11
103844,1081,2025-08-04,returned,card,,0.00,9319.00,2025-08-12
103845,1154,2025-08-04,delivered,card,,0.00,2190.00,2025-08-06
103846,399,2025-08-04,delivered,card,,0.00,11219.00,2025-08-06
103847,1489,2025-08-04,delivered,card,,0.00,6460.00,2025-08-05
103848,1490,2025-08-04,cancelled,cash,,0.00,4480.00,
103849,575,2025-08-04,delivered,sbp,,0.00,469.00,2025-08-08
103850,823,2025-08-04,delivered,sbp,,0.00,3090.00,2025-08-10
103851,1325,2025-08-04,delivered,card,,0.00,379.00,2025-08-06
103852,369,2025-08-04,delivered,sbp,,0.00,3290.00,2025-08-05
103853,190,2025-08-04,delivered,sbp,,0.00,469.00,2025-08-06
103854,1551,2025-08-04,delivered,card,WELCOME10,84.90,764.10,2025-08-05
103855,1574,2025-08-04,delivered,sbp,WELCOME10,278.00,2502.00,2025-08-05
103856,1564,2025-08-04,delivered,sbp,,0.00,559.00,2025-08-07
103857,1112,2025-08-04,delivered,sbp,,0.00,469.00,2025-08-06
103858,919,2025-08-04,delivered,cash,,0.00,1390.00,2025-08-09
103859,263,2025-08-04,delivered,card,,0.00,38090.00,2025-08-05
103860,20,2025-08-05,delivered,card,,0.00,13319.00,2025-08-09
103861,1566,2025-08-05,cancelled,cash,WELCOME10,279.00,2511.00,
103862,772,2025-08-05,delivered,cash,,0.00,1790.00,2025-08-08
103863,1426,2025-08-05,delivered,cash,,0.00,2390.00,2025-08-06
103864,1144,2025-08-05,delivered,card,,0.00,559.00,2025-08-07
103865,990,2025-08-05,delivered,card,,0.00,49870.00,2025-08-08
103866,1459,2025-08-05,delivered,cash,,0.00,559.00,2025-08-07
103867,1565,2025-08-05,delivered,sbp,,0.00,10519.00,2025-08-12
103868,1133,2025-08-05,delivered,cash,,0.00,4690.00,2025-08-06
103869,408,2025-08-05,returned,card,,0.00,6580.00,2025-08-10
103870,844,2025-08-05,delivered,sbp,,0.00,2888.00,2025-08-07
103871,522,2025-08-05,delivered,card,SUMMER5,21.95,417.05,2025-08-07
103872,112,2025-08-05,cancelled,card,,0.00,469.00,
103873,1124,2025-08-05,delivered,card,,0.00,43349.00,2025-08-07
103874,939,2025-08-05,delivered,sbp,,0.00,7590.00,2025-08-10
103875,69,2025-08-05,delivered,card,,0.00,8780.00,2025-08-09
103876,1438,2025-08-05,delivered,card,,0.00,11858.00,2025-08-09
103877,364,2025-08-05,delivered,card,,0.00,12390.00,2025-08-10
103878,473,2025-08-05,delivered,card,,0.00,16580.00,2025-08-07
103879,351,2025-08-05,delivered,card,,0.00,44939.00,2025-08-10
103880,594,2025-08-05,delivered,card,,0.00,5480.00,2025-08-08
103881,909,2025-08-05,delivered,sbp,SUMMER5,6178.00,117382.00,2025-08-12
103882,1152,2025-08-05,cancelled,card,SUMMER5,784.00,14896.00,
103883,1069,2025-08-05,delivered,card,,0.00,10880.00,2025-08-13
103884,982,2025-08-05,delivered,card,,0.00,439.00,2025-08-07
103885,1274,2025-08-06,delivered,card,,0.00,39560.00,2025-08-08
103886,628,2025-08-06,delivered,card,,0.00,6128.00,2025-08-09
103887,552,2025-08-06,delivered,card,SUMMER5,374.00,7106.00,2025-08-09
103888,546,2025-08-06,delivered,card,,0.00,5159.00,2025-08-07
103889,909,2025-08-06,delivered,card,,0.00,2790.00,2025-08-12
103890,352,2025-08-06,delivered,card,,0.00,12470.00,2025-08-09
103891,537,2025-08-06,delivered,sbp,,0.00,6690.00,2025-08-11
103892,479,2025-08-06,delivered,sbp,,0.00,81739.00,2025-08-08
103893,346,2025-08-06,delivered,card,,0.00,12270.00,2025-08-12
103894,1083,2025-08-06,delivered,sbp,,0.00,2790.00,2025-08-10
103895,1421,2025-08-06,delivered,card,,0.00,3090.00,2025-08-08
103896,1571,2025-08-06,delivered,card,,0.00,1677.00,2025-08-11
103897,511,2025-08-06,delivered,card,,0.00,10278.00,2025-08-08
103898,728,2025-08-06,delivered,card,,0.00,2790.00,2025-08-14
103899,597,2025-08-06,delivered,card,,0.00,1498.00,2025-08-16
103900,547,2025-08-06,delivered,sbp,,0.00,1698.00,2025-08-10
103901,950,2025-08-06,delivered,card,,0.00,12390.00,2025-08-08
103902,448,2025-08-06,delivered,card,,0.00,4770.00,2025-08-11
103903,1292,2025-08-06,returned,sbp,,0.00,5590.00,2025-08-11
103904,469,2025-08-06,delivered,card,SUMMER5,1544.50,29345.50,2025-08-07
103905,547,2025-08-07,delivered,card,,0.00,17180.00,2025-08-11
103906,823,2025-08-07,delivered,card,,0.00,4129.00,2025-08-10
103907,20,2025-08-07,delivered,card,,0.00,56960.00,2025-08-10
103908,1579,2025-08-07,delivered,sbp,,0.00,2347.00,2025-08-10
103909,521,2025-08-07,delivered,sbp,,0.00,37580.00,2025-08-11
103910,581,2025-08-07,delivered,cash,,0.00,4790.00,2025-08-09
103911,1108,2025-08-07,delivered,cash,,0.00,849.00,2025-08-10
103912,1429,2025-08-07,delivered,sbp,SUMMER5,354.50,6735.50,2025-08-10
103913,894,2025-08-07,delivered,card,SUMMER5,154.50,2935.50,2025-08-08
103914,1572,2025-08-07,delivered,card,SUMMER5,59.50,1130.50,2025-08-12
103915,705,2025-08-07,delivered,card,,0.00,8580.00,2025-08-10
103916,1477,2025-08-07,delivered,card,,0.00,5980.00,2025-08-16
103917,1506,2025-08-07,delivered,card,,0.00,7090.00,2025-08-13
103918,747,2025-08-07,delivered,sbp,,0.00,3090.00,2025-08-14
103919,1283,2025-08-07,delivered,card,,0.00,4390.00,2025-08-11
103920,1090,2025-08-07,delivered,card,,0.00,10388.00,2025-08-13
103921,1587,2025-08-08,delivered,card,WELCOME10,219.00,1971.00,2025-08-14
103922,1436,2025-08-08,delivered,sbp,SUMMER5,139.50,2650.50,2025-08-11
103923,1585,2025-08-08,delivered,sbp,,0.00,758.00,2025-08-10
103924,1573,2025-08-08,delivered,card,SUMMER5,159.80,3036.20,2025-08-12
103925,1570,2025-08-08,delivered,cash,,0.00,1569.00,2025-08-11
103926,153,2025-08-08,returned,card,,0.00,12880.00,2025-08-12
103927,1007,2025-08-08,cancelled,card,,0.00,8590.00,
103928,1567,2025-08-08,delivered,card,,0.00,2390.00,2025-08-13
103929,1436,2025-08-08,returned,card,,0.00,5749.00,2025-08-12
103930,494,2025-08-08,delivered,sbp,,0.00,990.00,2025-08-11
103931,682,2025-08-09,delivered,sbp,,0.00,10897.00,2025-08-13
103932,1540,2025-08-09,delivered,sbp,SUMMER5,164.50,3125.50,2025-08-14
103933,598,2025-08-09,delivered,card,,0.00,5269.00,2025-08-10
103934,557,2025-08-09,delivered,cash,,0.00,3290.00,2025-08-17
103935,1580,2025-08-09,delivered,card,WELCOME10,459.00,4131.00,2025-08-14
103936,728,2025-08-09,delivered,card,,0.00,958.00,2025-08-17
103937,1395,2025-08-09,delivered,card,,0.00,559.00,2025-08-12
103938,1072,2025-08-09,delivered,card,,0.00,7878.00,2025-08-18
103939,832,2025-08-09,delivered,card,,0.00,439.00,2025-08-11
103940,191,2025-08-09,delivered,card,SUMMER5,2139.50,40650.50,2025-08-11
103941,809,2025-08-09,cancelled,card,,0.00,2990.00,
103942,472,2025-08-09,delivered,card,,0.00,23790.00,2025-08-12
103943,1552,2025-08-09,delivered,sbp,,0.00,990.00,2025-08-11
103944,343,2025-08-09,delivered,cash,,0.00,849.00,2025-08-12
103945,752,2025-08-09,returned,cash,,0.00,3039.00,2025-08-11
103946,97,2025-08-09,delivered,sbp,,0.00,2547.00,2025-08-13
103947,1569,2025-08-09,delivered,sbp,,0.00,20890.00,2025-08-17
103948,211,2025-08-09,delivered,card,,0.00,1118.00,2025-08-14
103949,220,2025-08-09,delivered,cash,SUMMER5,2378.50,45191.50,2025-08-12
103950,1305,2025-08-10,delivered,card,,0.00,3380.00,2025-08-13
103951,1339,2025-08-10,delivered,sbp,,0.00,24680.00,2025-08-12
103952,695,2025-08-10,cancelled,cash,,0.00,42880.00,
103953,681,2025-08-10,delivered,card,,0.00,36129.00,2025-08-18
103954,1144,2025-08-10,delivered,card,,0.00,6308.00,2025-08-12
103955,480,2025-08-10,delivered,cash,,0.00,14378.00,2025-08-12
103956,1124,2025-08-10,delivered,card,,0.00,9490.00,2025-08-13
103957,1259,2025-08-10,delivered,sbp,,0.00,86580.00,2025-08-12
103958,429,2025-08-10,delivered,sbp,,0.00,1898.00,2025-08-17
103959,557,2025-08-10,returned,card,,0.00,3790.00,2025-08-20
103960,1583,2025-08-10,delivered,card,,0.00,53780.00,2025-08-13
103961,675,2025-08-10,delivered,card,,0.00,10249.00,2025-08-12
103962,1,2025-08-10,delivered,card,SUMMER5,703.00,13357.00,2025-08-12
103963,465,2025-08-10,delivered,sbp,,0.00,23790.00,2025-08-17
103964,1054,2025-08-10,cancelled,card,,0.00,15350.00,
103965,728,2025-08-10,delivered,card,,0.00,20329.00,2025-08-18
103966,304,2025-08-10,delivered,card,,0.00,50180.00,2025-08-13
103967,845,2025-08-10,delivered,card,SUMMER5,2273.50,43196.50,2025-08-12
103968,1576,2025-08-10,delivered,card,WELCOME10,758.00,6822.00,2025-08-13
103969,678,2025-08-10,delivered,card,,0.00,5908.00,2025-08-12
103970,1222,2025-08-10,delivered,sbp,,0.00,4980.00,2025-08-13
103971,263,2025-08-10,cancelled,sbp,SUMMER5,69.50,1320.50,
103972,1055,2025-08-10,delivered,sbp,,0.00,1980.00,2025-08-13
103973,1595,2025-08-10,delivered,card,WELCOME10,1000.00,47149.00,2025-08-13
103974,1182,2025-08-10,delivered,sbp,,0.00,9219.00,2025-08-12
103975,1034,2025-08-10,delivered,card,,0.00,1190.00,2025-08-12
103976,1426,2025-08-10,delivered,sbp,,0.00,7680.00,2025-08-13
103977,1216,2025-08-10,delivered,card,,0.00,6539.00,2025-08-16
103978,1372,2025-08-10,delivered,card,,0.00,12790.00,2025-08-13
103979,701,2025-08-10,delivered,sbp,,0.00,479.00,2025-08-13
103980,1263,2025-08-11,delivered,card,,0.00,659.00,2025-08-13
103981,1263,2025-08-11,cancelled,cash,,0.00,1669.00,
103982,783,2025-08-11,delivered,card,,0.00,559.00,2025-08-16
103983,1507,2025-08-11,delivered,card,,0.00,3290.00,2025-08-14
103984,499,2025-08-11,delivered,card,,0.00,6898.00,2025-08-17
103985,629,2025-08-11,delivered,card,,0.00,1677.00,2025-08-16
103986,1582,2025-08-11,delivered,card,WELCOME10,759.00,6831.00,2025-08-13
103987,1594,2025-08-11,delivered,cash,,0.00,7590.00,2025-08-14
103988,169,2025-08-11,returned,cash,,0.00,4308.00,2025-08-16
103989,1186,2025-08-11,delivered,card,,0.00,38090.00,2025-08-14
103990,1572,2025-08-11,cancelled,cash,,0.00,12770.00,
103991,538,2025-08-11,delivered,sbp,,0.00,33519.00,2025-08-15
103992,1396,2025-08-11,delivered,card,,0.00,22780.00,2025-08-15
103993,1101,2025-08-11,delivered,card,,0.00,12447.00,2025-08-12
103994,1597,2025-08-11,delivered,card,SUMMER5,653.00,12407.00,2025-08-17
103995,918,2025-08-11,delivered,sbp,,0.00,939.00,2025-08-17
103996,361,2025-08-11,delivered,cash,,0.00,52060.00,2025-08-16
103997,922,2025-08-11,delivered,cash,,0.00,1698.00,2025-08-12
103998,581,2025-08-11,delivered,card,,0.00,849.00,2025-08-14
103999,993,2025-08-11,delivered,cash,,0.00,8149.00,2025-08-19
104000,1426,2025-08-11,delivered,card,SUMMER5,833.00,15827.00,2025-08-14
104001,992,2025-08-12,returned,cash,,0.00,949.00,2025-08-15
104002,1286,2025-08-12,delivered,sbp,,0.00,9439.00,2025-08-13
104003,1558,2025-08-12,delivered,sbp,,0.00,16219.00,2025-08-19
104004,417,2025-08-12,delivered,card,,0.00,6739.00,2025-08-14
104005,644,2025-08-12,delivered,card,,0.00,50960.00,2025-08-17
104006,1467,2025-08-12,delivered,card,,0.00,17980.00,2025-08-13
104007,490,2025-08-12,delivered,sbp,,0.00,1590.00,2025-08-16
104008,490,2025-08-12,delivered,cash,SUMMER5,855.35,16251.65,2025-08-16
104009,1545,2025-08-12,delivered,card,,0.00,20729.00,2025-08-16
104010,725,2025-08-12,delivered,card,,0.00,8367.00,2025-08-14
104011,1055,2025-08-12,cancelled,cash,,0.00,469.00,
104012,1602,2025-08-12,delivered,card,WELCOME10,634.90,5714.10,2025-08-15
104013,381,2025-08-12,delivered,card,,0.00,10870.00,2025-08-15
104014,752,2025-08-12,delivered,card,,0.00,37580.00,2025-08-13
104015,1184,2025-08-12,delivered,card,SUMMER5,64.40,1223.60,2025-08-14
104016,644,2025-08-12,delivered,card,,0.00,28667.00,2025-08-18
104017,121,2025-08-12,delivered,sbp,,0.00,26690.00,2025-08-16
104018,1448,2025-08-12,delivered,card,,0.00,9019.00,2025-08-21
104019,492,2025-08-12,cancelled,cash,,0.00,6190.00,
104020,557,2025-08-13,delivered,sbp,,0.00,5190.00,2025-08-21
104021,442,2025-08-13,delivered,sbp,,0.00,2749.00,2025-08-17
104022,1328,2025-08-13,delivered,card,,0.00,5190.00,2025-08-16
104023,1564,2025-08-13,delivered,card,,0.00,42880.00,2025-08-16
104024,1316,2025-08-13,delivered,card,,0.00,7090.00,2025-08-16
104025,783,2025-08-13,delivered,card,SUMMER5,378.00,7182.00,2025-08-15
104026,1152,2025-08-13,delivered,sbp,,0.00,938.00,2025-08-19
104027,1,2025-08-13,delivered,card,,0.00,3090.00,2025-08-16
104028,1117,2025-08-13,delivered,sbp,,0.00,6690.00,2025-08-22
104029,253,2025-08-13,delivered,card,,0.00,8480.00,2025-08-17
104030,1381,2025-08-13,delivered,cash,,0.00,949.00,2025-08-23
104031,392,2025-08-13,delivered,card,,0.00,469.00,2025-08-21
104032,1407,2025-08-13,delivered,sbp,,0.00,12890.00,2025-08-21
104033,1605,2025-08-13,delivered,card,,0.00,559.00,2025-08-16
104034,1237,2025-08-13,cancelled,cash,,0.00,758.00,
104035,321,2025-08-13,delivered,card,,0.00,61890.00,2025-08-17
104036,1325,2025-08-13,delivered,card,,0.00,849.00,2025-08-16
104037,511,2025-08-13,delivered,cash,,0.00,990.00,2025-08-18
104038,832,2025-08-13,delivered,card,,0.00,15170.00,2025-08-18
104039,1519,2025-08-13,delivered,card,WELCOME10,109.00,981.00,2025-08-17
104040,361,2025-08-13,delivered,card,,0.00,3290.00,2025-08-18
104041,1316,2025-08-13,delivered,card,,0.00,23790.00,2025-08-17
104042,311,2025-08-13,delivered,sbp,,0.00,1590.00,2025-08-16
104043,725,2025-08-13,delivered,cash,,0.00,29480.00,2025-08-15
104044,388,2025-08-14,delivered,sbp,,0.00,39639.00,2025-08-20
104045,80,2025-08-14,cancelled,card,,0.00,5680.00,
104046,1600,2025-08-14,returned,sbp,FRIEND300,300.00,11070.00,2025-08-18
104047,1610,2025-08-14,delivered,card,FRIEND300,300.00,2749.00,2025-08-18
104048,1598,2025-08-14,delivered,card,,0.00,16619.00,2025-08-17
104049,1257,2025-08-14,delivered,cash,,0.00,12869.00,2025-08-15
104050,1301,2025-08-14,delivered,card,,0.00,10490.00,2025-08-19
104051,812,2025-08-14,delivered,cash,,0.00,22670.00,2025-08-19
104052,628,2025-08-14,returned,card,SUMMER5,418.50,7951.50,2025-08-15
104053,971,2025-08-14,delivered,card,,0.00,29470.00,2025-08-15
104054,681,2025-08-14,delivered,sbp,SUMMER5,69.50,1320.50,2025-08-19
104055,1407,2025-08-14,delivered,card,,0.00,26690.00,2025-08-23
104056,480,2025-08-14,delivered,cash,,0.00,5590.00,2025-08-16
104057,1400,2025-08-14,delivered,card,,0.00,7580.00,2025-08-20
104058,1604,2025-08-14,delivered,cash,WELCOME10,1000.00,17080.00,2025-08-18
104059,1350,2025-08-14,delivered,cash,,0.00,13180.00,2025-08-18
104060,162,2025-08-14,delivered,cash,,0.00,5180.00,2025-08-20
104061,1323,2025-08-14,delivered,cash,,0.00,6380.00,2025-08-20
104062,179,2025-08-14,delivered,card,SUMMER5,259.50,4930.50,2025-08-19
104063,1042,2025-08-14,delivered,card,,0.00,9380.00,2025-08-20
104064,1611,2025-08-14,delivered,sbp,WELCOME10,1000.00,14280.00,2025-08-17
104065,925,2025-08-14,delivered,sbp,,0.00,439.00,2025-08-15
104066,437,2025-08-14,delivered,card,,0.00,8980.00,2025-08-16
104067,1084,2025-08-14,delivered,sbp,,0.00,1890.00,2025-08-19
104068,1157,2025-08-14,delivered,card,,0.00,17090.00,2025-08-16
104069,30,2025-08-15,returned,sbp,,0.00,12339.00,2025-08-18
104070,1034,2025-08-15,delivered,card,,0.00,6680.00,2025-08-18
104071,1107,2025-08-15,delivered,cash,,0.00,3790.00,2025-08-18
104072,105,2025-08-15,delivered,sbp,,0.00,5480.00,2025-08-24
104073,1328,2025-08-15,delivered,cash,,0.00,12390.00,2025-08-19
104074,1208,2025-08-15,delivered,sbp,,0.00,8590.00,2025-08-22
104075,1400,2025-08-15,delivered,card,,0.00,2790.00,2025-08-20
104076,604,2025-08-15,delivered,sbp,,0.00,14780.00,2025-08-18
104077,302,2025-08-15,delivered,cash,SUMMER5,149.00,2831.00,2025-08-24
104078,1573,2025-08-15,returned,card,,0.00,1190.00,2025-08-18
104079,569,2025-08-15,delivered,card,,0.00,8980.00,2025-08-17
104080,1151,2025-08-15,delivered,card,,0.00,439.00,2025-08-18
104081,970,2025-08-15,delivered,card,,0.00,39429.00,2025-08-21
104082,1372,2025-08-15,delivered,sbp,,0.00,6690.00,2025-08-18
104083,1283,2025-08-15,delivered,cash,SUMMER5,808.50,15361.50,2025-08-18
104084,77,2025-08-15,delivered,card,,0.00,18277.00,2025-08-17
104085,1607,2025-08-15,returned,sbp,WELCOME10,375.90,3383.10,2025-08-24
104086,449,2025-08-15,returned,sbp,,0.00,18529.00,2025-08-18
104087,274,2025-08-15,delivered,sbp,,0.00,2790.00,2025-08-21
104088,1388,2025-08-15,delivered,sbp,,0.00,2780.00,2025-08-20
104089,1297,2025-08-15,delivered,card,,0.00,849.00,2025-08-18
104090,1269,2025-08-16,delivered,card,,0.00,10880.00,2025-08-25
104091,830,2025-08-16,returned,card,,0.00,4790.00,2025-08-20
104092,1034,2025-08-16,delivered,card,,0.00,2390.00,2025-08-19
104093,618,2025-08-16,delivered,sbp,,0.00,1890.00,2025-08-18
104094,1615,2025-08-16,delivered,sbp,WELCOME10,438.00,3942.00,2025-08-20
104095,990,2025-08-16,delivered,card,,0.00,849.00,2025-08-19
104096,490,2025-08-16,delivered,sbp,,0.00,6339.00,2025-08-20
104097,133,2025-08-16,delivered,card,,0.00,11580.00,2025-08-19
104098,465,2025-08-16,delivered,card,,0.00,4080.00,2025-08-25
104099,492,2025-08-16,delivered,card,,0.00,6190.00,2025-08-21
104100,1414,2025-08-16,delivered,sbp,SUMMER5,54.50,1035.50,2025-08-19
104101,1028,2025-08-16,delivered,card,SUMMER5,2049.50,38940.50,2025-08-18
104102,1259,2025-08-16,delivered,card,,0.00,26690.00,2025-08-19
104103,1429,2025-08-16,delivered,cash,,0.00,8590.00,2025-08-19
104104,490,2025-08-16,delivered,card,,0.00,6829.00,2025-08-20
104105,232,2025-08-16,delivered,cash,SUMMER5,234.00,4446.00,2025-08-26
104106,879,2025-08-16,delivered,cash,SUMMER5,214.00,4066.00,2025-08-20
104107,949,2025-08-16,delivered,card,,0.00,2190.00,2025-08-21
104108,1292,2025-08-16,delivered,card,,0.00,4380.00,2025-08-18
104109,804,2025-08-16,delivered,sbp,,0.00,1698.00,2025-08-23
104110,745,2025-08-16,delivered,cash,,0.00,10490.00,2025-08-22
104111,1493,2025-08-16,delivered,card,,0.00,3698.00,2025-08-18
104112,1337,2025-08-16,delivered,card,,0.00,559.00,2025-08-23
104113,1348,2025-08-16,delivered,card,,0.00,6529.00,2025-08-22
104114,644,2025-08-16,delivered,card,,0.00,9539.00,2025-08-20
104115,902,2025-08-17,delivered,card,,0.00,4790.00,2025-08-26
104116,1459,2025-08-17,delivered,card,,0.00,10490.00,2025-08-18
104117,618,2025-08-17,cancelled,card,,0.00,20160.00,
104118,495,2025-08-17,delivered,sbp,,0.00,2790.00,2025-08-19
104119,408,2025-08-17,delivered,card,SUMMER5,289.00,5491.00,2025-08-21
104120,14,2025-08-17,delivered,card,,0.00,878.00,2025-08-20
104121,909,2025-08-17,delivered,cash,,0.00,5590.00,2025-08-25
104122,993,2025-08-17,delivered,sbp,,0.00,11880.00,2025-08-25
104123,170,2025-08-17,delivered,cash,SUMMER5,156.95,2982.05,2025-08-27
104124,819,2025-08-17,returned,card,SUMMER5,566.45,10762.55,2025-08-19
104125,796,2025-08-17,delivered,card,,0.00,2790.00,2025-08-18
104126,921,2025-08-17,delivered,sbp,,0.00,28288.00,2025-08-21
104127,642,2025-08-17,returned,sbp,,0.00,849.00,2025-08-20
104128,452,2025-08-17,delivered,card,,0.00,51760.00,2025-08-21
104129,994,2025-08-17,delivered,sbp,,0.00,11380.00,2025-08-22
104130,369,2025-08-17,delivered,card,SUMMER5,1368.50,26001.50,2025-08-19
104131,728,2025-08-17,delivered,card,SUMMER5,84.90,1613.10,2025-08-21
104132,537,2025-08-17,delivered,sbp,SUMMER5,259.50,4930.50,2025-08-23
104133,1590,2025-08-17,delivered,card,SUMMER5,49.50,940.50,2025-08-20
104134,364,2025-08-17,cancelled,card,,0.00,2790.00,
104135,88,2025-08-17,delivered,card,SUMMER5,47.45,901.55,2025-08-20
104136,922,2025-08-17,delivered,card,,0.00,15798.00,2025-08-20
104137,955,2025-08-17,delivered,card,,0.00,4380.00,2025-08-21
104138,1041,2025-08-17,delivered,card,,0.00,19629.00,2025-08-20
104139,198,2025-08-17,delivered,card,,0.00,61580.00,2025-08-20
104140,952,2025-08-17,delivered,card,,0.00,1490.00,2025-08-18
104141,1618,2025-08-17,delivered,card,,0.00,18147.00,2025-08-22
104142,443,2025-08-17,delivered,card,SUMMER5,94.90,1803.10,2025-08-19
104143,1123,2025-08-18,delivered,card,,0.00,7590.00,2025-08-20
104144,1601,2025-08-18,delivered,card,,0.00,2990.00,2025-08-24
104145,1319,2025-08-18,delivered,card,,0.00,5080.00,2025-08-23
104146,1178,2025-08-18,returned,card,,0.00,25029.00,2025-08-21
104147,725,2025-08-18,delivered,card,,0.00,3790.00,2025-08-21
104148,616,2025-08-18,delivered,card,,0.00,949.00,2025-08-21
104149,1623,2025-08-18,delivered,card,SUMMER5,954.00,18126.00,2025-08-19
104150,1055,2025-08-18,delivered,sbp,,0.00,3649.00,2025-08-20
104151,1603,2025-08-18,cancelled,cash,,0.00,7590.00,
104152,343,2025-08-18,delivered,card,,0.00,4290.00,2025-08-21
104153,1286,2025-08-18,delivered,sbp,,0.00,2780.00,2025-08-21
104154,1622,2025-08-18,delivered,card,WELCOME10,669.00,6021.00,2025-08-20
104155,399,2025-08-18,delivered,card,,0.00,19580.00,2025-08-19
104156,264,2025-08-18,delivered,sbp,,0.00,849.00,2025-08-23
104157,1117,2025-08-18,delivered,card,,0.00,849.00,2025-08-24
104158,597,2025-08-18,delivered,card,,0.00,9370.00,2025-08-22
104159,1182,2025-08-18,delivered,card,,0.00,3290.00,2025-08-20
104160,1115,2025-08-18,cancelled,card,,0.00,43839.00,
104161,453,2025-08-19,delivered,sbp,,0.00,13550.00,2025-08-26
104162,1490,2025-08-19,delivered,sbp,,0.00,4790.00,2025-08-22
104163,1090,2025-08-19,delivered,card,,0.00,6039.00,2025-08-23
104164,1626,2025-08-19,delivered,card,,0.00,91470.00,2025-08-22
104165,188,2025-08-19,delivered,sbp,,0.00,4790.00,2025-08-21
104166,608,2025-08-19,delivered,card,,0.00,10780.00,2025-08-22
104167,745,2025-08-19,delivered,card,,0.00,9580.00,2025-08-26
104168,631,2025-08-19,delivered,card,,0.00,38090.00,2025-08-22
104169,1452,2025-08-19,delivered,sbp,,0.00,21730.00,2025-08-25
104170,723,2025-08-19,delivered,card,,0.00,6249.00,2025-08-22
104171,1283,2025-08-19,returned,sbp,,0.00,6938.00,2025-08-22
104172,756,2025-08-19,returned,cash,,0.00,7590.00,2025-08-22
104173,1393,2025-08-19,returned,card,,0.00,4790.00,2025-08-21
104174,1142,2025-08-19,delivered,card,,0.00,12150.00,2025-08-23
104175,1507,2025-08-19,returned,card,,0.00,479.00,2025-08-23
104176,756,2025-08-19,delivered,cash,,0.00,3290.00,2025-08-25
104177,417,2025-08-19,delivered,card,,0.00,479.00,2025-08-20
104178,909,2025-08-19,delivered,card,,0.00,2749.00,2025-08-27
104179,581,2025-08-19,delivered,card,,0.00,1898.00,2025-08-21
104180,1042,2025-08-19,delivered,card,SUMMER5,688.50,13081.50,2025-08-24
104181,1080,2025-08-19,delivered,card,,0.00,10480.00,2025-08-22
104182,1567,2025-08-20,delivered,card,,0.00,3029.00,2025-08-24
104183,14,2025-08-20,delivered,sbp,,0.00,7737.00,2025-08-24
104184,704,2025-08-20,delivered,card,,0.00,16580.00,2025-08-29
104185,725,2025-08-20,returned,sbp,,0.00,4639.00,2025-08-21
104186,1564,2025-08-20,delivered,sbp,,0.00,559.00,2025-08-24
104187,513,2025-08-20,delivered,sbp,,0.00,469.00,2025-08-25
104188,1124,2025-08-20,delivered,cash,,0.00,1698.00,2025-08-23
104189,755,2025-08-20,delivered,card,,0.00,5748.00,2025-08-22
104190,538,2025-08-20,delivered,sbp,,0.00,7548.00,2025-08-26
104191,753,2025-08-20,delivered,card,,0.00,990.00,2025-08-28
104192,812,2025-08-20,delivered,card,,0.00,33180.00,2025-08-26
104193,24,2025-08-20,delivered,card,,0.00,33049.00,2025-08-28
104194,1609,2025-08-20,cancelled,card,,0.00,4790.00,
104195,1606,2025-08-20,delivered,sbp,,0.00,11390.00,2025-08-26
104196,1470,2025-08-20,cancelled,card,,0.00,9580.00,
104197,1390,2025-08-20,delivered,cash,,0.00,469.00,2025-08-25
104198,755,2025-08-20,delivered,card,,0.00,559.00,2025-08-21
104199,1200,2025-08-20,returned,sbp,,0.00,3090.00,2025-08-22
104200,1338,2025-08-20,delivered,card,,0.00,28980.00,2025-08-25
104201,1470,2025-08-20,delivered,card,,0.00,2380.00,2025-08-23
104202,1090,2025-08-20,cancelled,card,,0.00,36370.00,
104203,1400,2025-08-20,delivered,cash,,0.00,2190.00,2025-08-26
104204,1628,2025-08-20,delivered,card,,0.00,22870.00,2025-08-26
104205,99,2025-08-21,delivered,cash,,0.00,9180.00,2025-08-24
104206,420,2025-08-21,delivered,card,,0.00,16690.00,2025-08-26
104207,302,2025-08-21,delivered,sbp,,0.00,12668.00,2025-08-25
104208,1459,2025-08-21,delivered,sbp,,0.00,7090.00,2025-08-22
104209,1084,2025-08-21,delivered,card,SUMMER5,211.85,4025.15,2025-08-26
104210,1263,2025-08-21,delivered,sbp,,0.00,4290.00,2025-08-22
104211,1518,2025-08-21,delivered,cash,,0.00,146370.00,2025-08-24
104212,922,2025-08-21,delivered,sbp,,0.00,9309.00,2025-08-24
104213,51,2025-08-21,delivered,cash,,0.00,2547.00,2025-08-25
104214,1111,2025-08-21,delivered,card,,0.00,849.00,2025-08-29
104215,774,2025-08-21,delivered,card,,0.00,2390.00,2025-08-26
104216,1431,2025-08-21,delivered,card,,0.00,4790.00,2025-08-27
104217,783,2025-08-21,delivered,sbp,SUMMER5,1208.45,22960.55,2025-08-23
104218,994,2025-08-21,delivered,card,,0.00,12570.00,2025-08-23
104219,704,2025-08-21,delivered,sbp,,0.00,11387.00,2025-08-27
104220,300,2025-08-21,delivered,sbp,,0.00,1390.00,2025-08-22
104221,264,2025-08-21,delivered,sbp,,0.00,3090.00,2025-08-24
104222,476,2025-08-21,delivered,card,SUMMER5,499.00,9481.00,2025-08-28
104223,129,2025-08-21,delivered,sbp,,0.00,559.00,2025-08-24
104224,522,2025-08-22,delivered,sbp,,0.00,1590.00,2025-08-25
104225,1101,2025-08-22,delivered,card,,0.00,3290.00,2025-08-25
104226,133,2025-08-22,delivered,card,,0.00,5329.00,2025-08-28
104227,1283,2025-08-22,delivered,sbp,,0.00,132529.00,2025-08-25
104228,859,2025-08-22,delivered,sbp,SUMMER5,144.50,2745.50,2025-08-26
104229,984,2025-08-22,delivered,card,,0.00,4590.00,2025-08-28
104230,1101,2025-08-22,delivered,card,,0.00,1118.00,2025-08-25
104231,622,2025-08-22,delivered,card,SUMMER5,136.95,2602.05,2025-08-25
104232,1426,2025-08-22,delivered,card,,0.00,12680.00,2025-08-23
104233,937,2025-08-22,delivered,card,,0.00,4790.00,2025-09-01
104234,5,2025-08-22,returned,card,,0.00,4790.00,2025-08-26
104235,522,2025-08-22,cancelled,card,,0.00,3790.00,
104236,1065,2025-08-22,cancelled,card,,0.00,8280.00,
104237,1634,2025-08-22,delivered,sbp,WELCOME10,1000.00,15409.00,2025-08-25
104238,172,2025-08-22,delivered,card,,0.00,8870.00,2025-08-25
104239,1638,2025-08-22,delivered,card,SUMMER5,366.45,6962.55,2025-08-28
104240,1367,2025-08-22,delivered,card,SUMMER5,354.50,6735.50,2025-08-27
104241,1263,2025-08-22,delivered,sbp,,0.00,2508.00,2025-08-25
104242,359,2025-08-22,delivered,card,,0.00,5190.00,2025-08-24
104243,1361,2025-08-23,delivered,card,,0.00,7590.00,2025-08-28
104244,594,2025-08-23,delivered,card,,0.00,9198.00,2025-08-25
104245,121,2025-08-23,returned,card,,0.00,28657.00,2025-08-28
104246,1083,2025-08-23,delivered,card,,0.00,6180.00,2025-08-27
104247,1142,2025-08-23,delivered,card,,0.00,14780.00,2025-08-26
104248,596,2025-08-23,delivered,sbp,,0.00,2329.00,2025-08-27
104249,894,2025-08-23,delivered,sbp,,0.00,57160.00,2025-08-26
104250,179,2025-08-23,delivered,card,,0.00,10428.00,2025-08-25
104251,475,2025-08-23,delivered,card,,0.00,8780.00,2025-08-26
104252,307,2025-08-23,delivered,card,,0.00,5168.00,2025-08-28
104253,563,2025-08-23,delivered,sbp,SUMMER5,2318.00,44042.00,2025-08-27
104254,52,2025-08-23,delivered,card,,0.00,4290.00,2025-08-28
104255,1416,2025-08-23,delivered,card,,0.00,3290.00,2025-08-25
104256,286,2025-08-23,delivered,card,,0.00,10760.00,2025-08-29
104257,741,2025-08-23,delivered,card,,0.00,958.00,2025-08-26
104258,1288,2025-08-23,delivered,card,,0.00,3290.00,2025-08-29
104259,578,2025-08-23,delivered,card,,0.00,38180.00,2025-09-02
104260,1186,2025-08-23,delivered,card,,0.00,13880.00,2025-08-26
104261,323,2025-08-23,delivered,sbp,,0.00,31369.00,2025-08-27
104262,1457,2025-08-23,delivered,card,,0.00,3090.00,2025-08-27
104263,626,2025-08-23,delivered,sbp,,0.00,469.00,2025-08-29
104264,328,2025-08-23,delivered,card,,0.00,67970.00,2025-08-27
104265,365,2025-08-23,delivered,card,,0.00,1190.00,2025-08-29
104266,1431,2025-08-23,returned,sbp,,0.00,31639.00,2025-08-26
104267,832,2025-08-23,delivered,cash,,0.00,3790.00,2025-08-25
104268,802,2025-08-23,delivered,sbp,SUMMER5,322.45,6126.55,2025-08-26
104269,1614,2025-08-24,delivered,sbp,,0.00,8958.00,2025-08-27
104270,1602,2025-08-24,delivered,card,,0.00,7867.00,2025-08-27
104271,753,2025-08-24,delivered,card,,0.00,559.00,2025-08-30
104272,757,2025-08-24,delivered,cash,,0.00,83980.00,2025-08-28
104273,537,2025-08-24,returned,sbp,,0.00,7488.00,2025-08-30
104274,1218,2025-08-24,delivered,card,,0.00,849.00,2025-09-03
104275,820,2025-08-24,delivered,sbp,,0.00,759.00,2025-08-27
104276,198,2025-08-24,returned,cash,,0.00,3290.00,2025-08-30
104277,772,2025-08-24,delivered,cash,,0.00,30990.00,2025-08-25
104278,1640,2025-08-24,delivered,sbp,WELCOME10,239.00,2151.00,2025-08-29
104279,538,2025-08-24,delivered,sbp,,0.00,8590.00,2025-08-28
104280,820,2025-08-24,delivered,sbp,,0.00,61990.00,2025-08-26
104281,557,2025-08-24,delivered,card,,0.00,4639.00,2025-08-28
104282,188,2025-08-24,delivered,card,,0.00,11390.00,2025-08-28
104283,706,2025-08-24,delivered,sbp,,0.00,1677.00,2025-08-31
104284,229,2025-08-24,delivered,card,,0.00,7590.00,2025-08-27
104285,1630,2025-08-24,delivered,card,WELCOME10,1000.00,66770.00,2025-08-29
104286,1257,2025-08-24,delivered,card,,0.00,4290.00,2025-08-25
104287,1645,2025-08-24,delivered,card,,0.00,9580.00,2025-08-26
104288,469,2025-08-24,delivered,card,SUMMER5,65.90,1252.10,2025-08-27
104289,1152,2025-08-24,delivered,sbp,SUMMER5,187.95,3571.05,2025-08-27
104290,608,2025-08-24,delivered,card,,0.00,5119.00,2025-08-30
104291,919,2025-08-24,delivered,sbp,,0.00,1390.00,2025-08-27
104292,1448,2025-08-25,delivered,card,,0.00,4380.00,2025-09-03
104293,757,2025-08-25,delivered,sbp,,0.00,2890.00,2025-08-29
104294,87,2025-08-25,delivered,cash,,0.00,2390.00,2025-09-02
104295,495,2025-08-25,delivered,card,,0.00,12890.00,2025-08-28
104296,77,2025-08-25,cancelled,card,,0.00,6457.00,
104297,673,2025-08-25,delivered,card,,0.00,3290.00,2025-08-29
104298,1350,2025-08-25,delivered,sbp,,0.00,9580.00,2025-08-28
104299,1339,2025-08-25,delivered,card,,0.00,16629.00,2025-08-27
104300,1615,2025-08-25,delivered,sbp,,0.00,1590.00,2025-08-28
104301,1371,2025-08-25,cancelled,cash,,0.00,3090.00,
104302,256,2025-08-25,delivered,card,,0.00,8080.00,2025-08-28
104303,622,2025-08-25,delivered,card,,0.00,6849.00,2025-08-28
104304,913,2025-08-25,delivered,sbp,,0.00,13160.00,2025-08-29
104305,408,2025-08-26,delivered,card,,0.00,9080.00,2025-08-29
104306,1653,2025-08-26,cancelled,card,FRIEND300,300.00,2480.00,
104307,33,2025-08-26,delivered,sbp,,0.00,3980.00,2025-08-29
104308,1339,2025-08-26,delivered,card,,0.00,2890.00,2025-08-30
104309,744,2025-08-26,delivered,card,,0.00,6580.00,2025-09-02
104310,635,2025-08-26,delivered,card,,0.00,12390.00,2025-08-31
104311,855,2025-08-26,delivered,card,,0.00,12857.00,2025-08-29
104312,1624,2025-08-26,delivered,card,WELCOME10,477.00,4293.00,2025-08-30
104313,1649,2025-08-26,delivered,card,,0.00,439.00,2025-08-29
104314,1274,2025-08-26,delivered,card,,0.00,990.00,2025-08-28
104315,204,2025-08-26,delivered,sbp,,0.00,8708.00,2025-08-30
104316,180,2025-08-26,delivered,card,,0.00,8590.00,2025-08-29
104317,1448,2025-08-26,delivered,card,,0.00,4088.00,2025-08-30
104318,355,2025-08-26,delivered,card,,0.00,559.00,2025-09-03
104319,1115,2025-08-26,returned,sbp,,0.00,107760.00,2025-08-29
104320,948,2025-08-26,delivered,card,,0.00,3839.00,2025-08-29
104321,1636,2025-08-26,delivered,card,,0.00,49150.00,2025-08-28
104322,1503,2025-08-27,delivered,card,,0.00,5190.00,2025-09-01
104323,25,2025-08-27,delivered,card,,0.00,9069.00,2025-08-29
104324,1658,2025-08-27,delivered,card,WELCOME10,379.00,3411.00,2025-08-29
104325,1212,2025-08-27,delivered,card,,0.00,2890.00,2025-08-28
104326,215,2025-08-27,delivered,cash,,0.00,2836.00,2025-09-03
104327,796,2025-08-27,delivered,card,,0.00,5590.00,2025-08-28
104328,437,2025-08-27,delivered,cash,,0.00,5639.00,2025-08-29
104329,661,2025-08-27,delivered,card,,0.00,1590.00,2025-08-29
104330,152,2025-08-27,delivered,card,,0.00,1967.00,2025-08-28
104331,1286,2025-08-27,delivered,cash,,0.00,4790.00,2025-08-30
104332,566,2025-08-27,delivered,cash,,0.00,9768.00,2025-09-03
104333,407,2025-08-27,delivered,card,,0.00,1890.00,2025-08-29
104334,756,2025-08-27,delivered,card,,0.00,479.00,2025-08-31
104335,1393,2025-08-27,delivered,card,SUMMER5,189.50,3600.50,2025-08-31
104336,1669,2025-08-28,delivered,card,,0.00,559.00,2025-08-30
104337,1646,2025-08-28,delivered,card,,0.00,949.00,2025-08-31
104338,402,2025-08-28,delivered,card,,0.00,1118.00,2025-09-06
104339,1644,2025-08-28,delivered,cash,,0.00,5780.00,2025-09-03
104340,356,2025-08-28,delivered,card,,0.00,8639.00,2025-09-03
104341,1651,2025-08-28,delivered,sbp,,0.00,1790.00,2025-08-31
104342,1361,2025-08-28,delivered,card,,0.00,2390.00,2025-09-01
104343,1663,2025-08-28,delivered,card,WELCOME10,1000.00,83080.00,2025-09-02
104344,909,2025-08-28,delivered,card,SUMMER5,410.85,7806.15,2025-09-01
104345,1637,2025-08-28,delivered,card,,0.00,10490.00,2025-09-02
104346,243,2025-08-28,delivered,card,,0.00,469.00,2025-08-31
104347,1604,2025-08-28,delivered,card,,0.00,2776.00,2025-08-30
104348,1477,2025-08-28,delivered,sbp,,0.00,7190.00,2025-09-01
104349,854,2025-08-28,delivered,card,SUMMER5,32.95,626.05,2025-09-03
104350,1518,2025-08-28,delivered,card,,0.00,1898.00,2025-08-29
104351,984,2025-08-28,delivered,card,,0.00,1137.00,2025-09-03
104352,1636,2025-08-28,delivered,card,,0.00,3790.00,2025-08-30
104353,141,2025-08-28,delivered,card,,0.00,9376.00,2025-08-30
104354,1286,2025-08-28,delivered,card,,0.00,9580.00,2025-08-29
104355,1628,2025-08-28,delivered,card,,0.00,1090.00,2025-09-02
104356,241,2025-08-28,delivered,sbp,,0.00,5590.00,2025-08-31
104357,958,2025-08-28,delivered,cash,SUMMER5,84.90,1613.10,2025-09-03
104358,574,2025-08-28,delivered,card,SUMMER5,164.50,3125.50,2025-08-30
104359,836,2025-08-28,delivered,card,,0.00,5080.00,2025-08-31
104360,1486,2025-08-28,delivered,card,,0.00,14870.00,2025-09-01
104361,1656,2025-08-28,delivered,cash,WELCOME10,519.00,4671.00,2025-08-30
104362,757,2025-08-28,delivered,card,,0.00,11299.00,2025-09-03
104363,1667,2025-08-28,delivered,card,SUMMER5,1601.45,30427.55,2025-09-05
104364,596,2025-08-29,delivered,card,,0.00,8277.00,2025-09-05
104365,705,2025-08-29,delivered,card,,0.00,32470.00,2025-09-02
104366,133,2025-08-29,delivered,cash,,0.00,3790.00,2025-09-01
104367,388,2025-08-29,delivered,card,,0.00,14167.00,2025-09-03
104368,467,2025-08-29,delivered,card,,0.00,10180.00,2025-09-03
104369,865,2025-08-29,delivered,card,,0.00,6847.00,2025-09-01
104370,1530,2025-08-29,delivered,cash,,0.00,4790.00,2025-09-01
104371,622,2025-08-29,delivered,sbp,,0.00,2390.00,2025-09-02
104372,229,2025-08-29,delivered,sbp,,0.00,849.00,2025-09-02
104373,1073,2025-08-29,delivered,card,,0.00,19970.00,2025-09-01
104374,728,2025-08-29,delivered,card,,0.00,2190.00,2025-09-03
104375,1091,2025-08-29,delivered,card,,0.00,2390.00,2025-08-30
104376,433,2025-08-29,cancelled,card,,0.00,3396.00,
104377,369,2025-08-29,delivered,card,,0.00,1898.00,2025-08-30
104378,1668,2025-08-29,delivered,card,WELCOME10,239.00,2151.00,2025-09-06
104379,483,2025-08-29,cancelled,sbp,,0.00,6688.00,
104380,990,2025-08-30,delivered,sbp,,0.00,4588.00,2025-09-02
104381,1091,2025-08-30,delivered,card,,0.00,10270.00,2025-08-31
104382,1665,2025-08-30,delivered,card,SUMMER5,859.50,16330.50,2025-08-31
104383,1649,2025-08-30,returned,card,,0.00,3190.00,2025-09-02
104384,1226,2025-08-30,delivered,sbp,,0.00,5508.00,2025-09-01
104385,622,2025-08-30,delivered,card,,0.00,8149.00,2025-09-03
104386,1421,2025-08-30,delivered,card,,0.00,2890.00,2025-08-31
104387,1361,2025-08-30,delivered,card,,0.00,7190.00,2025-09-03
104388,196,2025-08-30,delivered,card,,0.00,3190.00,2025-09-05
104389,1427,2025-08-30,delivered,card,,0.00,7270.00,2025-09-09
104390,584,2025-08-30,delivered,card,,0.00,2190.00,2025-09-04
104391,203,2025-08-30,cancelled,sbp,,0.00,849.00,
104392,112,2025-08-30,delivered,sbp,,0.00,120768.00,2025-09-02
104393,680,2025-08-30,delivered,card,,0.00,4408.00,2025-09-01
104394,1392,2025-08-30,delivered,card,,0.00,1598.00,2025-09-09
104395,537,2025-08-30,delivered,card,,0.00,2890.00,2025-09-05
104396,528,2025-08-30,delivered,sbp,,0.00,1328.00,2025-09-03
104397,1081,2025-08-30,cancelled,card,,0.00,8480.00,
104398,1241,2025-08-30,delivered,sbp,,0.00,469.00,2025-09-02
104399,454,2025-08-30,delivered,sbp,SUMMER5,379.50,7210.50,2025-09-07
104400,706,2025-08-30,delivered,card,,0.00,47649.00,2025-09-06
104401,608,2025-08-30,cancelled,card,,0.00,11270.00,
104402,1101,2025-08-30,delivered,cash,,0.00,1118.00,2025-09-01
104403,343,2025-08-31,delivered,sbp,,0.00,4128.00,2025-09-02
104404,1283,2025-08-31,delivered,card,,0.00,5590.00,2025-09-04
104405,573,2025-08-31,delivered,card,SUMMER5,1909.50,36280.50,2025-09-05
104406,1282,2025-08-31,delivered,cash,,0.00,469.00,2025-09-04
104407,570,2025-08-31,delivered,card,,0.00,1698.00,2025-09-06
104408,695,2025-08-31,delivered,sbp,,0.00,4290.00,2025-09-04
104409,1371,2025-08-31,returned,card,,0.00,1890.00,2025-09-04
104410,1255,2025-08-31,cancelled,sbp,,0.00,10490.00,
104411,1091,2025-08-31,delivered,card,,0.00,5590.00,2025-09-01
104412,1673,2025-08-31,delivered,sbp,,0.00,1790.00,2025-09-02
104413,309,2025-08-31,delivered,card,,0.00,2190.00,2025-09-03
104414,1401,2025-08-31,delivered,sbp,,0.00,116880.00,2025-09-02
104415,1417,2025-08-31,delivered,sbp,,0.00,2390.00,2025-09-04
104416,1288,2025-08-31,delivered,cash,,0.00,28580.00,2025-09-05
104417,1309,2025-08-31,delivered,card,,0.00,1190.00,2025-09-06
104418,1356,2025-08-31,delivered,card,,0.00,1977.00,2025-09-03
104419,121,2025-08-31,cancelled,cash,,0.00,62090.00,
104420,253,2025-08-31,delivered,card,,0.00,7590.00,2025-09-04
104421,1254,2025-08-31,delivered,card,,0.00,1698.00,2025-09-08
104422,566,2025-08-31,delivered,card,,0.00,3980.00,2025-09-07
104423,52,2025-08-31,delivered,card,,0.00,15970.00,2025-09-07
104424,408,2025-08-31,delivered,card,,0.00,18660.00,2025-09-05
104425,1207,2025-08-31,delivered,card,,0.00,64980.00,2025-09-03
104426,1367,2025-08-31,delivered,card,,0.00,4790.00,2025-09-02
104427,1665,2025-08-31,delivered,sbp,,0.00,47029.00,2025-09-02
104428,1385,2025-08-31,delivered,sbp,SUMMER5,219.00,4161.00,2025-09-02
104429,1549,2025-08-31,delivered,card,,0.00,14380.00,2025-09-04
104430,256,2025-08-31,delivered,card,,0.00,10308.00,2025-09-04
104431,602,2025-08-31,cancelled,cash,,0.00,34280.00,
104432,256,2025-08-31,delivered,card,,0.00,4270.00,2025-09-03
104433,1171,2025-08-31,delivered,card,,0.00,17190.00,2025-09-03
104434,1123,2025-08-31,delivered,card,,0.00,10880.00,2025-09-03
104435,1672,2025-09-01,delivered,card,WELCOME10,563.90,5075.10,2025-09-03
104436,1090,2025-09-01,delivered,cash,,0.00,958.00,2025-09-06
104437,1536,2025-09-01,delivered,card,,0.00,20990.00,2025-09-03
104438,1675,2025-09-01,delivered,sbp,WELCOME10,329.00,2961.00,2025-09-07
104439,990,2025-09-01,delivered,sbp,,0.00,7590.00,2025-09-04
104440,1618,2025-09-01,delivered,sbp,,0.00,7970.00,2025-09-06
104441,75,2025-09-01,cancelled,cash,,0.00,1190.00,
104442,1606,2025-09-01,cancelled,card,,0.00,4790.00,
104443,1679,2025-09-01,delivered,card,WELCOME10,618.00,5562.00,2025-09-05
104444,1657,2025-09-01,delivered,cash,WELCOME10,1000.00,9608.00,2025-09-02
104445,1643,2025-09-01,delivered,card,WELCOME10,111.80,1006.20,2025-09-06
104446,1517,2025-09-01,delivered,card,,0.00,849.00,2025-09-04
104447,1259,2025-09-01,delivered,sbp,,0.00,5418.00,2025-09-02
104448,87,2025-09-01,delivered,card,,0.00,2190.00,2025-09-11
104449,433,2025-09-01,delivered,sbp,,0.00,17190.00,2025-09-08
104450,1083,2025-09-01,delivered,card,,0.00,9088.00,2025-09-04
104451,894,2025-09-01,returned,sbp,,0.00,758.00,2025-09-02
104452,1627,2025-09-01,delivered,card,WELCOME10,84.90,764.10,2025-09-11
104453,1641,2025-09-01,delivered,card,,0.00,1437.00,2025-09-07
104454,365,2025-09-01,delivered,card,,0.00,2390.00,2025-09-07
104455,525,2025-09-01,delivered,sbp,,0.00,1898.00,2025-09-04
104456,91,2025-09-01,delivered,card,,0.00,15568.00,2025-09-04
104457,1350,2025-09-02,delivered,card,,0.00,8380.00,2025-09-04
104458,1656,2025-09-02,delivered,card,,0.00,26790.00,2025-09-05
104459,1516,2025-09-02,delivered,card,,0.00,11480.00,2025-09-05
104460,1549,2025-09-02,cancelled,sbp,,0.00,5190.00,
104461,1217,2025-09-02,delivered,sbp,,0.00,12390.00,2025-09-05
104462,1115,2025-09-02,delivered,sbp,,0.00,33588.00,2025-09-06
104463,1528,2025-09-02,cancelled,cash,,0.00,3190.00,
104464,1678,2025-09-02,delivered,card,WELCOME10,289.00,2601.00,2025-09-03
104465,1108,2025-09-02,delivered,card,,0.00,1518.00,2025-09-03
104466,1677,2025-09-02,delivered,card,,0.00,14280.00,2025-09-04
104467,69,2025-09-02,delivered,sbp,,0.00,1190.00,2025-09-06
104468,69,2025-09-02,delivered,card,,0.00,3290.00,2025-09-07
104469,537,2025-09-02,delivered,card,,0.00,2468.00,2025-09-08
104470,243,2025-09-02,delivered,card,,0.00,1390.00,2025-09-07
104471,107,2025-09-02,delivered,card,,0.00,17229.00,2025-09-04
104472,1549,2025-09-02,delivered,card,,0.00,12890.00,2025-09-10
104473,1660,2025-09-02,delivered,card,FRIEND300,300.00,47490.00,2025-09-08
104474,605,2025-09-02,delivered,cash,,0.00,114690.00,2025-09-10
104475,1349,2025-09-03,delivered,sbp,,0.00,15417.00,2025-09-08
104476,1132,2025-09-03,cancelled,sbp,,0.00,479.00,
104477,1485,2025-09-03,delivered,cash,,0.00,17180.00,2025-09-12
104478,1659,2025-09-03,delivered,cash,,0.00,2990.00,2025-09-05
104479,1257,2025-09-03,delivered,card,,0.00,1190.00,2025-09-06
104480,642,2025-09-03,delivered,cash,,0.00,1890.00,2025-09-06
104481,1393,2025-09-03,delivered,cash,,0.00,1890.00,2025-09-08
104482,1661,2025-09-03,delivered,card,,0.00,17270.00,2025-09-08
104483,101,2025-09-03,delivered,card,,0.00,3290.00,2025-09-07
104484,1684,2025-09-03,delivered,sbp,,0.00,7770.00,2025-09-07
104485,1417,2025-09-03,delivered,card,,0.00,3290.00,2025-09-05
104486,906,2025-09-03,delivered,cash,,0.00,18970.00,2025-09-06
104487,1596,2025-09-03,delivered,sbp,,0.00,42990.00,2025-09-05
104488,102,2025-09-03,cancelled,cash,,0.00,4790.00,
104489,682,2025-09-03,delivered,card,,0.00,16188.00,2025-09-08
104490,1691,2025-09-03,delivered,card,WELCOME10,621.80,5596.20,2025-09-04
104491,1467,2025-09-03,delivered,card,,0.00,3190.00,2025-09-05
104492,879,2025-09-03,delivered,card,,0.00,37270.00,2025-09-13
104493,1485,2025-09-03,delivered,card,,0.00,9880.00,2025-09-13
104494,1690,2025-09-03,delivered,card,WELCOME10,1000.00,11249.00,2025-09-04
104495,1447,2025-09-03,cancelled,sbp,WELCOME10,1000.00,40090.00,
104496,69,2025-09-03,delivered,card,,0.00,28980.00,2025-09-07
104497,313,2025-09-03,delivered,card,,0.00,7849.00,2025-09-06
104498,1549,2025-09-03,delivered,card,,0.00,10380.00,2025-09-13
104499,1117,2025-09-03,delivered,card,,0.00,439.00,2025-09-07
104500,546,2025-09-03,delivered,cash,,0.00,10260.00,2025-09-04
104501,1511,2025-09-03,delivered,card,,0.00,3380.00,2025-09-07
104502,1682,2025-09-03,delivered,card,,0.00,6234.00,2025-09-11
104503,535,2025-09-03,delivered,card,,0.00,379.00,2025-09-08
104504,1175,2025-09-03,delivered,sbp,,0.00,7159.00,2025-09-04
104505,490,2025-09-03,delivered,card,,0.00,17849.00,2025-09-05
104506,211,2025-09-03,delivered,card,,0.00,959.00,2025-09-08
104507,1055,2025-09-03,delivered,cash,,0.00,11170.00,2025-09-05
104508,1075,2025-09-04,delivered,card,,0.00,6339.00,2025-09-06
104509,602,2025-09-04,delivered,card,,0.00,47790.00,2025-09-06
104510,352,2025-09-04,delivered,cash,,0.00,1118.00,2025-09-06
104511,133,2025-09-04,delivered,card,,0.00,4048.00,2025-09-09
104512,1692,2025-09-04,delivered,sbp,,0.00,9080.00,2025-09-09
104513,1142,2025-09-04,delivered,sbp,,0.00,2239.00,2025-09-06
104514,623,2025-09-04,cancelled,cash,,0.00,1890.00,
104515,1694,2025-09-04,delivered,card,FRIEND300,300.00,4490.00,2025-09-05
104516,1504,2025-09-04,delivered,card,,0.00,959.00,2025-09-08
104517,1517,2025-09-04,delivered,card,,0.00,3349.00,2025-09-05
104518,1618,2025-09-04,delivered,sbp,,0.00,1190.00,2025-09-06
104519,1249,2025-09-04,delivered,card,,0.00,7590.00,2025-09-07
104520,1585,2025-09-04,delivered,card,,0.00,1690.00,2025-09-07
104521,836,2025-09-04,delivered,card,,0.00,23890.00,2025-09-07
104522,154,2025-09-04,delivered,card,,0.00,2890.00,2025-09-13
104523,1585,2025-09-04,delivered,card,,0.00,5270.00,2025-09-05
104524,1178,2025-09-04,cancelled,card,,0.00,11329.00,
104525,184,2025-09-04,delivered,sbp,,0.00,11760.00,2025-09-14
104526,557,2025-09-04,delivered,card,,0.00,46180.00,2025-09-13
104527,675,2025-09-04,returned,card,,0.00,9680.00,2025-09-08
104528,1009,2025-09-04,delivered,sbp,,0.00,17190.00,2025-09-09
104529,1151,2025-09-04,delivered,card,,0.00,2190.00,2025-09-06
104530,404,2025-09-04,delivered,card,,0.00,17180.00,2025-09-06
104531,1400,2025-09-04,delivered,cash,,0.00,81290.00,2025-09-10
104532,1350,2025-09-04,delivered,sbp,,0.00,5549.00,2025-09-08
104533,1115,2025-09-04,delivered,sbp,,0.00,479.00,2025-09-08
104534,364,2025-09-04,delivered,sbp,,0.00,9590.00,2025-09-12
104535,812,2025-09-05,cancelled,sbp,,0.00,5580.00,
104536,364,2025-09-05,delivered,card,,0.00,31469.00,2025-09-15
104537,349,2025-09-05,delivered,card,,0.00,20280.00,2025-09-07
104538,602,2025-09-05,delivered,card,,0.00,3290.00,2025-09-07
104539,907,2025-09-05,delivered,card,,0.00,8480.00,2025-09-07
104540,660,2025-09-05,delivered,card,,0.00,32788.00,2025-09-09
104541,198,2025-09-05,delivered,card,,0.00,20990.00,2025-09-08
104542,1325,2025-09-05,delivered,card,,0.00,659.00,2025-09-08
104543,166,2025-09-05,delivered,sbp,,0.00,88660.00,2025-09-10
104544,1215,2025-09-05,delivered,card,,0.00,849.00,2025-09-09
104545,796,2025-09-05,returned,card,,0.00,1390.00,2025-09-07
104546,153,2025-09-05,delivered,card,,0.00,2890.00,2025-09-08
104547,832,2025-09-05,cancelled,card,,0.00,849.00,
104548,1205,2025-09-05,delivered,card,,0.00,36908.00,2025-09-10
104549,1241,2025-09-05,delivered,card,,0.00,2890.00,2025-09-09
104550,1283,2025-09-05,delivered,cash,,0.00,5690.00,2025-09-07
104551,121,2025-09-05,returned,card,,0.00,6918.00,2025-09-11
104552,705,2025-09-05,delivered,sbp,,0.00,878.00,2025-09-09
104553,1330,2025-09-05,delivered,card,,0.00,16329.00,2025-09-10
104554,1688,2025-09-05,delivered,card,,0.00,92377.00,2025-09-08
104555,1009,2025-09-05,delivered,card,,0.00,759.00,2025-09-09
104556,775,2025-09-05,cancelled,card,,0.00,759.00,
104557,1628,2025-09-05,delivered,cash,,0.00,24887.00,2025-09-09
104558,364,2025-09-06,returned,card,,0.00,3290.00,2025-09-13
104559,1532,2025-09-06,delivered,card,,0.00,1590.00,2025-09-08
104560,1400,2025-09-06,delivered,card,,0.00,44770.00,2025-09-16
104561,728,2025-09-06,delivered,sbp,,0.00,5008.00,2025-09-16
104562,1352,2025-09-06,delivered,card,,0.00,46970.00,2025-09-12
104563,1703,2025-09-06,delivered,sbp,,0.00,20329.00,2025-09-12
104564,1457,2025-09-06,delivered,card,,0.00,6329.00,2025-09-10
104565,604,2025-09-06,returned,card,,0.00,10929.00,2025-09-09
104566,418,2025-09-06,delivered,sbp,,0.00,14808.00,2025-09-09
104567,1673,2025-09-06,delivered,card,,0.00,41090.00,2025-09-09
104568,872,2025-09-06,delivered,cash,,0.00,4790.00,2025-09-08
104569,126,2025-09-06,delivered,card,,0.00,12339.00,2025-09-16
104570,305,2025-09-06,delivered,card,,0.00,759.00,2025-09-12
104571,1460,2025-09-06,delivered,card,,0.00,849.00,2025-09-08
104572,127,2025-09-06,delivered,card,,0.00,12998.00,2025-09-16
104573,1339,2025-09-06,returned,card,,0.00,4354.00,2025-09-08
104574,1511,2025-09-06,delivered,card,,0.00,2790.00,2025-09-11
104575,1702,2025-09-06,delivered,card,,0.00,849.00,2025-09-12
104576,1701,2025-09-06,delivered,card,WELCOME10,329.00,2961.00,2025-09-09
104577,480,2025-09-06,delivered,sbp,,0.00,439.00,2025-09-08
104578,1705,2025-09-06,delivered,sbp,FRIEND300,300.00,5890.00,2025-09-11
104579,1338,2025-09-06,delivered,card,,0.00,2780.00,2025-09-11
104580,1602,2025-09-06,delivered,card,,0.00,9580.00,2025-09-09
104581,1700,2025-09-06,delivered,cash,,0.00,1390.00,2025-09-09
104582,822,2025-09-07,delivered,card,,0.00,559.00,2025-09-12
104583,509,2025-09-07,delivered,sbp,,0.00,1890.00,2025-09-11
104584,155,2025-09-07,delivered,card,,0.00,5590.00,2025-09-08
104585,599,2025-09-07,delivered,card,,0.00,2547.00,2025-09-13
104586,1661,2025-09-07,delivered,sbp,,0.00,23890.00,2025-09-13
104587,1263,2025-09-07,delivered,card,,0.00,38290.00,2025-09-10
104588,1408,2025-09-07,returned,card,,0.00,7080.00,2025-09-11
104589,1635,2025-09-07,delivered,card,,0.00,2277.00,2025-09-09
104590,232,2025-09-07,delivered,card,,0.00,16650.00,2025-09-16
104591,169,2025-09-07,returned,card,,0.00,8580.00,2025-09-12
104592,1042,2025-09-07,delivered,card,,0.00,659.00,2025-09-10
104593,1708,2025-09-07,delivered,sbp,,0.00,11248.00,2025-09-16
104594,1711,2025-09-07,delivered,card,,0.00,7190.00,2025-09-11
104595,522,2025-09-07,delivered,sbp,,0.00,849.00,2025-09-10
104596,1241,2025-09-07,delivered,card,,0.00,8080.00,2025-09-10
104597,644,2025-09-07,delivered,card,,0.00,2349.00,2025-09-12
104598,1226,2025-09-07,delivered,card,,0.00,10280.00,2025-09-09
104599,153,2025-09-07,delivered,cash,,0.00,7590.00,2025-09-11
104600,350,2025-09-07,delivered,card,,0.00,959.00,2025-09-09
104601,823,2025-09-07,delivered,sbp,,0.00,2380.00,2025-09-10
104602,1607,2025-09-07,returned,card,,0.00,75998.00,2025-09-12
104603,1602,2025-09-07,delivered,card,,0.00,559.00,2025-09-10
104604,380,2025-09-07,delivered,card,,0.00,20018.00,2025-09-09
104605,894,2025-09-07,delivered,sbp,,0.00,2390.00,2025-09-08
104606,756,2025-09-07,delivered,sbp,,0.00,1390.00,2025-09-10
104607,1106,2025-09-07,delivered,sbp,,0.00,12260.00,2025-09-13
104608,1400,2025-09-07,returned,card,,0.00,3478.00,2025-09-14
104609,361,2025-09-07,delivered,card,,0.00,7080.00,2025-09-12
104610,1285,2025-09-07,delivered,card,,0.00,7590.00,2025-09-08
104611,1041,2025-09-07,delivered,card,,0.00,938.00,2025-09-09
104612,1536,2025-09-07,delivered,card,,0.00,4790.00,2025-09-10
104613,775,2025-09-08,delivered,card,,0.00,81290.00,2025-09-11
104614,1400,2025-09-08,delivered,sbp,,0.00,11490.00,2025-09-14
104615,1215,2025-09-08,delivered,card,,0.00,3049.00,2025-09-11
104616,1315,2025-09-08,delivered,card,,0.00,5980.00,2025-09-16
104617,1152,2025-09-08,delivered,card,,0.00,9209.00,2025-09-14
104618,555,2025-09-08,returned,sbp,,0.00,5690.00,2025-09-12
104619,479,2025-09-08,delivered,card,,0.00,3190.00,2025-09-11
104620,162,2025-09-08,delivered,card,,0.00,4139.00,2025-09-14
104621,1073,2025-09-08,delivered,card,,0.00,2890.00,2025-09-14
104622,1545,2025-09-08,delivered,sbp,,0.00,14280.00,2025-09-12
104623,1326,2025-09-08,delivered,sbp,,0.00,1390.00,2025-09-12
104624,1220,2025-09-08,delivered,cash,,0.00,7590.00,2025-09-11
104625,702,2025-09-08,cancelled,card,,0.00,1390.00,
104626,1712,2025-09-08,delivered,card,,0.00,63888.00,2025-09-12
104627,135,2025-09-08,delivered,card,,0.00,2457.00,2025-09-10
104628,245,2025-09-08,delivered,card,,0.00,4790.00,2025-09-13
104629,1535,2025-09-08,delivered,sbp,,0.00,3190.00,2025-09-14
104630,1111,2025-09-08,delivered,cash,,0.00,7190.00,2025-09-18
104631,1151,2025-09-08,delivered,card,,0.00,1918.00,2025-09-09
104632,916,2025-09-08,delivered,card,,0.00,849.00,2025-09-14
104633,728,2025-09-08,delivered,card,,0.00,8380.00,2025-09-12
104634,465,2025-09-09,delivered,sbp,,0.00,3290.00,2025-09-15
104635,838,2025-09-09,delivered,card,,0.00,1890.00,2025-09-11
104636,448,2025-09-09,delivered,sbp,,0.00,9590.00,2025-09-13
104637,509,2025-09-09,returned,card,,0.00,6380.00,2025-09-13
104638,1726,2025-09-09,delivered,card,,0.00,379.00,2025-09-12
104639,995,2025-09-09,delivered,card,,0.00,5459.00,2025-09-13
104640,1286,2025-09-09,delivered,card,,0.00,12719.00,2025-09-11
104641,1175,2025-09-09,delivered,card,,0.00,9019.00,2025-09-11
104642,970,2025-09-09,delivered,sbp,,0.00,6219.00,2025-09-13
104643,126,2025-09-09,delivered,card,,0.00,2890.00,2025-09-16
104644,1698,2025-09-09,delivered,card,,0.00,29180.00,2025-09-11
104645,1401,2025-09-09,delivered,card,,0.00,4790.00,2025-09-12
104646,195,2025-09-09,delivered,card,,0.00,3649.00,2025-09-11
104647,1257,2025-09-09,delivered,cash,,0.00,849.00,2025-09-12
104648,1090,2025-09-09,delivered,card,,0.00,990.00,2025-09-13
104649,937,2025-09-09,delivered,card,,0.00,3380.00,2025-09-18
104650,993,2025-09-09,returned,card,,0.00,31090.00,2025-09-18
104651,918,2025-09-09,cancelled,cash,,0.00,5598.00,
104652,1723,2025-09-09,delivered,card,,0.00,559.00,2025-09-18
104653,307,2025-09-09,delivered,sbp,,0.00,45380.00,2025-09-12
104654,1186,2025-09-09,delivered,card,,0.00,6690.00,2025-09-12
104655,1080,2025-09-09,delivered,card,,0.00,3290.00,2025-09-12
104656,409,2025-09-09,delivered,card,,0.00,9177.00,2025-09-12
104657,909,2025-09-09,delivered,cash,,0.00,2277.00,2025-09-14
104658,1,2025-09-10,delivered,card,,0.00,2190.00,2025-09-11
104659,1436,2025-09-10,returned,card,,0.00,17190.00,2025-09-12
104660,1215,2025-09-10,delivered,sbp,,0.00,38680.00,2025-09-16
104661,465,2025-09-10,cancelled,cash,,0.00,479.00,
104662,1090,2025-09-10,delivered,card,,0.00,7560.00,2025-09-14
104663,557,2025-09-10,delivered,card,,0.00,8180.00,2025-09-14
104664,950,2025-09-10,delivered,card,,0.00,4790.00,2025-09-15
104665,1477,2025-09-10,delivered,card,,0.00,7590.00,2025-09-17
104666,1580,2025-09-10,delivered,card,,0.00,43939.00,2025-09-16
104667,1710,2025-09-10,delivered,card,,0.00,2390.00,2025-09-15
104668,993,2025-09-10,delivered,card,,0.00,8298.00,2025-09-15
104669,1241,2025-09-10,delivered,sbp,,0.00,48639.00,2025-09-12
104670,1517,2025-09-10,delivered,card,,0.00,3090.00,2025-09-13
104671,1567,2025-09-10,delivered,sbp,,0.00,15270.00,2025-09-13
104672,1068,2025-09-10,delivered,card,,0.00,10990.00,2025-09-16
104673,1403,2025-09-10,delivered,cash,,0.00,16690.00,2025-09-14
104674,69,2025-09-10,delivered,card,,0.00,16680.00,2025-09-15
104675,490,2025-09-10,delivered,card,,0.00,24280.00,2025-09-14
104676,286,2025-09-10,delivered,card,,0.00,18380.00,2025-09-15
104677,1251,2025-09-10,delivered,card,,0.00,3090.00,2025-09-13
104678,99,2025-09-10,delivered,card,,0.00,1869.00,2025-09-15
104679,1502,2025-09-10,delivered,sbp,,0.00,5957.00,2025-09-12
104680,581,2025-09-10,delivered,card,,0.00,6690.00,2025-09-15
104681,1353,2025-09-10,delivered,sbp,,0.00,82880.00,2025-09-14
104682,419,2025-09-10,delivered,card,,0.00,2890.00,2025-09-12
104683,1080,2025-09-10,delivered,card,,0.00,13580.00,2025-09-14
104684,649,2025-09-11,delivered,cash,,0.00,8360.00,2025-09-16
104685,1532,2025-09-11,delivered,card,,0.00,10680.00,2025-09-14
104686,892,2025-09-11,delivered,card,,0.00,4290.00,2025-09-15
104687,967,2025-09-11,returned,card,,0.00,10508.00,2025-09-18
104688,957,2025-09-11,returned,sbp,,0.00,88529.00,2025-09-14
104689,982,2025-09-11,delivered,card,,0.00,990.00,2025-09-14
104690,1511,2025-09-11,delivered,sbp,,0.00,4790.00,2025-09-16
104691,499,2025-09-11,delivered,card,,0.00,3039.00,2025-09-21
104692,475,2025-09-11,delivered,cash,,0.00,2390.00,2025-09-14
104693,1118,2025-09-11,delivered,card,,0.00,1118.00,2025-09-12
104694,757,2025-09-11,delivered,sbp,,0.00,659.00,2025-09-16
104695,278,2025-09-11,delivered,card,,0.00,559.00,2025-09-13
104696,628,2025-09-11,delivered,card,,0.00,959.00,2025-09-12
104697,1144,2025-09-11,delivered,card,,0.00,6180.00,2025-09-13
104698,557,2025-09-11,delivered,card,,0.00,16290.00,2025-09-17
104699,836,2025-09-11,delivered,card,,0.00,9780.00,2025-09-14
104700,346,2025-09-11,delivered,card,,0.00,14280.00,2025-09-14
104701,1700,2025-09-11,delivered,sbp,,0.00,3090.00,2025-09-12
104702,1645,2025-09-11,delivered,card,,0.00,11270.00,2025-09-15
104703,1448,2025-09-11,delivered,card,,0.00,8380.00,2025-09-19
104704,1728,2025-09-11,cancelled,card,,0.00,14047.00,
104705,1259,2025-09-11,delivered,card,,0.00,12890.00,2025-09-12
104706,977,2025-09-11,delivered,card,,0.00,62190.00,2025-09-18
104707,913,2025-09-11,delivered,card,,0.00,48229.00,2025-09-14
104708,742,2025-09-11,cancelled,sbp,,0.00,11880.00,
104709,380,2025-09-11,delivered,card,,0.00,6190.00,2025-09-13
104710,418,2025-09-11,delivered,card,,0.00,13780.00,2025-09-15
104711,1716,2025-09-11,delivered,card,WELCOME10,846.80,7621.20,2025-09-15
104712,1713,2025-09-11,delivered,cash,,0.00,4790.00,2025-09-13
104713,1450,2025-09-11,delivered,card,,0.00,2190.00,2025-09-12
104714,253,2025-09-11,delivered,card,,0.00,48680.00,2025-09-17
104715,1171,2025-09-11,delivered,card,,0.00,758.00,2025-09-13
104716,1689,2025-09-11,delivered,card,,0.00,1918.00,2025-09-12
104717,1694,2025-09-11,delivered,card,,0.00,3190.00,2025-09-14
104718,1080,2025-09-11,delivered,card,,0.00,6690.00,2025-09-17
104719,1207,2025-09-11,delivered,sbp,,0.00,1407.00,2025-09-15
104720,1552,2025-09-11,delivered,card,,0.00,8590.00,2025-09-13
104721,706,2025-09-11,delivered,card,,0.00,959.00,2025-09-16
104722,381,2025-09-11,cancelled,sbp,,0.00,959.00,
104723,1147,2025-09-12,delivered,card,,0.00,37060.00,2025-09-14
104724,1408,2025-09-12,delivered,cash,,0.00,5690.00,2025-09-14
104725,364,2025-09-12,delivered,card,,0.00,3888.00,2025-09-18
104726,165,2025-09-12,delivered,sbp,,0.00,5690.00,2025-09-13
104727,909,2025-09-12,delivered,sbp,,0.00,1390.00,2025-09-16
104728,402,2025-09-12,delivered,cash,,0.00,7590.00,2025-09-20
104729,608,2025-09-12,delivered,card,,0.00,2369.00,2025-09-15
104730,1729,2025-09-12,delivered,card,,0.00,3780.00,2025-09-19
104731,580,2025-09-12,delivered,card,,0.00,4898.00,2025-09-14
104732,419,2025-09-12,delivered,card,,0.00,849.00,2025-09-14
104733,1132,2025-09-12,delivered,card,,0.00,17190.00,2025-09-17
104734,175,2025-09-12,delivered,card,,0.00,559.00,2025-09-21
104735,1737,2025-09-12,delivered,sbp,,0.00,32480.00,2025-09-15
104736,1423,2025-09-12,delivered,card,,0.00,1490.00,2025-09-14
104737,810,2025-09-12,delivered,cash,,0.00,990.00,2025-09-15
104738,1733,2025-09-12,delivered,sbp,FRIEND300,300.00,13080.00,2025-09-14
104739,1328,2025-09-12,delivered,sbp,,0.00,849.00,2025-09-15
104740,776,2025-09-12,delivered,card,,0.00,1190.00,2025-09-21
104741,1647,2025-09-12,delivered,sbp,,0.00,5780.00,2025-09-14
104742,616,2025-09-12,delivered,card,,0.00,8378.00,2025-09-15
104743,1282,2025-09-12,delivered,sbp,,0.00,959.00,2025-09-16
104744,161,2025-09-12,delivered,card,,0.00,9580.00,2025-09-21
104745,174,2025-09-12,cancelled,card,,0.00,12890.00,
104746,1616,2025-09-13,returned,card,WELCOME10,814.90,7334.10,2025-09-17
104747,618,2025-09-13,delivered,card,,0.00,23250.00,2025-09-16
104748,81,2025-09-13,delivered,card,,0.00,18439.00,2025-09-16
104749,580,2025-09-13,delivered,card,,0.00,6980.00,2025-09-15
104750,119,2025-09-13,delivered,sbp,,0.00,938.00,2025-09-16
104751,195,2025-09-13,delivered,card,,0.00,6580.00,2025-09-18
104752,373,2025-09-13,cancelled,card,,0.00,23367.00,
104753,1380,2025-09-13,delivered,sbp,,0.00,52880.00,2025-09-16
104754,1681,2025-09-13,delivered,card,,0.00,2390.00,2025-09-15
104755,465,2025-09-13,delivered,card,,0.00,4290.00,2025-09-18
104756,20,2025-09-13,delivered,card,,0.00,3790.00,2025-09-18
104757,1611,2025-09-13,delivered,card,,0.00,23890.00,2025-09-19
104758,356,2025-09-13,delivered,card,,0.00,4790.00,2025-09-21
104759,1042,2025-09-13,delivered,sbp,,0.00,3190.00,2025-09-18
104760,1744,2025-09-14,delivered,card,,0.00,439.00,2025-09-18
104761,628,2025-09-14,delivered,card,,0.00,10180.00,2025-09-16
104762,1738,2025-09-14,delivered,card,WELCOME10,1000.00,11588.00,2025-09-15
104763,513,2025-09-14,delivered,card,,0.00,849.00,2025-09-19
104764,1725,2025-09-14,delivered,cash,,0.00,1890.00,2025-09-17
104765,680,2025-09-14,delivered,card,,0.00,26790.00,2025-09-15
104766,141,2025-09-14,delivered,card,,0.00,3790.00,2025-09-17
104767,991,2025-09-14,delivered,cash,,0.00,3229.00,2025-09-16
104768,1742,2025-09-14,delivered,card,WELCOME10,43.90,395.10,2025-09-17
104769,1734,2025-09-14,delivered,card,FRIEND300,300.00,7029.00,2025-09-18
104770,356,2025-09-14,delivered,card,,0.00,116080.00,2025-09-22
104771,1352,2025-09-14,delivered,sbp,,0.00,95927.00,2025-09-21
104772,150,2025-09-14,delivered,cash,,0.00,1318.00,2025-09-19
104773,1719,2025-09-14,delivered,card,,0.00,11490.00,2025-09-19
104774,1297,2025-09-14,delivered,cash,,0.00,10990.00,2025-09-18
104775,1740,2025-09-14,delivered,sbp,,0.00,9170.00,2025-09-16
104776,990,2025-09-14,delivered,sbp,,0.00,1190.00,2025-09-15
104777,1378,2025-09-14,delivered,card,,0.00,1698.00,2025-09-18
104778,615,2025-09-14,returned,sbp,,0.00,7190.00,2025-09-16
104779,100,2025-09-14,delivered,card,,0.00,1390.00,2025-09-19
104780,1464,2025-09-14,delivered,card,,0.00,1980.00,2025-09-17
104781,1743,2025-09-14,delivered,card,,0.00,11490.00,2025-09-19
104782,838,2025-09-14,delivered,card,,0.00,7970.00,2025-09-18
104783,490,2025-09-14,delivered,sbp,,0.00,5780.00,2025-09-17
104784,69,2025-09-14,delivered,card,,0.00,5639.00,2025-09-17
104785,1656,2025-09-14,delivered,card,,0.00,469.00,2025-09-15
104786,1000,2025-09-14,delivered,card,,0.00,4156.00,2025-09-17
104787,916,2025-09-15,cancelled,sbp,,0.00,12890.00,
104788,706,2025-09-15,delivered,card,,0.00,6690.00,2025-09-19
104789,428,2025-09-15,returned,sbp,,0.00,6318.00,2025-09-21
104790,609,2025-09-15,delivered,card,,0.00,2090.00,2025-09-19
104791,1338,2025-09-15,delivered,card,,0.00,6349.00,2025-09-21
104792,1745,2025-09-15,delivered,card,FRIEND300,300.00,6390.00,2025-09-18
104793,1306,2025-09-15,delivered,sbp,,0.00,7190.00,2025-09-17
104794,349,2025-09-15,delivered,sbp,,0.00,5270.00,2025-09-17
104795,444,2025-09-15,delivered,card,,0.00,7170.00,2025-09-18
104796,1724,2025-09-15,delivered,cash,,0.00,6387.00,2025-09-18
104797,408,2025-09-15,delivered,card,,0.00,1190.00,2025-09-20
104798,1708,2025-09-15,delivered,sbp,,0.00,41190.00,2025-09-24
104799,919,2025-09-15,delivered,card,,0.00,7370.00,2025-09-17
104800,1730,2025-09-15,cancelled,card,,0.00,17190.00,
104801,87,2025-09-15,delivered,card,,0.00,6659.00,2025-09-24
104802,1257,2025-09-15,delivered,card,,0.00,7480.00,2025-09-17
104803,133,2025-09-15,delivered,card,,0.00,13668.00,2025-09-18
104804,1081,2025-09-16,delivered,card,,0.00,2090.00,2025-09-26
104805,184,2025-09-16,delivered,cash,,0.00,19398.00,2025-09-23
104806,294,2025-09-16,delivered,cash,,0.00,849.00,2025-09-22
104807,466,2025-09-16,delivered,card,,0.00,47890.00,2025-09-19
104808,252,2025-09-16,delivered,sbp,,0.00,6190.00,2025-09-26
104809,1466,2025-09-16,delivered,cash,,0.00,4780.00,2025-09-20
104810,1217,2025-09-16,delivered,sbp,,0.00,31090.00,2025-09-21
104811,649,2025-09-16,delivered,card,,0.00,12890.00,2025-09-21
104812,1350,2025-09-16,delivered,card,,0.00,769.00,2025-09-19
104813,914,2025-09-16,delivered,sbp,,0.00,9880.00,2025-09-18
104814,942,2025-09-16,cancelled,card,,0.00,3090.00,
104815,437,2025-09-16,delivered,card,,0.00,6190.00,2025-09-19
104816,1350,2025-09-16,returned,card,,0.00,1617.00,2025-09-18
104817,305,2025-09-16,delivered,sbp,,0.00,2890.00,2025-09-23
104818,465,2025-09-16,delivered,card,,0.00,1190.00,2025-09-23
104819,608,2025-09-16,delivered,card,,0.00,849.00,2025-09-20
104820,319,2025-09-16,delivered,card,,0.00,1190.00,2025-09-24
104821,1549,2025-09-16,delivered,card,,0.00,7970.00,2025-09-22
104822,196,2025-09-16,delivered,sbp,,0.00,19598.00,2025-09-26
104823,126,2025-09-16,delivered,card,,0.00,25849.00,2025-09-24
104824,822,2025-09-16,delivered,card,,0.00,7169.00,2025-09-21
104825,1297,2025-09-16,delivered,cash,,0.00,1538.00,2025-09-18
104826,957,2025-09-16,delivered,card,,0.00,849.00,2025-09-22
104827,399,2025-09-16,returned,card,,0.00,2190.00,2025-09-18
104828,206,2025-09-16,cancelled,cash,,0.00,9580.00,
104829,581,2025-09-17,delivered,card,,0.00,6480.00,2025-09-20
104830,557,2025-09-17,delivered,card,,0.00,2380.00,2025-09-26
104831,967,2025-09-17,delivered,sbp,,0.00,5088.00,2025-09-22
104832,994,2025-09-17,delivered,sbp,,0.00,3849.00,2025-09-21
104833,859,2025-09-17,delivered,card,,0.00,1518.00,2025-09-20
104834,121,2025-09-17,delivered,card,,0.00,849.00,2025-09-21
104835,1091,2025-09-17,delivered,card,,0.00,1890.00,2025-09-19
104836,580,2025-09-17,delivered,card,,0.00,5980.00,2025-09-20
104837,914,2025-09-17,cancelled,card,,0.00,2790.00,
104838,1717,2025-09-17,delivered,sbp,WELCOME10,787.80,7090.20,2025-09-21
104839,444,2025-09-17,delivered,card,,0.00,8368.00,2025-09-20
104840,1552,2025-09-17,delivered,card,,0.00,8590.00,2025-09-21
104841,802,2025-09-17,delivered,card,,0.00,959.00,2025-09-20
104842,578,2025-09-17,delivered,sbp,,0.00,2890.00,2025-09-22
104843,590,2025-09-17,delivered,card,,0.00,758.00,2025-09-20
104844,1741,2025-09-17,delivered,sbp,,0.00,958.00,2025-09-20
104845,557,2025-09-17,delivered,card,,0.00,9260.00,2025-09-27
104846,1754,2025-09-17,delivered,card,,0.00,3190.00,2025-09-22
104847,854,2025-09-17,delivered,card,,0.00,2547.00,2025-09-20
104848,537,2025-09-17,delivered,card,,0.00,1538.00,2025-09-23
104849,509,2025-09-17,delivered,card,,0.00,1228.00,2025-09-20
104850,1722,2025-09-17,delivered,cash,,0.00,5590.00,2025-09-19
104851,522,2025-09-18,cancelled,card,,0.00,6669.00,
104852,1371,2025-09-18,delivered,card,,0.00,3190.00,2025-09-25
104853,159,2025-09-18,delivered,sbp,,0.00,1618.00,2025-09-22
104854,1401,2025-09-18,returned,card,,0.00,9429.00,2025-09-19
104855,1511,2025-09-18,cancelled,card,,0.00,11950.00,
104856,184,2025-09-18,delivered,cash,,0.00,5590.00,2025-09-26
104857,1088,2025-09-18,delivered,sbp,,0.00,6690.00,2025-09-19
104858,408,2025-09-18,delivered,sbp,,0.00,6170.00,2025-09-24
104859,921,2025-09-18,delivered,card,,0.00,6690.00,2025-09-23
104860,305,2025-09-18,delivered,sbp,,0.00,56898.00,2025-09-27
104861,1755,2025-09-18,delivered,card,,0.00,9590.00,2025-09-26
104862,722,2025-09-18,delivered,card,,0.00,2890.00,2025-09-20
104863,1449,2025-09-18,delivered,cash,,0.00,12018.00,2025-09-20
104864,1268,2025-09-18,delivered,card,,0.00,479.00,2025-09-20
104865,417,2025-09-18,delivered,sbp,,0.00,6780.00,2025-09-19
104866,493,2025-09-18,cancelled,card,,0.00,7918.00,
104867,1610,2025-09-18,delivered,sbp,,0.00,12870.00,2025-09-22
104868,496,2025-09-18,delivered,card,,0.00,469.00,2025-09-20
104869,639,2025-09-18,delivered,sbp,,0.00,479.00,2025-09-21
104870,1197,2025-09-18,delivered,sbp,,0.00,40860.00,2025-09-23
104871,1401,2025-09-18,delivered,sbp,,0.00,2190.00,2025-09-21
104872,629,2025-09-18,delivered,card,,0.00,3190.00,2025-09-23
104873,1447,2025-09-18,delivered,cash,,0.00,7690.00,2025-09-26
104874,489,2025-09-18,delivered,card,,0.00,9080.00,2025-09-21
104875,742,2025-09-18,delivered,sbp,,0.00,1190.00,2025-09-27
104876,993,2025-09-18,cancelled,card,,0.00,1698.00,
104877,840,2025-09-18,delivered,cash,,0.00,2890.00,2025-09-20
104878,1735,2025-09-19,returned,card,,0.00,4380.00,2025-09-21
104879,725,2025-09-19,delivered,sbp,,0.00,7690.00,2025-09-20
104880,352,2025-09-19,delivered,sbp,,0.00,1698.00,2025-09-22
104881,914,2025-09-19,delivered,cash,,0.00,2890.00,2025-09-21
104882,1759,2025-09-19,delivered,sbp,,0.00,39239.00,2025-09-22
104883,1549,2025-09-19,delivered,card,,0.00,6190.00,2025-09-29
104884,713,2025-09-19,delivered,card,,0.00,12390.00,2025-09-22
104885,1760,2025-09-19,delivered,card,,0.00,849.00,2025-09-22
104886,879,2025-09-19,cancelled,card,,0.00,1790.00,
104887,496,2025-09-19,delivered,card,,0.00,6690.00,2025-09-23
104888,444,2025-09-19,delivered,card,,0.00,65380.00,2025-09-24
104889,373,2025-09-19,delivered,sbp,,0.00,12870.00,2025-09-21
104890,618,2025-09-19,returned,card,,0.00,16270.00,2025-09-21
104891,1729,2025-09-19,delivered,sbp,,0.00,16280.00,2025-09-24
104892,1091,2025-09-19,delivered,sbp,,0.00,11490.00,2025-09-21
104893,1601,2025-09-19,delivered,card,,0.00,5170.00,2025-09-23
104894,1753,2025-09-19,delivered,card,WELCOME10,1000.00,16190.00,2025-09-25
104895,1736,2025-09-19,delivered,sbp,WELCOME10,372.80,3355.20,2025-09-22
104896,808,2025-09-19,delivered,sbp,,0.00,11490.00,2025-09-25
104897,753,2025-09-19,delivered,card,,0.00,949.00,2025-09-24
104898,909,2025-09-19,delivered,card,,0.00,849.00,2025-09-28
104899,832,2025-09-19,delivered,card,,0.00,3190.00,2025-09-21
104900,664,2025-09-19,delivered,card,,0.00,569.00,2025-09-21
104901,1108,2025-09-19,delivered,sbp,,0.00,18480.00,2025-09-20
104902,302,2025-09-19,delivered,card,,0.00,5380.00,2025-09-24
104903,1747,2025-09-19,delivered,card,WELCOME10,719.00,6471.00,2025-09-23
104904,998,2025-09-19,delivered,sbp,,0.00,849.00,2025-09-23
104905,1283,2025-09-19,cancelled,sbp,,0.00,3290.00,
104906,1457,2025-09-19,delivered,sbp,,0.00,21090.00,2025-09-21
104907,1748,2025-09-19,delivered,card,WELCOME10,878.00,7902.00,2025-09-24
104908,827,2025-09-19,delivered,sbp,,0.00,2190.00,2025-09-22
104909,1748,2025-09-19,delivered,card,,0.00,7580.00,2025-09-24
104910,649,2025-09-20,delivered,card,,0.00,959.00,2025-09-26
104911,1354,2025-09-20,delivered,sbp,,0.00,12046.00,2025-09-29
104912,1721,2025-09-20,delivered,card,FRIEND300,300.00,8370.00,2025-09-30
104913,1522,2025-09-20,delivered,card,,0.00,5590.00,2025-09-28
104914,590,2025-09-20,cancelled,sbp,,0.00,45980.00,
104915,1274,2025-09-20,delivered,sbp,,0.00,17190.00,2025-09-22
104916,1511,2025-09-20,delivered,card,,0.00,479.00,2025-09-23
104917,1744,2025-09-20,delivered,card,,0.00,4380.00,2025-09-26
104918,24,2025-09-20,cancelled,sbp,,0.00,41180.00,
104919,1132,2025-09-20,delivered,sbp,,0.00,5590.00,2025-09-23
104920,1564,2025-09-20,delivered,cash,,0.00,6690.00,2025-09-24
104921,574,2025-09-20,delivered,card,,0.00,769.00,2025-09-24
104922,1478,2025-09-20,delivered,card,,0.00,6480.00,2025-09-22
104923,1668,2025-09-20,delivered,card,,0.00,9645.00,2025-09-25
104924,1750,2025-09-20,cancelled,card,,0.00,1190.00,
104925,1354,2025-09-20,delivered,card,,0.00,4135.00,2025-09-27
104926,153,2025-09-20,delivered,card,,0.00,14380.00,2025-09-23
104927,581,2025-09-20,delivered,card,,0.00,1707.00,2025-09-22
104928,1354,2025-09-20,delivered,sbp,,0.00,1839.00,2025-09-24
104929,1084,2025-09-20,delivered,card,,0.00,42429.00,2025-09-23
104930,300,2025-09-20,delivered,card,,0.00,71770.00,2025-09-22
104931,1511,2025-09-20,delivered,card,,0.00,62290.00,2025-09-23
104932,722,2025-09-20,delivered,card,,0.00,7690.00,2025-09-22
104933,615,2025-09-20,delivered,sbp,,0.00,9970.00,2025-09-23
104934,678,2025-09-20,delivered,sbp,,0.00,5290.00,2025-09-23
104935,49,2025-09-20,delivered,card,,0.00,24470.00,2025-09-25
104936,1756,2025-09-20,delivered,card,,0.00,19038.00,2025-09-23
104937,269,2025-09-20,delivered,card,,0.00,5690.00,2025-09-22
104938,469,2025-09-21,delivered,card,,0.00,1190.00,2025-09-24
104939,1407,2025-09-21,delivered,sbp,,0.00,4790.00,2025-10-01
104940,990,2025-09-21,delivered,card,,0.00,3039.00,2025-09-24
104941,1241,2025-09-21,delivered,card,,0.00,2390.00,2025-09-25
104942,52,2025-09-21,delivered,card,,0.00,5480.00,2025-09-30
104943,157,2025-09-21,delivered,card,,0.00,50790.00,2025-09-26
104944,508,2025-09-21,delivered,card,,0.00,1190.00,2025-09-24
104945,69,2025-09-21,delivered,sbp,,0.00,1190.00,2025-09-24
104946,1115,2025-09-21,delivered,card,,0.00,3790.00,2025-09-23
104947,1325,2025-09-21,delivered,card,,0.00,8429.00,2025-09-24
104948,1064,2025-09-21,delivered,card,,0.00,5590.00,2025-09-25
104949,169,2025-09-21,delivered,card,,0.00,2877.00,2025-09-23
104950,1414,2025-09-21,delivered,card,,0.00,41190.00,2025-09-25
104951,216,2025-09-21,returned,sbp,,0.00,2349.00,2025-09-22
104952,984,2025-09-21,delivered,card,,0.00,2980.00,2025-09-27
104953,838,2025-09-21,returned,sbp,,0.00,45749.00,2025-09-26
104954,229,2025-09-21,delivered,sbp,,0.00,379.00,2025-09-25
104955,574,2025-09-21,delivered,card,,0.00,8148.00,2025-09-24
104956,1460,2025-09-21,delivered,cash,,0.00,1790.00,2025-09-26
104957,894,2025-09-21,delivered,card,,0.00,3290.00,2025-09-23
104958,1595,2025-09-21,returned,sbp,,0.00,4790.00,2025-09-23
104959,1255,2025-09-21,delivered,card,,0.00,7980.00,2025-09-24
104960,642,2025-09-21,delivered,sbp,,0.00,6870.00,2025-09-25
104961,1371,2025-09-21,delivered,sbp,,0.00,4790.00,2025-09-30
104962,661,2025-09-21,cancelled,cash,,0.00,6607.00,
104963,442,2025-09-22,delivered,sbp,,0.00,8929.00,2025-09-28
104964,1746,2025-09-22,delivered,card,FRIEND300,300.00,17170.00,2025-09-24
104965,399,2025-09-22,delivered,card,,0.00,2448.00,2025-09-25
104966,1016,2025-09-22,delivered,sbp,,0.00,1698.00,2025-09-23
104967,996,2025-09-22,delivered,sbp,,0.00,86078.00,2025-09-24
104968,716,2025-09-22,delivered,sbp,,0.00,5780.00,2025-09-26
104969,1460,2025-09-22,cancelled,card,,0.00,3190.00,
104970,1027,2025-09-22,delivered,cash,,0.00,959.00,2025-09-25
104971,1448,2025-09-22,delivered,card,,0.00,7690.00,2025-10-01
104972,1217,2025-09-22,delivered,card,,0.00,83270.00,2025-09-25
104973,673,2025-09-22,delivered,card,,0.00,6180.00,2025-09-26
104974,431,2025-09-22,delivered,sbp,,0.00,3290.00,2025-09-27
104975,1123,2025-09-22,delivered,card,,0.00,22470.00,2025-09-26
104976,1268,2025-09-22,cancelled,card,,0.00,2890.00,
104977,812,2025-09-22,delivered,card,,0.00,4790.00,2025-09-26
104978,1752,2025-09-22,delivered,sbp,,0.00,81490.00,2025-10-02
104979,1766,2025-09-22,delivered,card,,0.00,22750.00,2025-09-25
104980,697,2025-09-22,delivered,card,,0.00,1918.00,2025-09-29
104981,418,2025-09-23,delivered,card,,0.00,18978.00,2025-09-25
104982,1772,2025-09-23,delivered,card,,0.00,1190.00,2025-09-26
104983,1442,2025-09-23,delivered,sbp,,0.00,43090.00,2025-09-27
104984,1335,2025-09-23,delivered,cash,,0.00,1698.00,2025-10-01
104985,1305,2025-09-23,delivered,card,,0.00,43090.00,2025-09-25
104986,948,2025-09-23,delivered,sbp,,0.00,15370.00,2025-09-25
104987,623,2025-09-23,delivered,card,,0.00,7690.00,2025-09-26
104988,184,2025-09-23,cancelled,card,,0.00,849.00,
104989,1196,2025-09-23,delivered,cash,,0.00,3980.00,2025-09-24
104990,31,2025-09-23,delivered,sbp,,0.00,2190.00,2025-09-28
104991,1559,2025-09-23,delivered,sbp,,0.00,569.00,2025-09-24
104992,315,2025-09-23,returned,card,,0.00,3739.00,2025-09-28
104993,1506,2025-09-23,delivered,cash,,0.00,3359.00,2025-10-01
104994,1767,2025-09-23,delivered,cash,WELCOME10,329.00,2961.00,2025-09-29
104995,640,2025-09-23,returned,card,,0.00,7039.00,2025-09-25
104996,1764,2025-09-23,delivered,card,,0.00,3328.00,2025-09-28
104997,473,2025-09-23,delivered,card,,0.00,5290.00,2025-09-26
104998,552,2025-09-23,delivered,sbp,,0.00,3236.00,2025-09-29
104999,206,2025-09-24,returned,card,,0.00,4737.00,2025-10-03
105000,1465,2025-09-24,delivered,card,FRIEND300,300.00,11170.00,2025-09-26
105001,1125,2025-09-24,delivered,sbp,,0.00,3190.00,2025-10-02
105002,300,2025-09-24,delivered,card,,0.00,4580.00,2025-09-27
105003,594,2025-09-24,delivered,card,,0.00,91090.00,2025-09-26
105004,196,2025-09-24,delivered,card,,0.00,2890.00,2025-10-04
105005,388,2025-09-24,delivered,sbp,,0.00,3090.00,2025-09-27
105006,1426,2025-09-24,delivered,card,,0.00,13149.00,2025-09-26
105007,1283,2025-09-24,delivered,sbp,,0.00,2890.00,2025-09-28
105008,468,2025-09-24,delivered,card,,0.00,7980.00,2025-09-26
105009,1745,2025-09-24,delivered,sbp,,0.00,93970.00,2025-09-27
105010,1775,2025-09-24,delivered,card,,0.00,1138.00,2025-09-29
105011,46,2025-09-24,cancelled,card,,0.00,23990.00,
105012,1604,2025-09-24,delivered,card,,0.00,19380.00,2025-09-28
105013,1532,2025-09-24,delivered,card,,0.00,64480.00,2025-09-26
105014,263,2025-09-24,returned,sbp,,0.00,4888.00,2025-09-26
105015,1305,2025-09-24,delivered,cash,,0.00,10490.00,2025-09-29
105016,1421,2025-09-24,delivered,card,,0.00,4790.00,2025-09-27
105017,1658,2025-09-24,returned,card,,0.00,4790.00,2025-09-27
105018,203,2025-09-24,delivered,sbp,,0.00,659.00,2025-09-25
105019,854,2025-09-24,delivered,card,,0.00,1190.00,2025-09-30
105020,1763,2025-09-24,delivered,sbp,,0.00,81490.00,2025-09-29
105021,1124,2025-09-24,delivered,card,,0.00,7690.00,2025-09-26
105022,585,2025-09-24,delivered,card,,0.00,12370.00,2025-09-25
105023,1700,2025-09-24,cancelled,cash,,0.00,6380.00,
105024,1084,2025-09-24,returned,sbp,,0.00,1390.00,2025-09-28
105025,1084,2025-09-24,delivered,cash,,0.00,1390.00,2025-09-28
105026,832,2025-09-24,delivered,card,,0.00,2577.00,2025-09-26
105027,1393,2025-09-24,delivered,card,,0.00,50670.00,2025-09-26
105028,1696,2025-09-24,delivered,card,,0.00,1190.00,2025-10-04
105029,1486,2025-09-24,delivered,sbp,,0.00,659.00,2025-09-28
105030,1241,2025-09-24,delivered,card,,0.00,2380.00,2025-09-27
105031,1175,2025-09-25,delivered,cash,,0.00,6549.00,2025-09-28
105032,1217,2025-09-25,delivered,card,,0.00,9508.00,2025-09-28
105033,286,2025-09-25,delivered,card,,0.00,62290.00,2025-10-04
105034,309,2025-09-25,delivered,sbp,,0.00,2390.00,2025-09-30
105035,313,2025-09-25,delivered,card,,0.00,2980.00,2025-09-27
105036,349,2025-09-25,delivered,card,,0.00,5690.00,2025-09-27
105037,697,2025-09-25,returned,card,,0.00,1538.00,2025-10-01
105038,449,2025-09-25,delivered,card,,0.00,5580.00,2025-09-29
105039,1357,2025-09-25,delivered,card,,0.00,45580.00,2025-09-27
105040,20,2025-09-25,returned,cash,,0.00,6139.00,2025-09-29
105041,319,2025-09-25,delivered,card,,0.00,6190.00,2025-10-03
105042,1627,2025-09-25,delivered,sbp,,0.00,13760.00,2025-10-04
105043,906,2025-09-25,delivered,card,,0.00,2190.00,2025-09-28
105044,546,2025-09-25,delivered,card,,0.00,1190.00,2025-09-28
105045,1152,2025-09-25,cancelled,cash,,0.00,3769.00,
105046,1762,2025-09-25,delivered,card,,0.00,13980.00,2025-09-29
105047,196,2025-09-25,delivered,card,,0.00,479.00,2025-10-04
105048,1777,2025-09-25,delivered,sbp,WELCOME10,339.00,3051.00,2025-09-27
105049,552,2025-09-25,delivered,card,,0.00,37370.00,2025-09-30
105050,393,2025-09-25,delivered,sbp,,0.00,24759.00,2025-09-27
105051,1034,2025-09-25,delivered,sbp,,0.00,6649.00,2025-09-27
105052,955,2025-09-25,delivered,sbp,,0.00,7180.00,2025-09-28
105053,1274,2025-09-25,delivered,card,,0.00,7229.00,2025-09-29
105054,1771,2025-09-25,delivered,card,WELCOME10,1000.00,30190.00,2025-09-28
105055,1090,2025-09-25,delivered,card,,0.00,14530.00,2025-10-02
105056,1660,2025-09-25,delivered,sbp,,0.00,3790.00,2025-10-05
105057,1008,2025-09-25,delivered,card,,0.00,16790.00,2025-10-01
105058,1517,2025-09-25,delivered,sbp,,0.00,2890.00,2025-09-28
105059,540,2025-09-25,delivered,card,,0.00,87129.00,2025-09-27
105060,1657,2025-09-26,delivered,card,,0.00,16477.00,2025-09-27
105061,1101,2025-09-26,delivered,card,,0.00,10990.00,2025-09-29
105062,119,2025-09-26,delivered,card,,0.00,6690.00,2025-09-29
105063,819,2025-09-26,delivered,card,,0.00,4880.00,2025-09-29
105064,1237,2025-09-26,delivered,card,,0.00,3528.00,2025-09-29
105065,299,2025-09-26,delivered,sbp,,0.00,2190.00,2025-09-28
105066,102,2025-09-26,delivered,card,,0.00,959.00,2025-09-28
105067,747,2025-09-26,returned,card,,0.00,17270.00,2025-10-04
105068,1350,2025-09-26,delivered,cash,,0.00,7338.00,2025-10-01
105069,437,2025-09-26,delivered,card,,0.00,9580.00,2025-09-30
105070,465,2025-09-26,delivered,sbp,,0.00,959.00,2025-10-03
105071,574,2025-09-26,delivered,card,,0.00,41190.00,2025-09-30
105072,599,2025-09-26,delivered,card,,0.00,7690.00,2025-10-01
105073,1106,2025-09-26,delivered,card,,0.00,9570.00,2025-10-02
105074,1773,2025-09-26,delivered,card,,0.00,958.00,2025-09-29
105075,1611,2025-09-26,returned,card,,0.00,10580.00,2025-09-30
105076,1564,2025-09-26,delivered,card,,0.00,2390.00,2025-09-30
105077,399,2025-09-26,delivered,card,,0.00,20939.00,2025-09-28
105078,1781,2025-09-26,delivered,card,,0.00,4180.00,2025-09-28
105079,1437,2025-09-26,delivered,card,,0.00,4790.00,2025-09-29
105080,1529,2025-09-26,delivered,card,,0.00,4780.00,2025-09-30
105081,371,2025-09-26,delivered,card,,0.00,32980.00,2025-09-30
105082,1142,2025-09-26,delivered,sbp,,0.00,31190.00,2025-10-01
105083,958,2025-09-26,delivered,card,,0.00,10490.00,2025-10-01
105084,629,2025-09-26,delivered,cash,,0.00,5290.00,2025-10-01
105085,1081,2025-09-27,delivered,sbp,,0.00,33590.00,2025-10-03
105086,706,2025-09-27,delivered,card,,0.00,3190.00,2025-10-05
105087,1648,2025-09-27,delivered,sbp,WELCOME10,618.00,5562.00,2025-09-29
105088,774,2025-09-27,delivered,card,,0.00,47980.00,2025-10-01
105089,1464,2025-09-27,delivered,card,,0.00,8178.00,2025-09-28
105090,1283,2025-09-27,delivered,card,,0.00,1288.00,2025-10-01
105091,522,2025-09-27,delivered,card,,0.00,5806.00,2025-09-30
105092,1523,2025-09-27,delivered,sbp,,0.00,7580.00,2025-09-30
105093,559,2025-09-27,delivered,card,,0.00,2380.00,2025-09-30
105094,1064,2025-09-27,delivered,card,,0.00,7690.00,2025-10-02
105095,796,2025-09-27,delivered,sbp,,0.00,58828.00,2025-09-30
105096,1768,2025-09-27,delivered,card,FRIEND300,300.00,4490.00,2025-10-02
105097,448,2025-09-27,delivered,card,,0.00,62390.00,2025-10-01
105098,184,2025-09-27,delivered,card,,0.00,6080.00,2025-10-02
105099,1783,2025-09-27,delivered,cash,WELCOME10,169.80,1528.20,2025-10-02
105100,1124,2025-09-27,delivered,card,,0.00,15508.00,2025-10-01
105101,1443,2025-09-27,delivered,card,,0.00,849.00,2025-09-30
105102,211,2025-09-27,delivered,card,,0.00,13680.00,2025-09-30
105103,971,2025-09-28,cancelled,card,,0.00,379.00,
105104,1230,2025-09-28,delivered,card,,0.00,54229.00,2025-10-02
105105,675,2025-09-28,delivered,card,,0.00,16209.00,2025-10-02
105106,1408,2025-09-28,delivered,card,,0.00,2390.00,2025-10-02
105107,278,2025-09-28,delivered,card,,0.00,4639.00,2025-10-01
105108,1620,2025-09-28,cancelled,sbp,,0.00,41788.00,
105109,1390,2025-09-28,returned,card,,0.00,1790.00,2025-10-02
105110,121,2025-09-28,returned,sbp,,0.00,9539.00,2025-10-01
105111,627,2025-09-28,delivered,card,,0.00,4480.00,2025-10-01
105112,376,2025-09-28,delivered,card,,0.00,6690.00,2025-10-02
105113,1603,2025-09-28,delivered,card,,0.00,5758.00,2025-10-02
105114,1794,2025-09-28,delivered,card,WELCOME10,1000.00,68119.00,2025-10-04
105115,107,2025-09-28,cancelled,cash,,0.00,949.00,
105116,349,2025-09-28,delivered,sbp,,0.00,1790.00,2025-10-01
105117,977,2025-09-28,delivered,card,,0.00,2390.00,2025-10-08
105118,128,2025-09-28,delivered,card,,0.00,2390.00,2025-10-04
105119,1793,2025-09-28,delivered,card,,0.00,7690.00,2025-10-01
105120,752,2025-09-28,delivered,sbp,,0.00,17669.00,2025-10-01
105121,1780,2025-09-28,delivered,sbp,,0.00,35490.00,2025-10-02
105122,467,2025-09-28,delivered,card,,0.00,1390.00,2025-10-02
105123,836,2025-09-28,delivered,card,,0.00,1390.00,2025-09-30
105124,1123,2025-09-28,returned,card,,0.00,11368.00,2025-10-02
105125,1517,2025-09-28,delivered,card,,0.00,12770.00,2025-09-29
105126,496,2025-09-28,delivered,card,,0.00,1918.00,2025-10-02
105127,1292,2025-09-28,delivered,card,,0.00,4470.00,2025-09-30
105128,812,2025-09-28,delivered,card,,0.00,6380.00,2025-10-04
105129,1215,2025-09-28,delivered,card,,0.00,6169.00,2025-10-01
105130,362,2025-09-28,delivered,sbp,,0.00,1490.00,2025-09-29
105131,1771,2025-09-28,delivered,card,,0.00,4790.00,2025-09-29
105132,91,2025-09-28,delivered,sbp,,0.00,2890.00,2025-10-02
105133,1250,2025-09-28,delivered,card,,0.00,7388.00,2025-10-02
105134,1779,2025-09-28,delivered,card,WELCOME10,1000.00,57480.00,2025-10-04
105135,1522,2025-09-29,delivered,card,,0.00,3190.00,2025-10-04
105136,579,2025-09-29,delivered,cash,,0.00,65260.00,2025-10-02
105137,854,2025-09-29,delivered,card,,0.00,10490.00,2025-10-02
105138,1006,2025-09-29,delivered,card,,0.00,659.00,2025-10-01
105139,559,2025-09-29,returned,card,,0.00,4559.00,2025-10-05
105140,1028,2025-09-29,delivered,cash,,0.00,2287.00,2025-10-01
105141,52,2025-09-29,delivered,card,,0.00,62390.00,2025-10-05
105142,706,2025-09-29,delivered,card,,0.00,7770.00,2025-10-05
105143,994,2025-09-29,delivered,card,,0.00,7959.00,2025-10-02
105144,1054,2025-09-29,cancelled,card,,0.00,2639.00,
105145,1151,2025-09-29,delivered,card,,0.00,5559.00,2025-10-01
105146,661,2025-09-29,cancelled,card,,0.00,849.00,
105147,1144,2025-09-29,delivered,card,,0.00,379.00,2025-10-01
105148,1774,2025-09-29,delivered,card,WELCOME10,329.00,2961.00,2025-10-07
105149,639,2025-09-29,delivered,sbp,,0.00,6190.00,2025-10-04
105150,642,2025-09-29,delivered,card,,0.00,3790.00,2025-10-03
105151,319,2025-09-29,delivered,sbp,,0.00,48980.00,2025-10-04
105152,1091,2025-09-29,delivered,card,,0.00,25870.00,2025-10-02
105153,1352,2025-09-29,delivered,sbp,,0.00,8580.00,2025-10-05
105154,14,2025-09-29,delivered,card,,0.00,3667.00,2025-10-04
105155,615,2025-09-29,returned,card,,0.00,1538.00,2025-09-30
105156,1257,2025-09-29,delivered,card,,0.00,10990.00,2025-10-02
105157,1615,2025-09-29,delivered,card,,0.00,31190.00,2025-10-02
105158,1210,2025-09-30,delivered,sbp,,0.00,5780.00,2025-10-04
105159,1008,2025-09-30,delivered,sbp,,0.00,959.00,2025-10-06
105160,126,2025-09-30,delivered,card,,0.00,6976.00,2025-10-06
105161,419,2025-09-30,delivered,sbp,,0.00,22080.00,2025-10-04
105162,133,2025-09-30,delivered,card,,0.00,4790.00,2025-10-03
105163,294,2025-09-30,delivered,card,,0.00,2547.00,2025-10-04
105164,1328,2025-09-30,delivered,cash,,0.00,14149.00,2025-10-04
105165,1511,2025-09-30,delivered,card,,0.00,5259.00,2025-10-04
105166,1458,2025-09-30,delivered,card,,0.00,1437.00,2025-10-05
105167,605,2025-09-30,delivered,cash,,0.00,10229.00,2025-10-09
105168,200,2025-09-30,delivered,card,,0.00,11339.00,2025-10-02
105169,97,2025-09-30,cancelled,sbp,,0.00,9590.00,
105170,1115,2025-09-30,delivered,card,,0.00,16339.00,2025-10-03
105171,1477,2025-09-30,delivered,card,,0.00,12490.00,2025-10-10
105172,819,2025-09-30,delivered,card,,0.00,3649.00,2025-10-02
105173,1628,2025-09-30,delivered,card,,0.00,13277.00,2025-10-03
105174,1800,2025-09-30,delivered,card,,0.00,2390.00,2025-10-05
105175,605,2025-09-30,delivered,card,,0.00,849.00,2025-10-06
105176,1774,2025-10-01,delivered,cash,,0.00,12490.00,2025-10-09
105177,675,2025-10-01,delivered,sbp,,0.00,1918.00,2025-10-03
105178,943,2025-10-01,returned,sbp,,0.00,7195.00,2025-10-07
105179,1283,2025-10-01,delivered,sbp,,0.00,1138.00,2025-10-05
105180,776,2025-10-01,delivered,card,,0.00,63980.00,2025-10-10
105181,401,2025-10-01,delivered,card,,0.00,21090.00,2025-10-02
105182,490,2025-10-01,delivered,card,,0.00,1987.00,2025-10-04
105183,698,2025-10-01,delivered,sbp,,0.00,21670.00,2025-10-06
105184,990,2025-10-01,delivered,card,,0.00,11490.00,2025-10-02
105185,1166,2025-10-01,delivered,sbp,,0.00,21070.00,2025-10-09
105186,937,2025-10-01,delivered,sbp,,0.00,3790.00,2025-10-07
105187,1042,2025-10-01,cancelled,card,,0.00,2307.00,
105188,473,2025-10-01,delivered,cash,,0.00,35490.00,2025-10-04
105189,1700,2025-10-01,delivered,card,,0.00,4790.00,2025-10-04
105190,165,2025-10-01,delivered,card,,0.00,2390.00,2025-10-04
105191,1787,2025-10-01,delivered,sbp,WELCOME10,1000.00,9349.00,2025-10-11
105192,725,2025-10-01,delivered,sbp,,0.00,2190.00,2025-10-02
105193,1027,2025-10-01,delivered,card,,0.00,11490.00,2025-10-04
105194,1001,2025-10-01,delivered,card,,0.00,6145.00,2025-10-11
105195,728,2025-10-01,delivered,card,,0.00,849.00,2025-10-10
105196,968,2025-10-01,returned,sbp,,0.00,9870.00,2025-10-07
105197,1611,2025-10-01,delivered,card,,0.00,769.00,2025-10-07
105198,1660,2025-10-01,delivered,card,,0.00,1390.00,2025-10-08
105199,1796,2025-10-01,delivered,card,WELCOME10,84.90,764.10,2025-10-05
105200,1142,2025-10-01,delivered,sbp,,0.00,126170.00,2025-10-05
105201,408,2025-10-01,delivered,card,,0.00,26890.00,2025-10-06
105202,127,2025-10-01,delivered,sbp,,0.00,1887.00,2025-10-11
105203,459,2025-10-01,delivered,sbp,,0.00,44019.00,2025-10-03
105204,375,2025-10-01,delivered,cash,,0.00,3190.00,2025-10-05
105205,906,2025-10-02,delivered,card,,0.00,10990.00,2025-10-04
105206,1073,2025-10-02,delivered,card,,0.00,2390.00,2025-10-05
105207,1131,2025-10-02,delivered,sbp,,0.00,9980.00,2025-10-06
105208,1748,2025-10-02,delivered,sbp,,0.00,849.00,2025-10-05
105209,501,2025-10-02,delivered,sbp,,0.00,1980.00,2025-10-05
105210,1357,2025-10-02,delivered,sbp,,0.00,104529.00,2025-10-04
105211,1069,2025-10-02,delivered,card,,0.00,61870.00,2025-10-09
105212,1512,2025-10-02,delivered,sbp,,0.00,5229.00,2025-10-08
105213,753,2025-10-02,delivered,sbp,,0.00,4080.00,2025-10-07
105214,809,2025-10-02,delivered,sbp,,0.00,2790.00,2025-10-10
105215,1132,2025-10-02,delivered,card,,0.00,1318.00,2025-10-07
105216,1812,2025-10-02,delivered,card,WELCOME10,319.00,2871.00,2025-10-07
105217,1112,2025-10-02,delivered,card,,0.00,1698.00,2025-10-06
105218,1810,2025-10-02,delivered,sbp,,0.00,1918.00,2025-10-06
105219,1073,2025-10-02,delivered,card,,0.00,2859.00,2025-10-08
105220,278,2025-10-02,cancelled,cash,,0.00,10990.00,
105221,102,2025-10-02,delivered,card,,0.00,9590.00,2025-10-03
105222,365,2025-10-02,delivered,sbp,,0.00,10590.00,2025-10-05
105223,728,2025-10-02,delivered,card,,0.00,11948.00,2025-10-10
105224,361,2025-10-02,delivered,sbp,,0.00,3780.00,2025-10-06
105225,1795,2025-10-02,delivered,sbp,WELCOME10,46.90,422.10,2025-10-08
105226,921,2025-10-02,cancelled,card,,0.00,569.00,
105227,1139,2025-10-02,delivered,sbp,,0.00,2528.00,2025-10-04
105228,967,2025-10-02,delivered,card,,0.00,6488.00,2025-10-08
105229,1470,2025-10-02,delivered,card,,0.00,15080.00,2025-10-05
105230,1031,2025-10-03,delivered,card,,0.00,769.00,2025-10-08
105231,1094,2025-10-03,delivered,card,,0.00,8380.00,2025-10-07
105232,1301,2025-10-03,delivered,card,,0.00,12688.00,2025-10-07
105233,278,2025-10-03,delivered,sbp,,0.00,11490.00,2025-10-07
105234,1080,2025-10-03,delivered,sbp,,0.00,65480.00,2025-10-09
105235,31,2025-10-03,delivered,sbp,,0.00,21659.00,2025-10-08
105236,233,2025-10-03,delivered,sbp,,0.00,3390.00,2025-10-13
105237,150,2025-10-03,delivered,card,,0.00,1590.00,2025-10-07
105238,1075,2025-10-03,delivered,card,,0.00,11480.00,2025-10-07
105239,827,2025-10-03,delivered,cash,,0.00,26890.00,2025-10-06
105240,1346,2025-10-03,delivered,card,,0.00,1698.00,2025-10-05
105241,1804,2025-10-03,delivered,card,WELCOME10,525.90,4733.10,2025-10-13
105242,326,2025-10-03,delivered,cash,,0.00,9590.00,2025-10-09
105243,135,2025-10-03,delivered,sbp,,0.00,878.00,2025-10-05
105244,701,2025-10-03,delivered,card,,0.00,11349.00,2025-10-08
105245,660,2025-10-03,delivered,card,,0.00,8539.00,2025-10-06
105246,1427,2025-10-03,delivered,card,,0.00,3370.00,2025-10-13
105247,1740,2025-10-03,delivered,card,,0.00,10990.00,2025-10-06
105248,705,2025-10-03,delivered,card,,0.00,7229.00,2025-10-08
105249,1261,2025-10-03,delivered,sbp,,0.00,1138.00,2025-10-06
105250,407,2025-10-03,delivered,card,,0.00,1318.00,2025-10-08
105251,1801,2025-10-03,delivered,card,WELCOME10,527.50,4747.50,2025-10-12
105252,1645,2025-10-03,delivered,card,,0.00,5790.00,2025-10-05
105253,1795,2025-10-03,delivered,sbp,,0.00,14839.00,2025-10-12
105254,1774,2025-10-03,delivered,card,,0.00,7959.00,2025-10-08
105255,728,2025-10-04,delivered,card,,0.00,12560.00,2025-10-09
105256,639,2025-10-04,delivered,card,,0.00,5790.00,2025-10-09
105257,245,2025-10-04,returned,card,,0.00,6270.00,2025-10-08
105258,1263,2025-10-04,delivered,sbp,,0.00,959.00,2025-10-07
105259,448,2025-10-04,delivered,sbp,,0.00,1190.00,2025-10-09
105260,522,2025-10-04,delivered,sbp,,0.00,3190.00,2025-10-06
105261,753,2025-10-04,delivered,sbp,,0.00,4780.00,2025-10-14
105262,52,2025-10-04,delivered,card,,0.00,479.00,2025-10-12
105263,211,2025-10-04,delivered,card,,0.00,6380.00,2025-10-08
105264,157,2025-10-04,delivered,sbp,,0.00,4790.00,2025-10-07
105265,1653,2025-10-04,returned,card,,0.00,10990.00,2025-10-07
105266,1814,2025-10-04,delivered,sbp,WELCOME10,1000.00,30959.00,2025-10-13
105267,1328,2025-10-04,delivered,card,,0.00,4590.00,2025-10-06
105268,492,2025-10-04,returned,cash,,0.00,45139.00,2025-10-11
105269,1811,2025-10-04,delivered,card,,0.00,2548.00,2025-10-06
105270,1573,2025-10-04,delivered,sbp,,0.00,7259.00,2025-10-07
105271,1569,2025-10-04,returned,card,,0.00,1390.00,2025-10-12
105272,1414,2025-10-04,delivered,sbp,,0.00,769.00,2025-10-07
105273,1392,2025-10-04,delivered,cash,,0.00,11490.00,2025-10-08
105274,168,2025-10-04,delivered,sbp,,0.00,6190.00,2025-10-06
105275,725,2025-10-04,delivered,card,,0.00,3190.00,2025-10-07
105276,69,2025-10-04,delivered,cash,,0.00,31690.00,2025-10-09
105277,252,2025-10-04,delivered,card,,0.00,7339.00,2025-10-10
105278,1677,2025-10-04,cancelled,card,,0.00,2390.00,
105279,87,2025-10-04,delivered,card,,0.00,1980.00,2025-10-12
105280,702,2025-10-04,delivered,sbp,,0.00,1318.00,2025-10-08
105281,1421,2025-10-05,delivered,sbp,,0.00,9770.00,2025-10-06
105282,280,2025-10-05,delivered,card,,0.00,759.00,2025-10-06
105283,1212,2025-10-05,delivered,card,,0.00,42680.00,2025-10-07
105284,97,2025-10-05,returned,card,,0.00,50890.00,2025-10-08
105285,1186,2025-10-05,delivered,sbp,,0.00,8590.00,2025-10-08
105286,1536,2025-10-05,delivered,card,,0.00,5290.00,2025-10-06
105287,1426,2025-10-05,delivered,card,,0.00,43190.00,2025-10-08
105288,753,2025-10-05,delivered,sbp,,0.00,13380.00,2025-10-10
105289,922,2025-10-05,delivered,sbp,,0.00,1138.00,2025-10-06
105290,1815,2025-10-05,delivered,sbp,,0.00,3180.00,2025-10-09
105291,808,2025-10-05,delivered,card,,0.00,1190.00,2025-10-11
105292,1442,2025-10-05,delivered,cash,,0.00,3190.00,2025-10-10
105293,1325,2025-10-05,delivered,card,,0.00,4728.00,2025-10-08
105294,1186,2025-10-05,delivered,card,,0.00,11778.00,2025-10-07
105295,1142,2025-10-05,delivered,sbp,,0.00,5229.00,2025-10-10
105296,1212,2025-10-05,delivered,sbp,,0.00,10180.00,2025-10-08
105297,529,2025-10-05,delivered,card,,0.00,8608.00,2025-10-11
105298,1068,2025-10-05,delivered,cash,,0.00,3090.00,2025-10-11
105299,1008,2025-10-05,delivered,sbp,,0.00,6690.00,2025-10-08
105300,135,2025-10-05,delivered,card,,0.00,3790.00,2025-10-08
105301,1263,2025-10-05,delivered,card,,0.00,3090.00,2025-10-08
105302,371,2025-10-05,delivered,card,,0.00,2380.00,2025-10-09
105303,1119,2025-10-05,delivered,card,,0.00,13380.00,2025-10-07
105304,50,2025-10-05,delivered,card,,0.00,769.00,2025-10-13
105305,1191,2025-10-05,delivered,cash,,0.00,2890.00,2025-10-10
105306,1802,2025-10-05,delivered,card,,0.00,2380.00,2025-10-08
105307,1627,2025-10-05,delivered,sbp,,0.00,2349.00,2025-10-11
105308,127,2025-10-05,returned,card,,0.00,479.00,2025-10-11
105309,681,2025-10-06,delivered,card,,0.00,3390.00,2025-10-13
105310,14,2025-10-06,delivered,sbp,,0.00,2390.00,2025-10-11
105311,1654,2025-10-06,delivered,cash,,0.00,8880.00,2025-10-07
105312,1191,2025-10-06,delivered,card,,0.00,9267.00,2025-10-08
105313,1154,2025-10-06,delivered,card,,0.00,53780.00,2025-10-07
105314,495,2025-10-06,cancelled,cash,,0.00,7690.00,
105315,598,2025-10-06,delivered,sbp,,0.00,1790.00,2025-10-08
105316,1431,2025-10-06,delivered,card,,0.00,36480.00,2025-10-12
105317,1285,2025-10-06,delivered,card,,0.00,3190.00,2025-10-07
105318,388,2025-10-06,delivered,cash,,0.00,859.00,2025-10-09
105319,52,2025-10-06,cancelled,card,,0.00,479.00,
105320,661,2025-10-06,delivered,card,,0.00,43190.00,2025-10-08
105321,69,2025-10-06,delivered,card,,0.00,15280.00,2025-10-11
105322,20,2025-10-06,delivered,card,,0.00,41290.00,2025-10-12
105323,1625,2025-10-06,delivered,card,,0.00,1538.00,2025-10-10
105324,797,2025-10-06,cancelled,card,,0.00,1790.00,
105325,616,2025-10-06,delivered,card,,0.00,2390.00,2025-10-07
105326,1553,2025-10-06,delivered,card,,0.00,569.00,2025-10-14
105327,495,2025-10-06,delivered,card,,0.00,479.00,2025-10-10
105328,1388,2025-10-06,delivered,card,,0.00,3790.00,2025-10-12
105329,1744,2025-10-06,delivered,card,,0.00,6690.00,2025-10-09
105330,1362,2025-10-06,delivered,cash,,0.00,938.00,2025-10-11
105331,1656,2025-10-06,delivered,sbp,,0.00,10880.00,2025-10-07
105332,1677,2025-10-06,delivered,card,,0.00,2890.00,2025-10-09
105333,1739,2025-10-06,delivered,card,WELCOME10,119.00,1071.00,2025-10-12
105334,566,2025-10-07,delivered,card,,0.00,7580.00,2025-10-17
105335,514,2025-10-07,delivered,card,,0.00,31669.00,2025-10-10
105336,1131,2025-10-07,delivered,sbp,,0.00,10990.00,2025-10-13
105337,1822,2025-10-07,delivered,card,,0.00,9580.00,2025-10-11
105338,499,2025-10-07,delivered,sbp,,0.00,2890.00,2025-10-15
105339,1729,2025-10-07,returned,card,,0.00,6749.00,2025-10-16
105340,618,2025-10-07,delivered,sbp,,0.00,66088.00,2025-10-11
105341,1798,2025-10-07,delivered,sbp,FRIEND300,300.00,2277.00,2025-10-12
105342,580,2025-10-07,cancelled,card,,0.00,859.00,
105343,1356,2025-10-07,delivered,cash,,0.00,5290.00,2025-10-08
105344,764,2025-10-07,delivered,sbp,,0.00,1190.00,2025-10-10
105345,1000,2025-10-07,delivered,sbp,,0.00,2877.00,2025-10-10
105346,1518,2025-10-07,delivered,card,,0.00,10416.00,2025-10-10
105347,264,2025-10-07,delivered,sbp,,0.00,3090.00,2025-10-11
105348,937,2025-10-07,returned,card,,0.00,33497.00,2025-10-13
105349,925,2025-10-07,cancelled,card,,0.00,3056.00,
105350,1668,2025-10-07,delivered,card,,0.00,33907.00,2025-10-13
105351,1098,2025-10-07,delivered,cash,,0.00,6690.00,2025-10-09
105352,1606,2025-10-08,delivered,cash,,0.00,11560.00,2025-10-13
105353,1815,2025-10-08,cancelled,card,,0.00,4790.00,
105354,494,2025-10-08,delivered,card,,0.00,1428.00,2025-10-10
105355,157,2025-10-08,delivered,card,,0.00,14380.00,2025-10-12
105356,1819,2025-10-08,delivered,card,,0.00,1718.00,2025-10-11
105357,971,2025-10-08,returned,card,,0.00,18480.00,2025-10-10
105358,894,2025-10-08,delivered,card,,0.00,2190.00,2025-10-11
105359,547,2025-10-08,delivered,sbp,,0.00,5749.00,2025-10-14
105360,836,2025-10-08,delivered,sbp,,0.00,10990.00,2025-10-11
105361,170,2025-10-08,delivered,card,,0.00,1490.00,2025-10-14
105362,1401,2025-10-08,delivered,card,,0.00,4780.00,2025-10-11
105363,774,2025-10-08,delivered,sbp,,0.00,4390.00,2025-10-17
105364,1407,2025-10-08,returned,card,,0.00,3627.00,2025-10-18
105365,1446,2025-10-08,delivered,card,,0.00,7208.00,2025-10-13
105366,263,2025-10-08,delivered,card,,0.00,35590.00,2025-10-11
105367,566,2025-10-08,delivered,card,,0.00,13459.00,2025-10-18
105368,1409,2025-10-08,delivered,sbp,,0.00,12980.00,2025-10-13
105369,1535,2025-10-08,delivered,card,,0.00,16780.00,2025-10-12
105370,1795,2025-10-08,delivered,card,,0.00,4115.00,2025-10-12
105371,1823,2025-10-08,delivered,card,WELCOME10,1000.00,10159.00,2025-10-11
105372,1408,2025-10-08,delivered,card,,0.00,6328.00,2025-10-12
105373,962,2025-10-08,delivered,sbp,,0.00,3790.00,2025-10-12
105374,97,2025-10-08,delivered,card,,0.00,2267.00,2025-10-10
105375,1636,2025-10-08,delivered,sbp,,0.00,9590.00,2025-10-11
105376,1523,2025-10-08,delivered,card,,0.00,3959.00,2025-10-12
105377,1807,2025-10-08,returned,card,WELCOME10,1000.00,15759.00,2025-10-11
105378,97,2025-10-09,delivered,card,,0.00,9267.00,2025-10-13
105379,1338,2025-10-09,delivered,card,,0.00,6690.00,2025-10-15
105380,52,2025-10-09,delivered,sbp,,0.00,4287.00,2025-10-17
105381,233,2025-10-09,delivered,cash,,0.00,2390.00,2025-10-14
105382,459,2025-10-09,returned,card,,0.00,10849.00,2025-10-10
105383,349,2025-10-09,delivered,card,,0.00,12970.00,2025-10-14
105384,967,2025-10-09,delivered,card,,0.00,11988.00,2025-10-13
105385,102,2025-10-09,delivered,card,,0.00,1538.00,2025-10-11
105386,1545,2025-10-09,delivered,sbp,,0.00,1390.00,2025-10-12
105387,775,2025-10-09,delivered,sbp,,0.00,48090.00,2025-10-12
105388,1572,2025-10-09,delivered,sbp,,0.00,6806.00,2025-10-17
105389,1700,2025-10-09,cancelled,card,,0.00,6328.00,
105390,102,2025-10-09,delivered,cash,,0.00,6690.00,2025-10-10
105391,263,2025-10-09,delivered,card,,0.00,878.00,2025-10-12
105392,1610,2025-10-09,delivered,sbp,,0.00,2790.00,2025-10-12
105393,922,2025-10-09,delivered,card,,0.00,10849.00,2025-10-12
105394,1702,2025-10-09,cancelled,card,,0.00,5790.00,
105395,128,2025-10-09,delivered,card,,0.00,3898.00,2025-10-12
105396,1799,2025-10-09,delivered,card,WELCOME10,479.00,4311.00,2025-10-12
105397,638,2025-10-09,delivered,cash,,0.00,12697.00,2025-10-11
105398,618,2025-10-09,delivered,card,,0.00,1248.00,2025-10-11
105399,1186,2025-10-09,delivered,card,,0.00,9580.00,2025-10-11
105400,402,2025-10-09,delivered,card,,0.00,6690.00,2025-10-13
105401,311,2025-10-09,cancelled,card,,0.00,3790.00,
105402,77,2025-10-09,delivered,sbp,,0.00,58270.00,2025-10-10
105403,1821,2025-10-09,delivered,card,WELCOME10,119.00,1071.00,2025-10-12
105404,1090,2025-10-09,delivered,card,,0.00,9549.00,2025-10-16
105405,1522,2025-10-09,returned,card,,0.00,15880.00,2025-10-19
105406,1552,2025-10-09,delivered,card,,0.00,5380.00,2025-10-11
105407,615,2025-10-09,delivered,sbp,,0.00,8180.00,2025-10-11
105408,1542,2025-10-09,delivered,card,,0.00,379.00,2025-10-13
105409,1008,2025-10-10,delivered,sbp,,0.00,1849.00,2025-10-14
105410,195,2025-10-10,delivered,card,,0.00,1407.00,2025-10-13
105411,1111,2025-10-10,cancelled,cash,,0.00,1318.00,
105412,69,2025-10-10,delivered,sbp,,0.00,1190.00,2025-10-15
105413,1825,2025-10-10,delivered,cash,WELCOME10,777.00,6993.00,2025-10-14
105414,1143,2025-10-10,delivered,cash,,0.00,17570.00,2025-10-14
105415,1828,2025-10-10,delivered,sbp,WELCOME10,757.00,6813.00,2025-10-14
105416,1387,2025-10-10,delivered,card,,0.00,2190.00,2025-10-11
105417,820,2025-10-10,delivered,sbp,,0.00,8580.00,2025-10-13
105418,1795,2025-10-10,delivered,card,,0.00,12480.00,2025-10-15
105419,703,2025-10-10,delivered,cash,,0.00,859.00,2025-10-13
105420,590,2025-10-10,delivered,card,,0.00,859.00,2025-10-16
105421,728,2025-10-10,delivered,card,,0.00,3190.00,2025-10-16
105422,77,2025-10-10,delivered,card,,0.00,14380.00,2025-10-13
105423,631,2025-10-10,cancelled,card,,0.00,11059.00,
105424,184,2025-10-10,delivered,cash,,0.00,10697.00,2025-10-19
105425,1536,2025-10-10,delivered,sbp,,0.00,1890.00,2025-10-12
105426,1336,2025-10-10,delivered,card,,0.00,1869.00,2025-10-13
105427,364,2025-10-10,delivered,card,,0.00,117147.00,2025-10-17
105428,1748,2025-10-10,delivered,card,,0.00,7190.00,2025-10-15
105429,1587,2025-10-10,delivered,card,,0.00,759.00,2025-10-14
105430,203,2025-10-10,delivered,card,,0.00,10980.00,2025-10-13
105431,580,2025-10-10,delivered,sbp,,0.00,1918.00,2025-10-11
105432,1157,2025-10-10,delivered,sbp,,0.00,2890.00,2025-10-12
105433,1393,2025-10-10,delivered,card,,0.00,18470.00,2025-10-15
105434,509,2025-10-10,delivered,card,,0.00,990.00,2025-10-13
105435,958,2025-10-11,delivered,card,,0.00,62490.00,2025-10-16
105436,570,2025-10-11,delivered,card,,0.00,1407.00,2025-10-14
105437,143,2025-10-11,delivered,card,,0.00,5080.00,2025-10-14
105438,1008,2025-10-11,delivered,sbp,,0.00,2197.00,2025-10-15
105439,31,2025-10-11,delivered,sbp,,0.00,13880.00,2025-10-19
105440,1268,2025-10-11,delivered,sbp,,0.00,4528.00,2025-10-14
105441,1781,2025-10-11,delivered,card,,0.00,1190.00,2025-10-13
105442,465,2025-10-11,delivered,card,,0.00,3017.00,2025-10-19
105443,1476,2025-10-11,delivered,card,,0.00,1318.00,2025-10-15
105444,475,2025-10-11,delivered,card,,0.00,6380.00,2025-10-13
105445,1578,2025-10-11,delivered,card,WELCOME10,958.00,8622.00,2025-10-17
105446,168,2025-10-11,delivered,card,,0.00,19208.00,2025-10-12
105447,489,2025-10-11,delivered,card,,0.00,8170.00,2025-10-14
105448,1142,2025-10-11,delivered,card,,0.00,48090.00,2025-10-13
105449,725,2025-10-11,delivered,sbp,,0.00,81690.00,2025-10-12
105450,1618,2025-10-11,delivered,card,,0.00,35590.00,2025-10-15
105451,352,2025-10-11,delivered,card,,0.00,1538.00,2025-10-14
105452,1147,2025-10-11,delivered,cash,,0.00,15680.00,2025-10-14
105453,203,2025-10-11,delivered,card,,0.00,469.00,2025-10-12
105454,1403,2025-10-11,delivered,card,,0.00,2287.00,2025-10-14
105455,741,2025-10-11,delivered,card,,0.00,6190.00,2025-10-14
105456,1729,2025-10-11,delivered,cash,,0.00,1818.00,2025-10-21
105457,1795,2025-10-11,delivered,sbp,,0.00,8019.00,2025-10-18
105458,993,2025-10-11,delivered,sbp,,0.00,769.00,2025-10-20
105459,1756,2025-10-11,delivered,cash,,0.00,12007.00,2025-10-15
105460,937,2025-10-11,returned,card,,0.00,1437.00,2025-10-17
105461,408,2025-10-11,delivered,card,,0.00,5970.00,2025-10-14
105462,1448,2025-10-11,delivered,card,,0.00,1538.00,2025-10-21
105463,1416,2025-10-11,delivered,sbp,,0.00,3790.00,2025-10-15
105464,1450,2025-10-11,delivered,card,,0.00,769.00,2025-10-12
105465,812,2025-10-11,delivered,sbp,,0.00,6680.00,2025-10-17
105466,1207,2025-10-11,delivered,card,,0.00,7690.00,2025-10-16
105467,1668,2025-10-11,delivered,sbp,,0.00,4790.00,2025-10-17
105468,1703,2025-10-11,delivered,cash,,0.00,769.00,2025-10-14
105469,1567,2025-10-11,cancelled,cash,,0.00,1190.00,
105470,1552,2025-10-11,delivered,card,,0.00,8180.00,2025-10-15
105471,705,2025-10-11,delivered,sbp,,0.00,7670.00,2025-10-16
105472,1832,2025-10-11,delivered,card,WELCOME10,1000.00,20090.00,2025-10-14
105473,417,2025-10-11,delivered,card,,0.00,6280.00,2025-10-12
105474,1007,2025-10-11,delivered,card,,0.00,2476.00,2025-10-14
105475,1468,2025-10-12,delivered,card,,0.00,54080.00,2025-10-18
105476,1464,2025-10-12,delivered,card,,0.00,10480.00,2025-10-14
105477,1167,2025-10-12,delivered,card,,0.00,45939.00,2025-10-16
105478,756,2025-10-12,cancelled,card,,0.00,4249.00,
105479,682,2025-10-12,delivered,card,,0.00,2890.00,2025-10-14
105480,1807,2025-10-12,delivered,sbp,,0.00,9980.00,2025-10-15
105481,520,2025-10-12,delivered,cash,,0.00,3790.00,2025-10-18
105482,165,2025-10-12,delivered,sbp,,0.00,4380.00,2025-10-13
105483,1263,2025-10-12,delivered,card,,0.00,29777.00,2025-10-14
105484,705,2025-10-12,delivered,card,,0.00,3190.00,2025-10-17
105485,1220,2025-10-12,delivered,sbp,,0.00,1390.00,2025-10-15
105486,970,2025-10-12,delivered,card,,0.00,1388.00,2025-10-15
105487,501,2025-10-12,delivered,card,,0.00,2380.00,2025-10-15
105488,605,2025-10-12,delivered,sbp,,0.00,34580.00,2025-10-18
105489,1836,2025-10-12,delivered,sbp,WELCOME10,485.90,4373.10,2025-10-15
105490,1452,2025-10-12,delivered,card,,0.00,15270.00,2025-10-20
105491,1006,2025-10-12,delivered,cash,,0.00,11409.00,2025-10-15
105492,1217,2025-10-12,delivered,sbp,,0.00,18080.00,2025-10-16
105493,942,2025-10-12,delivered,card,,0.00,23990.00,2025-10-17
105494,820,2025-10-12,delivered,card,,0.00,31190.00,2025-10-16
105495,830,2025-10-12,delivered,card,,0.00,2190.00,2025-10-14
105496,1103,2025-10-12,delivered,cash,,0.00,57060.00,2025-10-13
105497,1254,2025-10-12,delivered,cash,,0.00,1190.00,2025-10-21
105498,1186,2025-10-12,delivered,card,,0.00,2577.00,2025-10-15
105499,602,2025-10-12,delivered,card,,0.00,3728.00,2025-10-15
105500,480,2025-10-12,delivered,card,,0.00,569.00,2025-10-15
105501,775,2025-10-12,delivered,sbp,,0.00,990.00,2025-10-15
105502,139,2025-10-12,delivered,cash,,0.00,3959.00,2025-10-18
105503,135,2025-10-12,delivered,card,,0.00,958.00,2025-10-14
105504,1083,2025-10-12,delivered,card,,0.00,26260.00,2025-10-14
105505,1556,2025-10-12,delivered,sbp,,0.00,3959.00,2025-10-18
105506,1412,2025-10-12,delivered,card,,0.00,959.00,2025-10-14
105507,1207,2025-10-12,delivered,card,,0.00,47239.00,2025-10-15
105508,713,2025-10-12,delivered,card,,0.00,6328.00,2025-10-16
105509,909,2025-10-13,delivered,card,,0.00,1538.00,2025-10-20
105510,1839,2025-10-13,delivered,card,,0.00,569.00,2025-10-16
105511,1003,2025-10-13,delivered,card,,0.00,11170.00,2025-10-18
105512,1831,2025-10-13,delivered,cash,,0.00,7918.00,2025-10-17
105513,1241,2025-10-13,delivered,sbp,,0.00,10590.00,2025-10-16
105514,1408,2025-10-13,delivered,card,,0.00,3790.00,2025-10-16
105515,1175,2025-10-13,delivered,cash,,0.00,1190.00,2025-10-14
105516,737,2025-10-13,delivered,cash,,0.00,5780.00,2025-10-15
105517,1771,2025-10-13,delivered,sbp,,0.00,19187.00,2025-10-16
105518,661,2025-10-13,delivered,card,,0.00,859.00,2025-10-18
105519,361,2025-10-13,delivered,sbp,,0.00,7480.00,2025-10-19
105520,362,2025-10-13,delivered,cash,,0.00,15360.00,2025-10-15
105521,1823,2025-10-13,delivered,card,,0.00,3565.00,2025-10-17
105522,689,2025-10-13,delivered,card,,0.00,2890.00,2025-10-18
105523,551,2025-10-13,delivered,sbp,,0.00,11549.00,2025-10-15
105524,1748,2025-10-13,returned,cash,,0.00,5649.00,2025-10-17
105525,1241,2025-10-13,cancelled,card,,0.00,769.00,
105526,1220,2025-10-13,delivered,sbp,,0.00,35598.00,2025-10-16
105527,1356,2025-10-13,delivered,card,,0.00,3390.00,2025-10-15
105528,1800,2025-10-13,delivered,cash,,0.00,569.00,2025-10-19
105529,894,2025-10-13,delivered,card,,0.00,18480.00,2025-10-14
105530,796,2025-10-13,delivered,sbp,,0.00,3146.00,2025-10-16
105531,286,2025-10-13,delivered,card,,0.00,1538.00,2025-10-23
105532,1098,2025-10-13,returned,card,,0.00,5149.00,2025-10-14
105533,955,2025-10-13,delivered,sbp,,0.00,8580.00,2025-10-16
105534,1301,2025-10-14,delivered,card,,0.00,2890.00,2025-10-19
105535,672,2025-10-14,delivered,cash,,0.00,4290.00,2025-10-23
105536,184,2025-10-14,delivered,sbp,,0.00,379.00,2025-10-22
105537,984,2025-10-14,delivered,card,,0.00,5980.00,2025-10-17
105538,1699,2025-10-14,delivered,card,,0.00,479.00,2025-10-18
105539,1572,2025-10-14,delivered,card,,0.00,3780.00,2025-10-22
105540,263,2025-10-14,delivered,card,,0.00,4390.00,2025-10-15
105541,107,2025-10-14,delivered,card,,0.00,7690.00,2025-10-17
105542,1147,2025-10-14,delivered,card,,0.00,31690.00,2025-10-17
105543,511,2025-10-14,delivered,card,,0.00,17290.00,2025-10-18
105544,292,2025-10-14,delivered,cash,,0.00,7128.00,2025-10-20
105545,490,2025-10-14,delivered,card,,0.00,5290.00,2025-10-18
105546,1339,2025-10-14,delivered,sbp,,0.00,12490.00,2025-10-16
105547,579,2025-10-14,delivered,card,,0.00,22870.00,2025-10-17
105548,1833,2025-10-14,delivered,card,,0.00,1190.00,2025-10-17
105549,815,2025-10-14,delivered,card,,0.00,4790.00,2025-10-18
105550,1844,2025-10-14,delivered,card,,0.00,17877.00,2025-10-16
105551,1054,2025-10-14,delivered,sbp,,0.00,15380.00,2025-10-18
105552,1839,2025-10-14,delivered,cash,,0.00,469.00,2025-10-15
105553,1467,2025-10-14,delivered,card,,0.00,959.00,2025-10-15
105554,1104,2025-10-14,delivered,card,,0.00,6759.00,2025-10-21
105555,1421,2025-10-14,delivered,card,,0.00,25560.00,2025-10-17
105556,1422,2025-10-14,delivered,card,,0.00,2380.00,2025-10-18
105557,661,2025-10-14,delivered,cash,,0.00,115390.00,2025-10-17
105558,580,2025-10-14,delivered,card,,0.00,6190.00,2025-10-17
105559,796,2025-10-14,delivered,sbp,,0.00,73047.00,2025-10-17
105560,1841,2025-10-14,delivered,card,,0.00,4790.00,2025-10-17
105561,796,2025-10-15,cancelled,card,,0.00,6518.00,
105562,219,2025-10-15,delivered,sbp,,0.00,7380.00,2025-10-24
105563,1090,2025-10-15,delivered,sbp,,0.00,12070.00,2025-10-22
105564,252,2025-10-15,delivered,sbp,,0.00,16380.00,2025-10-25
105565,1738,2025-10-15,delivered,sbp,,0.00,26890.00,2025-10-16
105566,1389,2025-10-15,cancelled,cash,,0.00,2090.00,
105567,1693,2025-10-15,returned,card,FRIEND300,300.00,10790.00,2025-10-25
105568,1186,2025-10-15,delivered,card,,0.00,12490.00,2025-10-17
105569,1393,2025-10-15,delivered,card,,0.00,16880.00,2025-10-17
105570,1000,2025-10-15,delivered,sbp,,0.00,3790.00,2025-10-17
105571,1856,2025-10-15,delivered,card,,0.00,12490.00,2025-10-18
105572,121,2025-10-15,delivered,card,,0.00,3390.00,2025-10-21
105573,918,2025-10-15,delivered,sbp,,0.00,3790.00,2025-10-19
105574,1142,2025-10-15,delivered,sbp,,0.00,4680.00,2025-10-17
105575,200,2025-10-15,delivered,card,,0.00,2848.00,2025-10-17
105576,1699,2025-10-15,delivered,card,,0.00,938.00,2025-10-20
105577,407,2025-10-16,delivered,cash,,0.00,15247.00,2025-10-20
105578,1756,2025-10-16,delivered,sbp,,0.00,2190.00,2025-10-22
105579,503,2025-10-16,returned,card,,0.00,2307.00,2025-10-19
105580,1090,2025-10-16,delivered,card,,0.00,1137.00,2025-10-23
105581,1362,2025-10-16,returned,card,,0.00,1718.00,2025-10-23
105582,1860,2025-10-16,delivered,sbp,,0.00,1647.00,2025-10-18
105583,1268,2025-10-16,delivered,sbp,,0.00,2890.00,2025-10-19
105584,1449,2025-10-16,delivered,card,,0.00,9028.00,2025-10-18
105585,1835,2025-10-16,delivered,card,WELCOME10,529.00,4761.00,2025-10-24
105586,1569,2025-10-16,delivered,card,,0.00,7690.00,2025-10-22
105587,1851,2025-10-16,delivered,card,,0.00,25270.00,2025-10-21
105588,574,2025-10-16,delivered,card,,0.00,16880.00,2025-10-20
105589,1016,2025-10-16,delivered,sbp,,0.00,11870.00,2025-10-17
105590,909,2025-10-16,delivered,sbp,,0.00,5649.00,2025-10-24
105591,483,2025-10-16,delivered,sbp,,0.00,769.00,2025-10-23
105592,24,2025-10-16,delivered,card,,0.00,758.00,2025-10-23
105593,1782,2025-10-16,delivered,cash,FRIEND300,300.00,4128.00,2025-10-19
105594,305,2025-10-16,delivered,sbp,,0.00,9657.00,2025-10-21
105595,1435,2025-10-16,delivered,sbp,,0.00,33149.00,2025-10-19
105596,753,2025-10-16,delivered,card,,0.00,44480.00,2025-10-24
105597,1830,2025-10-16,delivered,sbp,WELCOME10,1000.00,47090.00,2025-10-17
105598,1034,2025-10-16,delivered,card,,0.00,1190.00,2025-10-18
105599,538,2025-10-16,delivered,card,,0.00,2890.00,2025-10-22
105600,547,2025-10-16,delivered,sbp,,0.00,12490.00,2025-10-21
105601,1606,2025-10-16,delivered,card,,0.00,19180.00,2025-10-22
105602,1855,2025-10-17,delivered,sbp,,0.00,38780.00,2025-10-21
105603,496,2025-10-17,cancelled,cash,,0.00,9590.00,
105604,1866,2025-10-17,delivered,card,,0.00,6570.00,2025-10-21
105605,1845,2025-10-17,delivered,card,WELCOME10,230.70,2076.30,2025-10-18
105606,608,2025-10-17,delivered,card,,0.00,12370.00,2025-10-21
105607,1859,2025-10-17,delivered,card,,0.00,11090.00,2025-10-20
105608,903,2025-10-17,cancelled,card,,0.00,769.00,
105609,1042,2025-10-17,delivered,card,,0.00,1390.00,2025-10-20
105610,280,2025-10-17,delivered,card,,0.00,2890.00,2025-10-20
105611,1151,2025-10-17,delivered,card,,0.00,109129.00,2025-10-19
105612,832,2025-10-17,delivered,card,,0.00,3090.00,2025-10-20
105613,1864,2025-10-17,delivered,cash,,0.00,35590.00,2025-10-19
105614,1136,2025-10-17,delivered,card,,0.00,5790.00,2025-10-19
105615,1457,2025-10-17,delivered,cash,,0.00,569.00,2025-10-19
105616,1535,2025-10-17,delivered,card,,0.00,19560.00,2025-10-22
105617,566,2025-10-17,delivered,cash,,0.00,4790.00,2025-10-26
105618,1861,2025-10-17,delivered,card,,0.00,44580.00,2025-10-22
105619,1823,2025-10-17,delivered,sbp,,0.00,2580.00,2025-10-23
105620,20,2025-10-17,delivered,card,,0.00,2190.00,2025-10-23
105621,808,2025-10-17,delivered,card,,0.00,2877.00,2025-10-23
105622,629,2025-10-17,delivered,sbp,,0.00,4769.00,2025-10-22
105623,628,2025-10-17,delivered,sbp,,0.00,1318.00,2025-10-20
105624,1736,2025-10-17,delivered,sbp,,0.00,1438.00,2025-10-19
105625,1390,2025-10-17,delivered,sbp,,0.00,3580.00,2025-10-22
105626,1660,2025-10-17,delivered,card,,0.00,6180.00,2025-10-22
105627,1864,2025-10-17,delivered,card,,0.00,12490.00,2025-10-20
105628,448,2025-10-17,delivered,card,,0.00,4259.00,2025-10-23
105629,538,2025-10-18,delivered,card,,0.00,10038.00,2025-10-22
105630,551,2025-10-18,delivered,card,,0.00,2087.00,2025-10-21
105631,443,2025-10-18,delivered,sbp,,0.00,6949.00,2025-10-22
105632,361,2025-10-18,delivered,card,,0.00,3090.00,2025-10-22
105633,522,2025-10-18,cancelled,card,,0.00,21630.00,
105634,417,2025-10-18,delivered,card,,0.00,8580.00,2025-10-20
105635,195,2025-10-18,delivered,sbp,,0.00,16180.00,2025-10-20
105636,184,2025-10-18,delivered,card,,0.00,2808.00,2025-10-24
105637,1849,2025-10-18,cancelled,cash,,0.00,62590.00,
105638,508,2025-10-18,delivered,sbp,,0.00,15850.00,2025-10-22
105639,1535,2025-10-18,cancelled,sbp,,0.00,2890.00,
105640,709,2025-10-18,delivered,card,,0.00,1138.00,2025-10-21
105641,428,2025-10-18,delivered,sbp,,0.00,3480.00,2025-10-23
105642,836,2025-10-18,delivered,card,,0.00,16167.00,2025-10-21
105643,775,2025-10-18,delivered,card,,0.00,24567.00,2025-10-20
105644,373,2025-10-18,delivered,sbp,,0.00,859.00,2025-10-21
105645,503,2025-10-18,delivered,card,,0.00,3090.00,2025-10-21
105646,1505,2025-10-18,delivered,card,,0.00,3190.00,2025-10-28
105647,702,2025-10-18,delivered,card,,0.00,1137.00,2025-10-20
105648,827,2025-10-18,delivered,card,,0.00,11980.00,2025-10-21
105649,1864,2025-10-18,delivered,card,,0.00,4590.00,2025-10-21
105650,388,2025-10-18,delivered,sbp,,0.00,2790.00,2025-10-22
105651,52,2025-10-18,delivered,card,,0.00,11090.00,2025-10-27
105652,1865,2025-10-18,delivered,card,,0.00,1718.00,2025-10-23
105653,783,2025-10-18,delivered,sbp,,0.00,759.00,2025-10-22
105654,25,2025-10-18,returned,card,,0.00,1290.00,2025-10-22
105655,1823,2025-10-18,delivered,card,,0.00,8197.00,2025-10-23
105656,1378,2025-10-18,delivered,card,,0.00,9590.00,2025-10-23
105657,1094,2025-10-18,delivered,card,,0.00,16070.00,2025-10-21
105658,1843,2025-10-18,delivered,card,,0.00,3790.00,2025-10-21
105659,1738,2025-10-18,delivered,card,,0.00,35050.00,2025-10-19
105660,1159,2025-10-18,delivered,sbp,,0.00,12490.00,2025-10-23
105661,1766,2025-10-18,delivered,card,,0.00,2659.00,2025-10-21
105662,435,2025-10-18,delivered,card,,0.00,8690.00,2025-10-21
105663,1857,2025-10-18,delivered,sbp,FRIEND300,300.00,7390.00,2025-10-22
105664,153,2025-10-18,delivered,card,,0.00,5790.00,2025-10-24
105665,1285,2025-10-18,returned,sbp,,0.00,6459.00,2025-10-19
105666,1782,2025-10-18,delivered,card,,0.00,2090.00,2025-10-20
105667,776,2025-10-18,delivered,card,,0.00,1707.00,2025-10-26
105668,1371,2025-10-18,delivered,card,,0.00,3390.00,2025-10-24
105669,278,2025-10-18,delivered,card,,0.00,6690.00,2025-10-22
105670,1855,2025-10-18,delivered,card,,0.00,2390.00,2025-10-20
105671,1000,2025-10-18,delivered,sbp,,0.00,53870.00,2025-10-20
105672,1567,2025-10-18,delivered,sbp,,0.00,959.00,2025-10-23
105673,1268,2025-10-18,delivered,card,,0.00,1407.00,2025-10-19
105674,1871,2025-10-19,delivered,cash,,0.00,11949.00,2025-10-21
105675,1862,2025-10-19,delivered,sbp,,0.00,769.00,2025-10-24
105676,1625,2025-10-19,delivered,card,,0.00,4790.00,2025-10-24
105677,1198,2025-10-19,delivered,sbp,,0.00,1290.00,2025-10-29
105678,753,2025-10-19,delivered,cash,,0.00,10939.00,2025-10-23
105679,1098,2025-10-19,cancelled,cash,,0.00,859.00,
105680,1197,2025-10-19,delivered,card,,0.00,1390.00,2025-10-23
105681,243,2025-10-19,delivered,sbp,,0.00,1390.00,2025-10-22
105682,364,2025-10-19,returned,card,,0.00,5690.00,2025-10-27
105683,1849,2025-10-19,delivered,cash,,0.00,18680.00,2025-10-20
105684,252,2025-10-19,delivered,card,,0.00,2390.00,2025-10-28
105685,1337,2025-10-19,delivered,cash,,0.00,10908.00,2025-10-27
105686,465,2025-10-19,delivered,card,,0.00,24559.00,2025-10-28
105687,906,2025-10-19,delivered,sbp,,0.00,2877.00,2025-10-20
105688,747,2025-10-19,delivered,card,,0.00,44680.00,2025-10-28
105689,566,2025-10-19,delivered,sbp,,0.00,4484.00,2025-10-27
105690,399,2025-10-19,delivered,card,,0.00,2780.00,2025-10-20
105691,675,2025-10-19,delivered,card,,0.00,469.00,2025-10-23
105692,148,2025-10-19,returned,sbp,,0.00,19270.00,2025-10-23
105693,1876,2025-10-19,delivered,sbp,,0.00,1390.00,2025-10-22
105694,1147,2025-10-19,delivered,card,,0.00,17290.00,2025-10-21
105695,69,2025-10-19,cancelled,card,,0.00,859.00,
105696,1668,2025-10-19,delivered,sbp,,0.00,859.00,2025-10-24
105697,1016,2025-10-19,delivered,sbp,,0.00,2390.00,2025-10-22
105698,1372,2025-10-19,delivered,sbp,,0.00,2577.00,2025-10-21
105699,859,2025-10-19,delivered,sbp,,0.00,27280.00,2025-10-22
105700,204,2025-10-19,delivered,card,,0.00,10590.00,2025-10-22
105701,1734,2025-10-19,delivered,card,,0.00,4790.00,2025-10-24
105702,198,2025-10-19,delivered,cash,,0.00,12490.00,2025-10-25
105703,701,2025-10-19,delivered,card,,0.00,6278.00,2025-10-22
105704,626,2025-10-19,delivered,card,,0.00,55870.00,2025-10-25
105705,216,2025-10-19,returned,sbp,,0.00,7839.00,2025-10-22
105706,84,2025-10-19,delivered,sbp,,0.00,9960.00,2025-10-26
105707,196,2025-10-19,delivered,card,,0.00,12929.00,2025-10-25
105708,349,2025-10-20,delivered,card,,0.00,1190.00,2025-10-24
105709,1186,2025-10-20,delivered,sbp,,0.00,5769.00,2025-10-22
105710,1006,2025-10-20,delivered,card,,0.00,9580.00,2025-10-23
105711,985,2025-10-20,delivered,card,,0.00,5470.00,2025-10-23
105712,1414,2025-10-20,delivered,card,,0.00,18270.00,2025-10-25
105713,1628,2025-10-20,delivered,card,,0.00,8580.00,2025-10-24
105714,503,2025-10-20,delivered,card,,0.00,569.00,2025-10-26
105715,1883,2025-10-20,delivered,sbp,WELCOME10,479.00,4311.00,2025-10-22
105716,1602,2025-10-20,delivered,sbp,,0.00,10980.00,2025-10-22
105717,1545,2025-10-20,delivered,card,,0.00,11090.00,2025-10-24
105718,246,2025-10-20,delivered,cash,,0.00,15270.00,2025-10-26
105719,1421,2025-10-20,delivered,sbp,,0.00,28570.00,2025-10-23
105720,238,2025-10-20,delivered,sbp,,0.00,2890.00,2025-10-22
105721,1357,2025-10-20,delivered,card,,0.00,3390.00,2025-10-22
105722,1257,2025-10-20,delivered,card,,0.00,2759.00,2025-10-23
105723,1507,2025-10-20,delivered,sbp,,0.00,3790.00,2025-10-23
105724,742,2025-10-20,delivered,card,,0.00,63907.00,2025-10-25
105725,135,2025-10-20,delivered,card,,0.00,990.00,2025-10-24
105726,1702,2025-10-20,delivered,card,,0.00,5290.00,2025-10-23
105727,1386,2025-10-20,returned,cash,,0.00,5649.00,2025-10-21
105728,1880,2025-10-20,returned,card,WELCOME10,1000.00,10949.00,2025-10-22
105729,1867,2025-10-20,delivered,card,WELCOME10,339.00,3051.00,2025-10-22
105730,1464,2025-10-20,delivered,card,,0.00,3728.00,2025-10-22
105731,1829,2025-10-20,delivered,sbp,,0.00,1190.00,2025-10-21
105732,1744,2025-10-20,delivered,card,,0.00,1527.00,2025-10-26
105733,1450,2025-10-21,delivered,card,,0.00,48859.00,2025-10-22
105734,705,2025-10-21,delivered,card,,0.00,2890.00,2025-10-27
105735,1566,2025-10-21,returned,card,,0.00,2577.00,2025-10-27
105736,1008,2025-10-21,delivered,cash,,0.00,5508.00,2025-10-25
105737,54,2025-10-21,delivered,sbp,,0.00,2656.00,2025-10-23
105738,1111,2025-10-21,delivered,sbp,,0.00,19609.00,2025-10-26
105739,1738,2025-10-21,delivered,card,,0.00,6780.00,2025-10-22
105740,1250,2025-10-21,returned,card,,0.00,129980.00,2025-10-25
105741,1680,2025-10-21,returned,sbp,,0.00,769.00,2025-10-28
105742,1734,2025-10-21,delivered,card,,0.00,2580.00,2025-10-25
105743,1511,2025-10-21,delivered,card,,0.00,4790.00,2025-10-24
105744,1823,2025-10-21,delivered,card,,0.00,25560.00,2025-10-27
105745,1446,2025-10-21,delivered,sbp,,0.00,859.00,2025-10-27
105746,1685,2025-10-21,delivered,card,WELCOME10,1000.00,10298.00,2025-10-29
105747,1400,2025-10-21,delivered,card,,0.00,50060.00,2025-10-26
105748,24,2025-10-21,delivered,card,,0.00,4390.00,2025-10-28
105749,1394,2025-10-21,delivered,card,,0.00,1290.00,2025-10-22
105750,753,2025-10-21,delivered,card,,0.00,17290.00,2025-10-26
105751,1353,2025-10-21,returned,sbp,,0.00,2580.00,2025-10-24
105752,513,2025-10-21,delivered,card,,0.00,990.00,2025-10-29
105753,1818,2025-10-21,delivered,sbp,,0.00,958.00,2025-10-23
105754,836,2025-10-21,returned,card,,0.00,769.00,2025-10-25
105755,580,2025-10-21,delivered,card,,0.00,2890.00,2025-10-24
105756,950,2025-10-21,delivered,sbp,,0.00,1590.00,2025-10-25
105757,1748,2025-10-21,delivered,cash,,0.00,1190.00,2025-10-27
105758,1152,2025-10-21,delivered,card,,0.00,4249.00,2025-10-26
105759,258,2025-10-21,returned,card,,0.00,13349.00,2025-10-27
105760,1675,2025-10-22,delivered,card,,0.00,990.00,2025-10-29
105761,1283,2025-10-22,delivered,cash,,0.00,4790.00,2025-10-24
105762,1873,2025-10-22,delivered,card,WELCOME10,95.90,863.10,2025-10-25
105763,682,2025-10-22,cancelled,card,,0.00,2808.00,
105764,14,2025-10-22,delivered,card,,0.00,769.00,2025-10-27
105765,234,2025-10-22,delivered,sbp,,0.00,2890.00,2025-10-25
105766,1702,2025-10-22,delivered,card,,0.00,9590.00,2025-10-26
105767,1562,2025-10-22,delivered,card,,0.00,9570.00,2025-10-24
105768,1326,2025-10-22,delivered,card,,0.00,24570.00,2025-10-31
105769,1885,2025-10-22,delivered,card,,0.00,37180.00,2025-10-26
105770,810,2025-10-22,delivered,card,,0.00,11560.00,2025-10-27
105771,1813,2025-10-22,delivered,card,FRIEND300,300.00,1677.00,2025-10-30
105772,1819,2025-10-22,delivered,card,,0.00,52880.00,2025-10-24
105773,547,2025-10-22,cancelled,sbp,,0.00,769.00,
105774,392,2025-10-22,delivered,card,,0.00,2890.00,2025-10-31
105775,516,2025-10-22,delivered,sbp,,0.00,5790.00,2025-10-25
105776,664,2025-10-22,delivered,card,,0.00,4790.00,2025-10-24
105777,958,2025-10-22,delivered,card,,0.00,20060.00,2025-10-29
105778,1889,2025-10-22,delivered,card,,0.00,27670.00,2025-10-28
105779,1288,2025-10-22,delivered,sbp,,0.00,1629.00,2025-10-26
105780,1890,2025-10-22,delivered,card,,0.00,3190.00,2025-10-30
105781,1536,2025-10-22,delivered,card,,0.00,3497.00,2025-10-24
105782,1702,2025-10-22,returned,cash,,0.00,44560.00,2025-10-26
105783,1649,2025-10-22,delivered,sbp,,0.00,769.00,2025-10-23
105784,1884,2025-10-22,delivered,card,WELCOME10,319.00,2871.00,2025-10-24
105785,1263,2025-10-22,delivered,cash,,0.00,1538.00,2025-10-24
105786,399,2025-10-22,delivered,card,,0.00,8690.00,2025-10-24
105787,1470,2025-10-23,delivered,card,,0.00,3190.00,2025-10-25
105788,1749,2025-10-23,delivered,card,WELCOME10,1000.00,10590.00,2025-10-29
105789,1356,2025-10-23,delivered,sbp,,0.00,37460.00,2025-10-24
105790,1379,2025-10-23,delivered,card,,0.00,8690.00,2025-10-27
105791,1101,2025-10-23,delivered,card,,0.00,5790.00,2025-10-24
105792,52,2025-10-23,delivered,card,,0.00,3859.00,2025-10-27
105793,931,2025-10-23,delivered,card,,0.00,7549.00,2025-10-26
105794,492,2025-10-23,delivered,card,,0.00,38828.00,2025-11-02
105795,1003,2025-10-23,delivered,sbp,,0.00,8157.00,2025-10-28
105796,605,2025-10-23,returned,cash,,0.00,1290.00,2025-10-30
105797,349,2025-10-23,delivered,sbp,,0.00,2890.00,2025-10-28
105798,1467,2025-10-23,cancelled,card,,0.00,3390.00,
105799,278,2025-10-23,delivered,card,,0.00,1390.00,2025-10-27
105800,1388,2025-10-23,cancelled,card,,0.00,1590.00,
105801,159,2025-10-23,delivered,sbp,,0.00,46670.00,2025-10-25
105802,1744,2025-10-23,delivered,cash,,0.00,9480.00,2025-10-28
105803,408,2025-10-23,delivered,sbp,,0.00,8570.00,2025-10-28
105804,364,2025-10-23,delivered,card,,0.00,2890.00,2025-11-01
105805,196,2025-10-23,delivered,card,,0.00,2780.00,2025-11-01
105806,174,2025-10-23,delivered,card,,0.00,6180.00,2025-10-27
105807,1152,2025-10-23,delivered,card,,0.00,479.00,2025-10-29
105808,1821,2025-10-23,delivered,sbp,,0.00,3790.00,2025-10-26
105809,1615,2025-10-24,delivered,card,,0.00,8780.00,2025-10-27
105810,490,2025-10-24,delivered,card,,0.00,2180.00,2025-10-27
105811,373,2025-10-24,delivered,cash,,0.00,12490.00,2025-10-27
105812,1795,2025-10-24,delivered,card,,0.00,5790.00,2025-10-30
105813,1543,2025-10-24,returned,cash,,0.00,12988.00,2025-10-28
105814,1605,2025-10-24,delivered,card,,0.00,6690.00,2025-10-27
105815,995,2025-10-24,delivered,sbp,,0.00,1390.00,2025-10-26
105816,1157,2025-10-24,returned,sbp,,0.00,17280.00,2025-10-25
105817,752,2025-10-24,delivered,card,,0.00,2890.00,2025-10-26
105818,1080,2025-10-24,delivered,card,,0.00,959.00,2025-10-30
105819,1257,2025-10-24,delivered,card,,0.00,6690.00,2025-10-25
105820,480,2025-10-24,delivered,card,,0.00,21190.00,2025-10-26
105821,591,2025-10-24,delivered,sbp,,0.00,48190.00,2025-10-30
105822,1505,2025-10-24,delivered,sbp,,0.00,759.00,2025-10-28
105823,121,2025-10-24,cancelled,cash,,0.00,4380.00,
105824,1263,2025-10-24,delivered,card,,0.00,21560.00,2025-10-26
105825,1416,2025-10-24,cancelled,sbp,,0.00,479.00,
105826,1887,2025-10-24,cancelled,card,WELCOME10,1000.00,18619.00,
105827,420,2025-10-24,delivered,card,,0.00,3580.00,2025-10-27
105828,1580,2025-10-24,delivered,card,,0.00,43290.00,2025-10-30
105829,618,2025-10-24,delivered,card,,0.00,1290.00,2025-10-27
105830,1893,2025-10-24,delivered,card,,0.00,769.00,2025-10-25
105831,1841,2025-10-24,delivered,card,,0.00,6290.00,2025-10-30
105832,1640,2025-10-24,delivered,card,,0.00,6690.00,2025-10-29
105833,448,2025-10-24,delivered,card,,0.00,3390.00,2025-10-30
105834,1684,2025-10-24,delivered,card,,0.00,15639.00,2025-10-28
105835,695,2025-10-24,delivered,card,,0.00,9580.00,2025-10-28
105836,798,2025-10-24,cancelled,card,,0.00,1590.00,
105837,326,2025-10-24,delivered,sbp,,0.00,2890.00,2025-10-30
105838,753,2025-10-24,cancelled,card,,0.00,21190.00,
105839,290,2025-10-25,delivered,card,,0.00,3090.00,2025-11-04
105840,699,2025-10-25,delivered,card,,0.00,7570.00,2025-11-04
105841,1903,2025-10-25,cancelled,sbp,,0.00,5749.00,
105842,812,2025-10-25,delivered,card,,0.00,14249.00,2025-10-30
105843,845,2025-10-25,delivered,card,,0.00,3190.00,2025-10-28
105844,1457,2025-10-25,delivered,card,,0.00,859.00,2025-10-27
105845,1315,2025-10-25,delivered,card,,0.00,4790.00,2025-11-01
105846,452,2025-10-25,delivered,card,,0.00,1718.00,2025-11-04
105847,1897,2025-10-25,delivered,sbp,,0.00,3190.00,2025-10-28
105848,1745,2025-10-25,delivered,card,,0.00,10939.00,2025-10-26
105849,967,2025-10-25,delivered,card,,0.00,65239.00,2025-11-01
105850,341,2025-10-25,delivered,card,,0.00,5290.00,2025-10-28
105851,1178,2025-10-25,delivered,cash,,0.00,6157.00,2025-10-28
105852,772,2025-10-25,delivered,card,,0.00,569.00,2025-10-26
105853,1694,2025-10-25,cancelled,card,,0.00,1538.00,
105854,1900,2025-10-25,delivered,card,,0.00,54139.00,2025-10-29
105855,153,2025-10-25,delivered,sbp,,0.00,12990.00,2025-10-30
105856,1357,2025-10-25,delivered,cash,,0.00,13070.00,2025-10-29
105857,1016,2025-10-25,delivered,card,,0.00,3895.00,2025-10-27
105858,1511,2025-10-25,delivered,card,,0.00,2380.00,2025-10-31
105859,1668,2025-10-25,delivered,sbp,,0.00,1190.00,2025-10-29
105860,705,2025-10-25,cancelled,sbp,,0.00,6180.00,
105861,681,2025-10-25,delivered,card,,0.00,4790.00,2025-11-04
105862,1489,2025-10-25,delivered,sbp,,0.00,1718.00,2025-10-26
105863,566,2025-10-26,delivered,card,,0.00,7190.00,2025-11-02
105864,1142,2025-10-26,delivered,sbp,,0.00,11090.00,2025-10-31
105865,1545,2025-10-26,delivered,card,,0.00,128870.00,2025-10-30
105866,1123,2025-10-26,delivered,card,,0.00,859.00,2025-10-29
105867,1467,2025-10-26,delivered,card,,0.00,1190.00,2025-10-28
105868,998,2025-10-26,delivered,sbp,,0.00,99470.00,2025-11-01
105869,1638,2025-10-26,delivered,card,,0.00,62590.00,2025-11-01
105870,1898,2025-10-26,delivered,sbp,WELCOME10,129.00,1161.00,2025-10-27
105871,1412,2025-10-26,cancelled,cash,,0.00,3380.00,
105872,1274,2025-10-26,cancelled,card,,0.00,938.00,
105873,125,2025-10-26,delivered,card,,0.00,17780.00,2025-10-28
105874,697,2025-10-26,delivered,sbp,,0.00,4708.00,2025-11-01
105875,5,2025-10-26,delivered,sbp,,0.00,35580.00,2025-10-28
105876,1910,2025-10-26,delivered,card,,0.00,1718.00,2025-10-31
105877,278,2025-10-26,delivered,card,,0.00,49049.00,2025-10-30
105878,837,2025-10-26,delivered,sbp,,0.00,3090.00,2025-10-29
105879,1549,2025-10-26,delivered,sbp,,0.00,7190.00,2025-10-31
105880,1390,2025-10-26,delivered,card,,0.00,769.00,2025-10-30
105881,1546,2025-10-26,delivered,card,,0.00,33139.00,2025-10-30
105882,475,2025-10-26,delivered,card,,0.00,569.00,2025-10-28
105883,1448,2025-10-26,delivered,card,,0.00,769.00,2025-11-04
105884,499,2025-10-26,delivered,cash,,0.00,1590.00,2025-11-05
105885,1078,2025-10-26,delivered,card,,0.00,859.00,2025-10-28
105886,598,2025-10-26,delivered,sbp,,0.00,12680.00,2025-10-27
105887,922,2025-10-26,delivered,card,,0.00,769.00,2025-10-29
105888,1582,2025-10-26,delivered,card,,0.00,11090.00,2025-10-28
105889,1091,2025-10-26,delivered,card,,0.00,3349.00,2025-10-28
105890,1603,2025-10-26,delivered,cash,,0.00,19870.00,2025-10-30
105891,1899,2025-10-26,delivered,card,WELCOME10,139.00,1251.00,2025-11-01
105892,1855,2025-10-26,delivered,card,,0.00,6070.00,2025-10-30
105893,1904,2025-10-26,delivered,card,WELCOME10,845.90,7613.10,2025-10-30
105894,308,2025-10-26,delivered,card,,0.00,5598.00,2025-10-31
105895,20,2025-10-27,returned,sbp,,0.00,14429.00,2025-11-01
105896,1842,2025-10-27,delivered,card,,0.00,1390.00,2025-10-31
105897,742,2025-10-27,delivered,card,,0.00,7580.00,2025-11-03
105898,1820,2025-10-27,delivered,card,WELCOME10,479.00,4311.00,2025-10-30
105899,1117,2025-10-27,cancelled,card,,0.00,7449.00,
105900,845,2025-10-27,delivered,card,,0.00,16390.00,2025-10-31
105901,1906,2025-10-27,delivered,card,,0.00,24090.00,2025-10-31
105902,844,2025-10-27,delivered,card,,0.00,6428.00,2025-10-29
105903,1908,2025-10-27,delivered,card,,0.00,17798.00,2025-11-06
105904,278,2025-10-27,delivered,sbp,,0.00,4728.00,2025-10-30
105905,728,2025-10-27,delivered,card,,0.00,11559.00,2025-11-02
105906,470,2025-10-27,delivered,card,,0.00,16890.00,2025-10-30
105907,1132,2025-10-27,delivered,sbp,,0.00,1890.00,2025-10-30
105908,1578,2025-10-27,delivered,sbp,,0.00,9960.00,2025-11-01
105909,1283,2025-10-27,delivered,card,,0.00,4790.00,2025-10-30
105910,253,2025-10-27,delivered,card,,0.00,11370.00,2025-10-31
105911,1000,2025-10-27,delivered,card,,0.00,2307.00,2025-10-29
105912,286,2025-10-27,delivered,card,,0.00,11090.00,2025-10-31
105913,1836,2025-10-27,delivered,cash,,0.00,11980.00,2025-11-02
105914,1697,2025-10-27,delivered,sbp,,0.00,19180.00,2025-10-30
105915,69,2025-10-27,delivered,card,,0.00,7048.00,2025-10-30
105916,364,2025-10-27,delivered,card,,0.00,759.00,2025-11-06
105917,711,2025-10-27,delivered,card,,0.00,10749.00,2025-11-04
105918,713,2025-10-27,delivered,sbp,,0.00,15408.00,2025-10-30
105919,1755,2025-10-27,delivered,cash,,0.00,9439.00,2025-11-03
105920,547,2025-10-28,delivered,card,,0.00,7980.00,2025-11-01
105921,5,2025-10-28,delivered,sbp,,0.00,47690.00,2025-10-31
105922,661,2025-10-28,delivered,sbp,,0.00,3190.00,2025-11-02
105923,1874,2025-10-28,delivered,card,,0.00,4839.00,2025-11-07
105924,1545,2025-10-28,delivered,cash,,0.00,859.00,2025-11-01
105925,1886,2025-10-28,delivered,sbp,,0.00,34119.00,2025-10-31
105926,1357,2025-10-28,delivered,card,,0.00,8690.00,2025-10-30
105927,1855,2025-10-28,delivered,cash,,0.00,15970.00,2025-11-01
105928,253,2025-10-28,delivered,sbp,,0.00,7690.00,2025-11-04
105929,616,2025-10-28,delivered,sbp,,0.00,7190.00,2025-10-31
105930,1784,2025-10-28,delivered,card,WELCOME10,129.00,1161.00,2025-11-01
105931,1876,2025-10-28,delivered,card,,0.00,5790.00,2025-11-02
105932,1442,2025-10-28,delivered,card,,0.00,5339.00,2025-11-02
105933,1917,2025-10-28,delivered,card,WELCOME10,1000.00,9897.00,2025-10-30
105934,476,2025-10-28,delivered,cash,,0.00,13387.00,2025-11-05
105935,1305,2025-10-28,delivered,card,,0.00,3780.00,2025-11-02
105936,1210,2025-10-28,delivered,card,,0.00,15839.00,2025-10-31
105937,1839,2025-10-28,delivered,card,,0.00,13388.00,2025-10-29
105938,499,2025-10-28,delivered,card,,0.00,1190.00,2025-11-06
105939,198,2025-10-28,delivered,sbp,,0.00,19008.00,2025-11-02
105940,713,2025-10-28,delivered,card,,0.00,6149.00,2025-11-01
105941,618,2025-10-28,delivered,card,,0.00,859.00,2025-10-30
105942,1263,2025-10-28,delivered,card,,0.00,8680.00,2025-10-30
105943,682,2025-10-28,delivered,card,,0.00,4390.00,2025-10-30
105944,783,2025-10-28,cancelled,sbp,,0.00,5690.00,
105945,1841,2025-10-28,delivered,card,,0.00,1338.00,2025-11-03
105946,1727,2025-10-28,delivered,sbp,,0.00,1538.00,2025-10-30
105947,1669,2025-10-28,returned,card,,0.00,3480.00,2025-10-31
105948,133,2025-10-28,delivered,sbp,,0.00,1390.00,2025-11-01
105949,922,2025-10-29,delivered,sbp,,0.00,5780.00,2025-10-31
105950,1197,2025-10-29,delivered,sbp,,0.00,43680.00,2025-11-04
105951,203,2025-10-29,delivered,card,,0.00,11649.00,2025-10-30
105952,1372,2025-10-29,delivered,sbp,,0.00,14518.00,2025-11-01
105953,1301,2025-10-29,delivered,sbp,,0.00,859.00,2025-10-31
105954,443,2025-10-29,delivered,card,,0.00,9029.00,2025-11-02
105955,1909,2025-10-29,delivered,card,,0.00,2780.00,2025-10-30
105956,1171,2025-10-29,delivered,card,,0.00,2190.00,2025-10-31
105957,215,2025-10-29,delivered,sbp,,0.00,3790.00,2025-11-07
105958,1263,2025-10-29,delivered,card,,0.00,10649.00,2025-10-31
105959,1152,2025-10-29,delivered,card,,0.00,5790.00,2025-11-03
105960,1920,2025-10-29,delivered,card,,0.00,16729.00,2025-11-01
105961,1920,2025-10-29,delivered,sbp,,0.00,43880.00,2025-11-01
105962,415,2025-10-29,delivered,card,,0.00,769.00,2025-11-01
105963,1465,2025-10-29,delivered,card,,0.00,3190.00,2025-11-01
105964,1152,2025-10-29,delivered,card,,0.00,2090.00,2025-11-04
105965,184,2025-10-29,delivered,card,,0.00,2780.00,2025-11-03
105966,1891,2025-10-29,delivered,sbp,WELCOME10,1000.00,15390.00,2025-11-03
105967,1283,2025-10-29,delivered,card,,0.00,3190.00,2025-11-01
105968,1357,2025-10-29,delivered,card,,0.00,4290.00,2025-11-01
105969,399,2025-10-29,delivered,card,,0.00,27160.00,2025-11-01
105970,419,2025-10-29,delivered,card,,0.00,7739.00,2025-11-01
105971,1467,2025-10-29,delivered,sbp,,0.00,10580.00,2025-11-01
105972,1371,2025-10-29,returned,card,,0.00,7328.00,2025-11-08
105973,1421,2025-10-29,delivered,sbp,,0.00,1918.00,2025-11-01
105974,494,2025-10-29,delivered,card,,0.00,23980.00,2025-10-30
105975,1881,2025-10-29,delivered,sbp,WELCOME10,300.80,2707.20,2025-11-02
105976,1795,2025-10-29,delivered,sbp,,0.00,20149.00,2025-11-05
105977,1285,2025-10-29,delivered,card,,0.00,3859.00,2025-11-01
105978,1350,2025-10-29,delivered,card,,0.00,479.00,2025-10-31
105979,133,2025-10-29,delivered,card,,0.00,3190.00,2025-11-01
105980,1894,2025-10-29,delivered,sbp,,0.00,70665.00,2025-10-30
105981,1271,2025-10-29,delivered,card,,0.00,1890.00,2025-11-01
105982,902,2025-10-29,delivered,card,,0.00,479.00,2025-11-07
105983,1467,2025-10-29,cancelled,sbp,,0.00,1138.00,
105984,1918,2025-10-29,delivered,card,,0.00,13059.00,2025-10-31
105985,1702,2025-10-30,delivered,card,,0.00,31290.00,2025-11-02
105986,1448,2025-10-30,cancelled,sbp,,0.00,1718.00,
105987,1427,2025-10-30,delivered,card,,0.00,1490.00,2025-11-05
105988,1064,2025-10-30,delivered,card,,0.00,1090.00,2025-11-05
105989,1026,2025-10-30,delivered,card,,0.00,3190.00,2025-11-03
105990,566,2025-10-30,delivered,sbp,,0.00,6580.00,2025-11-06
105991,201,2025-10-30,returned,card,,0.00,93349.00,2025-10-31
105992,1452,2025-10-30,delivered,sbp,,0.00,3390.00,2025-11-08
105993,1882,2025-10-30,delivered,cash,WELCOME10,139.00,1251.00,2025-11-02
105994,460,2025-10-30,delivered,card,,0.00,769.00,2025-11-02
105995,1926,2025-10-30,delivered,card,WELCOME10,319.00,2871.00,2025-11-04
105996,1888,2025-10-30,delivered,sbp,,0.00,959.00,2025-11-02
105997,1760,2025-10-30,delivered,card,,0.00,2190.00,2025-11-05
105998,408,2025-10-30,returned,sbp,,0.00,28418.00,2025-11-05
105999,1152,2025-10-30,cancelled,card,,0.00,11090.00,
106000,1742,2025-10-30,delivered,sbp,,0.00,8690.00,2025-11-02
106001,396,2025-10-30,delivered,card,,0.00,859.00,2025-11-02
106002,1815,2025-10-30,cancelled,cash,,0.00,9880.00,
106003,352,2025-10-30,delivered,card,,0.00,9580.00,2025-10-31
106004,914,2025-10-30,delivered,card,,0.00,6380.00,2025-11-02
106005,1636,2025-10-30,delivered,card,,0.00,19639.00,2025-11-02
106006,775,2025-10-30,delivered,card,,0.00,59219.00,2025-10-31
106007,1101,2025-10-30,delivered,sbp,,0.00,8939.00,2025-11-02
106008,705,2025-10-30,delivered,card,,0.00,2390.00,2025-11-04
106009,1634,2025-10-30,delivered,sbp,,0.00,2159.00,2025-10-31
106010,1517,2025-10-31,delivered,card,,0.00,3159.00,2025-11-01
106011,1263,2025-10-31,returned,sbp,,0.00,61635.00,2025-11-02
106012,1337,2025-10-31,delivered,sbp,,0.00,17390.00,2025-11-04
106013,1522,2025-10-31,delivered,card,,0.00,44380.00,2025-11-08
106014,1924,2025-10-31,cancelled,card,,0.00,10229.00,
106015,1042,2025-10-31,delivered,card,,0.00,6018.00,2025-11-03
106016,1111,2025-10-31,delivered,sbp,,0.00,1390.00,2025-11-09
106017,300,2025-10-31,delivered,sbp,,0.00,1890.00,2025-11-02
106018,1220,2025-10-31,delivered,card,,0.00,8507.00,2025-11-01
106019,278,2025-10-31,delivered,sbp,,0.00,2007.00,2025-11-04
106020,1844,2025-10-31,delivered,card,,0.00,13480.00,2025-11-05
106021,783,2025-10-31,delivered,card,,0.00,958.00,2025-11-03
106022,1152,2025-10-31,delivered,card,,0.00,9590.00,2025-11-04
106023,1567,2025-10-31,delivered,sbp,,0.00,7980.00,2025-11-05
106024,605,2025-10-31,cancelled,sbp,,0.00,4790.00,
106025,196,2025-10-31,delivered,card,,0.00,6290.00,2025-11-07
106026,1774,2025-10-31,delivered,card,,0.00,12490.00,2025-11-07
106027,1028,2025-10-31,delivered,card,,0.00,10208.00,2025-11-01
106028,1615,2025-10-31,delivered,card,,0.00,5780.00,2025-11-04
106029,121,2025-10-31,delivered,sbp,,0.00,1290.00,2025-11-06
106030,661,2025-10-31,delivered,cash,,0.00,61060.00,2025-11-05
106031,836,2025-10-31,delivered,card,,0.00,52380.00,2025-11-03
106032,1536,2025-10-31,delivered,cash,,0.00,1090.00,2025-11-03
106033,1819,2025-10-31,cancelled,card,,0.00,5698.00,
106034,193,2025-10-31,delivered,card,,0.00,1390.00,2025-11-03
106035,539,2025-10-31,delivered,card,,0.00,11090.00,2025-11-04
106036,1148,2025-10-31,delivered,cash,,0.00,5580.00,2025-11-10
106037,1346,2025-11-01,delivered,sbp,,0.00,10590.00,2025-11-03
106038,618,2025-11-01,returned,card,,0.00,4014.00,2025-11-03
106039,1457,2025-11-01,delivered,card,,0.00,1718.00,2025-11-04
106040,706,2025-11-01,delivered,card,,0.00,1590.00,2025-11-10
106041,1929,2025-11-01,delivered,cash,,0.00,1190.00,2025-11-07
106042,1423,2025-11-01,delivered,sbp,,0.00,1538.00,2025-11-02
106043,1835,2025-11-01,delivered,sbp,,0.00,2207.00,2025-11-10
106044,179,2025-11-01,delivered,sbp,,0.00,14339.00,2025-11-05
106045,1849,2025-11-01,delivered,card,,0.00,21190.00,2025-11-04
106046,1925,2025-11-01,delivered,sbp,WELCOME10,37.90,341.10,2025-11-06
106047,415,2025-11-01,delivered,card,,0.00,2307.00,2025-11-04
106048,1738,2025-11-01,delivered,card,,0.00,859.00,2025-11-03
106049,1098,2025-11-01,cancelled,sbp,,0.00,3959.00,
106050,1654,2025-11-01,delivered,sbp,,0.00,5997.00,2025-11-03
106051,520,2025-11-01,delivered,sbp,,0.00,1490.00,2025-11-11
106052,1794,2025-11-01,delivered,card,,0.00,859.00,2025-11-07
106053,608,2025-11-01,delivered,card,,0.00,469.00,2025-11-06
106054,1111,2025-11-01,delivered,card,,0.00,12490.00,2025-11-08
106055,728,2025-11-01,delivered,card,,0.00,74660.00,2025-11-06
106056,1885,2025-11-01,delivered,card,,0.00,13480.00,2025-11-10
106057,1912,2025-11-01,delivered,sbp,,0.00,49939.00,2025-11-08
106058,1679,2025-11-01,delivered,sbp,,0.00,15880.00,2025-11-05
106059,122,2025-11-01,delivered,card,,0.00,12490.00,2025-11-07
106060,1208,2025-11-01,delivered,sbp,,0.00,3190.00,2025-11-10
106061,909,2025-11-01,returned,card,,0.00,4790.00,2025-11-08
106062,704,2025-11-01,returned,sbp,,0.00,11090.00,2025-11-05
106063,1068,2025-11-01,cancelled,card,,0.00,1790.00,
106064,1760,2025-11-01,cancelled,cash,,0.00,12490.00,
106065,1217,2025-11-01,delivered,cash,,0.00,12077.00,2025-11-05
106066,1007,2025-11-02,delivered,card,,0.00,2890.00,2025-11-04
106067,1582,2025-11-02,delivered,card,,0.00,25470.00,2025-11-06
106068,1738,2025-11-02,delivered,card,,0.00,2190.00,2025-11-05
106069,326,2025-11-02,delivered,sbp,,0.00,26990.00,2025-11-06
106070,837,2025-11-02,delivered,card,,0.00,14680.00,2025-11-04
106071,1305,2025-11-02,delivered,card,,0.00,859.00,2025-11-04
106072,950,2025-11-02,delivered,card,,0.00,17390.00,2025-11-04
106073,1936,2025-11-02,returned,sbp,,0.00,12969.00,2025-11-04
106074,184,2025-11-02,delivered,sbp,,0.00,38580.00,2025-11-06
106075,252,2025-11-02,delivered,card,,0.00,25970.00,2025-11-06
106076,286,2025-11-02,delivered,card,,0.00,48549.00,2025-11-07
106077,1041,2025-11-02,delivered,card,,0.00,2380.00,2025-11-04
106078,764,2025-11-02,delivered,card,,0.00,7049.00,2025-11-07
106079,380,2025-11-02,delivered,card,,0.00,9459.00,2025-11-07
106080,879,2025-11-02,delivered,card,,0.00,18270.00,2025-11-09
106081,243,2025-11-02,delivered,card,,0.00,1290.00,2025-11-05
106082,1442,2025-11-02,delivered,card,,0.00,4790.00,2025-11-06
106083,547,2025-11-02,delivered,card,,0.00,21560.00,2025-11-07
106084,243,2025-11-02,delivered,card,,0.00,10098.00,2025-11-07
106085,313,2025-11-02,delivered,card,,0.00,16390.00,2025-11-06
106086,555,2025-11-02,delivered,card,,0.00,11177.00,2025-11-12
106087,97,2025-11-02,delivered,sbp,,0.00,769.00,2025-11-04
106088,475,2025-11-02,delivered,card,,0.00,3790.00,2025-11-04
106089,1899,2025-11-02,delivered,sbp,,0.00,4790.00,2025-11-06
106090,1742,2025-11-02,delivered,cash,,0.00,439.00,2025-11-04
106091,1941,2025-11-02,delivered,cash,,0.00,958.00,2025-11-07
106092,361,2025-11-02,delivered,cash,,0.00,769.00,2025-11-06
106093,611,2025-11-02,delivered,sbp,,0.00,7980.00,2025-11-12
106094,1738,2025-11-02,delivered,card,,0.00,6290.00,2025-11-03
106095,1167,2025-11-02,cancelled,cash,,0.00,5308.00,
106096,957,2025-11-02,delivered,sbp,,0.00,12677.00,2025-11-08
106097,749,2025-11-02,delivered,card,,0.00,6180.00,2025-11-05
106098,489,2025-11-02,delivered,card,,0.00,12460.00,2025-11-05
106099,1932,2025-11-02,delivered,card,,0.00,859.00,2025-11-11
106100,555,2025-11-02,delivered,card,,0.00,14018.00,2025-11-07
106101,1746,2025-11-02,delivered,card,,0.00,859.00,2025-11-05
106102,1274,2025-11-02,delivered,sbp,,0.00,31790.00,2025-11-05
106103,1552,2025-11-02,delivered,card,,0.00,57890.00,2025-11-05
106104,788,2025-11-02,returned,card,,0.00,1718.00,2025-11-04
106105,1091,2025-11-02,delivered,card,,0.00,3128.00,2025-11-03
106106,50,2025-11-02,delivered,card,,0.00,11587.00,2025-11-11
106107,1645,2025-11-03,delivered,cash,,0.00,125390.00,2025-11-06
106108,1574,2025-11-03,delivered,cash,,0.00,5880.00,2025-11-04
106109,1350,2025-11-03,delivered,card,,0.00,7480.00,2025-11-05
106110,1090,2025-11-03,delivered,cash,,0.00,35690.00,2025-11-09
106111,123,2025-11-03,delivered,sbp,,0.00,11468.00,2025-11-06
106112,1091,2025-11-03,cancelled,card,,0.00,8049.00,
106113,1948,2025-11-03,delivered,card,,0.00,859.00,2025-11-06
106114,469,2025-11-03,returned,card,,0.00,11090.00,2025-11-04
106115,661,2025-11-03,delivered,cash,,0.00,859.00,2025-11-05
106116,1826,2025-11-03,delivered,card,,0.00,7367.00,2025-11-06
106117,1080,2025-11-03,delivered,card,,0.00,3818.00,2025-11-07
106118,1947,2025-11-03,delivered,sbp,FRIEND300,300.00,2090.00,2025-11-04
106119,1636,2025-11-03,returned,card,,0.00,9590.00,2025-11-05
106120,649,2025-11-03,delivered,sbp,,0.00,12490.00,2025-11-06
106121,1457,2025-11-03,delivered,sbp,,0.00,3390.00,2025-11-07
106122,1738,2025-11-03,delivered,card,,0.00,2890.00,2025-11-04
106123,338,2025-11-03,delivered,cash,,0.00,5790.00,2025-11-06
106124,1142,2025-11-03,delivered,card,,0.00,769.00,2025-11-05
106125,1159,2025-11-03,cancelled,cash,,0.00,6690.00,
106126,1606,2025-11-03,delivered,card,,0.00,65880.00,2025-11-07
106127,1887,2025-11-03,returned,cash,,0.00,11908.00,2025-11-06
106128,499,2025-11-03,delivered,card,,0.00,2790.00,2025-11-10
106129,1725,2025-11-03,delivered,sbp,,0.00,9880.00,2025-11-06
106130,1907,2025-11-03,delivered,card,,0.00,1290.00,2025-11-05
106131,1819,2025-11-03,delivered,sbp,,0.00,958.00,2025-11-04
106132,1545,2025-11-03,delivered,card,,0.00,22080.00,2025-11-07
106133,1582,2025-11-03,delivered,cash,,0.00,18170.00,2025-11-05
106134,742,2025-11-03,delivered,card,,0.00,104670.00,2025-11-12
106135,1424,2025-11-03,delivered,cash,,0.00,51090.00,2025-11-09
106136,1388,2025-11-03,delivered,card,,0.00,10590.00,2025-11-06
106137,84,2025-11-03,delivered,sbp,,0.00,8459.00,2025-11-08
106138,1949,2025-11-03,delivered,card,,0.00,3459.00,2025-11-07
106139,451,2025-11-03,cancelled,card,,0.00,1190.00,
106140,1582,2025-11-03,delivered,card,,0.00,4280.00,2025-11-07
106141,1297,2025-11-03,delivered,card,,0.00,12490.00,2025-11-07
106142,399,2025-11-03,delivered,sbp,,0.00,1390.00,2025-11-06
106143,1148,2025-11-03,delivered,card,,0.00,11449.00,2025-11-07
106144,454,2025-11-03,delivered,card,,0.00,15276.00,2025-11-10
106145,1651,2025-11-03,delivered,sbp,,0.00,2090.00,2025-11-04
106146,1760,2025-11-03,delivered,sbp,,0.00,2890.00,2025-11-09
106147,1448,2025-11-04,delivered,sbp,,0.00,11560.00,2025-11-12
106148,1263,2025-11-04,delivered,cash,,0.00,24090.00,2025-11-05
106149,528,2025-11-04,delivered,card,,0.00,859.00,2025-11-08
106150,1945,2025-11-04,delivered,card,,0.00,2890.00,2025-11-05
106151,1393,2025-11-04,delivered,sbp,,0.00,14939.00,2025-11-08
106152,711,2025-11-04,delivered,cash,,0.00,7690.00,2025-11-12
106153,1601,2025-11-04,delivered,sbp,,0.00,4790.00,2025-11-08
106154,1100,2025-11-04,delivered,card,,0.00,3797.00,2025-11-07
106155,153,2025-11-04,delivered,sbp,,0.00,63670.00,2025-11-07
106156,1930,2025-11-04,delivered,sbp,WELCOME10,868.00,7812.00,2025-11-06
106157,827,2025-11-04,delivered,card,,0.00,479.00,2025-11-06
106158,1119,2025-11-04,delivered,card,,0.00,10590.00,2025-11-05
106159,402,2025-11-04,returned,card,,0.00,11090.00,2025-11-14
106160,490,2025-11-04,delivered,card,,0.00,8960.00,2025-11-06
106161,286,2025-11-04,delivered,sbp,,0.00,859.00,2025-11-10
106162,1378,2025-11-04,delivered,card,,0.00,18280.00,2025-11-08
106163,1144,2025-11-04,delivered,sbp,,0.00,12490.00,2025-11-07
106164,1139,2025-11-04,delivered,card,,0.00,22002.00,2025-11-07
106165,380,2025-11-04,delivered,card,,0.00,43048.00,2025-11-09
106166,611,2025-11-04,delivered,card,,0.00,1528.00,2025-11-11
106167,342,2025-11-04,delivered,card,,0.00,8690.00,2025-11-06
106168,51,2025-11-04,delivered,sbp,,0.00,81990.00,2025-11-07
106169,1431,2025-11-04,delivered,sbp,,0.00,17390.00,2025-11-08
106170,1943,2025-11-04,delivered,sbp,,0.00,10590.00,2025-11-09
106171,742,2025-11-04,delivered,card,,0.00,6380.00,2025-11-10
106172,453,2025-11-04,delivered,card,,0.00,10408.00,2025-11-10
106173,1078,2025-11-04,delivered,card,,0.00,569.00,2025-11-07
106174,1112,2025-11-04,delivered,sbp,,0.00,28880.00,2025-11-07
106175,69,2025-11-04,delivered,cash,,0.00,32659.00,2025-11-08
106176,1539,2025-11-04,delivered,card,,0.00,3390.00,2025-11-06
106177,166,2025-11-04,delivered,card,,0.00,101770.00,2025-11-10
106178,1,2025-11-04,delivered,card,,0.00,2190.00,2025-11-05
106179,1064,2025-11-04,delivered,card,,0.00,2890.00,2025-11-10
106180,705,2025-11-04,delivered,sbp,,0.00,4528.00,2025-11-10
106181,121,2025-11-04,delivered,sbp,,0.00,1718.00,2025-11-09
106182,1933,2025-11-05,delivered,card,,0.00,5287.00,2025-11-08
106183,483,2025-11-05,delivered,card,,0.00,7880.00,2025-11-15
106184,286,2025-11-05,returned,card,,0.00,11590.00,2025-11-09
106185,231,2025-11-05,delivered,card,,0.00,938.00,2025-11-09
106186,1566,2025-11-05,delivered,cash,,0.00,22649.00,2025-11-11
106187,631,2025-11-05,delivered,sbp,,0.00,859.00,2025-11-08
106188,1069,2025-11-05,delivered,card,,0.00,8690.00,2025-11-11
106189,1106,2025-11-05,delivered,card,,0.00,1918.00,2025-11-09
106190,1181,2025-11-05,delivered,card,,0.00,3580.00,2025-11-08
106191,1941,2025-11-05,delivered,sbp,,0.00,4480.00,2025-11-10
106192,713,2025-11-05,delivered,card,,0.00,3190.00,2025-11-10
106193,495,2025-11-05,delivered,card,,0.00,11590.00,2025-11-08
106194,753,2025-11-05,delivered,card,,0.00,10590.00,2025-11-15
106195,1909,2025-11-05,delivered,sbp,,0.00,859.00,2025-11-07
106196,950,2025-11-05,returned,card,,0.00,12170.00,2025-11-09
106197,1421,2025-11-05,delivered,card,,0.00,12359.00,2025-11-08
106198,1026,2025-11-05,delivered,card,,0.00,38590.00,2025-11-10
106199,1953,2025-11-05,delivered,cash,,0.00,24090.00,2025-11-10
106200,629,2025-11-05,delivered,card,,0.00,6928.00,2025-11-10
106201,492,2025-11-05,delivered,card,,0.00,16390.00,2025-11-10
106202,338,2025-11-05,delivered,cash,,0.00,959.00,2025-11-07
106203,755,2025-11-05,delivered,cash,,0.00,8980.00,2025-11-08
106204,1693,2025-11-05,delivered,cash,,0.00,2390.00,2025-11-09
106205,1610,2025-11-05,delivered,card,,0.00,1718.00,2025-11-07
106206,1603,2025-11-05,delivered,cash,,0.00,4790.00,2025-11-08
106207,1466,2025-11-05,delivered,card,,0.00,8690.00,2025-11-08
106208,465,2025-11-05,delivered,card,,0.00,7959.00,2025-11-12
106209,72,2025-11-06,delivered,card,,0.00,31390.00,2025-11-09
106210,102,2025-11-06,delivered,sbp,,0.00,15370.00,2025-11-09
106211,184,2025-11-06,delivered,card,,0.00,859.00,2025-11-15
106212,1142,2025-11-06,delivered,card,,0.00,3190.00,2025-11-09
106213,102,2025-11-06,delivered,sbp,,0.00,7980.00,2025-11-09
106214,1630,2025-11-06,delivered,sbp,,0.00,20170.00,2025-11-11
106215,1390,2025-11-06,delivered,card,,0.00,3390.00,2025-11-12
106216,264,2025-11-06,delivered,sbp,,0.00,9570.00,2025-11-11
106217,777,2025-11-06,delivered,card,,0.00,10029.00,2025-11-09
106218,1426,2025-11-06,delivered,sbp,,0.00,18180.00,2025-11-07
106219,54,2025-11-06,delivered,cash,,0.00,8459.00,2025-11-09
106220,1448,2025-11-06,delivered,card,,0.00,20170.00,2025-11-15
106221,153,2025-11-06,delivered,card,,0.00,9267.00,2025-11-10
106222,1301,2025-11-06,delivered,card,,0.00,2577.00,2025-11-11
106223,753,2025-11-06,delivered,sbp,,0.00,7190.00,2025-11-15
106224,1910,2025-11-06,delivered,sbp,,0.00,3380.00,2025-11-12
106225,812,2025-11-06,delivered,card,,0.00,10780.00,2025-11-12
106226,417,2025-11-06,delivered,card,,0.00,17457.00,2025-11-08
106227,1925,2025-11-06,delivered,card,,0.00,1138.00,2025-11-12
106228,822,2025-11-06,delivered,card,,0.00,1890.00,2025-11-10
106229,1380,2025-11-06,delivered,cash,,0.00,8690.00,2025-11-08
106230,442,2025-11-06,delivered,card,,0.00,13880.00,2025-11-10
106231,1426,2025-11-06,delivered,card,,0.00,59570.00,2025-11-07
106232,1505,2025-11-06,delivered,card,,0.00,118039.00,2025-11-16
106233,702,2025-11-06,cancelled,card,,0.00,5928.00,
106234,1693,2025-11-06,delivered,sbp,,0.00,20680.00,2025-11-16
106235,1960,2025-11-06,returned,sbp,FRIEND300,300.00,2488.00,2025-11-10
106236,879,2025-11-06,delivered,card,,0.00,1538.00,2025-11-16
106237,1956,2025-11-06,delivered,sbp,,0.00,5608.00,2025-11-10
106238,1830,2025-11-06,delivered,cash,,0.00,4528.00,2025-11-09
106239,1220,2025-11-06,delivered,card,,0.00,25998.00,2025-11-07
106240,127,2025-11-06,delivered,sbp,,0.00,3390.00,2025-11-11
106241,1676,2025-11-06,delivered,card,,0.00,859.00,2025-11-09
106242,608,2025-11-06,delivered,sbp,,0.00,1718.00,2025-11-10
106243,1217,2025-11-07,delivered,card,,0.00,4590.00,2025-11-10
106244,1217,2025-11-07,delivered,card,,0.00,569.00,2025-11-11
106245,1955,2025-11-07,delivered,sbp,,0.00,12490.00,2025-11-10
106246,1952,2025-11-07,delivered,card,WELCOME10,479.00,4311.00,2025-11-17
106247,914,2025-11-07,delivered,sbp,,0.00,3380.00,2025-11-10
106248,1421,2025-11-07,delivered,card,,0.00,859.00,2025-11-10
106249,1325,2025-11-07,delivered,sbp,,0.00,44880.00,2025-11-10
106250,1263,2025-11-07,returned,card,,0.00,7190.00,2025-11-10
106251,1328,2025-11-07,delivered,sbp,,0.00,669.00,2025-11-09
106252,153,2025-11-07,delivered,sbp,,0.00,16477.00,2025-11-12
106253,49,2025-11-07,delivered,card,,0.00,13370.00,2025-11-16
106254,196,2025-11-07,delivered,card,,0.00,13360.00,2025-11-11
106255,1565,2025-11-07,cancelled,sbp,,0.00,859.00,
106256,1285,2025-11-07,delivered,sbp,,0.00,3390.00,2025-11-09
106257,1969,2025-11-07,delivered,card,WELCOME10,459.00,4131.00,2025-11-12
106258,483,2025-11-07,delivered,card,,0.00,2380.00,2025-11-13
106259,1821,2025-11-07,delivered,card,,0.00,3890.00,2025-11-09
106260,1618,2025-11-07,delivered,card,,0.00,39029.00,2025-11-12
106261,1944,2025-11-07,delivered,card,WELCOME10,1000.00,11490.00,2025-11-08
106262,1955,2025-11-07,returned,card,WELCOME10,85.90,773.10,2025-11-09
106263,1615,2025-11-07,delivered,card,,0.00,5319.00,2025-11-09
106264,1437,2025-11-07,delivered,card,,0.00,30370.00,2025-11-10
106265,1055,2025-11-07,delivered,card,,0.00,3890.00,2025-11-10
106266,399,2025-11-07,delivered,card,,0.00,479.00,2025-11-10
106267,1244,2025-11-08,delivered,card,,0.00,2980.00,2025-11-11
106268,1457,2025-11-08,delivered,card,,0.00,53316.00,2025-11-11
106269,1167,2025-11-08,delivered,card,,0.00,6805.00,2025-11-10
106270,1660,2025-11-08,returned,cash,,0.00,4380.00,2025-11-18
106271,1823,2025-11-08,delivered,card,,0.00,65680.00,2025-11-12
106272,1952,2025-11-08,delivered,card,,0.00,4790.00,2025-11-17
106273,755,2025-11-08,cancelled,card,,0.00,1718.00,
106274,1961,2025-11-08,delivered,sbp,WELCOME10,1000.00,25990.00,2025-11-11
106275,1139,2025-11-08,delivered,card,,0.00,14380.00,2025-11-12
106276,967,2025-11-08,delivered,card,,0.00,106180.00,2025-11-15
106277,1869,2025-11-08,delivered,card,FRIEND300,300.00,6480.00,2025-11-11
106278,1353,2025-11-08,delivered,sbp,,0.00,2229.00,2025-11-12
106279,1084,2025-11-08,delivered,card,,0.00,7249.00,2025-11-13
106280,408,2025-11-08,delivered,card,,0.00,12490.00,2025-11-14
106281,1968,2025-11-08,delivered,card,,0.00,6780.00,2025-11-11
106282,1822,2025-11-08,delivered,card,,0.00,6738.00,2025-11-11
106283,105,2025-11-08,delivered,sbp,,0.00,8480.00,2025-11-14
106284,453,2025-11-08,delivered,sbp,,0.00,12560.00,2025-11-17
106285,448,2025-11-08,delivered,card,,0.00,12449.00,2025-11-13
106286,1507,2025-11-08,delivered,card,,0.00,43390.00,2025-11-14
106287,1702,2025-11-08,delivered,sbp,,0.00,2297.00,2025-11-14
106288,300,2025-11-08,delivered,cash,,0.00,7180.00,2025-11-10
106289,1448,2025-11-08,delivered,cash,,0.00,2390.00,2025-11-12
106290,1004,2025-11-08,delivered,card,,0.00,3090.00,2025-11-15
106291,566,2025-11-08,delivered,card,,0.00,769.00,2025-11-12
106292,1736,2025-11-08,delivered,card,,0.00,34580.00,2025-11-11
106293,1457,2025-11-08,delivered,sbp,,0.00,10218.00,2025-11-10
106294,970,2025-11-08,delivered,card,,0.00,48290.00,2025-11-12
106295,1094,2025-11-08,delivered,card,,0.00,16890.00,2025-11-11
106296,1196,2025-11-08,returned,card,,0.00,3108.00,2025-11-09
106297,1230,2025-11-08,delivered,card,,0.00,3659.00,2025-11-12
106298,1108,2025-11-08,delivered,card,,0.00,10170.00,2025-11-10
106299,451,2025-11-08,delivered,card,,0.00,6519.00,2025-11-11
106300,27,2025-11-08,delivered,card,,0.00,1607.00,2025-11-11
106301,392,2025-11-08,cancelled,cash,,0.00,3890.00,
106302,661,2025-11-08,delivered,card,,0.00,10590.00,2025-11-11
106303,1426,2025-11-09,returned,card,,0.00,9180.00,2025-11-12
106304,51,2025-11-09,delivered,sbp,,0.00,2207.00,2025-11-12
106305,1931,2025-11-09,cancelled,cash,,0.00,43070.00,
106306,1676,2025-11-09,delivered,card,,0.00,10549.00,2025-11-12
106307,580,2025-11-09,delivered,sbp,,0.00,8780.00,2025-11-12
106308,884,2025-11-09,delivered,cash,,0.00,1518.00,2025-11-14
106309,1940,2025-11-09,delivered,card,,0.00,5108.00,2025-11-12
106310,300,2025-11-09,delivered,card,,0.00,1390.00,2025-11-11
106311,1869,2025-11-09,delivered,cash,,0.00,17390.00,2025-11-12
106312,1175,2025-11-09,delivered,card,,0.00,140850.00,2025-11-12
106313,1026,2025-11-09,delivered,sbp,,0.00,1718.00,2025-11-14
106314,1185,2025-11-09,delivered,cash,,0.00,33018.00,2025-11-12
106315,1774,2025-11-09,delivered,sbp,,0.00,4790.00,2025-11-16
106316,20,2025-11-09,delivered,card,,0.00,439.00,2025-11-15
106317,1748,2025-11-09,delivered,card,,0.00,469.00,2025-11-12
106318,1435,2025-11-09,delivered,card,,0.00,3380.00,2025-11-11
106319,264,2025-11-09,delivered,card,,0.00,859.00,2025-11-15
106320,581,2025-11-09,delivered,sbp,,0.00,3890.00,2025-11-12
106321,364,2025-11-09,delivered,card,,0.00,8676.00,2025-11-13
106322,119,2025-11-09,delivered,cash,,0.00,1090.00,2025-11-12
106323,1421,2025-11-09,delivered,sbp,,0.00,65680.00,2025-11-11
106324,495,2025-11-09,delivered,card,,0.00,10580.00,2025-11-13
106325,1186,2025-11-09,delivered,card,,0.00,4790.00,2025-11-12
106326,531,2025-11-09,delivered,card,,0.00,22080.00,2025-11-13
106327,1539,2025-11-09,delivered,sbp,,0.00,2076.00,2025-11-11
106328,772,2025-11-09,delivered,card,,0.00,2307.00,2025-11-11
106329,392,2025-11-09,delivered,card,,0.00,2190.00,2025-11-13
106330,1414,2025-11-09,delivered,sbp,,0.00,859.00,2025-11-14
106331,838,2025-11-09,delivered,card,,0.00,7690.00,2025-11-14
106332,52,2025-11-09,cancelled,sbp,,0.00,959.00,
106333,1978,2025-11-09,delivered,card,,0.00,1718.00,2025-11-11
106334,1920,2025-11-09,delivered,card,,0.00,859.00,2025-11-10
106335,511,2025-11-09,cancelled,card,,0.00,21190.00,
106336,1072,2025-11-09,delivered,card,,0.00,13448.00,2025-11-19
106337,1297,2025-11-09,delivered,card,,0.00,39639.00,2025-11-12
106338,1699,2025-11-09,delivered,card,,0.00,12160.00,2025-11-13
106339,755,2025-11-09,cancelled,card,,0.00,10408.00,
106340,752,2025-11-09,delivered,sbp,,0.00,959.00,2025-11-12
106341,1421,2025-11-09,delivered,cash,,0.00,11590.00,2025-11-10
106342,1955,2025-11-09,delivered,card,,0.00,6290.00,2025-11-13
106343,1517,2025-11-09,delivered,sbp,,0.00,1190.00,2025-11-12
106344,1325,2025-11-09,delivered,card,,0.00,2890.00,2025-11-10
106345,1702,2025-11-10,delivered,card,,0.00,1718.00,2025-11-16
106346,1972,2025-11-10,delivered,card,,0.00,1518.00,2025-11-15
106347,618,2025-11-10,delivered,sbp,,0.00,2007.00,2025-11-15
106348,1739,2025-11-10,delivered,card,,0.00,34519.00,2025-11-14
106349,840,2025-11-10,delivered,cash,,0.00,769.00,2025-11-12
106350,1970,2025-11-10,returned,card,WELCOME10,1000.00,16418.00,2025-11-12
106351,399,2025-11-10,cancelled,cash,,0.00,13980.00,
106352,1157,2025-11-10,delivered,card,,0.00,22040.00,2025-11-13
106353,984,2025-11-10,delivered,card,,0.00,46070.00,2025-11-14
106354,1867,2025-11-10,delivered,cash,,0.00,2176.00,2025-11-11
106355,371,2025-11-10,delivered,card,,0.00,22070.00,2025-11-14
106356,1955,2025-11-10,delivered,cash,,0.00,2090.00,2025-11-13
106357,1819,2025-11-10,delivered,card,,0.00,8870.00,2025-11-11
106358,475,2025-11-10,returned,card,,0.00,9580.00,2025-11-13
106359,1297,2025-11-10,cancelled,card,,0.00,389.00,
106360,1959,2025-11-10,delivered,card,WELCOME10,697.00,6273.00,2025-11-15
106361,996,2025-11-10,delivered,sbp,,0.00,12070.00,2025-11-11
106362,1985,2025-11-10,cancelled,sbp,,0.00,10539.00,
106363,82,2025-11-10,delivered,card,,0.00,7588.00,2025-11-15
106364,852,2025-11-10,delivered,card,,0.00,93747.00,2025-11-12
106365,581,2025-11-10,delivered,card,,0.00,859.00,2025-11-15
106366,1971,2025-11-10,delivered,card,,0.00,4308.00,2025-11-17
106367,1220,2025-11-10,delivered,sbp,,0.00,15880.00,2025-11-11
106368,1263,2025-11-10,delivered,card,,0.00,7190.00,2025-11-13
106369,1955,2025-11-10,delivered,cash,,0.00,21078.00,2025-11-14
106370,206,2025-11-10,delivered,card,,0.00,439.00,2025-11-20
106371,1467,2025-11-10,delivered,card,,0.00,8690.00,2025-11-11
106372,1467,2025-11-10,returned,card,,0.00,3977.00,2025-11-11
106373,894,2025-11-10,returned,cash,,0.00,21150.00,2025-11-12
106374,1042,2025-11-10,delivered,card,,0.00,9169.00,2025-11-14
106375,661,2025-11-10,delivered,sbp,,0.00,48290.00,2025-11-13
106376,1545,2025-11-10,delivered,sbp,,0.00,12490.00,2025-11-12
106377,1151,2025-11-10,delivered,card,,0.00,3436.00,2025-11-11
106378,1091,2025-11-10,delivered,sbp,,0.00,4980.00,2025-11-12
106379,967,2025-11-10,delivered,card,,0.00,2190.00,2025-11-19
106380,626,2025-11-10,delivered,card,,0.00,469.00,2025-11-14
106381,1027,2025-11-10,cancelled,sbp,,0.00,11728.00,
106382,476,2025-11-10,delivered,cash,,0.00,1290.00,2025-11-14
106383,994,2025-11-11,delivered,card,,0.00,82090.00,2025-11-16
106384,1624,2025-11-11,delivered,card,,0.00,12139.00,2025-11-13
106385,1965,2025-11-11,delivered,card,,0.00,7190.00,2025-11-14
106386,937,2025-11-11,delivered,cash,,0.00,3959.00,2025-11-21
106387,1271,2025-11-11,delivered,sbp,,0.00,7367.00,2025-11-14
106388,1702,2025-11-11,delivered,card,,0.00,4790.00,2025-11-14
106389,581,2025-11-11,delivered,card,,0.00,41490.00,2025-11-15
106390,1949,2025-11-11,delivered,card,,0.00,1090.00,2025-11-15
106391,960,2025-11-11,delivered,card,,0.00,769.00,2025-11-12
106392,97,2025-11-11,delivered,card,,0.00,4790.00,2025-11-16
106393,376,2025-11-11,delivered,card,,0.00,3390.00,2025-11-15
106394,1973,2025-11-11,delivered,card,WELCOME10,219.00,1971.00,2025-11-15
106395,1985,2025-11-11,delivered,card,,0.00,3859.00,2025-11-15
106396,1326,2025-11-11,cancelled,sbp,,0.00,14659.00,
106397,52,2025-11-11,delivered,sbp,,0.00,12490.00,2025-11-15
106398,800,2025-11-11,delivered,card,,0.00,5780.00,2025-11-21
106399,1955,2025-11-11,delivered,card,,0.00,8260.00,2025-11-15
106400,1159,2025-11-11,delivered,card,,0.00,6290.00,2025-11-13
106401,1016,2025-11-11,delivered,card,,0.00,25360.00,2025-11-14
106402,1618,2025-11-11,delivered,card,,0.00,12990.00,2025-11-14
106403,1042,2025-11-11,delivered,card,,0.00,18280.00,2025-11-14
106404,1661,2025-11-11,delivered,card,,0.00,3190.00,2025-11-17
106405,1476,2025-11-11,delivered,card,,0.00,3190.00,2025-11-17
106406,883,2025-11-11,delivered,card,,0.00,48859.00,2025-11-19
106407,1467,2025-11-11,delivered,cash,,0.00,1390.00,2025-11-13
106408,1305,2025-11-11,delivered,sbp,,0.00,2190.00,2025-11-13
106409,1357,2025-11-11,delivered,card,,0.00,4280.00,2025-11-16
106410,1477,2025-11-11,delivered,card,,0.00,1790.00,2025-11-20
106411,1734,2025-11-11,delivered,card,,0.00,8008.00,2025-11-21
106412,808,2025-11-11,delivered,sbp,,0.00,3190.00,2025-11-16
106413,644,2025-11-11,delivered,card,,0.00,11590.00,2025-11-16
106414,1518,2025-11-11,delivered,card,,0.00,439.00,2025-11-13
106415,1865,2025-11-11,delivered,sbp,,0.00,18439.00,2025-11-14
106416,1985,2025-11-11,delivered,card,,0.00,44880.00,2025-11-14
106417,1839,2025-11-11,delivered,cash,,0.00,2829.00,2025-11-13
106418,992,2025-11-11,delivered,card,,0.00,6380.00,2025-11-12
106419,1945,2025-11-11,delivered,card,,0.00,2577.00,2025-11-14
106420,1396,2025-11-11,delivered,card,,0.00,24998.00,2025-11-16
106421,1008,2025-11-11,returned,card,,0.00,12157.00,2025-11-17
106422,203,2025-11-11,delivered,card,,0.00,60880.00,2025-11-12
106423,514,2025-11-11,returned,card,,0.00,4580.00,2025-11-17
106424,418,2025-11-11,delivered,sbp,,0.00,11590.00,2025-11-13
106425,1836,2025-11-11,delivered,card,,0.00,18780.00,2025-11-14
106426,538,2025-11-11,delivered,card,,0.00,1138.00,2025-11-15
106427,1374,2025-11-11,delivered,card,WELCOME10,1000.00,11490.00,2025-11-14
106428,495,2025-11-11,delivered,card,,0.00,8690.00,2025-11-13
106429,1431,2025-11-11,delivered,card,,0.00,1390.00,2025-11-17
106430,1844,2025-11-11,delivered,sbp,,0.00,2179.00,2025-11-16
106431,195,2025-11-11,delivered,sbp,,0.00,2890.00,2025-11-16
106432,1602,2025-11-11,delivered,card,,0.00,8690.00,2025-11-13
106433,148,2025-11-11,delivered,card,,0.00,1690.00,2025-11-14
106434,776,2025-11-11,delivered,cash,,0.00,7690.00,2025-11-20
106435,1305,2025-11-11,delivered,card,,0.00,4680.00,2025-11-13
106436,827,2025-11-11,delivered,card,,0.00,1890.00,2025-11-14
106437,1963,2025-11-11,delivered,card,,0.00,4249.00,2025-11-13
106438,827,2025-11-11,delivered,cash,,0.00,45677.00,2025-11-13
106439,566,2025-11-12,delivered,card,,0.00,59180.00,2025-11-16
106440,1111,2025-11-12,delivered,sbp,,0.00,7546.00,2025-11-21
106441,1417,2025-11-12,returned,cash,,0.00,6780.00,2025-11-16
106442,1782,2025-11-12,delivered,card,,0.00,11090.00,2025-11-15
106443,376,2025-11-12,delivered,sbp,,0.00,9357.00,2025-11-16
106444,1820,2025-11-12,delivered,card,,0.00,769.00,2025-11-13
106445,1808,2025-11-12,delivered,sbp,,0.00,3190.00,2025-11-14
106446,1988,2025-11-12,delivered,card,,0.00,1890.00,2025-11-18
106447,274,2025-11-12,delivered,card,,0.00,859.00,2025-11-21
106448,422,2025-11-12,delivered,card,,0.00,5290.00,2025-11-16
106449,364,2025-11-12,delivered,card,,0.00,12590.00,2025-11-16
106450,1165,2025-11-12,delivered,card,WELCOME10,96.90,872.10,2025-11-15
106451,122,2025-11-12,returned,card,,0.00,49918.00,2025-11-22
106452,5,2025-11-12,delivered,sbp,,0.00,1390.00,2025-11-16
106453,1656,2025-11-12,delivered,cash,,0.00,24949.00,2025-11-13
106454,1201,2025-11-12,delivered,card,,0.00,1090.00,2025-11-22
106455,1836,2025-11-12,delivered,sbp,,0.00,1190.00,2025-11-16
106456,832,2025-11-12,delivered,card,,0.00,2890.00,2025-11-15
106457,754,2025-11-12,delivered,sbp,,0.00,25428.00,2025-11-15
106458,1111,2025-11-12,returned,card,,0.00,14128.00,2025-11-16
106459,1618,2025-11-12,returned,card,,0.00,2307.00,2025-11-14
106460,1154,2025-11-12,delivered,cash,,0.00,11590.00,2025-11-15
106461,1285,2025-11-12,delivered,cash,,0.00,6980.00,2025-11-15
106462,492,2025-11-12,delivered,card,,0.00,1718.00,2025-11-18
106463,1217,2025-11-12,delivered,card,,0.00,3390.00,2025-11-18
106464,174,2025-11-12,delivered,sbp,,0.00,4628.00,2025-11-14
106465,1585,2025-11-12,delivered,card,,0.00,2890.00,2025-11-14
106466,1697,2025-11-12,delivered,sbp,,0.00,3190.00,2025-11-16
106467,1564,2025-11-12,delivered,sbp,,0.00,3390.00,2025-11-15
106468,1983,2025-11-12,delivered,card,WELCOME10,96.90,872.10,2025-11-15
106469,1154,2025-11-12,returned,card,,0.00,6059.00,2025-11-13
106470,1873,2025-11-12,delivered,sbp,,0.00,10509.00,2025-11-13
106471,638,2025-11-12,delivered,card,,0.00,16390.00,2025-11-16
106472,1828,2025-11-12,delivered,cash,,0.00,6797.00,2025-11-17
106473,1981,2025-11-12,delivered,sbp,,0.00,6290.00,2025-11-18
106474,1165,2025-11-12,delivered,card,,0.00,54380.00,2025-11-18
106475,1518,2025-11-13,delivered,card,,0.00,19080.00,2025-11-14
106476,196,2025-11-13,delivered,card,,0.00,15880.00,2025-11-22
106477,245,2025-11-13,delivered,sbp,,0.00,3428.00,2025-11-18
106478,753,2025-11-13,delivered,sbp,,0.00,12590.00,2025-11-19
106479,642,2025-11-13,delivered,sbp,,0.00,2390.00,2025-11-16
106480,1760,2025-11-13,delivered,card,,0.00,2797.00,2025-11-16
106481,1980,2025-11-13,delivered,cash,,0.00,1538.00,2025-11-16
106482,1954,2025-11-13,delivered,card,WELCOME10,1000.00,21280.00,2025-11-18
106483,1400,2025-11-13,delivered,card,,0.00,33328.00,2025-11-21
106484,559,2025-11-13,delivered,sbp,,0.00,759.00,2025-11-17
106485,414,2025-11-13,delivered,cash,,0.00,4908.00,2025-11-15
106486,1549,2025-11-13,delivered,sbp,,0.00,439.00,2025-11-17
106487,1274,2025-11-13,cancelled,sbp,,0.00,569.00,
106488,1975,2025-11-13,delivered,cash,,0.00,75239.00,2025-11-17
106489,1795,2025-11-13,delivered,card,,0.00,2190.00,2025-11-18
106490,431,2025-11-13,delivered,sbp,,0.00,5790.00,2025-11-18
106491,584,2025-11-13,delivered,card,,0.00,4780.00,2025-11-17
106492,950,2025-11-13,returned,card,,0.00,4380.00,2025-11-15
106493,1708,2025-11-13,delivered,sbp,,0.00,669.00,2025-11-20
106494,1943,2025-11-13,delivered,card,,0.00,2780.00,2025-11-18
106495,1858,2025-11-13,delivered,card,WELCOME10,974.90,8774.10,2025-11-14
106496,1976,2025-11-13,delivered,card,WELCOME10,1000.00,9590.00,2025-11-15
106497,185,2025-11-13,delivered,card,,0.00,1190.00,2025-11-18
106498,1460,2025-11-13,delivered,sbp,,0.00,1938.00,2025-11-17
106499,1988,2025-11-13,delivered,card,,0.00,2307.00,2025-11-21
106500,1111,2025-11-13,delivered,card,,0.00,38548.00,2025-11-21
106501,1948,2025-11-13,delivered,card,,0.00,9085.00,2025-11-14
106502,1536,2025-11-13,delivered,card,,0.00,8690.00,2025-11-15
106503,837,2025-11-13,cancelled,sbp,,0.00,5097.00,
106504,1930,2025-11-14,delivered,sbp,,0.00,769.00,2025-11-19
106505,1152,2025-11-14,delivered,cash,,0.00,2307.00,2025-11-17
106506,1408,2025-11-14,delivered,card,,0.00,68550.00,2025-11-16
106507,608,2025-11-14,delivered,card,,0.00,1190.00,2025-11-18
106508,1535,2025-11-14,cancelled,sbp,,0.00,11080.00,
106509,753,2025-11-14,delivered,card,,0.00,8170.00,2025-11-20
106510,796,2025-11-14,delivered,cash,,0.00,2756.00,2025-11-15
106511,725,2025-11-14,delivered,sbp,,0.00,8690.00,2025-11-16
106512,193,2025-11-14,delivered,card,,0.00,13480.00,2025-11-17
106513,454,2025-11-14,delivered,sbp,,0.00,23829.00,2025-11-23
106514,551,2025-11-14,delivered,cash,,0.00,26550.00,2025-11-15
106515,2006,2025-11-14,delivered,card,,0.00,12480.00,2025-11-16
106516,1610,2025-11-14,delivered,sbp,,0.00,1718.00,2025-11-17
106517,1892,2025-11-14,delivered,sbp,WELCOME10,1000.00,35160.00,2025-11-24
106518,971,2025-11-14,delivered,sbp,,0.00,1790.00,2025-11-15
106519,998,2025-11-14,delivered,card,,0.00,48290.00,2025-11-21
106520,1080,2025-11-14,delivered,card,,0.00,6790.00,2025-11-18
106521,1182,2025-11-14,returned,card,,0.00,23180.00,2025-11-16
106522,1795,2025-11-14,delivered,sbp,,0.00,15980.00,2025-11-24
106523,1157,2025-11-14,delivered,card,,0.00,2908.00,2025-11-17
106524,373,2025-11-14,delivered,card,,0.00,4159.00,2025-11-18
106525,584,2025-11-14,delivered,card,,0.00,52160.00,2025-11-19
106526,1947,2025-11-14,delivered,card,,0.00,10459.00,2025-11-17
106527,1124,2025-11-14,delivered,sbp,,0.00,10570.00,2025-11-19
106528,91,2025-11-14,delivered,card,,0.00,859.00,2025-11-18
106529,1001,2025-11-14,delivered,card,,0.00,389.00,2025-11-23
106530,1301,2025-11-14,delivered,card,,0.00,44980.00,2025-11-18
106531,1357,2025-11-14,delivered,card,,0.00,18760.00,2025-11-18
106532,241,2025-11-14,delivered,card,,0.00,15780.00,2025-11-19
106533,891,2025-11-14,delivered,card,,0.00,1190.00,2025-11-16
106534,1699,2025-11-14,delivered,card,,0.00,1338.00,2025-11-17
106535,1986,2025-11-14,delivered,card,WELCOME10,171.80,1546.20,2025-11-19
106536,1977,2025-11-14,delivered,sbp,WELCOME10,47.90,431.10,2025-11-15
106537,1939,2025-11-14,delivered,card,,0.00,21280.00,2025-11-17
106538,1476,2025-11-14,delivered,sbp,,0.00,33108.00,2025-11-19
106539,1393,2025-11-14,delivered,card,,0.00,16839.00,2025-11-16
106540,1226,2025-11-14,delivered,card,,0.00,15129.00,2025-11-18
106541,1784,2025-11-14,delivered,card,,0.00,1438.00,2025-11-20
106542,1090,2025-11-14,delivered,sbp,,0.00,859.00,2025-11-20
106543,615,2025-11-14,delivered,sbp,,0.00,23570.00,2025-11-17
106544,538,2025-11-14,delivered,card,,0.00,7690.00,2025-11-18
106545,1654,2025-11-14,delivered,sbp,,0.00,2090.00,2025-11-17
106546,1457,2025-11-14,delivered,sbp,,0.00,2090.00,2025-11-17
106547,1354,2025-11-15,delivered,card,,0.00,3190.00,2025-11-22
106548,69,2025-11-15,delivered,card,,0.00,3459.00,2025-11-19
106549,854,2025-11-15,delivered,card,,0.00,5290.00,2025-11-18
106550,1947,2025-11-15,delivered,card,,0.00,2890.00,2025-11-17
106551,1346,2025-11-15,delivered,card,,0.00,57170.00,2025-11-16
106552,1400,2025-11-15,delivered,card,,0.00,20939.00,2025-11-23
106553,1955,2025-11-15,delivered,cash,,0.00,7690.00,2025-11-17
106554,402,2025-11-15,delivered,card,,0.00,4980.00,2025-11-20
106555,2000,2025-11-15,returned,card,WELCOME10,1000.00,39370.00,2025-11-18
106556,1489,2025-11-15,delivered,card,,0.00,4159.00,2025-11-17
106557,501,2025-11-15,delivered,sbp,,0.00,37618.00,2025-11-19
106558,1781,2025-11-15,delivered,card,,0.00,4380.00,2025-11-18
106559,1184,2025-11-15,delivered,sbp,,0.00,7690.00,2025-11-18
106560,1595,2025-11-15,delivered,card,,0.00,10590.00,2025-11-17
106561,1836,2025-11-15,delivered,sbp,,0.00,859.00,2025-11-18
106562,590,2025-11-15,delivered,card,,0.00,8690.00,2025-11-21
106563,1781,2025-11-15,delivered,card,,0.00,15460.00,2025-11-19
106564,1823,2025-11-15,delivered,sbp,,0.00,48729.00,2025-11-18
106565,1124,2025-11-15,returned,sbp,,0.00,21280.00,2025-11-20
106566,605,2025-11-15,delivered,card,,0.00,3190.00,2025-11-21
106567,639,2025-11-15,delivered,card,,0.00,11090.00,2025-11-21
106568,1435,2025-11-15,delivered,card,,0.00,3390.00,2025-11-18
106569,943,2025-11-15,returned,card,,0.00,35508.00,2025-11-19
106570,1090,2025-11-15,delivered,card,,0.00,769.00,2025-11-25
106571,1476,2025-11-15,delivered,card,,0.00,4459.00,2025-11-19
106572,1511,2025-11-15,delivered,card,,0.00,7690.00,2025-11-20
106573,1196,2025-11-15,delivered,card,,0.00,2390.00,2025-11-17
106574,404,2025-11-15,delivered,card,,0.00,3597.00,2025-11-18
106575,1350,2025-11-15,delivered,sbp,,0.00,13680.00,2025-11-19
106576,618,2025-11-15,delivered,card,,0.00,4790.00,2025-11-17
106577,5,2025-11-16,delivered,card,,0.00,969.00,2025-11-18
106578,1400,2025-11-16,delivered,card,,0.00,8690.00,2025-11-20
106579,1408,2025-11-16,delivered,card,,0.00,1338.00,2025-11-20
106580,69,2025-11-16,delivered,card,,0.00,53098.00,2025-11-19
106581,1350,2025-11-16,delivered,card,,0.00,778.00,2025-11-19
106582,399,2025-11-16,delivered,card,,0.00,11980.00,2025-11-18
106583,566,2025-11-16,delivered,card,,0.00,9070.00,2025-11-20
106584,1836,2025-11-16,delivered,card,,0.00,3190.00,2025-11-22
106585,1958,2025-11-16,delivered,card,,0.00,2157.00,2025-11-22
106586,1528,2025-11-16,delivered,card,,0.00,1390.00,2025-11-20
106587,2008,2025-11-16,delivered,card,,0.00,11090.00,2025-11-17
106588,282,2025-11-16,delivered,card,,0.00,569.00,2025-11-17
106589,2006,2025-11-16,delivered,sbp,,0.00,7690.00,2025-11-21
106590,1867,2025-11-16,delivered,card,,0.00,54460.00,2025-11-18
106591,1571,2025-11-16,delivered,card,,0.00,16890.00,2025-11-22
106592,496,2025-11-16,delivered,cash,,0.00,43490.00,2025-11-18
106593,1250,2025-11-16,delivered,card,,0.00,5790.00,2025-11-22
106594,1217,2025-11-16,delivered,card,,0.00,5690.00,2025-11-19
106595,1124,2025-11-16,delivered,sbp,,0.00,4249.00,2025-11-19
106596,1967,2025-11-16,delivered,card,,0.00,2149.00,2025-11-20
106597,774,2025-11-16,delivered,cash,,0.00,2307.00,2025-11-22
106598,246,2025-11-16,delivered,card,,0.00,6790.00,2025-11-22
106599,815,2025-11-16,delivered,sbp,,0.00,7190.00,2025-11-20
106600,1993,2025-11-16,delivered,cash,,0.00,49280.00,2025-11-23
106601,1373,2025-11-16,delivered,card,,0.00,15880.00,2025-11-19
106602,135,2025-11-16,delivered,card,,0.00,7690.00,2025-11-18
106603,967,2025-11-16,delivered,card,,0.00,778.00,2025-11-25
106604,334,2025-11-16,delivered,card,,0.00,859.00,2025-11-17
106605,757,2025-11-16,returned,card,,0.00,99618.00,2025-11-19
106606,1740,2025-11-16,delivered,sbp,,0.00,859.00,2025-11-21
106607,1263,2025-11-16,delivered,card,,0.00,3390.00,2025-11-17
106608,128,2025-11-16,delivered,sbp,,0.00,10580.00,2025-11-22
106609,1642,2025-11-16,delivered,card,,0.00,969.00,2025-11-22
106610,72,2025-11-16,delivered,sbp,,0.00,859.00,2025-11-21
106611,747,2025-11-16,delivered,card,,0.00,7690.00,2025-11-25
106612,725,2025-11-16,delivered,card,,0.00,5690.00,2025-11-17
106613,1216,2025-11-16,delivered,cash,,0.00,7690.00,2025-11-22
106614,615,2025-11-16,delivered,sbp,,0.00,859.00,2025-11-18
106615,1350,2025-11-16,delivered,card,,0.00,10590.00,2025-11-21
106616,352,2025-11-16,delivered,sbp,,0.00,31950.00,2025-11-18
106617,1977,2025-11-16,cancelled,cash,,0.00,5690.00,
106618,872,2025-11-17,delivered,sbp,,0.00,11580.00,2025-11-19
106619,2015,2025-11-17,cancelled,cash,,0.00,8659.00,
106620,1285,2025-11-17,delivered,card,,0.00,3928.00,2025-11-19
106621,551,2025-11-17,delivered,card,,0.00,3190.00,2025-11-18
106622,481,2025-11-17,delivered,sbp,,0.00,23929.00,2025-11-22
106623,1171,2025-11-17,delivered,cash,,0.00,12080.00,2025-11-18
106624,183,2025-11-17,delivered,sbp,,0.00,12570.00,2025-11-20
106625,808,2025-11-17,delivered,sbp,,0.00,6380.00,2025-11-22
106626,1549,2025-11-17,delivered,card,,0.00,389.00,2025-11-22
106627,1274,2025-11-17,delivered,card,,0.00,859.00,2025-11-19
106628,388,2025-11-17,delivered,card,,0.00,34049.00,2025-11-22
106629,559,2025-11-17,delivered,card,,0.00,11597.00,2025-11-20
106630,2001,2025-11-17,delivered,card,,0.00,969.00,2025-11-21
106631,1764,2025-11-17,delivered,card,,0.00,5767.00,2025-11-24
106632,1409,2025-11-17,delivered,card,,0.00,41590.00,2025-11-21
106633,907,2025-11-17,delivered,card,,0.00,10079.00,2025-11-20
106634,752,2025-11-17,delivered,sbp,,0.00,3090.00,2025-11-20
106635,1459,2025-11-17,delivered,sbp,,0.00,859.00,2025-11-19
106636,1931,2025-11-17,delivered,card,,0.00,18680.00,2025-11-21
106637,1517,2025-11-17,delivered,cash,,0.00,878.00,2025-11-19
106638,2018,2025-11-17,delivered,sbp,,0.00,8690.00,2025-11-19
106639,704,2025-11-17,returned,card,,0.00,969.00,2025-11-27
106640,955,2025-11-17,delivered,sbp,,0.00,7180.00,2025-11-23
106641,1774,2025-11-18,returned,card,,0.00,10370.00,2025-11-23
106642,1545,2025-11-18,delivered,cash,,0.00,5290.00,2025-11-22
106643,1491,2025-11-18,cancelled,card,,0.00,9690.00,
106644,985,2025-11-18,delivered,card,,0.00,2128.00,2025-11-22
106645,200,2025-11-18,delivered,sbp,,0.00,5790.00,2025-11-21
106646,204,2025-11-18,delivered,card,,0.00,4768.00,2025-11-21
106647,2012,2025-11-18,delivered,sbp,,0.00,8570.00,2025-11-22
106648,1131,2025-11-18,cancelled,card,,0.00,8470.00,
106649,605,2025-11-18,delivered,card,,0.00,28480.00,2025-11-28
106650,952,2025-11-18,delivered,card,,0.00,3390.00,2025-11-20
106651,20,2025-11-18,cancelled,sbp,,0.00,1538.00,
106652,418,2025-11-18,delivered,sbp,,0.00,859.00,2025-11-22
106653,1836,2025-11-18,delivered,card,,0.00,3390.00,2025-11-21
106654,1101,2025-11-18,delivered,card,,0.00,2890.00,2025-11-21
106655,557,2025-11-18,delivered,card,,0.00,2780.00,2025-11-24
106656,1800,2025-11-18,delivered,cash,,0.00,479.00,2025-11-25
106657,1336,2025-11-18,delivered,card,,0.00,2090.00,2025-11-21
106658,231,2025-11-18,delivered,card,,0.00,1859.00,2025-11-23
106659,1649,2025-11-18,delivered,sbp,,0.00,859.00,2025-11-21
106660,1828,2025-11-18,delivered,cash,,0.00,1790.00,2025-11-23
106661,642,2025-11-18,delivered,card,,0.00,3190.00,2025-11-21
106662,1954,2025-11-18,cancelled,card,,0.00,4790.00,
106663,993,2025-11-18,delivered,card,,0.00,14880.00,2025-11-22
106664,581,2025-11-18,delivered,cash,,0.00,3908.00,2025-11-23
106665,1844,2025-11-18,delivered,card,,0.00,769.00,2025-11-20
106666,608,2025-11-18,delivered,sbp,,0.00,2577.00,2025-11-24
106667,1660,2025-11-18,delivered,cash,,0.00,18159.00,2025-11-26
106668,1535,2025-11-18,delivered,card,,0.00,31390.00,2025-11-21
106669,1208,2025-11-18,delivered,card,,0.00,9180.00,2025-11-25
106670,1999,2025-11-18,delivered,card,,0.00,6380.00,2025-11-24
106671,502,2025-11-18,delivered,sbp,,0.00,56128.00,2025-11-20
106672,1899,2025-11-18,delivered,sbp,,0.00,2890.00,2025-11-21
106673,802,2025-11-19,returned,card,,0.00,2907.00,2025-11-22
106674,1383,2025-11-19,delivered,sbp,,0.00,9580.00,2025-11-23
106675,1518,2025-11-19,delivered,card,,0.00,4790.00,2025-11-22
106676,1199,2025-11-19,delivered,card,,0.00,31390.00,2025-11-20
106677,642,2025-11-19,delivered,card,,0.00,769.00,2025-11-22
106678,406,2025-11-19,delivered,card,,0.00,12380.00,2025-11-22
106679,1939,2025-11-19,delivered,card,,0.00,15380.00,2025-11-21
106680,1310,2025-11-19,delivered,cash,,0.00,938.00,2025-11-23
106681,1947,2025-11-19,delivered,cash,,0.00,6790.00,2025-11-21
106682,568,2025-11-19,delivered,sbp,,0.00,969.00,2025-11-23
106683,1839,2025-11-19,delivered,card,,0.00,10270.00,2025-11-20
106684,1964,2025-11-19,delivered,card,,0.00,859.00,2025-11-24
106685,1953,2025-11-19,delivered,card,,0.00,1290.00,2025-11-24
106686,1201,2025-11-19,delivered,sbp,,0.00,2890.00,2025-11-29
106687,802,2025-11-19,delivered,card,,0.00,10590.00,2025-11-22
106688,1782,2025-11-19,delivered,card,,0.00,2390.00,2025-11-23
106689,511,2025-11-19,delivered,card,,0.00,2277.00,2025-11-22
106690,574,2025-11-19,delivered,card,,0.00,3190.00,2025-11-22
106691,2003,2025-11-19,delivered,sbp,WELCOME10,339.00,3051.00,2025-11-21
106692,20,2025-11-19,delivered,sbp,,0.00,14539.00,2025-11-23
106693,233,2025-11-19,delivered,card,,0.00,21769.00,2025-11-26
106694,1967,2025-11-19,delivered,cash,,0.00,6380.00,2025-11-21
106695,1054,2025-11-19,delivered,sbp,,0.00,7770.00,2025-11-22
106696,1955,2025-11-19,delivered,card,,0.00,5580.00,2025-11-21
106697,1955,2025-11-19,delivered,card,,0.00,4166.00,2025-11-22
106698,1784,2025-11-19,delivered,card,,0.00,8197.00,2025-11-23
106699,538,2025-11-19,delivered,card,,0.00,5080.00,2025-11-23
106700,1884,2025-11-19,delivered,card,,0.00,2090.00,2025-11-22
106701,520,2025-11-19,delivered,card,,0.00,40580.00,2025-11-29
106702,2003,2025-11-19,cancelled,card,,0.00,17390.00,
106703,1258,2025-11-19,delivered,card,,0.00,1390.00,2025-11-22
106704,1222,2025-11-19,delivered,card,,0.00,41590.00,2025-11-20
106705,2020,2025-11-19,delivered,card,,0.00,2190.00,2025-11-21
106706,1654,2025-11-19,delivered,cash,,0.00,1890.00,2025-11-22
106707,1142,2025-11-19,delivered,card,,0.00,859.00,2025-11-24
106708,1467,2025-11-19,returned,card,,0.00,969.00,2025-11-22
106709,1463,2025-11-19,delivered,cash,,0.00,1290.00,2025-11-22
106710,2017,2025-11-19,delivered,card,WELCOME10,85.90,773.10,2025-11-26
106711,290,2025-11-20,delivered,card,,0.00,16890.00,2025-11-29
106712,1106,2025-11-20,delivered,card,,0.00,439.00,2025-11-23
106713,1956,2025-11-20,delivered,sbp,,0.00,1718.00,2025-11-23
106714,1955,2025-11-20,delivered,card,,0.00,16480.00,2025-11-24
106715,1828,2025-11-20,delivered,card,,0.00,1390.00,2025-11-22
106716,1738,2025-11-20,delivered,card,,0.00,769.00,2025-11-21
106717,971,2025-11-20,delivered,card,,0.00,3180.00,2025-11-22
106718,97,2025-11-20,delivered,card,,0.00,1890.00,2025-11-25
106719,1106,2025-11-20,delivered,card,,0.00,439.00,2025-11-26
106720,1623,2025-11-20,delivered,card,,0.00,18270.00,2025-11-23
106721,1702,2025-11-20,delivered,cash,,0.00,4290.00,2025-11-24
106722,680,2025-11-20,delivered,card,,0.00,1707.00,2025-11-22
106723,1212,2025-11-20,delivered,card,,0.00,2007.00,2025-11-23
106724,1523,2025-11-20,delivered,card,,0.00,2968.00,2025-11-24
106725,1054,2025-11-20,delivered,cash,,0.00,52149.00,2025-11-22
106726,777,2025-11-20,delivered,sbp,,0.00,4980.00,2025-11-21
106727,1731,2025-11-20,delivered,card,,0.00,7680.00,2025-11-23
106728,1725,2025-11-20,returned,sbp,,0.00,4849.00,2025-11-21
106729,1823,2025-11-20,delivered,card,,0.00,10518.00,2025-11-25
106730,971,2025-11-20,delivered,card,,0.00,2190.00,2025-11-23
106731,820,2025-11-20,cancelled,card,,0.00,10590.00,
106732,1098,2025-11-20,delivered,card,,0.00,31390.00,2025-11-23
106733,1301,2025-11-20,delivered,card,,0.00,28708.00,2025-11-25
106734,1702,2025-11-20,delivered,card,,0.00,1190.00,2025-11-24
106735,495,2025-11-20,delivered,card,,0.00,1390.00,2025-11-23
106736,1167,2025-11-20,delivered,card,,0.00,16890.00,2025-11-24
106737,1178,2025-11-20,delivered,sbp,,0.00,1190.00,2025-11-23
106738,1603,2025-11-20,cancelled,sbp,,0.00,2390.00,
106739,2033,2025-11-20,delivered,card,WELCOME10,1000.00,11590.00,2025-11-27
106740,742,2025-11-20,delivered,card,,0.00,859.00,2025-11-28
106741,594,2025-11-20,delivered,card,,0.00,43629.00,2025-11-22
106742,1139,2025-11-20,cancelled,card,,0.00,14480.00,
106743,1054,2025-11-20,delivered,sbp,,0.00,27090.00,2025-11-22
106744,573,2025-11-20,delivered,card,,0.00,3767.00,2025-11-23
106745,1148,2025-11-20,delivered,card,,0.00,9170.00,2025-11-29
106746,1452,2025-11-21,delivered,card,,0.00,35349.00,2025-11-28
106747,1159,2025-11-21,delivered,card,,0.00,7690.00,2025-11-26
106748,1147,2025-11-21,delivered,card,,0.00,9690.00,2025-11-23
106749,1026,2025-11-21,delivered,card,,0.00,147480.00,2025-11-26
106750,1567,2025-11-21,delivered,card,,0.00,14328.00,2025-11-26
106751,1630,2025-11-21,delivered,card,,0.00,50780.00,2025-11-25
106752,1832,2025-11-21,delivered,card,,0.00,30956.00,2025-11-25
106753,906,2025-11-21,delivered,card,,0.00,14180.00,2025-11-24
106754,1923,2025-11-21,delivered,sbp,WELCOME10,47.90,431.10,2025-11-24
106755,1819,2025-11-21,delivered,card,,0.00,1538.00,2025-11-22
106756,2023,2025-11-21,delivered,sbp,WELCOME10,171.80,1546.20,2025-11-23
106757,1857,2025-11-21,returned,cash,,0.00,14660.00,2025-11-25
106758,1389,2025-11-21,delivered,card,,0.00,6790.00,2025-11-24
106759,2014,2025-11-21,delivered,sbp,,0.00,3090.00,2025-11-26
106760,796,2025-11-21,delivered,cash,,0.00,40708.00,2025-11-24
106761,2025,2025-11-21,delivered,sbp,WELCOME10,1000.00,23198.00,2025-11-24
106762,388,2025-11-21,delivered,sbp,,0.00,3190.00,2025-11-24
106763,1325,2025-11-21,delivered,sbp,,0.00,7080.00,2025-11-24
106764,581,2025-11-21,delivered,card,,0.00,47890.00,2025-11-25
106765,552,2025-11-21,delivered,card,,0.00,2180.00,2025-11-26
106766,717,2025-11-21,delivered,sbp,,0.00,30650.00,2025-11-27
106767,1184,2025-11-21,delivered,card,,0.00,23539.00,2025-11-26
106768,563,2025-11-21,delivered,sbp,,0.00,7190.00,2025-11-23
106769,1353,2025-11-21,delivered,card,,0.00,3090.00,2025-11-24
106770,1823,2025-11-21,delivered,card,,0.00,2190.00,2025-11-27
106771,417,2025-11-21,delivered,sbp,,0.00,2359.00,2025-11-23
106772,1111,2025-11-21,delivered,card,,0.00,5290.00,2025-11-25
106773,803,2025-11-22,delivered,card,,0.00,5559.00,2025-11-28
106774,1371,2025-11-22,delivered,sbp,,0.00,36160.00,2025-11-27
106775,538,2025-11-22,delivered,sbp,,0.00,4680.00,2025-11-27
106776,114,2025-11-22,returned,card,,0.00,15470.00,2025-11-25
106777,361,2025-11-22,delivered,card,,0.00,769.00,2025-11-28
106778,1876,2025-11-22,delivered,card,,0.00,769.00,2025-11-25
106779,1013,2025-11-22,delivered,card,,0.00,37508.00,2025-11-27
106780,894,2025-11-22,delivered,card,,0.00,29980.00,2025-11-25
106781,753,2025-11-22,delivered,card,,0.00,14980.00,2025-11-30
106782,678,2025-11-22,delivered,card,,0.00,31390.00,2025-11-25
106783,495,2025-11-22,delivered,card,,0.00,10370.00,2025-11-25
106784,627,2025-11-22,delivered,sbp,,0.00,11770.00,2025-11-26
106785,1101,2025-11-22,delivered,card,,0.00,4390.00,2025-11-25
106786,1914,2025-11-22,delivered,card,,0.00,1890.00,2025-11-24
106787,2036,2025-11-22,delivered,sbp,WELCOME10,958.00,8622.00,2025-11-24
106788,812,2025-11-22,delivered,card,,0.00,3697.00,2025-11-25
106789,1675,2025-11-22,delivered,card,,0.00,1707.00,2025-11-29
106790,1009,2025-11-22,delivered,card,,0.00,7270.00,2025-11-25
106791,1909,2025-11-22,delivered,card,,0.00,2907.00,2025-11-24
106792,741,2025-11-22,delivered,sbp,,0.00,11880.00,2025-11-28
106793,1241,2025-11-22,delivered,card,,0.00,18780.00,2025-11-25
106794,121,2025-11-22,delivered,card,,0.00,1790.00,2025-11-28
106795,675,2025-11-22,delivered,sbp,,0.00,15160.00,2025-11-25
106796,812,2025-11-22,delivered,card,,0.00,24190.00,2025-11-25
106797,563,2025-11-22,delivered,card,,0.00,4790.00,2025-11-25
106798,1781,2025-11-22,delivered,card,,0.00,12980.00,2025-11-25
106799,1427,2025-11-22,delivered,cash,,0.00,53180.00,2025-11-30
106800,1288,2025-11-22,delivered,sbp,,0.00,7190.00,2025-11-26
106801,157,2025-11-22,delivered,sbp,,0.00,4018.00,2025-11-25
106802,1869,2025-11-22,delivered,sbp,,0.00,42159.00,2025-11-24
106803,1749,2025-11-22,delivered,card,,0.00,3569.00,2025-11-27
106804,1118,2025-11-22,delivered,sbp,,0.00,1890.00,2025-11-24
106805,1139,2025-11-22,delivered,card,,0.00,1437.00,2025-11-25
106806,1738,2025-11-22,delivered,card,,0.00,769.00,2025-11-23
106807,417,2025-11-22,delivered,card,,0.00,769.00,2025-11-24
106808,2008,2025-11-22,delivered,cash,,0.00,20280.00,2025-11-24
106809,2039,2025-11-22,delivered,sbp,,0.00,19540.00,2025-11-27
106810,404,2025-11-22,delivered,card,,0.00,13090.00,2025-11-25
106811,1896,2025-11-22,delivered,card,,0.00,48390.00,2025-11-29
106812,2037,2025-11-22,delivered,sbp,,0.00,6349.00,2025-11-24
106813,102,2025-11-22,delivered,sbp,,0.00,15780.00,2025-11-23
106814,873,2025-11-22,delivered,card,,0.00,94780.00,2025-11-27
106815,1993,2025-11-22,delivered,card,,0.00,13749.00,2025-11-29
106816,139,2025-11-22,delivered,card,,0.00,859.00,2025-12-01
106817,967,2025-11-22,delivered,card,,0.00,6846.00,2025-11-29
106818,1846,2025-11-22,delivered,card,,0.00,12770.00,2025-12-02
106819,268,2025-11-22,delivered,card,,0.00,20270.00,2025-11-26
106820,855,2025-11-23,delivered,card,,0.00,9690.00,2025-11-26
106821,1285,2025-11-23,delivered,sbp,,0.00,10080.00,2025-11-24
106822,1594,2025-11-23,delivered,sbp,,0.00,1338.00,2025-11-26
106823,618,2025-11-23,delivered,cash,,0.00,1338.00,2025-11-28
106824,894,2025-11-23,delivered,sbp,,0.00,5880.00,2025-11-25
106825,873,2025-11-23,returned,card,,0.00,3090.00,2025-11-29
106826,20,2025-11-23,delivered,sbp,,0.00,2696.00,2025-11-28
106827,1949,2025-11-23,delivered,sbp,,0.00,859.00,2025-11-26
106828,1150,2025-11-23,delivered,card,,0.00,7698.00,2025-11-26
106829,1978,2025-11-23,delivered,sbp,,0.00,12590.00,2025-11-27
106830,1166,2025-11-23,returned,card,,0.00,67366.00,2025-11-28
106831,993,2025-11-23,delivered,card,,0.00,759.00,2025-11-30
106832,1598,2025-11-23,delivered,sbp,,0.00,12786.00,2025-11-25
106833,1142,2025-11-23,delivered,card,,0.00,7190.00,2025-11-25
106834,1350,2025-11-23,delivered,card,,0.00,3890.00,2025-11-27
106835,1414,2025-11-23,delivered,card,,0.00,50080.00,2025-11-29
106836,1230,2025-11-23,delivered,card,,0.00,51290.00,2025-11-25
106837,1610,2025-11-23,delivered,card,,0.00,16460.00,2025-11-25
106838,937,2025-11-23,delivered,card,,0.00,35790.00,2025-12-01
106839,1836,2025-11-23,delivered,sbp,,0.00,7190.00,2025-11-26
106840,166,2025-11-23,cancelled,card,,0.00,8609.00,
106841,914,2025-11-23,delivered,card,,0.00,2190.00,2025-11-25
106842,1309,2025-11-23,delivered,sbp,,0.00,859.00,2025-11-29
106843,1748,2025-11-23,cancelled,sbp,,0.00,7480.00,
106844,2021,2025-11-23,delivered,card,,0.00,8690.00,2025-11-30
106845,215,2025-11-23,delivered,card,,0.00,6290.00,2025-11-30
106846,433,2025-11-23,delivered,sbp,,0.00,16390.00,2025-12-02
106847,1111,2025-11-23,delivered,cash,,0.00,67180.00,2025-11-29
106848,1117,2025-11-23,delivered,sbp,,0.00,859.00,2025-11-27
106849,102,2025-11-23,delivered,sbp,,0.00,4908.00,2025-11-24
106850,1467,2025-11-23,delivered,card,,0.00,32380.00,2025-11-26
106851,1393,2025-11-23,delivered,card,,0.00,569.00,2025-11-27
106852,1650,2025-11-23,cancelled,card,WELCOME10,219.00,1971.00,
106853,1522,2025-11-23,delivered,sbp,,0.00,4556.00,2025-12-01
106854,1699,2025-11-23,returned,sbp,,0.00,5790.00,2025-11-26
106855,107,2025-11-23,delivered,card,,0.00,3180.00,2025-11-25
106856,2021,2025-11-23,delivered,card,,0.00,2577.00,2025-11-30
106857,483,2025-11-23,delivered,card,,0.00,7629.00,2025-12-03
106858,1008,2025-11-23,delivered,card,,0.00,9129.00,2025-11-28
106859,605,2025-11-23,delivered,sbp,,0.00,1590.00,2025-11-30
106860,294,2025-11-23,delivered,card,,0.00,4928.00,2025-11-26
106861,1920,2025-11-23,delivered,sbp,,0.00,3048.00,2025-11-24
106862,840,2025-11-23,delivered,sbp,,0.00,4087.00,2025-11-26
106863,1208,2025-11-23,delivered,sbp,,0.00,1590.00,2025-12-01
106864,1507,2025-11-23,delivered,cash,,0.00,13470.00,2025-11-29
106865,1408,2025-11-23,delivered,sbp,,0.00,3890.00,2025-11-26
106866,1648,2025-11-24,delivered,sbp,BLACKFRIDAY,1183.05,6703.95,2025-11-27
106867,1285,2025-11-24,delivered,card,,0.00,6060.00,2025-11-25
106868,788,2025-11-24,delivered,cash,BLACKFRIDAY,583.50,3306.50,2025-11-29
106869,495,2025-11-24,delivered,card,BLACKFRIDAY,1904.55,10792.45,2025-11-27
106870,1587,2025-11-24,returned,card,,0.00,3780.00,2025-11-27
106871,1144,2025-11-24,cancelled,card,,0.00,16390.00,
106872,2049,2025-11-24,delivered,card,,0.00,1890.00,2025-12-01
106873,126,2025-11-24,delivered,card,BLACKFRIDAY,1888.50,10701.50,2025-12-03
106874,1090,2025-11-24,delivered,card,BLACKFRIDAY,7258.50,41131.50,2025-12-02
106875,1008,2025-11-24,returned,card,BLACKFRIDAY,868.50,4921.50,2025-11-27
106876,1978,2025-11-24,delivered,sbp,,0.00,6790.00,2025-11-28
106877,135,2025-11-24,delivered,card,BLACKFRIDAY,1124.70,6373.30,2025-11-28
106878,1943,2025-11-24,delivered,sbp,BLACKFRIDAY,115.35,653.65,2025-11-29
106879,547,2025-11-24,cancelled,cash,BLACKFRIDAY,2206.20,12501.80,
106880,2013,2025-11-24,delivered,sbp,BLACKFRIDAY,1153.50,6536.50,2025-11-29
106881,827,2025-11-24,delivered,card,,0.00,469.00,2025-11-27
106882,278,2025-11-24,delivered,card,BLACKFRIDAY,868.50,4921.50,2025-11-27
106883,661,2025-11-24,delivered,card,,0.00,7070.00,2025-11-28
106884,2032,2025-11-24,delivered,sbp,BLACKFRIDAY,71.85,407.15,2025-11-26
106885,1978,2025-11-24,delivered,card,BLACKFRIDAY,9655.50,54714.50,2025-11-26
106886,752,2025-11-24,delivered,card,BLACKFRIDAY,116.70,661.30,2025-11-26
106887,1823,2025-11-24,delivered,card,BLACKFRIDAY,230.70,1307.30,2025-11-30
106888,1393,2025-11-24,delivered,card,,0.00,7290.00,2025-11-28
106889,1142,2025-11-24,delivered,card,,0.00,66588.00,2025-11-26
106890,1305,2025-11-24,delivered,card,BLACKFRIDAY,268.50,1521.50,2025-11-28
106891,661,2025-11-24,delivered,card,BLACKFRIDAY,3628.50,20561.50,2025-11-26
106892,1636,2025-11-24,delivered,card,,0.00,52170.00,2025-11-26
106893,180,2025-11-24,delivered,card,,0.00,4790.00,2025-11-28
106894,967,2025-11-24,delivered,sbp,,0.00,14970.00,2025-11-29
106895,1710,2025-11-25,delivered,sbp,BLACKFRIDAY,257.70,1460.30,2025-12-05
106896,2047,2025-11-25,delivered,sbp,FRIEND300,300.00,1590.00,2025-11-28
106897,998,2025-11-25,delivered,card,BLACKFRIDAY,358.50,2031.50,2025-11-30
106898,1836,2025-11-25,cancelled,cash,,0.00,24670.00,
106899,1388,2025-11-25,delivered,card,BLACKFRIDAY,478.50,2711.50,2025-11-28
106900,129,2025-11-25,delivered,card,,0.00,13360.00,2025-11-27
106901,1634,2025-11-25,delivered,sbp,BLACKFRIDAY,972.00,5508.00,2025-11-27
106902,97,2025-11-25,delivered,card,BLACKFRIDAY,8814.00,49946.00,2025-11-29
106903,840,2025-11-25,delivered,sbp,,0.00,10997.00,2025-11-28
106904,1578,2025-11-25,delivered,card,BLACKFRIDAY,507.00,2873.00,2025-11-28
106905,1712,2025-11-25,returned,sbp,BLACKFRIDAY,4063.50,23026.50,2025-11-27
106906,1795,2025-11-25,delivered,card,,0.00,41187.00,2025-12-01
106907,1974,2025-11-25,delivered,sbp,BLACKFRIDAY,145.35,823.65,2025-11-27
106908,1356,2025-11-25,returned,card,,0.00,19970.00,2025-11-27
106909,380,2025-11-25,cancelled,cash,BLACKFRIDAY,1888.50,10701.50,
106910,294,2025-11-25,delivered,card,,0.00,3890.00,2025-11-28
106911,77,2025-11-25,delivered,sbp,BLACKFRIDAY,70.35,398.65,2025-11-26
106912,1886,2025-11-25,delivered,card,,0.00,9690.00,2025-11-26
106913,1446,2025-11-25,delivered,card,BLACKFRIDAY,2027.70,11490.30,2025-12-05
106914,618,2025-11-25,delivered,card,BLACKFRIDAY,208.50,1181.50,2025-11-27
106915,1491,2025-11-25,delivered,sbp,,0.00,2380.00,2025-11-28
106916,2037,2025-11-25,returned,sbp,BLACKFRIDAY,230.70,1307.30,2025-11-27
106917,188,2025-11-25,delivered,sbp,,0.00,9690.00,2025-11-27
106918,2036,2025-11-25,delivered,card,BLACKFRIDAY,85.35,483.65,2025-11-26
106919,812,2025-11-25,delivered,card,,0.00,9127.00,2025-11-28
106920,361,2025-11-25,cancelled,card,BLACKFRIDAY,1527.00,8653.00,
106921,728,2025-11-25,delivered,sbp,,0.00,5780.00,2025-11-29
106922,1693,2025-11-25,delivered,sbp,BLACKFRIDAY,115.35,653.65,2025-12-01
106923,1589,2025-11-25,delivered,card,BLACKFRIDAY,7258.50,41131.50,2025-11-28
106924,191,2025-11-25,delivered,sbp,,0.00,938.00,2025-11-27
106925,352,2025-11-25,delivered,card,,0.00,4790.00,2025-11-26
106926,1778,2025-11-25,delivered,sbp,WELCOME10,43.90,395.10,2025-11-28
106927,1594,2025-11-25,returned,card,,0.00,769.00,2025-11-29
106928,2050,2025-11-25,delivered,card,BLACKFRIDAY,1097.70,6220.30,2025-11-28
106929,924,2025-11-25,delivered,card,,0.00,1690.00,2025-11-29
106930,84,2025-11-25,delivered,sbp,BLACKFRIDAY,1213.05,6873.95,2025-11-29
106931,476,2025-11-26,delivered,sbp,,0.00,4080.00,2025-12-04
106932,1746,2025-11-26,delivered,card,,0.00,31370.00,2025-11-29
106933,2050,2025-11-26,delivered,card,,0.00,2577.00,2025-11-28
106934,20,2025-11-26,delivered,card,,0.00,1290.00,2025-11-30
106935,419,2025-11-26,delivered,card,BLACKFRIDAY,652.20,3695.80,2025-11-28
106936,2058,2025-11-26,delivered,card,,0.00,27950.00,2025-12-01
106937,1948,2025-11-26,delivered,sbp,,0.00,5880.00,2025-11-29
106938,687,2025-11-26,delivered,sbp,BLACKFRIDAY,1093.50,6196.50,2025-11-28
106939,442,2025-11-26,delivered,sbp,,0.00,5690.00,2025-11-29
106940,1562,2025-11-26,delivered,card,BLACKFRIDAY,397.35,2251.65,2025-12-01
106941,369,2025-11-26,delivered,sbp,,0.00,6790.00,2025-11-27
106942,351,2025-11-26,delivered,cash,BLACKFRIDAY,1489.35,8439.65,2025-11-28
106943,742,2025-11-26,delivered,sbp,,0.00,11590.00,2025-12-02
106944,1819,2025-11-26,delivered,sbp,,0.00,1190.00,2025-11-27
106945,1197,2025-11-26,delivered,sbp,,0.00,2287.00,2025-11-30
106946,1679,2025-11-26,delivered,card,,0.00,2907.00,2025-11-29
106947,755,2025-11-26,delivered,card,,0.00,27080.00,2025-11-28
106948,555,2025-11-26,delivered,sbp,,0.00,569.00,2025-12-05
106949,1511,2025-11-26,delivered,card,BLACKFRIDAY,478.50,2711.50,2025-12-01
106950,1694,2025-11-26,delivered,sbp,BLACKFRIDAY,71.85,407.15,2025-11-29
106951,2008,2025-11-26,delivered,cash,BLACKFRIDAY,897.00,5083.00,2025-11-27
106952,802,2025-11-26,delivered,card,BLACKFRIDAY,364.20,2063.80,2025-11-28
106953,2053,2025-11-26,delivered,sbp,FRIEND300,300.00,10970.00,2025-11-29
106954,1947,2025-11-26,delivered,card,,0.00,82290.00,2025-11-27
106955,538,2025-11-26,returned,card,,0.00,22180.00,2025-12-01
106956,796,2025-11-26,delivered,card,,0.00,2890.00,2025-11-27
106957,580,2025-11-26,delivered,card,BLACKFRIDAY,131.70,746.30,2025-11-28
106958,442,2025-11-26,delivered,sbp,BLACKFRIDAY,1736.55,9840.45,2025-12-01
106959,1808,2025-11-26,delivered,card,,0.00,37197.00,2025-11-29
106960,473,2025-11-26,delivered,card,,0.00,13380.00,2025-11-28
106961,1702,2025-11-26,delivered,sbp,,0.00,35790.00,2025-12-01
106962,1435,2025-11-26,delivered,sbp,BLACKFRIDAY,12601.20,71406.80,2025-11-30
106963,605,2025-11-26,delivered,card,,0.00,1828.00,2025-11-30
106964,1649,2025-11-26,delivered,sbp,,0.00,43590.00,2025-11-27
106965,1959,2025-11-26,returned,card,BLACKFRIDAY,478.50,2711.50,2025-11-29
106966,1450,2025-11-27,delivered,card,BLACKFRIDAY,70.35,398.65,2025-12-01
106967,1528,2025-11-27,cancelled,card,,0.00,4680.00,
106968,1566,2025-11-27,delivered,card,BLACKFRIDAY,178.50,1011.50,2025-12-04
106969,774,2025-11-27,delivered,sbp,,0.00,2890.00,2025-12-04
106970,122,2025-11-27,delivered,card,,0.00,2577.00,2025-12-06
106971,1611,2025-11-27,delivered,sbp,BLACKFRIDAY,4490.85,25448.15,2025-12-02
106972,664,2025-11-27,delivered,card,,0.00,27239.00,2025-11-30
106973,1250,2025-11-27,returned,cash,,0.00,43897.00,2025-12-05
106974,1668,2025-11-27,delivered,card,BLACKFRIDAY,943.50,5346.50,2025-12-10
106975,618,2025-11-27,delivered,card,,0.00,7780.00,2025-12-02
106976,804,2025-11-27,delivered,sbp,BLACKFRIDAY,927.00,5253.00,2025-12-08
106977,2008,2025-11-27,delivered,cash,BLACKFRIDAY,1093.50,6196.50,2025-12-01
106978,409,2025-11-27,delivered,sbp,BLACKFRIDAY,1022.70,5795.30,2025-12-03
106979,752,2025-11-27,delivered,card,BLACKFRIDAY,2920.05,16546.95,2025-12-01
106980,404,2025-11-27,delivered,card,BLACKFRIDAY,70.35,398.65,2025-12-01
106981,832,2025-11-27,delivered,card,,0.00,46480.00,2025-12-04
106982,725,2025-11-27,delivered,card,BLACKFRIDAY,4723.50,26766.50,2025-11-30
106983,1535,2025-11-27,delivered,card,BLACKFRIDAY,323.85,1835.15,2025-12-05
106984,1297,2025-11-27,delivered,cash,,0.00,1938.00,2025-12-04
106985,623,2025-11-27,delivered,cash,BLACKFRIDAY,1154.25,6540.75,2025-11-30
106986,1350,2025-11-27,cancelled,sbp,BLACKFRIDAY,323.85,1835.15,
106987,1421,2025-11-27,delivered,card,,0.00,11070.00,2025-12-02
106988,559,2025-11-27,delivered,card,,0.00,49928.00,2025-12-05
106989,2059,2025-11-27,delivered,card,BLACKFRIDAY,128.85,730.15,2025-12-04
106990,699,2025-11-27,delivered,card,BLACKFRIDAY,208.50,1181.50,2025-12-05
106991,705,2025-11-27,delivered,card,BLACKFRIDAY,758.85,4300.15,2025-12-05
106992,1486,2025-11-27,delivered,sbp,,0.00,37797.00,2025-12-01
106993,1407,2025-11-27,delivered,sbp,,0.00,36270.00,2025-12-06
106994,490,2025-11-27,delivered,cash,BLACKFRIDAY,1074.90,6091.10,2025-11-30
106995,1175,2025-11-27,delivered,card,,0.00,12590.00,2025-12-01
106996,1151,2025-11-27,delivered,card,,0.00,2890.00,2025-12-03
106997,1549,2025-11-27,delivered,sbp,,0.00,1718.00,2025-12-07
106998,1817,2025-11-27,delivered,sbp,FRIEND300,300.00,43290.00,2025-12-02
106999,200,2025-11-27,delivered,sbp,,0.00,3390.00,2025-12-03
107000,1292,2025-11-27,delivered,sbp,BLACKFRIDAY,2017.35,11431.65,2025-12-01
107001,922,2025-11-27,cancelled,cash,BLACKFRIDAY,431.55,2445.45,
107002,939,2025-11-27,delivered,sbp,BLACKFRIDAY,718.50,4071.50,2025-12-03
107003,312,2025-11-27,cancelled,sbp,BLACKFRIDAY,12343.50,69946.50,
107004,1235,2025-11-27,delivered,card,,0.00,13528.00,2025-12-03
107005,351,2025-11-27,delivered,sbp,BLACKFRIDAY,6238.50,35351.50,2025-12-02
107006,424,2025-11-27,cancelled,sbp,,0.00,1718.00,
107007,2057,2025-11-27,delivered,cash,,0.00,3459.00,2025-12-01
107008,1075,2025-11-27,delivered,cash,BLACKFRIDAY,115.35,653.65,2025-12-02
107009,417,2025-11-27,delivered,card,,0.00,859.00,2025-11-30
107010,1648,2025-11-27,returned,card,BLACKFRIDAY,718.50,4071.50,2025-12-02
107011,1963,2025-11-27,returned,card,,0.00,3190.00,2025-12-02
107012,1941,2025-11-27,delivered,sbp,BLACKFRIDAY,413.85,2345.15,2025-12-03
107013,404,2025-11-27,delivered,sbp,,0.00,4790.00,2025-12-03
107014,838,2025-11-27,delivered,card,BLACKFRIDAY,417.00,2363.00,2025-12-02
107015,496,2025-11-27,cancelled,card,BLACKFRIDAY,1497.00,8483.00,
107016,590,2025-11-27,delivered,sbp,,0.00,12470.00,2025-12-03
107017,118,2025-11-27,delivered,sbp,BLACKFRIDAY,657.00,3723.00,2025-12-01
107018,1668,2025-11-27,delivered,card,,0.00,3859.00,2025-12-08
107019,1325,2025-11-27,delivered,card,,0.00,24190.00,2025-12-01
107020,574,2025-11-27,delivered,card,BLACKFRIDAY,128.85,730.15,2025-12-01
107021,452,2025-11-27,delivered,sbp,BLACKFRIDAY,358.50,2031.50,2025-12-04
107022,444,2025-11-27,delivered,card,BLACKFRIDAY,552.00,3128.00,2025-12-05
107023,753,2025-11-27,delivered,card,,0.00,3666.00,2025-12-08
107024,1806,2025-11-27,delivered,card,,0.00,67270.00,2025-12-02
107025,812,2025-11-27,delivered,card,,0.00,36980.00,2025-12-01
107026,1322,2025-11-27,delivered,card,BLACKFRIDAY,433.50,2456.50,2025-12-03
107027,369,2025-11-27,delivered,card,,0.00,6180.00,2025-12-02
107028,1171,2025-11-27,delivered,card,BLACKFRIDAY,70.35,398.65,2025-12-03
107029,162,2025-11-27,cancelled,sbp,BLACKFRIDAY,70.35,398.65,
107030,1236,2025-11-27,delivered,card,,0.00,12590.00,2025-12-02
107031,812,2025-11-27,delivered,cash,BLACKFRIDAY,508.50,2881.50,2025-12-04
107032,775,2025-11-27,delivered,card,BLACKFRIDAY,517.35,2931.65,2025-12-01
107033,1034,2025-11-27,delivered,card,BLACKFRIDAY,8947.05,50699.95,2025-12-01
107034,950,2025-11-27,delivered,card,BLACKFRIDAY,3902.85,22116.15,2025-12-04
107035,1148,2025-11-27,returned,sbp,,0.00,11359.00,2025-12-05
107036,608,2025-11-27,cancelled,card,BLACKFRIDAY,358.50,2031.50,
107037,1763,2025-11-27,delivered,card,,0.00,9028.00,2025-12-06
107038,1072,2025-11-27,delivered,sbp,,0.00,778.00,2025-12-05
107039,179,2025-11-27,delivered,card,,0.00,4445.00,2025-12-03
107040,168,2025-11-27,delivered,sbp,BLACKFRIDAY,1018.50,5771.50,2025-11-30
107041,1552,2025-11-27,delivered,card,,0.00,9670.00,2025-12-03
107042,1130,2025-11-27,delivered,card,WELCOME10,283.80,2554.20,2025-12-07
107043,566,2025-11-27,delivered,sbp,,0.00,35780.00,2025-12-04
107044,1421,2025-11-27,delivered,cash,,0.00,16490.00,2025-11-29
107045,1380,2025-11-27,delivered,sbp,BLACKFRIDAY,853.50,4836.50,2025-12-03
107046,749,2025-11-27,delivered,card,BLACKFRIDAY,6238.50,35351.50,2025-11-29
107047,557,2025-11-27,delivered,cash,,0.00,22180.00,2025-12-03
107048,180,2025-11-27,cancelled,card,BLACKFRIDAY,478.50,2711.50,
107049,578,2025-11-27,delivered,cash,BLACKFRIDAY,1480.50,8389.50,2025-12-08
107050,1284,2025-11-27,delivered,card,BLACKFRIDAY,128.85,730.15,2025-12-04
107051,2038,2025-11-27,delivered,card,WELCOME10,239.60,2156.40,2025-12-03
107052,1288,2025-11-27,cancelled,card,BLACKFRIDAY,1688.40,9567.60,
107053,1618,2025-11-27,delivered,sbp,BLACKFRIDAY,688.50,3901.50,2025-12-02
107054,1545,2025-11-27,delivered,card,BLACKFRIDAY,655.50,3714.50,2025-12-01
107055,1467,2025-11-27,returned,card,BLACKFRIDAY,949.20,5378.80,2025-11-30
107056,315,2025-11-27,cancelled,cash,BLACKFRIDAY,4063.50,23026.50,
107057,830,2025-11-27,delivered,cash,,0.00,21849.00,2025-12-02
107058,1616,2025-11-27,delivered,card,,0.00,859.00,2025-12-02
107059,1094,2025-11-27,delivered,sbp,BLACKFRIDAY,793.50,4496.50,2025-12-01
107060,1390,2025-11-28,delivered,sbp,,0.00,569.00,2025-12-04
107061,2065,2025-11-28,delivered,card,FRIEND300,300.00,2445.00,2025-12-03
107062,1459,2025-11-28,delivered,card,,0.00,41590.00,2025-12-02
107063,1414,2025-11-28,cancelled,card,,0.00,4290.00,
107064,1722,2025-11-28,delivered,card,BLACKFRIDAY,128.85,730.15,2025-12-02
107065,618,2025-11-28,delivered,sbp,,0.00,4749.00,2025-12-01
107066,351,2025-11-28,delivered,sbp,,0.00,6328.00,2025-12-01
107067,931,2025-11-28,delivered,card,,0.00,4790.00,2025-12-05
107068,309,2025-11-28,delivered,card,BLACKFRIDAY,8617.50,48832.50,2025-12-04
107069,725,2025-11-28,delivered,sbp,BLACKFRIDAY,71.85,407.15,2025-12-02
107070,195,2025-11-28,delivered,card,,0.00,4279.00,2025-12-03
107071,473,2025-11-28,delivered,sbp,,0.00,7157.00,2025-12-03
107072,1409,2025-11-28,delivered,card,,0.00,3890.00,2025-12-04
107073,97,2025-11-28,delivered,cash,BLACKFRIDAY,1840.05,10426.95,2025-12-04
107074,894,2025-11-28,delivered,sbp,,0.00,469.00,2025-12-01
107075,1467,2025-11-28,delivered,card,BLACKFRIDAY,328.50,1861.50,2025-12-03
107076,1874,2025-11-28,delivered,sbp,,0.00,12070.00,2025-12-07
107077,1217,2025-11-28,delivered,card,,0.00,6790.00,2025-12-05
107078,1725,2025-11-28,delivered,sbp,,0.00,4790.00,2025-12-01
107079,1638,2025-11-28,delivered,cash,,0.00,859.00,2025-12-04
107080,1184,2025-11-28,returned,cash,,0.00,918.00,2025-12-04
107081,161,2025-11-28,delivered,sbp,BLACKFRIDAY,2455.50,13914.50,2025-12-08
107082,229,2025-11-28,delivered,cash,,0.00,769.00,2025-12-04
107083,1603,2025-11-28,delivered,card,BLACKFRIDAY,178.50,1011.50,2025-12-03
107084,511,2025-11-28,delivered,card,BLACKFRIDAY,1274.70,7223.30,2025-12-04
107085,1144,2025-11-28,delivered,card,,0.00,938.00,2025-12-03
107086,381,2025-11-28,delivered,sbp,,0.00,5467.00,2025-12-05
107087,1784,2025-11-28,delivered,card,BLACKFRIDAY,128.85,730.15,2025-12-07
107088,859,2025-11-28,cancelled,cash,BLACKFRIDAY,766.20,4341.80,
107089,1090,2025-11-28,delivered,sbp,,0.00,6780.00,2025-12-05
107090,1807,2025-11-28,delivered,sbp,BLACKFRIDAY,463.50,2626.50,2025-12-01
107091,741,2025-11-28,delivered,sbp,BLACKFRIDAY,2194.20,12433.80,2025-12-04
107092,967,2025-11-28,delivered,sbp,BLACKFRIDAY,927.00,5253.00,2025-12-07
107093,1091,2025-11-28,delivered,card,BLACKFRIDAY,128.85,730.15,2025-12-01
107094,1356,2025-11-28,delivered,sbp,,0.00,9408.00,2025-11-30
107095,1340,2025-11-28,delivered,card,BLACKFRIDAY,358.50,2031.50,2025-12-04
107096,2018,2025-11-28,delivered,card,BLACKFRIDAY,58.35,330.65,2025-12-05
107097,1955,2025-11-28,delivered,card,,0.00,8080.00,2025-12-04
107098,1167,2025-11-28,delivered,card,BLACKFRIDAY,1939.35,10989.65,2025-12-03
107099,559,2025-11-28,delivered,cash,BLACKFRIDAY,508.50,2881.50,2025-12-04
107100,1854,2025-11-28,cancelled,card,BLACKFRIDAY,18022.35,102126.65,
107101,1815,2025-11-28,delivered,sbp,BLACKFRIDAY,867.00,4913.00,2025-12-03
107102,2062,2025-11-28,delivered,card,WELCOME10,1000.00,37980.00,2025-12-01
107103,1207,2025-11-28,delivered,cash,BLACKFRIDAY,2608.50,14781.50,2025-12-06
107104,836,2025-11-28,delivered,cash,,0.00,7690.00,2025-12-03
107105,1754,2025-11-28,delivered,card,BLACKFRIDAY,583.50,3306.50,2025-12-05
107106,2051,2025-11-28,delivered,sbp,,0.00,24190.00,2025-11-30
107107,404,2025-11-28,delivered,sbp,,0.00,18380.00,2025-12-04
107108,1115,2025-11-28,delivered,cash,,0.00,29829.00,2025-12-01
107109,243,2025-11-28,delivered,sbp,,0.00,6267.00,2025-12-03
107110,2001,2025-11-28,delivered,sbp,BLACKFRIDAY,478.50,2711.50,2025-12-02
107111,475,2025-11-28,delivered,card,,0.00,569.00,2025-12-01
107112,195,2025-11-28,delivered,card,,0.00,13780.00,2025-12-06
107113,1217,2025-11-28,delivered,cash,BLACKFRIDAY,1075.50,6094.50,2025-12-05
107114,832,2025-11-28,delivered,sbp,BLACKFRIDAY,478.50,2711.50,2025-12-04
107115,1829,2025-11-28,delivered,card,BLACKFRIDAY,925.35,5243.65,2025-11-30
107116,1004,2025-11-28,delivered,sbp,BLACKFRIDAY,128.85,730.15,2025-12-09
107117,356,2025-11-28,delivered,sbp,,0.00,4290.00,2025-12-08
107118,618,2025-11-28,delivered,cash,,0.00,439.00,2025-12-02
107119,1738,2025-11-28,delivered,sbp,BLACKFRIDAY,3743.85,21215.15,2025-12-03
107120,231,2025-11-28,delivered,card,BLACKFRIDAY,128.85,730.15,2025-12-04
107121,705,2025-11-28,delivered,sbp,BLACKFRIDAY,328.50,1861.50,2025-12-06
107122,1648,2025-11-28,delivered,card,BLACKFRIDAY,1265.70,7172.30,2025-12-02
107123,1733,2025-11-28,delivered,card,BLACKFRIDAY,1227.00,6953.00,2025-12-01
107124,1295,2025-11-28,delivered,card,,0.00,12590.00,2025-12-05
107125,1535,2025-11-28,delivered,card,,0.00,5018.00,2025-12-04
107126,775,2025-11-28,delivered,sbp,BLACKFRIDAY,346.05,1960.95,2025-12-01
107127,1545,2025-11-28,delivered,card,,0.00,2390.00,2025-12-04
107128,511,2025-11-28,delivered,sbp,,0.00,7259.00,2025-12-05
107129,1562,2025-11-28,delivered,card,,0.00,8690.00,2025-12-03
107130,260,2025-11-28,delivered,card,BLACKFRIDAY,200.70,1137.30,2025-12-02
107131,1985,2025-11-28,delivered,sbp,BLACKFRIDAY,478.50,2711.50,2025-12-02
107132,1784,2025-11-28,delivered,card,,0.00,8180.00,2025-12-09
107133,1567,2025-11-28,delivered,cash,BLACKFRIDAY,1588.50,9001.50,2025-12-03
107134,1416,2025-11-28,delivered,cash,,0.00,938.00,2025-12-01
107135,1222,2025-11-28,delivered,card,,0.00,10329.00,2025-12-03
107136,1131,2025-11-28,delivered,card,,0.00,43590.00,2025-12-05
107137,531,2025-11-28,delivered,cash,,0.00,12080.00,2025-12-05
107138,349,2025-11-28,delivered,card,,0.00,2307.00,2025-12-03
107139,467,2025-11-28,delivered,card,,0.00,13980.00,2025-12-08
107140,1151,2025-11-28,delivered,sbp,,0.00,8690.00,2025-12-03
107141,2062,2025-11-28,delivered,sbp,BLACKFRIDAY,1153.50,6536.50,2025-12-02
107142,840,2025-11-28,delivered,card,BLACKFRIDAY,583.50,3306.50,2025-12-04
107143,823,2025-11-28,delivered,card,,0.00,6759.00,2025-12-05
107144,52,2025-11-28,delivered,card,BLACKFRIDAY,328.50,1861.50,2025-12-06
107145,581,2025-11-28,delivered,sbp,,0.00,60457.00,2025-12-03
107146,1301,2025-11-28,delivered,card,,0.00,6380.00,2025-12-04
107147,267,2025-11-28,delivered,card,BLACKFRIDAY,3912.00,22168.00,2025-12-01
107148,1381,2025-11-28,delivered,card,,0.00,769.00,2025-12-09
107149,121,2025-11-29,delivered,sbp,BLACKFRIDAY,657.00,3723.00,2025-12-07
107150,1477,2025-11-29,delivered,sbp,BLACKFRIDAY,7693.50,43596.50,2025-12-07
107151,1685,2025-11-29,delivered,card,BLACKFRIDAY,868.50,4921.50,2025-12-06
107152,822,2025-11-29,delivered,sbp,,0.00,4790.00,2025-12-03
107153,1788,2025-11-29,delivered,card,WELCOME10,230.70,2076.30,2025-12-04
107154,2000,2025-11-29,delivered,card,BLACKFRIDAY,3302.85,18716.15,2025-12-03
107155,364,2025-11-29,delivered,card,BLACKFRIDAY,283.50,1606.50,2025-12-11
107156,2042,2025-11-29,delivered,card,FRIEND300,300.00,4490.00,2025-12-07
107157,1448,2025-11-29,delivered,card,BLACKFRIDAY,1453.50,8236.50,2025-12-11
107158,1477,2025-11-29,delivered,card,,0.00,7859.00,2025-12-11
107159,580,2025-11-29,delivered,card,,0.00,1190.00,2025-12-03
107160,252,2025-11-29,delivered,card,,0.00,43590.00,2025-12-09
107161,1808,2025-11-29,delivered,card,,0.00,12590.00,2025-12-02
107162,313,2025-11-29,delivered,cash,,0.00,82290.00,2025-12-02
107163,1522,2025-11-29,cancelled,card,,0.00,6790.00,
107164,1556,2025-11-29,delivered,sbp,BLACKFRIDAY,1453.50,8236.50,2025-12-07
107165,611,2025-11-29,delivered,card,BLACKFRIDAY,1303.50,7386.50,2025-12-08
107166,1622,2025-11-29,returned,card,,0.00,2980.00,2025-12-04
107167,638,2025-11-29,delivered,card,,0.00,12080.00,2025-12-05
107168,780,2025-11-29,delivered,card,,0.00,13939.00,2025-12-09
107169,1315,2025-11-29,delivered,card,BLACKFRIDAY,1588.50,9001.50,2025-12-06
107170,424,2025-11-29,delivered,card,,0.00,76070.00,2025-12-07
107171,1075,2025-11-29,delivered,sbp,,0.00,6790.00,2025-12-05
107172,490,2025-11-29,delivered,card,,0.00,121260.00,2025-12-03
107173,1421,2025-11-29,returned,card,,0.00,6570.00,2025-12-05
107174,1349,2025-11-29,delivered,sbp,BLACKFRIDAY,244.20,1383.80,2025-12-05
107175,594,2025-11-29,delivered,card,BLACKFRIDAY,548.85,3110.15,2025-12-01
107176,1470,2025-11-29,delivered,card,,0.00,2959.00,2025-12-04
107177,756,2025-11-29,delivered,card,,0.00,3090.00,2025-12-05
107178,566,2025-11-29,delivered,card,,0.00,8480.00,2025-12-05
107179,1292,2025-11-29,delivered,card,BLACKFRIDAY,290.70,1647.30,2025-12-05
107180,501,2025-11-29,delivered,card,,0.00,12590.00,2025-12-04
107181,252,2025-11-29,returned,card,,0.00,5770.00,2025-12-06
107182,1467,2025-11-29,delivered,card,BLACKFRIDAY,1093.50,6196.50,2025-12-04
107183,1955,2025-11-29,delivered,card,,0.00,4128.00,2025-12-05
107184,1567,2025-11-29,delivered,cash,BLACKFRIDAY,328.50,1861.50,2025-12-06
107185,1610,2025-11-29,delivered,card,,0.00,11090.00,2025-12-03
107186,1338,2025-11-29,delivered,card,BLACKFRIDAY,2334.00,13226.00,2025-12-05
107187,215,2025-11-29,delivered,card,BLACKFRIDAY,1153.50,6536.50,2025-12-09
107188,1326,2025-11-29,delivered,card,,0.00,11590.00,2025-12-06
107189,1326,2025-11-29,delivered,card,BLACKFRIDAY,4723.50,26766.50,2025-12-08
107190,184,2025-11-29,delivered,card,BLACKFRIDAY,1303.50,7386.50,2025-12-08
107191,1553,2025-11-29,delivered,card,,0.00,5559.00,2025-12-08
107192,1873,2025-11-29,delivered,card,BLACKFRIDAY,128.85,730.15,2025-12-04
107193,69,2025-11-29,delivered,card,,0.00,13468.00,2025-12-05
107194,246,2025-11-29,delivered,sbp,BLACKFRIDAY,433.50,2456.50,2025-12-06
107195,1954,2025-11-29,delivered,sbp,BLACKFRIDAY,257.70,1460.30,2025-12-05
107196,2021,2025-11-29,delivered,card,BLACKFRIDAY,65.85,373.15,2025-12-10
107197,832,2025-11-29,delivered,cash,BLACKFRIDAY,718.50,4071.50,2025-12-02
107198,1285,2025-11-29,delivered,sbp,BLACKFRIDAY,583.50,3306.50,2025-12-04
107199,495,2025-11-29,delivered,card,BLACKFRIDAY,163.50,926.50,2025-12-06
107200,1528,2025-11-29,delivered,card,,0.00,1490.00,2025-12-10
107201,1111,2025-11-29,delivered,sbp,,0.00,5480.00,2025-12-05
107202,307,2025-11-29,delivered,card,,0.00,859.00,2025-12-06
107203,239,2025-11-29,delivered,cash,,0.00,1338.00,2025-12-12
107204,566,2025-11-29,delivered,card,BLACKFRIDAY,2935.50,16634.50,2025-12-07
107205,1217,2025-11-29,delivered,card,,0.00,9690.00,2025-12-05
107206,1485,2025-11-29,delivered,sbp,BLACKFRIDAY,1738.50,9851.50,2025-12-12
107207,753,2025-11-29,cancelled,card,,0.00,2249.00,
107208,1762,2025-11-29,delivered,card,,0.00,1290.00,2025-12-03
107209,1820,2025-11-29,delivered,card,,0.00,3890.00,2025-12-03
107210,728,2025-11-29,delivered,card,BLACKFRIDAY,5727.00,32453.00,2025-12-06
107211,1701,2025-11-29,delivered,card,,0.00,2890.00,2025-12-03
107212,1756,2025-11-29,delivered,sbp,,0.00,20050.00,2025-12-07
107213,696,2025-11-29,delivered,card,,0.00,121929.00,2025-12-05
107214,1813,2025-11-29,returned,cash,,0.00,1690.00,2025-12-07
107215,1416,2025-11-29,delivered,card,,0.00,16870.00,2025-12-04
107216,2056,2025-11-29,delivered,sbp,,0.00,569.00,2025-12-06
107217,1236,2025-11-29,delivered,cash,,0.00,62990.00,2025-12-06
107218,557,2025-11-29,delivered,card,BLACKFRIDAY,230.70,1307.30,2025-12-11
107219,1444,2025-11-29,delivered,card,BLACKFRIDAY,328.50,1861.50,2025-12-05
107220,369,2025-11-29,delivered,cash,,0.00,51740.00,2025-12-03
107221,1605,2025-11-29,delivered,card,BLACKFRIDAY,642.00,3638.00,2025-12-04
107222,1628,2025-11-29,delivered,card,BLACKFRIDAY,4798.50,27191.50,2025-12-05
107223,689,2025-11-29,cancelled,card,,0.00,6290.00,
107224,1452,2025-11-29,delivered,card,BLACKFRIDAY,2823.75,16001.25,2025-12-08
107225,215,2025-11-29,delivered,card,,0.00,23867.00,2025-12-10
107226,1152,2025-11-29,delivered,card,,0.00,8880.00,2025-12-06
107227,1171,2025-11-29,delivered,card,,0.00,3890.00,2025-12-02
107228,1460,2025-11-29,delivered,card,BLACKFRIDAY,1733.55,9823.45,2025-12-06
107229,1749,2025-11-29,delivered,sbp,BLACKFRIDAY,10602.00,60078.00,2025-12-05
107230,970,2025-11-29,cancelled,card,BLACKFRIDAY,128.85,730.15,
107231,1600,2025-11-29,delivered,card,BLACKFRIDAY,358.50,2031.50,2025-12-03
107232,1917,2025-11-29,delivered,card,BLACKFRIDAY,178.50,1011.50,2025-12-03
107233,1081,2025-11-29,cancelled,cash,,0.00,958.00,
107234,1636,2025-11-29,delivered,sbp,,0.00,10590.00,2025-12-05
107235,97,2025-11-29,delivered,cash,BLACKFRIDAY,244.20,1383.80,2025-12-07
107236,950,2025-11-29,delivered,sbp,,0.00,2577.00,2025-12-02
107237,376,2025-11-29,delivered,card,BLACKFRIDAY,492.00,2788.00,2025-12-06
107238,1836,2025-11-29,cancelled,card,BLACKFRIDAY,1297.35,7351.65,
107239,99,2025-11-29,delivered,card,BLACKFRIDAY,238.50,1351.50,2025-12-06
107240,1952,2025-11-29,delivered,sbp,,0.00,439.00,2025-12-07
107241,299,2025-11-29,delivered,cash,,0.00,40287.00,2025-12-01
107242,1007,2025-11-29,delivered,card,BLACKFRIDAY,1153.50,6536.50,2025-12-05
107243,1648,2025-11-29,delivered,sbp,,0.00,5790.00,2025-12-04
107244,1147,2025-11-29,delivered,sbp,BLACKFRIDAY,9448.50,53541.50,2025-12-03
107245,1255,2025-11-29,delivered,sbp,,0.00,1190.00,2025-12-04
107246,540,2025-11-29,delivered,sbp,BLACKFRIDAY,3628.50,20561.50,2025-12-04
107247,566,2025-11-29,delivered,sbp,BLACKFRIDAY,473.85,2685.15,2025-12-08
107248,605,2025-11-29,delivered,card,,0.00,21349.00,2025-12-09
107249,1807,2025-11-29,delivered,sbp,,0.00,7290.00,2025-12-02
107250,475,2025-11-29,delivered,card,,0.00,5928.00,2025-12-04
107251,1517,2025-11-29,delivered,sbp,,0.00,12470.00,2025-12-01
107252,664,2025-11-29,delivered,cash,,0.00,13090.00,2025-12-04
107253,1846,2025-11-29,returned,sbp,,0.00,4428.00,2025-12-06
107254,206,2025-11-29,delivered,sbp,BLACKFRIDAY,1182.00,6698.00,2025-12-09
107255,1288,2025-11-29,delivered,card,BLACKFRIDAY,688.50,3901.50,2025-12-06
107256,836,2025-11-29,delivered,card,,0.00,9690.00,2025-12-03
107257,1994,2025-11-29,delivered,cash,WELCOME10,1000.00,13180.00,2025-12-06
107258,1992,2025-11-29,delivered,cash,WELCOME10,219.00,1971.00,2025-12-01
107259,2070,2025-11-29,delivered,card,,0.00,44680.00,2025-12-10
107260,2012,2025-11-29,delivered,card,BLACKFRIDAY,100.35,568.65,2025-12-02
107261,1306,2025-11-29,delivered,sbp,,0.00,439.00,2025-12-04
107262,1602,2025-11-29,delivered,card,BLACKFRIDAY,2335.50,13234.50,2025-12-02
107263,1517,2025-11-29,delivered,cash,BLACKFRIDAY,178.50,1011.50,2025-12-04
107264,741,2025-11-29,cancelled,card,BLACKFRIDAY,614.55,3482.45,
107265,433,2025-11-29,delivered,card,,0.00,969.00,2025-12-06
107266,665,2025-11-29,delivered,sbp,BLACKFRIDAY,1153.50,6536.50,2025-12-06
107267,687,2025-11-29,delivered,cash,BLACKFRIDAY,1077.00,6103.00,2025-12-04
107268,1031,2025-11-29,delivered,sbp,BLACKFRIDAY,868.50,4921.50,2025-12-03
107269,1124,2025-11-29,delivered,sbp,BLACKFRIDAY,1047.00,5933.00,2025-12-06
107270,1131,2025-11-29,cancelled,card,BLACKFRIDAY,853.50,4836.50,
107271,139,2025-11-29,delivered,card,,0.00,2890.00,2025-12-04
107272,615,2025-11-29,delivered,card,,0.00,4390.00,2025-12-03
107273,2061,2025-11-29,delivered,sbp,,0.00,87580.00,2025-12-05
107274,513,2025-11-29,delivered,sbp,,0.00,7780.00,2025-12-10
107275,628,2025-11-29,delivered,sbp,BLACKFRIDAY,853.50,4836.50,2025-12-03
107276,827,2025-11-30,delivered,card,,0.00,3390.00,2025-12-04
107277,380,2025-11-30,delivered,card,BLACKFRIDAY,2533.50,14356.50,2025-12-06
107278,2071,2025-11-30,delivered,card,FRIEND300,300.00,4859.00,2025-12-04
107279,1426,2025-11-30,cancelled,card,BLACKFRIDAY,230.70,1307.30,
107280,1080,2025-11-30,delivered,card,BLACKFRIDAY,1738.50,9851.50,2025-12-07
107281,747,2025-11-30,delivered,card,BLACKFRIDAY,4063.50,23026.50,2025-12-08
107282,2061,2025-11-30,cancelled,sbp,BLACKFRIDAY,2172.00,12308.00,
107283,1954,2025-11-30,delivered,card,BLACKFRIDAY,1588.50,9001.50,2025-12-05
107284,480,2025-11-30,delivered,card,BLACKFRIDAY,193.50,1096.50,2025-12-04
107285,950,2025-11-30,delivered,card,,0.00,13359.00,2025-12-07
107286,1784,2025-11-30,delivered,card,,0.00,35790.00,2025-12-08
107287,1917,2025-11-30,delivered,card,,0.00,1890.00,2025-12-05
107288,313,2025-11-30,delivered,card,BLACKFRIDAY,1632.00,9248.00,2025-12-04
107289,1556,2025-11-30,delivered,sbp,,0.00,6790.00,2025-12-06
107290,948,2025-11-30,delivered,sbp,BLACKFRIDAY,1663.50,9426.50,2025-12-02
107291,1301,2025-11-30,delivered,card,BLACKFRIDAY,447.00,2533.00,2025-12-06
107292,69,2025-11-30,delivered,sbp,BLACKFRIDAY,867.00,4913.00,2025-12-05
107293,373,2025-11-30,delivered,card,BLACKFRIDAY,1945.50,11024.50,2025-12-04
107294,206,2025-11-30,delivered,card,,0.00,145977.00,2025-12-08
107295,1154,2025-11-30,delivered,cash,,0.00,125890.00,2025-12-05
107296,1830,2025-11-30,delivered,cash,,0.00,9690.00,2025-12-05
107297,905,2025-11-30,delivered,cash,,0.00,9518.00,2025-12-04
107298,454,2025-11-30,delivered,card,,0.00,3627.00,2025-12-11
107299,419,2025-11-30,delivered,card,BLACKFRIDAY,736.20,4171.80,2025-12-04
107300,1708,2025-11-30,delivered,cash,,0.00,9180.00,2025-12-10
107301,1448,2025-11-30,delivered,card,BLACKFRIDAY,431.55,2445.45,2025-12-08
107302,628,2025-11-30,delivered,card,,0.00,3890.00,2025-12-06
107303,921,2025-11-30,delivered,sbp,,0.00,3390.00,2025-12-06
107304,1004,2025-11-30,delivered,card,,0.00,3390.00,2025-12-09
107305,942,2025-11-30,delivered,card,BLACKFRIDAY,1797.00,10183.00,2025-12-07
107306,1939,2025-11-30,delivered,card,BLACKFRIDAY,433.50,2456.50,2025-12-05
107307,992,2025-11-30,delivered,card,,0.00,19977.00,2025-12-06
107308,1251,2025-11-30,delivered,card,,0.00,19039.00,2025-12-04
107309,661,2025-11-30,delivered,cash,,0.00,6477.00,2025-12-04
107310,827,2025-11-30,delivered,card,,0.00,1628.00,2025-12-03
107311,1250,2025-11-30,delivered,card,,0.00,769.00,2025-12-05
107312,305,2025-11-30,delivered,sbp,BLACKFRIDAY,508.50,2881.50,2025-12-11
107313,1545,2025-11-30,delivered,sbp,,0.00,12049.00,2025-12-03
107314,1150,2025-11-30,delivered,card,BLACKFRIDAY,1663.50,9426.50,2025-12-09
107315,1421,2025-11-30,delivered,card,BLACKFRIDAY,290.70,1647.30,2025-12-04
107316,184,2025-11-30,delivered,card,,0.00,3890.00,2025-12-08
107317,830,2025-11-30,delivered,card,BLACKFRIDAY,777.00,4403.00,2025-12-05
107318,490,2025-11-30,delivered,card,,0.00,859.00,2025-12-03
107319,1124,2025-11-30,delivered,card,BLACKFRIDAY,7693.50,43596.50,2025-12-05
107320,777,2025-11-30,delivered,sbp,,0.00,20370.00,2025-12-04
107321,815,2025-11-30,delivered,card,,0.00,969.00,2025-12-07
107322,1207,2025-11-30,delivered,card,BLACKFRIDAY,4029.00,22831.00,2025-12-05
107323,1800,2025-11-30,cancelled,card,,0.00,1390.00,
107324,511,2025-11-30,delivered,card,BLACKFRIDAY,8713.50,49376.50,2025-12-06
107325,154,2025-11-30,delivered,sbp,BLACKFRIDAY,1811.25,10263.75,2025-12-09
107326,639,2025-11-30,delivered,card,,0.00,43590.00,2025-12-06
107327,1421,2025-11-30,returned,cash,BLACKFRIDAY,565.50,3204.50,2025-12-02
107328,159,2025-11-30,delivered,card,,0.00,9259.00,2025-12-07
107329,1157,2025-11-30,delivered,card,BLACKFRIDAY,868.50,4921.50,2025-12-03
107330,1622,2025-11-30,delivered,card,,0.00,11580.00,2025-12-04
107331,1963,2025-11-30,returned,sbp,BLACKFRIDAY,131.70,746.30,2025-12-05
107332,590,2025-11-30,delivered,card,,0.00,9448.00,2025-12-05
107333,1091,2025-11-30,delivered,sbp,BLACKFRIDAY,313.50,1776.50,2025-12-04
107334,649,2025-11-30,delivered,card,,0.00,2390.00,2025-12-07
107335,1516,2025-11-30,cancelled,card,,0.00,769.00,
107336,547,2025-11-30,delivered,sbp,BLACKFRIDAY,457.35,2591.65,2025-12-08
107337,2030,2025-11-30,delivered,sbp,,0.00,15470.00,2025-12-12
107338,1339,2025-11-30,delivered,card,BLACKFRIDAY,927.00,5253.00,2025-12-06
107339,1217,2025-11-30,delivered,card,,0.00,8665.00,2025-12-08
107340,1713,2025-11-30,delivered,card,,0.00,64807.00,2025-12-07
107341,476,2025-11-30,delivered,card,,0.00,13518.00,2025-12-07
107342,105,2025-11-30,delivered,sbp,BLACKFRIDAY,178.50,1011.50,2025-12-10
107343,1867,2025-11-30,delivered,card,,0.00,2790.00,2025-12-04
107344,909,2025-11-30,delivered,sbp,BLACKFRIDAY,70.35,398.65,2025-12-08
107345,1738,2025-11-30,delivered,card,BLACKFRIDAY,488.85,2770.15,2025-12-04
107346,201,2025-11-30,delivered,card,BLACKFRIDAY,718.50,4071.50,2025-12-03
107347,1823,2025-11-30,delivered,card,,0.00,50780.00,2025-12-07
107348,1459,2025-11-30,delivered,card,,0.00,3390.00,2025-12-04
107349,1283,2025-11-30,cancelled,cash,,0.00,3890.00,
107350,1955,2025-11-30,delivered,cash,BLACKFRIDAY,3193.50,18096.50,2025-12-07
107351,444,2025-11-30,delivered,card,,0.00,38570.00,2025-12-06
107352,1869,2025-11-30,delivered,card,,0.00,41960.00,2025-12-04
107353,1955,2025-11-30,delivered,sbp,BLACKFRIDAY,1227.00,6953.00,2025-12-05
107354,1945,2025-11-30,delivered,cash,,0.00,1390.00,2025-12-02
107355,2067,2025-11-30,delivered,card,BLACKFRIDAY,1658.85,9400.15,2025-12-07
107356,1008,2025-11-30,delivered,sbp,,0.00,21290.00,2025-12-07
107357,1552,2025-11-30,returned,card,,0.00,7290.00,2025-12-04
107358,2008,2025-11-30,returned,sbp,,0.00,16198.00,2025-12-04
107359,443,2025-11-30,returned,sbp,BLACKFRIDAY,2512.35,14236.65,2025-12-07
107360,1610,2025-11-30,delivered,sbp,,0.00,4790.00,2025-12-03
107361,1955,2025-11-30,delivered,sbp,,0.00,29370.00,2025-12-05
107362,628,2025-11-30,delivered,card,,0.00,859.00,2025-12-02
107363,420,2025-11-30,delivered,card,,0.00,3890.00,2025-12-07
107364,1949,2025-11-30,delivered,sbp,BLACKFRIDAY,268.50,1521.50,2025-12-04
107365,492,2025-11-30,delivered,card,BLACKFRIDAY,170.70,967.30,2025-12-06
107366,215,2025-11-30,delivered,card,,0.00,28439.00,2025-12-11
107367,1627,2025-11-30,cancelled,card,,0.00,25309.00,
107368,1151,2025-11-30,delivered,sbp,,0.00,1447.00,2025-12-03
107369,475,2025-11-30,delivered,card,,0.00,6557.00,2025-12-05
107370,1167,2025-11-30,delivered,card,,0.00,2307.00,2025-12-04
107371,1675,2025-11-30,delivered,card,,0.00,8219.00,2025-12-10
107372,1459,2025-11-30,delivered,card,,0.00,3190.00,2025-12-02
107373,20,2025-11-30,delivered,cash,,0.00,24190.00,2025-12-08
107374,1940,2025-11-30,delivered,sbp,,0.00,63759.00,2025-12-04
107375,258,2025-11-30,delivered,sbp,,0.00,569.00,2025-12-07
107376,1301,2025-11-30,delivered,card,,0.00,3090.00,2025-12-06
107377,1385,2025-11-30,cancelled,sbp,BLACKFRIDAY,653.85,3705.15,
107378,233,2025-11-30,returned,sbp,BLACKFRIDAY,777.00,4403.00,2025-12-05
107379,167,2025-11-30,delivered,card,,0.00,11880.00,2025-12-05
107380,752,2025-11-30,delivered,card,,0.00,3328.00,2025-12-04
107381,1167,2025-11-30,delivered,card,,0.00,18580.00,2025-12-04
107382,46,2025-11-30,delivered,card,,0.00,11628.00,2025-12-04
107383,528,2025-11-30,delivered,sbp,,0.00,969.00,2025-12-04
107384,1028,2025-11-30,delivered,sbp,,0.00,16890.00,2025-12-04
107385,1352,2025-11-30,delivered,card,BLACKFRIDAY,793.50,4496.50,2025-12-10
107386,755,2025-11-30,delivered,sbp,,0.00,2780.00,2025-12-03
107387,268,2025-11-30,delivered,sbp,BLACKFRIDAY,358.50,2031.50,2025-12-04
107388,1039,2025-11-30,delivered,sbp,WELCOME10,289.00,2601.00,2025-12-04
107389,1222,2025-11-30,delivered,sbp,,0.00,4790.00,2025-12-05
107390,454,2025-11-30,delivered,card,BLACKFRIDAY,3482.70,19735.30,2025-12-11
107391,343,2025-11-30,delivered,sbp,BLACKFRIDAY,2037.00,11543.00,2025-12-04
107392,1152,2025-11-30,delivered,cash,BLACKFRIDAY,358.50,2031.50,2025-12-05
107393,1873,2025-11-30,delivered,sbp,,0.00,8690.00,2025-12-04
107394,1948,2025-11-30,cancelled,card,,0.00,6849.00,
107395,1447,2025-11-30,delivered,card,BLACKFRIDAY,7029.00,39831.00,2025-12-07
107396,774,2025-11-30,delivered,cash,,0.00,1890.00,2025-12-13
107397,349,2025-11-30,delivered,card,,0.00,57339.00,2025-12-06
107398,687,2025-11-30,delivered,card,,0.00,42160.00,2025-12-05
107399,2073,2025-11-30,delivered,card,BLACKFRIDAY,868.50,4921.50,2025-12-06
107400,133,2025-11-30,delivered,sbp,,0.00,5780.00,2025-12-05
107401,1869,2025-11-30,delivered,sbp,BLACKFRIDAY,657.00,3723.00,2025-12-06
107402,608,2025-11-30,delivered,card,BLACKFRIDAY,1588.50,9001.50,2025-12-07
107403,755,2025-12-01,delivered,card,BLACKFRIDAY,358.50,2031.50,2025-12-07
107404,1402,2025-12-01,delivered,card,,0.00,7780.00,2025-12-07
107405,1147,2025-12-01,delivered,card,BLACKFRIDAY,1204.35,6824.65,2025-12-05
107406,195,2025-12-01,delivered,sbp,,0.00,6790.00,2025-12-08
107407,264,2025-12-01,delivered,card,BLACKFRIDAY,193.50,1096.50,2025-12-06
107408,1545,2025-12-01,delivered,card,,0.00,4967.00,2025-12-08
107409,2073,2025-12-01,returned,card,,0.00,969.00,2025-12-06
107410,711,2025-12-01,delivered,sbp,,0.00,3890.00,2025-12-11
107411,1083,2025-12-01,delivered,card,,0.00,12970.00,2025-12-06
107412,1653,2025-12-01,delivered,sbp,,0.00,1718.00,2025-12-05
107413,1573,2025-12-01,delivered,sbp,BLACKFRIDAY,1797.00,10183.00,2025-12-05
107414,605,2025-12-01,delivered,sbp,BLACKFRIDAY,230.70,1307.30,2025-12-08
107415,1649,2025-12-01,delivered,sbp,BLACKFRIDAY,244.20,1383.80,2025-12-05
107416,1125,2025-12-01,delivered,card,,0.00,4390.00,2025-12-10
107417,1620,2025-12-01,delivered,sbp,,0.00,1890.00,2025-12-04
107418,1467,2025-12-01,delivered,card,,0.00,859.00,2025-12-06
107419,2039,2025-12-01,delivered,sbp,,0.00,63849.00,2025-12-09
107420,2022,2025-12-01,delivered,sbp,WELCOME10,1000.00,18708.00,2025-12-04
107421,51,2025-12-01,delivered,card,BLACKFRIDAY,5380.50,30489.50,2025-12-06
107422,795,2025-12-01,cancelled,sbp,,0.00,6380.00,
107423,535,2025-12-01,delivered,card,BLACKFRIDAY,1475.85,8363.15,2025-12-05
107424,513,2025-12-01,delivered,sbp,BLACKFRIDAY,1345.50,7624.50,2025-12-11
107425,1124,2025-12-01,delivered,sbp,,0.00,2577.00,2025-12-08
107426,126,2025-12-01,delivered,sbp,,0.00,3608.00,2025-12-11
107427,1414,2025-12-01,delivered,card,BLACKFRIDAY,1373.85,7785.15,2025-12-05
107428,894,2025-12-01,delivered,card,BLACKFRIDAY,2172.00,12308.00,2025-12-04
107429,356,2025-12-01,delivered,card,,0.00,389.00,2025-12-12
107430,69,2025-12-01,cancelled,cash,,0.00,9456.00,
107431,1171,2025-12-01,delivered,card,BLACKFRIDAY,1888.50,10701.50,2025-12-05
107432,1779,2025-12-01,delivered,sbp,,0.00,5960.00,2025-12-07
107433,498,2025-12-01,delivered,card,BLACKFRIDAY,1093.50,6196.50,2025-12-06
107434,937,2025-12-01,delivered,card,,0.00,31879.00,2025-12-08
107435,1144,2025-12-01,delivered,card,BLACKFRIDAY,433.50,2456.50,2025-12-04
107436,2069,2025-12-01,delivered,card,WELCOME10,778.00,7002.00,2025-12-07
107437,1152,2025-12-01,delivered,card,,0.00,3890.00,2025-12-09
107438,796,2025-12-01,delivered,card,BLACKFRIDAY,257.70,1460.30,2025-12-06
107439,891,2025-12-01,delivered,card,BLACKFRIDAY,1195.50,6774.50,2025-12-05
107440,1680,2025-12-01,delivered,card,BLACKFRIDAY,4129.35,23399.65,2025-12-11
107441,2075,2025-12-01,delivered,card,WELCOME10,1000.00,11629.00,2025-12-04
107442,782,2025-12-01,delivered,sbp,,0.00,9259.00,2025-12-05
107443,741,2025-12-01,delivered,card,,0.00,5370.00,2025-12-10
107444,476,2025-12-01,delivered,card,,0.00,1490.00,2025-12-11
107445,1350,2025-12-01,delivered,card,BLACKFRIDAY,128.85,730.15,2025-12-07
107446,411,2025-12-01,delivered,card,BLACKFRIDAY,13927.35,78921.65,2025-12-04
107447,1940,2025-12-01,delivered,sbp,,0.00,1390.00,2025-12-07
107448,1435,2025-12-01,returned,card,,0.00,9459.00,2025-12-05
107449,288,2025-12-01,delivered,card,,0.00,10359.00,2025-12-07
107450,380,2025-12-01,delivered,sbp,,0.00,569.00,2025-12-07
107451,756,2025-12-01,delivered,card,,0.00,1390.00,2025-12-05
107452,2008,2025-12-01,delivered,card,,0.00,469.00,2025-12-05
107453,122,2025-12-01,delivered,sbp,BLACKFRIDAY,1093.50,6196.50,2025-12-09
107454,1217,2025-12-01,delivered,card,,0.00,969.00,2025-12-08
107455,563,2025-12-01,delivered,card,BLACKFRIDAY,439.20,2488.80,2025-12-06
107456,546,2025-12-01,delivered,card,,0.00,13298.00,2025-12-05
107457,1139,2025-12-01,delivered,card,BLACKFRIDAY,208.50,1181.50,2025-12-07
107458,2077,2025-12-01,cancelled,card,BLACKFRIDAY,587.25,3327.75,
107459,2038,2025-12-01,delivered,cash,BLACKFRIDAY,995.85,5643.15,2025-12-05
107460,1414,2025-12-01,delivered,card,,0.00,47898.00,2025-12-09
107461,1346,2025-12-01,delivered,card,,0.00,8428.00,2025-12-05
107462,1147,2025-12-01,delivered,cash,BLACKFRIDAY,200.70,1137.30,2025-12-04
107463,937,2025-12-01,delivered,sbp,BLACKFRIDAY,193.50,1096.50,2025-12-13
107464,203,2025-12-01,delivered,sbp,,0.00,3390.00,2025-12-04
107465,1388,2025-12-01,delivered,sbp,,0.00,122080.00,2025-12-07
107466,1955,2025-12-01,delivered,card,BLACKFRIDAY,431.55,2445.45,2025-12-07
107467,1080,2025-12-01,delivered,card,,0.00,17390.00,2025-12-09
107468,435,2025-12-01,delivered,cash,,0.00,15170.00,2025-12-08
107469,156,2025-12-01,delivered,card,,0.00,2190.00,2025-12-05
107470,687,2025-12-01,cancelled,sbp,,0.00,16890.00,
107471,175,2025-12-01,delivered,card,BLACKFRIDAY,688.50,3901.50,2025-12-13
107472,666,2025-12-01,returned,sbp,,0.00,7039.00,2025-12-06
107473,2010,2025-12-01,delivered,sbp,WELCOME10,805.90,7253.10,2025-12-07
107474,1064,2025-12-01,delivered,card,BLACKFRIDAY,1153.50,6536.50,2025-12-08
107475,1220,2025-12-01,delivered,sbp,,0.00,31490.00,2025-12-04
107476,476,2025-12-01,cancelled,cash,BLACKFRIDAY,145.35,823.65,
107477,1402,2025-12-01,delivered,card,,0.00,9470.00,2025-12-05
107478,2028,2025-12-01,delivered,sbp,WELCOME10,479.00,4311.00,2025-12-08
107479,1849,2025-12-01,delivered,card,BLACKFRIDAY,1432.35,8116.65,2025-12-07
107480,133,2025-12-01,delivered,card,,0.00,1718.00,2025-12-06
107481,741,2025-12-01,delivered,card,,0.00,2890.00,2025-12-08
107482,1954,2025-12-01,delivered,sbp,BLACKFRIDAY,1303.50,7386.50,2025-12-07
107483,84,2025-12-02,delivered,sbp,,0.00,1718.00,2025-12-12
107484,1828,2025-12-02,delivered,card,,0.00,4049.00,2025-12-09
107485,551,2025-12-02,delivered,card,,0.00,6790.00,2025-12-05
107486,1414,2025-12-02,delivered,card,,0.00,10690.00,2025-12-10
107487,153,2025-12-02,delivered,cash,,0.00,16490.00,2025-12-11
107488,2083,2025-12-02,cancelled,card,,0.00,1718.00,
107489,1749,2025-12-02,cancelled,card,,0.00,15418.00,
107490,1083,2025-12-02,delivered,card,,0.00,1138.00,2025-12-07
107491,1,2025-12-02,delivered,sbp,,0.00,8690.00,2025-12-05
107492,547,2025-12-02,delivered,sbp,,0.00,4328.00,2025-12-10
107493,1564,2025-12-02,delivered,sbp,,0.00,2390.00,2025-12-05
107494,184,2025-12-02,delivered,card,,0.00,1718.00,2025-12-11
107495,552,2025-12-02,delivered,card,,0.00,9549.00,2025-12-08
107496,1874,2025-12-02,delivered,card,,0.00,1290.00,2025-12-09
107497,1315,2025-12-02,delivered,sbp,,0.00,859.00,2025-12-08
107498,465,2025-12-02,delivered,card,,0.00,1138.00,2025-12-15
107499,1,2025-12-02,delivered,card,,0.00,2980.00,2025-12-06
107500,1452,2025-12-02,delivered,card,,0.00,82390.00,2025-12-12
107501,20,2025-12-02,delivered,sbp,,0.00,2959.00,2025-12-07
107502,1315,2025-12-02,delivered,sbp,,0.00,2580.00,2025-12-11
107503,305,2025-12-02,delivered,card,,0.00,6780.00,2025-12-09
107504,1545,2025-12-02,delivered,card,,0.00,31490.00,2025-12-08
107505,1042,2025-12-02,delivered,card,,0.00,7290.00,2025-12-08
107506,373,2025-12-02,delivered,card,,0.00,9690.00,2025-12-08
107507,2086,2025-12-02,delivered,card,,0.00,3190.00,2025-12-07
107508,448,2025-12-02,delivered,card,,0.00,13870.00,2025-12-09
107509,827,2025-12-02,delivered,card,,0.00,1718.00,2025-12-08
107510,2070,2025-12-02,delivered,card,,0.00,4790.00,2025-12-14
107511,443,2025-12-02,delivered,sbp,,0.00,859.00,2025-12-07
107512,1371,2025-12-02,delivered,card,,0.00,24579.00,2025-12-12
107513,1412,2025-12-02,delivered,sbp,,0.00,10080.00,2025-12-09
107514,1966,2025-12-02,delivered,card,,0.00,11590.00,2025-12-05
107515,1679,2025-12-02,delivered,sbp,,0.00,19709.00,2025-12-06
107516,1061,2025-12-03,delivered,card,,0.00,9375.00,2025-12-10
107517,705,2025-12-03,delivered,sbp,,0.00,2780.00,2025-12-10
107518,2082,2025-12-03,delivered,card,WELCOME10,257.70,2319.30,2025-12-09
107519,1250,2025-12-03,delivered,card,,0.00,17880.00,2025-12-10
107520,1917,2025-12-03,returned,sbp,,0.00,8690.00,2025-12-06
107521,97,2025-12-03,delivered,sbp,,0.00,18119.00,2025-12-10
107522,1263,2025-12-03,delivered,sbp,,0.00,2390.00,2025-12-06
107523,475,2025-12-03,delivered,card,,0.00,3797.00,2025-12-07
107524,1230,2025-12-03,delivered,sbp,,0.00,3390.00,2025-12-08
107525,1400,2025-12-03,delivered,card,,0.00,2890.00,2025-12-13
107526,1152,2025-12-03,cancelled,cash,,0.00,859.00,
107527,1742,2025-12-03,delivered,card,,0.00,18380.00,2025-12-07
107528,264,2025-12-03,delivered,card,,0.00,10539.00,2025-12-10
107529,1648,2025-12-03,delivered,card,,0.00,1718.00,2025-12-06
107530,2088,2025-12-03,delivered,card,,0.00,7688.00,2025-12-11
107531,341,2025-12-03,returned,sbp,,0.00,1538.00,2025-12-11
107532,2089,2025-12-03,delivered,card,WELCOME10,869.00,7821.00,2025-12-05
107533,808,2025-12-03,delivered,cash,,0.00,51390.00,2025-12-09
107534,916,2025-12-03,delivered,card,,0.00,6790.00,2025-12-10
107535,1446,2025-12-03,delivered,card,,0.00,4128.00,2025-12-12
107536,465,2025-12-03,delivered,card,,0.00,5780.00,2025-12-11
107537,2049,2025-12-03,delivered,card,,0.00,7690.00,2025-12-15
107538,2032,2025-12-03,delivered,card,,0.00,5290.00,2025-12-05
107539,2024,2025-12-03,delivered,card,WELCOME10,153.80,1384.20,2025-12-10
107540,1216,2025-12-03,delivered,card,,0.00,7149.00,2025-12-11
107541,1042,2025-12-03,delivered,card,,0.00,6790.00,2025-12-10
107542,1956,2025-12-03,delivered,card,,0.00,3390.00,2025-12-08
107543,1271,2025-12-03,delivered,cash,,0.00,16667.00,2025-12-10
107544,1028,2025-12-03,cancelled,card,,0.00,2390.00,
107545,215,2025-12-03,delivered,sbp,,0.00,3390.00,2025-12-12
107546,1297,2025-12-03,delivered,cash,,0.00,4780.00,2025-12-07
107547,2064,2025-12-03,delivered,card,WELCOME10,750.80,6757.20,2025-12-07
107548,649,2025-12-03,delivered,sbp,,0.00,25139.00,2025-12-10
107549,82,2025-12-03,delivered,card,,0.00,3190.00,2025-12-12
107550,2091,2025-12-04,delivered,cash,,0.00,1869.00,2025-12-09
107551,56,2025-12-04,returned,sbp,,0.00,18557.00,2025-12-10
107552,1943,2025-12-04,delivered,card,,0.00,63849.00,2025-12-10
107553,157,2025-12-04,delivered,sbp,,0.00,2190.00,2025-12-10
107554,1422,2025-12-04,delivered,sbp,,0.00,16370.00,2025-12-10
107555,894,2025-12-04,delivered,card,,0.00,2577.00,2025-12-07
107556,528,2025-12-04,returned,cash,,0.00,13457.00,2025-12-10
107557,361,2025-12-04,delivered,card,,0.00,5818.00,2025-12-10
107558,157,2025-12-04,delivered,card,,0.00,769.00,2025-12-09
107559,1910,2025-12-04,delivered,sbp,,0.00,4346.00,2025-12-15
107560,725,2025-12-04,delivered,sbp,,0.00,2890.00,2025-12-09
107561,388,2025-12-04,delivered,sbp,,0.00,65880.00,2025-12-11
107562,1263,2025-12-04,delivered,sbp,,0.00,859.00,2025-12-07
107563,855,2025-12-04,delivered,sbp,,0.00,479.00,2025-12-08
107564,154,2025-12-04,delivered,card,,0.00,11880.00,2025-12-15
107565,1217,2025-12-04,delivered,sbp,,0.00,16470.00,2025-12-11
107566,193,2025-12-04,delivered,card,,0.00,1790.00,2025-12-10
107567,1625,2025-12-04,delivered,card,,0.00,1167.00,2025-12-08
107568,1522,2025-12-04,delivered,sbp,,0.00,2580.00,2025-12-11
107569,1147,2025-12-04,returned,sbp,,0.00,6887.00,2025-12-09
107570,1668,2025-12-04,delivered,card,,0.00,2890.00,2025-12-12
107571,645,2025-12-04,delivered,card,,0.00,2390.00,2025-12-13
107572,1152,2025-12-04,delivered,cash,,0.00,17390.00,2025-12-11
107573,673,2025-12-04,delivered,card,,0.00,859.00,2025-12-12
107574,1367,2025-12-04,delivered,sbp,,0.00,6277.00,2025-12-07
107575,211,2025-12-04,delivered,sbp,,0.00,2259.00,2025-12-08
107576,832,2025-12-04,delivered,sbp,,0.00,1390.00,2025-12-09
107577,364,2025-12-04,delivered,card,,0.00,3190.00,2025-12-16
107578,1839,2025-12-04,delivered,card,,0.00,13080.00,2025-12-08
107579,211,2025-12-04,delivered,card,,0.00,1590.00,2025-12-13
107580,1,2025-12-04,delivered,cash,,0.00,22930.00,2025-12-08
107581,1636,2025-12-04,delivered,card,,0.00,1290.00,2025-12-08
107582,2070,2025-12-04,delivered,cash,,0.00,5670.00,2025-12-12
107583,1611,2025-12-04,delivered,sbp,,0.00,9570.00,2025-12-11
107584,1823,2025-12-04,delivered,card,,0.00,24959.00,2025-12-10
107585,409,2025-12-04,delivered,cash,,0.00,13090.00,2025-12-10
107586,1710,2025-12-04,delivered,card,,0.00,958.00,2025-12-09
107587,1431,2025-12-05,delivered,cash,,0.00,3390.00,2025-12-11
107588,465,2025-12-05,delivered,card,,0.00,15929.00,2025-12-14
107589,1949,2025-12-05,cancelled,card,,0.00,2390.00,
107590,20,2025-12-05,delivered,card,,0.00,859.00,2025-12-13
107591,1207,2025-12-05,delivered,card,,0.00,6790.00,2025-12-10
107592,499,2025-12-05,delivered,sbp,,0.00,1718.00,2025-12-12
107593,796,2025-12-05,delivered,card,,0.00,859.00,2025-12-10
107594,286,2025-12-05,delivered,card,,0.00,16970.00,2025-12-16
107595,1083,2025-12-05,returned,card,,0.00,1290.00,2025-12-10
107596,269,2025-12-05,delivered,cash,,0.00,56760.00,2025-12-09
107597,1142,2025-12-05,delivered,card,,0.00,3480.00,2025-12-10
107598,1124,2025-12-05,delivered,card,,0.00,769.00,2025-12-10
107599,258,2025-12-05,delivered,card,,0.00,41180.00,2025-12-15
107600,1567,2025-12-05,delivered,cash,,0.00,41690.00,2025-12-11
107601,304,2025-12-05,delivered,card,,0.00,24190.00,2025-12-12
107602,1042,2025-12-05,delivered,card,,0.00,18560.00,2025-12-11
107603,444,2025-12-05,delivered,sbp,,0.00,4580.00,2025-12-13
107604,696,2025-12-05,delivered,card,,0.00,1718.00,2025-12-11
107605,1244,2025-12-05,delivered,sbp,,0.00,3190.00,2025-12-09
107606,1702,2025-12-05,delivered,card,,0.00,20998.00,2025-12-09
107607,1722,2025-12-05,delivered,card,,0.00,31490.00,2025-12-09
107608,305,2025-12-05,returned,card,,0.00,14370.00,2025-12-16
107609,1115,2025-12-05,delivered,card,,0.00,2390.00,2025-12-09
107610,133,2025-12-05,delivered,sbp,,0.00,3390.00,2025-12-13
107611,1679,2025-12-05,cancelled,card,,0.00,21760.00,
107612,312,2025-12-05,delivered,card,,0.00,2397.00,2025-12-08
107613,2102,2025-12-05,delivered,card,,0.00,9690.00,2025-12-11
107614,1918,2025-12-05,delivered,card,,0.00,23357.00,2025-12-10
107615,1350,2025-12-05,returned,sbp,,0.00,24670.00,2025-12-09
107616,414,2025-12-05,delivered,card,,0.00,1718.00,2025-12-09
107617,2104,2025-12-05,delivered,card,,0.00,6498.00,2025-12-12
107618,2064,2025-12-05,delivered,sbp,,0.00,8690.00,2025-12-10
107619,399,2025-12-05,delivered,card,,0.00,3390.00,2025-12-09
107620,1124,2025-12-05,delivered,cash,,0.00,2190.00,2025-12-09
107621,916,2025-12-06,delivered,sbp,,0.00,769.00,2025-12-11
107622,1119,2025-12-06,delivered,card,,0.00,1390.00,2025-12-08
107623,812,2025-12-06,returned,card,,0.00,3190.00,2025-12-10
107624,915,2025-12-06,cancelled,sbp,,0.00,11160.00,
107625,460,2025-12-06,cancelled,card,,0.00,19519.00,
107626,190,2025-12-06,delivered,sbp,,0.00,6398.00,2025-12-07
107627,286,2025-12-06,delivered,card,,0.00,859.00,2025-12-10
107628,852,2025-12-06,delivered,card,,0.00,4390.00,2025-12-09
107629,2109,2025-12-06,delivered,card,,0.00,859.00,2025-12-10
107630,406,2025-12-06,delivered,sbp,,0.00,7690.00,2025-12-12
107631,1830,2025-12-06,delivered,card,,0.00,2149.00,2025-12-09
107632,812,2025-12-06,delivered,card,,0.00,8980.00,2025-12-11
107633,993,2025-12-06,delivered,card,,0.00,7690.00,2025-12-11
107634,827,2025-12-06,delivered,card,,0.00,1769.00,2025-12-09
107635,201,2025-12-06,cancelled,card,,0.00,11759.00,
107636,2090,2025-12-06,delivered,sbp,,0.00,11090.00,2025-12-09
107637,1910,2025-12-06,delivered,card,,0.00,1718.00,2025-12-10
107638,1,2025-12-06,delivered,card,,0.00,51869.00,2025-12-07
107639,1909,2025-12-06,delivered,sbp,,0.00,859.00,2025-12-08
107640,1000,2025-12-06,delivered,card,,0.00,4790.00,2025-12-08
107641,1470,2025-12-06,delivered,sbp,,0.00,15628.00,2025-12-08
107642,1878,2025-12-06,delivered,card,WELCOME10,1000.00,16390.00,2025-12-08
107643,1839,2025-12-06,delivered,card,,0.00,12590.00,2025-12-09
107644,1090,2025-12-06,delivered,card,,0.00,11408.00,2025-12-14
107645,1917,2025-12-06,cancelled,card,,0.00,9580.00,
107646,836,2025-12-06,delivered,card,,0.00,11287.00,2025-12-08
107647,1421,2025-12-06,delivered,card,,0.00,2390.00,2025-12-07
107648,1694,2025-12-06,delivered,sbp,,0.00,30270.00,2025-12-07
107649,84,2025-12-06,delivered,card,,0.00,1090.00,2025-12-14
107650,1372,2025-12-06,delivered,card,,0.00,1538.00,2025-12-09
107651,1052,2025-12-06,delivered,sbp,,0.00,6780.00,2025-12-16
107652,2072,2025-12-06,delivered,card,,0.00,6780.00,2025-12-14
107653,286,2025-12-06,delivered,cash,,0.00,1890.00,2025-12-15
107654,1580,2025-12-06,delivered,card,,0.00,42549.00,2025-12-09
107655,578,2025-12-06,delivered,sbp,,0.00,13090.00,2025-12-13
107656,398,2025-12-06,delivered,card,,0.00,2890.00,2025-12-08
107657,1812,2025-12-06,delivered,sbp,,0.00,8180.00,2025-12-10
107658,563,2025-12-06,delivered,card,,0.00,40998.00,2025-12-08
107659,2091,2025-12-06,delivered,card,,0.00,62990.00,2025-12-09
107660,2112,2025-12-06,delivered,card,,0.00,17959.00,2025-12-08
107661,810,2025-12-06,delivered,cash,,0.00,3190.00,2025-12-09
107662,126,2025-12-06,delivered,card,,0.00,57180.00,2025-12-13
107663,1815,2025-12-06,delivered,sbp,,0.00,5070.00,2025-12-10
107664,499,2025-12-06,delivered,cash,,0.00,6529.00,2025-12-13
107665,1435,2025-12-06,delivered,card,,0.00,4380.00,2025-12-10
107666,30,2025-12-06,delivered,sbp,,0.00,15167.00,2025-12-08
107667,1467,2025-12-06,delivered,card,,0.00,20849.00,2025-12-07
107668,1926,2025-12-06,delivered,card,,0.00,10260.00,2025-12-15
107669,1748,2025-12-06,delivered,card,,0.00,17380.00,2025-12-09
107670,649,2025-12-06,delivered,sbp,,0.00,15208.00,2025-12-10
107671,2099,2025-12-07,delivered,card,,0.00,5780.00,2025-12-09
107672,268,2025-12-07,delivered,card,,0.00,48460.00,2025-12-10
107673,1400,2025-12-07,delivered,card,,0.00,6780.00,2025-12-17
107674,1080,2025-12-07,delivered,card,,0.00,16490.00,2025-12-12
107675,1779,2025-12-07,delivered,card,,0.00,44429.00,2025-12-12
107676,2111,2025-12-07,delivered,card,WELCOME10,954.90,8594.10,2025-12-08
107677,264,2025-12-07,delivered,sbp,,0.00,2577.00,2025-12-10
107678,1446,2025-12-07,returned,sbp,,0.00,11580.00,2025-12-16
107679,1301,2025-12-07,delivered,card,,0.00,4680.00,2025-12-09
107680,1930,2025-12-07,delivered,card,,0.00,859.00,2025-12-09
107681,1518,2025-12-07,delivered,sbp,,0.00,2749.00,2025-12-10
107682,2094,2025-12-07,delivered,card,,0.00,2390.00,2025-12-09
107683,1310,2025-12-07,delivered,card,,0.00,4790.00,2025-12-13
107684,1834,2025-12-07,delivered,sbp,FRIEND300,300.00,14180.00,2025-12-14
107685,193,2025-12-07,delivered,card,,0.00,2390.00,2025-12-08
107686,728,2025-12-07,returned,card,,0.00,6498.00,2025-12-11
107687,2101,2025-12-07,delivered,card,,0.00,11549.00,2025-12-10
107688,1545,2025-12-07,delivered,sbp,,0.00,2190.00,2025-12-11
107689,2113,2025-12-07,delivered,cash,,0.00,4749.00,2025-12-10
107690,1165,2025-12-07,delivered,card,,0.00,13778.00,2025-12-11
107691,1819,2025-12-07,returned,card,,0.00,10539.00,2025-12-10
107692,826,2025-12-07,delivered,card,,0.00,64708.00,2025-12-09
107693,581,2025-12-07,delivered,card,,0.00,1290.00,2025-12-11
107694,1347,2025-12-07,delivered,card,,0.00,3890.00,2025-12-09
107695,827,2025-12-07,cancelled,cash,,0.00,19460.00,
107696,2052,2025-12-07,delivered,card,,0.00,12590.00,2025-12-08
107697,753,2025-12-07,delivered,card,,0.00,1290.00,2025-12-13
107698,2070,2025-12-07,delivered,card,,0.00,4490.00,2025-12-14
107699,1744,2025-12-07,delivered,sbp,,0.00,15139.00,2025-12-13
107700,1115,2025-12-07,delivered,cash,,0.00,9939.00,2025-12-09
107701,1622,2025-12-07,delivered,card,,0.00,64328.00,2025-12-08
107702,1088,2025-12-07,delivered,sbp,,0.00,17390.00,2025-12-08
107703,1072,2025-12-07,delivered,card,,0.00,10480.00,2025-12-11
107704,1910,2025-12-07,delivered,card,,0.00,8370.00,2025-12-15
107705,1948,2025-12-07,delivered,sbp,,0.00,8690.00,2025-12-09
107706,1914,2025-12-07,delivered,card,,0.00,14560.00,2025-12-08
107707,993,2025-12-07,delivered,card,,0.00,2190.00,2025-12-16
107708,2108,2025-12-07,delivered,card,WELCOME10,179.00,1611.00,2025-12-11
107709,1152,2025-12-07,delivered,sbp,,0.00,38790.00,2025-12-10
107710,135,2025-12-07,delivered,card,,0.00,7367.00,2025-12-09
107711,777,2025-12-07,delivered,card,,0.00,4608.00,2025-12-09
107712,2098,2025-12-07,delivered,card,,0.00,479.00,2025-12-13
107713,618,2025-12-07,delivered,cash,,0.00,8690.00,2025-12-09
107714,259,2025-12-07,delivered,card,,0.00,6197.00,2025-12-09
107715,728,2025-12-07,cancelled,sbp,,0.00,3436.00,
107716,1917,2025-12-07,delivered,sbp,,0.00,2190.00,2025-12-10
107717,511,2025-12-07,delivered,card,,0.00,8690.00,2025-12-11
107718,1813,2025-12-07,delivered,card,,0.00,26670.00,2025-12-14
107719,775,2025-12-07,delivered,sbp,,0.00,15370.00,2025-12-10
107720,1874,2025-12-07,delivered,card,,0.00,859.00,2025-12-17
107721,756,2025-12-07,delivered,sbp,,0.00,4327.00,2025-12-13
107722,473,2025-12-07,delivered,sbp,,0.00,7290.00,2025-12-10
107723,1371,2025-12-07,delivered,sbp,,0.00,2586.00,2025-12-15
107724,705,2025-12-07,delivered,card,,0.00,479.00,2025-12-12
107725,468,2025-12-07,delivered,card,,0.00,42739.00,2025-12-08
107726,1230,2025-12-08,delivered,card,,0.00,8690.00,2025-12-10
107727,1400,2025-12-08,delivered,card,,0.00,2149.00,2025-12-14
107728,305,2025-12-08,delivered,card,,0.00,10157.00,2025-12-15
107729,1283,2025-12-08,delivered,card,,0.00,958.00,2025-12-10
107730,286,2025-12-08,delivered,card,,0.00,15880.00,2025-12-15
107731,2092,2025-12-08,delivered,card,WELCOME10,973.80,8764.20,2025-12-13
107732,557,2025-12-08,delivered,card,,0.00,4780.00,2025-12-15
107733,2073,2025-12-08,delivered,card,,0.00,14060.00,2025-12-11
107734,2036,2025-12-08,returned,card,,0.00,3387.00,2025-12-10
107735,916,2025-12-08,delivered,card,,0.00,43590.00,2025-12-15
107736,1651,2025-12-08,delivered,card,,0.00,1890.00,2025-12-10
107737,102,2025-12-08,delivered,card,,0.00,1938.00,2025-12-11
107738,547,2025-12-08,delivered,card,,0.00,3180.00,2025-12-11
107739,1517,2025-12-08,delivered,cash,,0.00,8690.00,2025-12-11
107740,313,2025-12-08,delivered,sbp,,0.00,10498.00,2025-12-11
107741,1610,2025-12-08,delivered,sbp,,0.00,51390.00,2025-12-12
107742,1166,2025-12-08,delivered,card,,0.00,17490.00,2025-12-17
107743,1654,2025-12-08,delivered,card,,0.00,7790.00,2025-12-11
107744,1517,2025-12-08,delivered,card,,0.00,21290.00,2025-12-09
107745,1955,2025-12-08,cancelled,sbp,,0.00,479.00,
107746,1274,2025-12-08,delivered,cash,,0.00,11249.00,2025-12-13
107747,1052,2025-12-08,delivered,card,,0.00,13360.00,2025-12-13
107748,1452,2025-12-08,delivered,card,,0.00,10570.00,2025-12-16
107749,1386,2025-12-08,delivered,card,,0.00,569.00,2025-12-10
107750,380,2025-12-08,returned,card,,0.00,859.00,2025-12-13
107751,2113,2025-12-08,delivered,cash,,0.00,2190.00,2025-12-11
107752,272,2025-12-08,cancelled,sbp,,0.00,3190.00,
107753,1747,2025-12-08,delivered,card,,0.00,11980.00,2025-12-12
107754,2022,2025-12-08,returned,cash,,0.00,17347.00,2025-12-10
107755,184,2025-12-08,delivered,card,,0.00,31980.00,2025-12-18
107756,1000,2025-12-08,delivered,card,,0.00,11090.00,2025-12-10
107757,1274,2025-12-08,cancelled,card,,0.00,2890.00,
107758,1975,2025-12-08,delivered,cash,,0.00,35890.00,2025-12-16
107759,1920,2025-12-08,delivered,card,,0.00,389.00,2025-12-11
107760,1432,2025-12-08,delivered,sbp,,0.00,13550.00,2025-12-11
107761,1470,2025-12-08,delivered,sbp,,0.00,7780.00,2025-12-10
107762,1353,2025-12-08,delivered,card,,0.00,10160.00,2025-12-10
107763,1069,2025-12-08,delivered,card,,0.00,7790.00,2025-12-17
107764,1450,2025-12-09,returned,cash,,0.00,3766.00,2025-12-12
107765,313,2025-12-09,returned,card,,0.00,83269.00,2025-12-11
107766,638,2025-12-09,delivered,card,,0.00,1437.00,2025-12-11
107767,2031,2025-12-09,delivered,card,WELCOME10,416.90,3752.10,2025-12-15
107768,1955,2025-12-09,delivered,card,,0.00,7880.00,2025-12-13
107769,2121,2025-12-09,delivered,sbp,,0.00,3780.00,2025-12-11
107770,968,2025-12-09,delivered,card,,0.00,13090.00,2025-12-16
107771,1,2025-12-09,delivered,sbp,,0.00,2507.00,2025-12-11
107772,1371,2025-12-09,delivered,sbp,,0.00,34518.00,2025-12-19
107773,948,2025-12-09,delivered,sbp,,0.00,4790.00,2025-12-11
107774,69,2025-12-09,delivered,card,,0.00,7485.00,2025-12-13
107775,1830,2025-12-09,delivered,card,,0.00,63090.00,2025-12-11
107776,2072,2025-12-09,cancelled,card,,0.00,4590.00,
107777,827,2025-12-09,delivered,card,,0.00,12470.00,2025-12-13
107778,639,2025-12-09,delivered,cash,,0.00,6549.00,2025-12-13
107779,967,2025-12-09,delivered,card,,0.00,12449.00,2025-12-18
107780,184,2025-12-09,delivered,sbp,,0.00,5690.00,2025-12-13
107781,167,2025-12-09,returned,sbp,,0.00,9690.00,2025-12-11
107782,2119,2025-12-09,delivered,sbp,WELCOME10,233.70,2103.30,2025-12-17
107783,2003,2025-12-09,delivered,sbp,,0.00,4790.00,2025-12-11
107784,1201,2025-12-09,delivered,cash,,0.00,2577.00,2025-12-16
107785,1820,2025-12-09,delivered,card,,0.00,9828.00,2025-12-12
107786,469,2025-12-09,delivered,card,,0.00,479.00,2025-12-10
107787,547,2025-12-09,delivered,card,,0.00,3249.00,2025-12-15
107788,557,2025-12-09,delivered,card,,0.00,859.00,2025-12-14
107789,661,2025-12-09,delivered,sbp,,0.00,8690.00,2025-12-13
107790,442,2025-12-09,delivered,sbp,,0.00,859.00,2025-12-13
107791,465,2025-12-09,delivered,sbp,,0.00,16919.00,2025-12-13
107792,783,2025-12-09,delivered,card,,0.00,7829.00,2025-12-11
107793,594,2025-12-09,delivered,sbp,,0.00,7570.00,2025-12-12
107794,1191,2025-12-09,delivered,card,,0.00,9690.00,2025-12-11
107795,1414,2025-12-09,cancelled,sbp,,0.00,2497.00,
107796,1634,2025-12-09,delivered,sbp,,0.00,15118.00,2025-12-12
107797,343,2025-12-09,delivered,sbp,,0.00,19239.00,2025-12-12
107798,87,2025-12-09,cancelled,card,,0.00,969.00,
107799,1460,2025-12-09,delivered,card,,0.00,6657.00,2025-12-13
107800,2118,2025-12-09,delivered,cash,,0.00,2169.00,2025-12-11
107801,159,2025-12-09,delivered,card,,0.00,2580.00,2025-12-12
107802,1648,2025-12-09,delivered,card,,0.00,127980.00,2025-12-10
107803,1144,2025-12-09,delivered,card,,0.00,6790.00,2025-12-11
107804,1657,2025-12-09,delivered,card,,0.00,3190.00,2025-12-11
107805,1034,2025-12-09,delivered,card,,0.00,859.00,2025-12-11
107806,661,2025-12-10,delivered,sbp,,0.00,3390.00,2025-12-13
107807,628,2025-12-10,delivered,sbp,,0.00,1790.00,2025-12-12
107808,20,2025-12-10,delivered,sbp,,0.00,859.00,2025-12-14
107809,1992,2025-12-10,cancelled,card,NEWYEAR2026,77.90,701.10,
107810,1091,2025-12-10,delivered,sbp,,0.00,3390.00,2025-12-11
107811,2109,2025-12-10,delivered,card,,0.00,859.00,2025-12-16
107812,315,2025-12-10,cancelled,card,,0.00,82490.00,
107813,706,2025-12-10,cancelled,cash,,0.00,33990.00,
107814,2008,2025-12-10,delivered,cash,,0.00,779.00,2025-12-13
107815,1416,2025-12-10,delivered,card,,0.00,9659.00,2025-12-12
107816,1055,2025-12-10,delivered,cash,,0.00,1290.00,2025-12-12
107817,1823,2025-12-10,delivered,cash,,0.00,63090.00,2025-12-15
107818,1782,2025-12-10,delivered,card,,0.00,1718.00,2025-12-12
107819,252,2025-12-10,delivered,card,,0.00,2090.00,2025-12-17
107820,454,2025-12-10,delivered,sbp,,0.00,48490.00,2025-12-18
107821,1823,2025-12-10,delivered,sbp,,0.00,1290.00,2025-12-14
107822,2117,2025-12-10,delivered,card,NEWYEAR2026,149.00,1341.00,2025-12-14
107823,1825,2025-12-10,delivered,card,NEWYEAR2026,189.00,1701.00,2025-12-13
107824,836,2025-12-10,delivered,card,,0.00,5280.00,2025-12-12
107825,1954,2025-12-10,delivered,card,NEWYEAR2026,38.90,350.10,2025-12-15
107826,1782,2025-12-10,delivered,sbp,NEWYEAR2026,4977.00,44793.00,2025-12-14
107827,1467,2025-12-10,delivered,sbp,,0.00,12980.00,2025-12-11
107828,732,2025-12-10,delivered,sbp,NEWYEAR2026,279.00,2511.00,2025-12-13
107829,796,2025-12-10,delivered,card,,0.00,2680.00,2025-12-11
107830,585,2025-12-10,delivered,card,,0.00,6380.00,2025-12-12
107831,955,2025-12-10,delivered,cash,,0.00,2449.00,2025-12-14
107832,1573,2025-12-10,delivered,card,,0.00,1048.00,2025-12-13
107833,689,2025-12-10,delivered,card,,0.00,2390.00,2025-12-14
107834,1516,2025-12-10,delivered,card,NEWYEAR2026,363.90,3275.10,2025-12-13
107835,2126,2025-12-10,delivered,card,WELCOME10,479.00,4311.00,2025-12-13
107836,341,2025-12-10,delivered,sbp,,0.00,9180.00,2025-12-15
107837,2096,2025-12-10,delivered,cash,FRIEND300,300.00,1590.00,2025-12-13
107838,102,2025-12-10,delivered,card,,0.00,1890.00,2025-12-12
107839,725,2025-12-10,delivered,cash,,0.00,2190.00,2025-12-11
107840,2086,2025-12-10,delivered,sbp,NEWYEAR2026,579.00,5211.00,2025-12-13
107841,154,2025-12-10,delivered,card,,0.00,46660.00,2025-12-20
107842,364,2025-12-10,delivered,cash,,0.00,13070.00,2025-12-18
107843,1935,2025-12-10,delivered,card,,0.00,1890.00,2025-12-20
107844,1830,2025-12-10,delivered,card,,0.00,18428.00,2025-12-11
107845,1055,2025-12-10,delivered,card,NEWYEAR2026,319.00,2871.00,2025-12-13
107846,1075,2025-12-11,delivered,card,,0.00,3208.00,2025-12-15
107847,1431,2025-12-11,delivered,card,,0.00,6790.00,2025-12-17
107848,608,2025-12-11,delivered,card,,0.00,7539.00,2025-12-17
107849,14,2025-12-11,delivered,card,,0.00,1338.00,2025-12-17
107850,993,2025-12-11,delivered,sbp,NEWYEAR2026,438.00,3942.00,2025-12-18
107851,2117,2025-12-11,delivered,card,NEWYEAR2026,468.00,4212.00,2025-12-15
107852,1457,2025-12-11,delivered,card,,0.00,779.00,2025-12-15
107853,204,2025-12-11,delivered,card,,0.00,4790.00,2025-12-13
107854,1186,2025-12-11,delivered,card,NEWYEAR2026,319.00,2871.00,2025-12-12
107855,1967,2025-12-11,returned,card,NEWYEAR2026,1157.00,10413.00,2025-12-15
107856,2011,2025-12-11,delivered,card,,0.00,1390.00,2025-12-12
107857,995,2025-12-11,delivered,card,NEWYEAR2026,319.00,2871.00,2025-12-15
107858,2118,2025-12-11,delivered,card,,0.00,82490.00,2025-12-14
107859,570,2025-12-11,delivered,card,,0.00,859.00,2025-12-17
107860,590,2025-12-11,delivered,card,,0.00,3749.00,2025-12-17
107861,741,2025-12-11,delivered,card,,0.00,3190.00,2025-12-15
107862,1511,2025-12-11,delivered,cash,,0.00,21780.00,2025-12-16
107863,1467,2025-12-11,delivered,card,,0.00,22670.00,2025-12-13
107864,2112,2025-12-11,cancelled,card,,0.00,18380.00,
107865,1171,2025-12-11,delivered,cash,,0.00,1890.00,2025-12-13
107866,752,2025-12-11,delivered,card,,0.00,4249.00,2025-12-14
107867,711,2025-12-11,delivered,card,,0.00,6970.00,2025-12-17
107868,994,2025-12-11,returned,card,NEWYEAR2026,163.80,1474.20,2025-12-14
107869,1091,2025-12-11,cancelled,card,,0.00,9508.00,
107870,2071,2025-12-11,delivered,sbp,,0.00,4387.00,2025-12-14
107871,894,2025-12-11,delivered,sbp,,0.00,3276.00,2025-12-12
107872,495,2025-12-11,delivered,cash,,0.00,10690.00,2025-12-15
107873,1442,2025-12-11,delivered,card,,0.00,4007.00,2025-12-16
107874,1645,2025-12-11,delivered,sbp,,0.00,9349.00,2025-12-14
107875,1511,2025-12-11,delivered,sbp,,0.00,3390.00,2025-12-17
107876,608,2025-12-11,delivered,card,,0.00,1718.00,2025-12-17
107877,1235,2025-12-11,delivered,cash,,0.00,11469.00,2025-12-15
107878,705,2025-12-11,delivered,sbp,,0.00,7290.00,2025-12-15
107879,1111,2025-12-11,delivered,cash,,0.00,25070.00,2025-12-17
107880,1137,2025-12-11,delivered,sbp,,0.00,55280.00,2025-12-17
107881,2096,2025-12-11,delivered,card,,0.00,1290.00,2025-12-13
107882,2067,2025-12-11,delivered,card,NEWYEAR2026,1309.00,11781.00,2025-12-16
107883,2115,2025-12-11,delivered,card,WELCOME10,66.90,602.10,2025-12-13
107884,449,2025-12-11,delivered,card,NEWYEAR2026,7985.00,71865.00,2025-12-16
107885,1523,2025-12-11,delivered,sbp,,0.00,479.00,2025-12-16
107886,1628,2025-12-11,delivered,card,NEWYEAR2026,1871.60,16844.40,2025-12-15
107887,1826,2025-12-11,delivered,card,,0.00,29859.00,2025-12-12
107888,620,2025-12-11,returned,card,NEWYEAR2026,189.00,1701.00,2025-12-15
107889,473,2025-12-11,delivered,cash,NEWYEAR2026,44.90,404.10,2025-12-12
107890,1421,2025-12-11,delivered,cash,,0.00,1558.00,2025-12-14
107891,2113,2025-12-11,delivered,card,,0.00,2390.00,2025-12-14
107892,1489,2025-12-12,delivered,sbp,,0.00,779.00,2025-12-15
107893,1774,2025-12-12,delivered,card,,0.00,7290.00,2025-12-16
107894,1147,2025-12-12,delivered,sbp,,0.00,969.00,2025-12-13
107895,511,2025-12-12,delivered,card,NEWYEAR2026,96.90,872.10,2025-12-15
107896,1760,2025-12-12,delivered,card,,0.00,7790.00,2025-12-16
107897,508,2025-12-12,delivered,card,,0.00,2390.00,2025-12-14
107898,2113,2025-12-12,cancelled,card,,0.00,479.00,
107899,1424,2025-12-12,cancelled,card,,0.00,12590.00,
107900,1191,2025-12-12,returned,card,,0.00,859.00,2025-12-14
107901,836,2025-12-12,delivered,sbp,,0.00,3528.00,2025-12-16
107902,570,2025-12-12,delivered,card,,0.00,27190.00,2025-12-18
107903,1545,2025-12-12,delivered,card,NEWYEAR2026,1178.00,10602.00,2025-12-14
107904,2030,2025-12-12,delivered,sbp,NEWYEAR2026,179.00,1611.00,2025-12-19
107905,2133,2025-12-12,delivered,card,,0.00,7080.00,2025-12-15
107906,203,2025-12-12,delivered,sbp,,0.00,2390.00,2025-12-13
107907,2125,2025-12-12,delivered,card,NEWYEAR2026,779.00,7011.00,2025-12-15
107908,200,2025-12-12,delivered,sbp,,0.00,25550.00,2025-12-16
107909,1697,2025-12-12,delivered,sbp,,0.00,6780.00,2025-12-16
107910,195,2025-12-12,delivered,card,,0.00,8690.00,2025-12-16
107911,608,2025-12-12,delivered,card,,0.00,1718.00,2025-12-15
107912,1821,2025-12-12,delivered,card,,0.00,569.00,2025-12-14
107913,611,2025-12-12,delivered,card,,0.00,39229.00,2025-12-20
107914,1562,2025-12-12,delivered,sbp,,0.00,6790.00,2025-12-17
107915,20,2025-12-12,delivered,card,,0.00,21780.00,2025-12-17
107916,557,2025-12-12,delivered,card,,0.00,389.00,2025-12-17
107917,2030,2025-12-12,delivered,card,NEWYEAR2026,422.90,3806.10,2025-12-16
107918,1878,2025-12-12,delivered,sbp,,0.00,9880.00,2025-12-16
107919,798,2025-12-12,returned,cash,NEWYEAR2026,47.90,431.10,2025-12-18
107920,2135,2025-12-12,delivered,card,WELCOME10,219.00,1971.00,2025-12-20
107921,660,2025-12-12,delivered,card,,0.00,2890.00,2025-12-15
107922,133,2025-12-12,delivered,card,,0.00,2390.00,2025-12-15
107923,1821,2025-12-12,returned,card,,0.00,479.00,2025-12-14
107924,2073,2025-12-12,delivered,card,,0.00,14080.00,2025-12-15
107925,557,2025-12-12,delivered,card,,0.00,2190.00,2025-12-21
107926,684,2025-12-12,delivered,card,,0.00,2390.00,2025-12-15
107927,443,2025-12-12,delivered,cash,,0.00,11880.00,2025-12-15
107928,233,2025-12-12,delivered,sbp,,0.00,48939.00,2025-12-22
107929,1590,2025-12-12,delivered,card,NEWYEAR2026,289.00,2601.00,2025-12-15
107930,2003,2025-12-12,cancelled,card,,0.00,116490.00,
107931,557,2025-12-12,delivered,cash,,0.00,2577.00,2025-12-20
107932,2095,2025-12-12,delivered,card,,0.00,1890.00,2025-12-18
107933,1220,2025-12-13,delivered,card,,0.00,86380.00,2025-12-14
107934,621,2025-12-13,delivered,card,,0.00,3425.00,2025-12-16
107935,1746,2025-12-13,delivered,sbp,NEWYEAR2026,1133.90,10205.10,2025-12-16
107936,408,2025-12-13,delivered,sbp,NEWYEAR2026,77.90,701.10,2025-12-19
107937,1064,2025-12-13,delivered,sbp,,0.00,859.00,2025-12-18
107938,442,2025-12-13,delivered,card,,0.00,63090.00,2025-12-18
107939,1131,2025-12-13,delivered,sbp,NEWYEAR2026,958.00,8622.00,2025-12-17
107940,1625,2025-12-13,delivered,sbp,,0.00,12267.00,2025-12-18
107941,747,2025-12-13,returned,card,,0.00,969.00,2025-12-20
107942,107,2025-12-13,delivered,card,,0.00,24749.00,2025-12-14
107943,998,2025-12-13,delivered,card,,0.00,779.00,2025-12-23
107944,1860,2025-12-13,delivered,card,,0.00,35890.00,2025-12-16
107945,1552,2025-12-13,delivered,sbp,,0.00,7790.00,2025-12-16
107946,1962,2025-12-13,delivered,sbp,FRIEND300,300.00,3090.00,2025-12-17
107947,640,2025-12-13,delivered,card,,0.00,56860.00,2025-12-17
107948,753,2025-12-13,delivered,cash,,0.00,49147.00,2025-12-21
107949,1745,2025-12-13,returned,card,,0.00,10690.00,2025-12-16
107950,1545,2025-12-13,delivered,card,,0.00,5828.00,2025-12-17
107951,623,2025-12-13,delivered,sbp,NEWYEAR2026,3265.00,29385.00,2025-12-14
107952,546,2025-12-13,delivered,sbp,,0.00,6580.00,2025-12-14
107953,1378,2025-12-13,delivered,card,,0.00,3190.00,2025-12-18
107954,925,2025-12-13,delivered,sbp,,0.00,1718.00,2025-12-15
107955,925,2025-12-13,delivered,sbp,,0.00,27570.00,2025-12-14
107956,1890,2025-12-13,delivered,card,,0.00,859.00,2025-12-22
107957,1306,2025-12-13,delivered,sbp,,0.00,20380.00,2025-12-14
107958,1784,2025-12-13,delivered,card,,0.00,71360.00,2025-12-18
107959,1181,2025-12-13,delivered,sbp,NEWYEAR2026,746.00,6714.00,2025-12-16
107960,616,2025-12-13,delivered,card,,0.00,13090.00,2025-12-16
107961,1828,2025-12-13,delivered,sbp,,0.00,8260.00,2025-12-16
107962,511,2025-12-13,delivered,card,,0.00,13080.00,2025-12-17
107963,741,2025-12-13,delivered,card,,0.00,5690.00,2025-12-16
107964,639,2025-12-13,delivered,sbp,,0.00,27470.00,2025-12-18
107965,1545,2025-12-13,delivered,card,,0.00,20260.00,2025-12-17
107966,1819,2025-12-13,delivered,card,,0.00,4670.00,2025-12-15
107967,1937,2025-12-13,delivered,card,,0.00,4780.00,2025-12-20
107968,2128,2025-12-13,delivered,card,,0.00,2369.00,2025-12-18
107969,1349,2025-12-13,delivered,sbp,NEWYEAR2026,468.00,4212.00,2025-12-15
107970,1378,2025-12-13,delivered,sbp,,0.00,12939.00,2025-12-17
107971,1152,2025-12-14,delivered,sbp,,0.00,17490.00,2025-12-18
107972,608,2025-12-14,cancelled,sbp,,0.00,3969.00,
107973,1417,2025-12-14,delivered,card,,0.00,4908.00,2025-12-16
107974,2127,2025-12-14,delivered,sbp,,0.00,479.00,2025-12-16
107975,598,2025-12-14,delivered,card,,0.00,18349.00,2025-12-17
107976,396,2025-12-14,delivered,card,,0.00,859.00,2025-12-19
107977,159,2025-12-14,delivered,card,NEWYEAR2026,1888.00,16992.00,2025-12-16
107978,1175,2025-12-14,delivered,card,,0.00,9549.00,2025-12-17
107979,861,2025-12-14,delivered,card,NEWYEAR2026,318.00,2862.00,2025-12-24
107980,133,2025-12-14,delivered,card,,0.00,7728.00,2025-12-19
107981,745,2025-12-14,delivered,cash,,0.00,859.00,2025-12-19
107982,1212,2025-12-14,delivered,card,,0.00,1757.00,2025-12-17
107983,1992,2025-12-14,cancelled,sbp,,0.00,3380.00,
107984,260,2025-12-14,delivered,card,,0.00,24218.00,2025-12-15
107985,1115,2025-12-14,returned,card,NEWYEAR2026,125.80,1132.20,2025-12-18
107986,1212,2025-12-14,delivered,sbp,,0.00,25770.00,2025-12-17
107987,466,2025-12-14,delivered,sbp,NEWYEAR2026,869.00,7821.00,2025-12-16
107988,1389,2025-12-14,delivered,sbp,,0.00,55270.00,2025-12-17
107989,566,2025-12-14,delivered,sbp,,0.00,6790.00,2025-12-23
107990,1830,2025-12-14,delivered,card,,0.00,4608.00,2025-12-15
107991,97,2025-12-14,delivered,cash,,0.00,4249.00,2025-12-16
107992,127,2025-12-14,delivered,card,NEWYEAR2026,618.00,5562.00,2025-12-18
107993,1846,2025-12-14,delivered,card,NEWYEAR2026,479.00,4311.00,2025-12-23
107994,921,2025-12-14,delivered,card,,0.00,859.00,2025-12-18
107995,1093,2025-12-14,delivered,card,NEWYEAR2026,319.00,2871.00,2025-12-16
107996,352,2025-12-14,delivered,card,,0.00,48060.00,2025-12-17
107997,454,2025-12-14,delivered,sbp,,0.00,1890.00,2025-12-24
107998,162,2025-12-14,delivered,card,,0.00,3535.00,2025-12-18
107999,1446,2025-12-14,delivered,cash,NEWYEAR2026,2257.00,20313.00,2025-12-20
108000,1784,2025-12-14,delivered,card,NEWYEAR2026,304.90,2744.10,2025-12-19
108001,1874,2025-12-14,delivered,card,NEWYEAR2026,779.00,7011.00,2025-12-21
108002,1954,2025-12-14,delivered,card,NEWYEAR2026,679.00,6111.00,2025-12-18
108003,1241,2025-12-14,delivered,cash,,0.00,4370.00,2025-12-17
108004,1869,2025-12-14,cancelled,sbp,,0.00,3898.00,
108005,1393,2025-12-14,delivered,card,NEWYEAR2026,1649.00,14841.00,2025-12-18
108006,1710,2025-12-14,delivered,card,,0.00,38336.00,2025-12-22
108007,183,2025-12-14,delivered,card,NEWYEAR2026,729.00,6561.00,2025-12-18
108008,1689,2025-12-14,delivered,card,,0.00,859.00,2025-12-17
108009,1925,2025-12-14,returned,sbp,,0.00,9180.00,2025-12-18
108010,323,2025-12-14,delivered,card,NEWYEAR2026,1487.00,13383.00,2025-12-22
108011,1442,2025-12-14,delivered,card,NEWYEAR2026,77.90,701.10,2025-12-19
108012,902,2025-12-14,delivered,cash,,0.00,3190.00,2025-12-19
108013,1923,2025-12-14,delivered,cash,NEWYEAR2026,479.00,4311.00,2025-12-17
108014,495,2025-12-14,delivered,sbp,NEWYEAR2026,578.00,5202.00,2025-12-16
108015,942,2025-12-14,cancelled,card,,0.00,779.00,
108016,1181,2025-12-14,delivered,card,NEWYEAR2026,869.00,7821.00,2025-12-15
108017,1220,2025-12-14,delivered,sbp,,0.00,12980.00,2025-12-16
108018,2140,2025-12-14,delivered,card,,0.00,14060.00,2025-12-18
108019,1981,2025-12-15,delivered,cash,,0.00,8690.00,2025-12-21
108020,1855,2025-12-15,delivered,cash,,0.00,1718.00,2025-12-19
108021,699,2025-12-15,delivered,card,NEWYEAR2026,4848.00,43632.00,2025-12-20
108022,364,2025-12-15,delivered,card,,0.00,6069.00,2025-12-20
108023,1955,2025-12-15,delivered,card,,0.00,2886.00,2025-12-17
108024,326,2025-12-15,delivered,card,,0.00,859.00,2025-12-20
108025,2138,2025-12-15,delivered,card,NEWYEAR2026,638.00,5742.00,2025-12-17
108026,1416,2025-12-15,delivered,card,,0.00,21390.00,2025-12-18
108027,1101,2025-12-15,delivered,sbp,,0.00,16005.00,2025-12-16
108028,1393,2025-12-15,delivered,card,,0.00,9567.00,2025-12-20
108029,1516,2025-12-15,delivered,card,NEWYEAR2026,257.90,2321.10,2025-12-16
108030,1863,2025-12-15,delivered,card,,0.00,12590.00,2025-12-18
108031,1694,2025-12-15,delivered,sbp,,0.00,10687.00,2025-12-18
108032,184,2025-12-15,delivered,card,NEWYEAR2026,472.80,4255.20,2025-12-20
108033,1100,2025-12-15,cancelled,cash,NEWYEAR2026,1484.90,13364.10,
108034,1296,2025-12-15,delivered,sbp,NEWYEAR2026,6309.00,56781.00,2025-12-17
108035,1165,2025-12-15,delivered,sbp,NEWYEAR2026,1297.00,11673.00,2025-12-18
108036,1401,2025-12-15,delivered,card,,0.00,5080.00,2025-12-17
108037,1795,2025-12-15,delivered,sbp,,0.00,3049.00,2025-12-22
108038,1968,2025-12-15,delivered,card,,0.00,10580.00,2025-12-16
108039,1636,2025-12-15,delivered,cash,,0.00,7680.00,2025-12-16
108040,705,2025-12-15,delivered,cash,,0.00,9680.00,2025-12-20
108041,994,2025-12-15,delivered,cash,,0.00,4790.00,2025-12-19
108042,2022,2025-12-15,returned,card,NEWYEAR2026,489.00,4401.00,2025-12-17
108043,1738,2025-12-15,delivered,card,,0.00,12590.00,2025-12-18
108044,1319,2025-12-15,delivered,sbp,,0.00,1347.00,2025-12-23
108045,802,2025-12-15,delivered,card,NEWYEAR2026,139.00,1251.00,2025-12-16
108046,278,2025-12-15,delivered,card,,0.00,1390.00,2025-12-18
108047,1959,2025-12-15,delivered,sbp,NEWYEAR2026,89.80,808.20,2025-12-20
108048,84,2025-12-15,delivered,sbp,NEWYEAR2026,786.70,7080.30,2025-12-23
108049,2144,2025-12-15,delivered,card,,0.00,21049.00,2025-12-21
108050,2047,2025-12-15,delivered,card,NEWYEAR2026,929.80,8368.20,2025-12-18
108051,1236,2025-12-15,delivered,card,,0.00,8180.00,2025-12-20
108052,1064,2025-12-15,delivered,card,,0.00,8069.00,2025-12-20
108053,1457,2025-12-15,delivered,card,,0.00,859.00,2025-12-17
108054,937,2025-12-15,delivered,card,NEWYEAR2026,973.40,8760.60,2025-12-20
108055,1131,2025-12-15,delivered,cash,,0.00,10690.00,2025-12-21
108056,2054,2025-12-15,delivered,sbp,WELCOME10,139.00,1251.00,2025-12-21
108057,215,2025-12-15,delivered,card,NEWYEAR2026,7856.00,70704.00,2025-12-19
108058,675,2025-12-15,delivered,sbp,,0.00,1390.00,2025-12-17
108059,701,2025-12-15,delivered,card,NEWYEAR2026,85.90,773.10,2025-12-19
108060,1292,2025-12-15,delivered,card,,0.00,12180.00,2025-12-19
108061,673,2025-12-15,delivered,sbp,,0.00,17209.00,2025-12-18
108062,2113,2025-12-15,delivered,card,NEWYEAR2026,1748.00,15732.00,2025-12-18
108063,819,2025-12-15,delivered,card,,0.00,41680.00,2025-12-20
108064,1322,2025-12-16,delivered,sbp,NEWYEAR2026,44.90,404.10,2025-12-19
108065,1988,2025-12-16,delivered,sbp,,0.00,23477.00,2025-12-21
108066,1175,2025-12-16,delivered,card,,0.00,2959.00,2025-12-19
108067,2141,2025-12-16,delivered,cash,NEWYEAR2026,288.00,2592.00,2025-12-20
108068,788,2025-12-16,cancelled,cash,NEWYEAR2026,289.00,2601.00,
108069,371,2025-12-16,delivered,card,,0.00,2890.00,2025-12-19
108070,995,2025-12-16,delivered,card,,0.00,17490.00,2025-12-19
108071,1237,2025-12-16,cancelled,card,,0.00,136860.00,
108072,1041,2025-12-16,cancelled,cash,,0.00,13080.00,
108073,2149,2025-12-16,delivered,card,,0.00,9070.00,2025-12-19
108074,2075,2025-12-16,delivered,sbp,NEWYEAR2026,869.00,7821.00,2025-12-19
108075,1414,2025-12-16,delivered,sbp,,0.00,6790.00,2025-12-22
108076,1545,2025-12-16,delivered,card,NEWYEAR2026,1193.90,10745.10,2025-12-19
108077,527,2025-12-16,delivered,card,,0.00,40280.00,2025-12-18
108078,1517,2025-12-16,cancelled,sbp,,0.00,7790.00,
108079,925,2025-12-16,delivered,card,,0.00,18580.00,2025-12-17
108080,2095,2025-12-16,delivered,cash,,0.00,12888.00,2025-12-22
108081,119,2025-12-16,delivered,card,,0.00,4908.00,2025-12-19
108082,1948,2025-12-16,delivered,cash,NEWYEAR2026,1344.90,12104.10,2025-12-17
108083,579,2025-12-16,delivered,cash,,0.00,2890.00,2025-12-18
108084,465,2025-12-16,delivered,sbp,,0.00,82490.00,2025-12-24
108085,1263,2025-12-16,delivered,card,,0.00,3148.00,2025-12-19
108086,616,2025-12-16,delivered,card,,0.00,40680.00,2025-12-19
108087,1379,2025-12-16,delivered,sbp,,0.00,3190.00,2025-12-21
108088,1197,2025-12-16,delivered,card,,0.00,3890.00,2025-12-22
108089,1602,2025-12-16,delivered,card,NEWYEAR2026,171.80,1546.20,2025-12-17
108090,1427,2025-12-16,delivered,card,NEWYEAR2026,3159.00,28431.00,2025-12-20
108091,1,2025-12-16,delivered,card,NEWYEAR2026,3589.00,32301.00,2025-12-17
108092,774,2025-12-16,delivered,sbp,,0.00,1718.00,2025-12-25
108093,993,2025-12-16,returned,card,,0.00,12590.00,2025-12-26
108094,1241,2025-12-16,delivered,card,,0.00,4390.00,2025-12-19
108095,2103,2025-12-16,delivered,card,,0.00,63090.00,2025-12-23
108096,909,2025-12-16,delivered,card,NEWYEAR2026,95.80,862.20,2025-12-23
108097,1567,2025-12-16,delivered,card,NEWYEAR2026,4369.00,39321.00,2025-12-21
108098,97,2025-12-16,delivered,card,NEWYEAR2026,85.90,773.10,2025-12-21
108099,1032,2025-12-16,delivered,card,,0.00,9549.00,2025-12-17
108100,2096,2025-12-16,delivered,card,,0.00,4790.00,2025-12-18
108101,957,2025-12-16,delivered,cash,NEWYEAR2026,239.00,2151.00,2025-12-21
108102,742,2025-12-16,delivered,sbp,NEWYEAR2026,171.80,1546.20,2025-12-25
108103,1362,2025-12-16,delivered,sbp,,0.00,41790.00,2025-12-20
108104,452,2025-12-17,delivered,sbp,NEWYEAR2026,319.00,2871.00,2025-12-23
108105,1702,2025-12-17,delivered,sbp,,0.00,36668.00,2025-12-20
108106,1978,2025-12-17,cancelled,card,,0.00,1638.00,
108107,326,2025-12-17,delivered,card,NEWYEAR2026,4955.90,44603.10,2025-12-22
108108,2067,2025-12-17,delivered,card,,0.00,389.00,2025-12-20
108109,1371,2025-12-17,delivered,card,,0.00,3698.00,2025-12-22
108110,1909,2025-12-17,delivered,cash,NEWYEAR2026,239.00,2151.00,2025-12-19
108111,1962,2025-12-17,delivered,cash,,0.00,4790.00,2025-12-22
108112,1925,2025-12-17,cancelled,card,,0.00,2390.00,
108113,1157,2025-12-17,delivered,card,,0.00,21098.00,2025-12-19
108114,1124,2025-12-17,delivered,sbp,,0.00,3390.00,2025-12-21
108115,1522,2025-12-17,delivered,card,,0.00,9560.00,2025-12-23
108116,1713,2025-12-17,returned,sbp,,0.00,21270.00,2025-12-20
108117,2117,2025-12-17,delivered,card,,0.00,779.00,2025-12-21
108118,268,2025-12-17,delivered,card,,0.00,51298.00,2025-12-19
108119,775,2025-12-17,delivered,sbp,NEWYEAR2026,913.90,8225.10,2025-12-19
108120,1098,2025-12-17,delivered,card,NEWYEAR2026,1027.00,9243.00,2025-12-18
108121,752,2025-12-17,delivered,sbp,,0.00,2190.00,2025-12-20
108122,2071,2025-12-17,delivered,card,NEWYEAR2026,596.70,5370.30,2025-12-19
108123,69,2025-12-17,delivered,card,,0.00,5290.00,2025-12-20
108124,2094,2025-12-17,delivered,card,,0.00,1718.00,2025-12-19
108125,465,2025-12-17,delivered,card,,0.00,7739.00,2025-12-25
108126,198,2025-12-17,delivered,card,,0.00,1290.00,2025-12-21
108127,2090,2025-12-17,delivered,card,,0.00,2390.00,2025-12-22
108128,993,2025-12-17,delivered,sbp,,0.00,5619.00,2025-12-27
108129,1638,2025-12-17,delivered,card,,0.00,7229.00,2025-12-21
108130,605,2025-12-17,delivered,card,,0.00,7859.00,2025-12-21
108131,1298,2025-12-17,cancelled,cash,NEWYEAR2026,638.00,5742.00,
108132,1552,2025-12-17,delivered,card,NEWYEAR2026,1259.00,11331.00,2025-12-20
108133,1081,2025-12-17,delivered,card,,0.00,16980.00,2025-12-23
108134,211,2025-12-17,delivered,card,,0.00,87380.00,2025-12-23
108135,154,2025-12-17,delivered,card,NEWYEAR2026,139.00,1251.00,2025-12-27
108136,1532,2025-12-17,delivered,sbp,,0.00,2780.00,2025-12-19
108137,597,2025-12-17,delivered,cash,NEWYEAR2026,389.00,3501.00,2025-12-21
108138,1953,2025-12-17,delivered,card,,0.00,14829.00,2025-12-22
108139,414,2025-12-17,delivered,cash,,0.00,1718.00,2025-12-18
108140,1552,2025-12-17,delivered,card,,0.00,1390.00,2025-12-19
108141,2120,2025-12-17,delivered,card,,0.00,4180.00,2025-12-19
108142,1387,2025-12-17,delivered,cash,,0.00,2307.00,2025-12-18
108143,1869,2025-12-17,delivered,card,NEWYEAR2026,876.00,7884.00,2025-12-20
108144,628,2025-12-17,delivered,card,,0.00,7790.00,2025-12-19
108145,1854,2025-12-17,cancelled,card,NEWYEAR2026,159.00,1431.00,
108146,203,2025-12-17,delivered,sbp,,0.00,3890.00,2025-12-18
108147,1736,2025-12-17,delivered,cash,,0.00,3327.00,2025-12-21
108148,1230,2025-12-17,delivered,card,,0.00,42649.00,2025-12-20
108149,1054,2025-12-17,cancelled,cash,NEWYEAR2026,728.00,6552.00,
108150,1198,2025-12-17,delivered,card,,0.00,4380.00,2025-12-24
108151,820,2025-12-17,returned,card,,0.00,8336.00,2025-12-20
108152,1649,2025-12-17,delivered,card,,0.00,9980.00,2025-12-19
108153,1388,2025-12-17,delivered,card,,0.00,2390.00,2025-12-21
108154,1759,2025-12-17,returned,card,,0.00,3190.00,2025-12-20
108155,1412,2025-12-17,cancelled,sbp,,0.00,3780.00,
108156,2081,2025-12-17,delivered,card,,0.00,100980.00,2025-12-20
108157,1799,2025-12-17,delivered,card,,0.00,4790.00,2025-12-19
108158,1947,2025-12-17,delivered,sbp,,0.00,2577.00,2025-12-19
108159,97,2025-12-17,delivered,card,,0.00,1390.00,2025-12-21
108160,1702,2025-12-17,delivered,sbp,,0.00,19880.00,2025-12-20
108161,995,2025-12-17,delivered,card,,0.00,2580.00,2025-12-20
108162,1450,2025-12-18,delivered,card,,0.00,2190.00,2025-12-23
108163,1171,2025-12-18,returned,cash,,0.00,479.00,2025-12-23
108164,2147,2025-12-18,cancelled,card,WELCOME10,228.70,2058.30,
108165,1931,2025-12-18,delivered,card,,0.00,5790.00,2025-12-28
108166,2162,2025-12-18,delivered,card,WELCOME10,85.90,773.10,2025-12-23
108167,547,2025-12-18,delivered,card,NEWYEAR2026,1212.60,10913.40,2025-12-26
108168,812,2025-12-18,delivered,sbp,NEWYEAR2026,171.80,1546.20,2025-12-24
108169,1807,2025-12-18,delivered,card,,0.00,8459.00,2025-12-22
108170,1400,2025-12-18,delivered,card,,0.00,2390.00,2025-12-31
108171,1799,2025-12-18,delivered,sbp,,0.00,15208.00,2025-12-24
108172,775,2025-12-18,delivered,card,,0.00,7180.00,2025-12-22
108173,1400,2025-12-18,delivered,sbp,NEWYEAR2026,258.00,2322.00,2025-12-25
108174,628,2025-12-18,returned,card,,0.00,10738.00,2025-12-22
108175,470,2025-12-18,delivered,cash,,0.00,769.00,2025-12-22
108176,1855,2025-12-18,delivered,sbp,,0.00,18480.00,2025-12-24
108177,645,2025-12-18,returned,card,NEWYEAR2026,453.90,4085.10,2025-12-27
108178,1661,2025-12-18,cancelled,sbp,,0.00,3190.00,
108179,557,2025-12-18,delivered,sbp,,0.00,22570.00,2025-12-28
108180,2152,2025-12-18,delivered,sbp,,0.00,2390.00,2025-12-23
108181,574,2025-12-18,delivered,card,NEWYEAR2026,1124.90,10124.10,2025-12-21
108182,1338,2025-12-18,returned,card,NEWYEAR2026,85.90,773.10,2025-12-23
108183,269,2025-12-18,delivered,card,,0.00,45859.00,2025-12-23
108184,169,2025-12-18,delivered,card,,0.00,8690.00,2025-12-24
108185,2148,2025-12-18,delivered,cash,WELCOME10,1000.00,20660.00,2025-12-24
108186,775,2025-12-18,delivered,card,,0.00,1718.00,2025-12-23
108187,1610,2025-12-18,delivered,sbp,,0.00,3839.00,2025-12-23
108188,725,2025-12-18,delivered,card,,0.00,7290.00,2025-12-21
108189,442,2025-12-18,delivered,card,,0.00,3959.00,2025-12-24
108190,133,2025-12-18,delivered,card,,0.00,8690.00,2025-12-24
108191,830,2025-12-18,delivered,sbp,,0.00,1890.00,2025-12-24
108192,1175,2025-12-18,delivered,sbp,NEWYEAR2026,1069.00,9621.00,2025-12-23
108193,2122,2025-12-18,delivered,card,,0.00,15380.00,2025-12-25
108194,492,2025-12-18,delivered,sbp,,0.00,5690.00,2025-12-24
108195,1702,2025-12-18,delivered,card,NEWYEAR2026,171.80,1546.20,2025-12-25
108196,1628,2025-12-18,delivered,sbp,,0.00,1890.00,2025-12-24
108197,356,2025-12-18,delivered,card,NEWYEAR2026,638.00,5742.00,2025-12-29
108198,388,2025-12-18,delivered,card,,0.00,8470.00,2025-12-26
108199,1426,2025-12-18,delivered,sbp,,0.00,859.00,2025-12-22
108200,1981,2025-12-18,delivered,cash,NEWYEAR2026,116.70,1050.30,2025-12-29
108201,1552,2025-12-18,delivered,card,,0.00,8690.00,2025-12-22
108202,1984,2025-12-18,delivered,card,WELCOME10,869.00,7821.00,2025-12-21
108203,1742,2025-12-18,delivered,sbp,,0.00,9549.00,2025-12-21
108204,580,2025-12-18,delivered,card,,0.00,1918.00,2025-12-22
108205,105,2025-12-18,delivered,card,,0.00,16357.00,2025-12-27
108206,557,2025-12-18,cancelled,sbp,,0.00,3780.00,
108207,1873,2025-12-18,delivered,card,,0.00,1390.00,2025-12-22
108208,1125,2025-12-18,delivered,sbp,NEWYEAR2026,3589.00,32301.00,2025-12-26
108209,1159,2025-12-18,delivered,card,,0.00,37608.00,2025-12-26
108210,479,2025-12-18,delivered,sbp,NEWYEAR2026,6987.00,62883.00,2025-12-20
108211,1545,2025-12-18,delivered,card,,0.00,6186.00,2025-12-24
108212,1980,2025-12-18,delivered,card,,0.00,12049.00,2025-12-22
108213,1446,2025-12-18,delivered,card,,0.00,7290.00,2025-12-25
108214,2158,2025-12-18,delivered,card,NEWYEAR2026,569.00,5121.00,2025-12-23
108215,1545,2025-12-18,delivered,card,,0.00,859.00,2025-12-21
108216,1250,2025-12-18,delivered,card,,0.00,7870.00,2025-12-24
108217,2018,2025-12-19,delivered,cash,,0.00,6160.00,2025-12-27
108218,1603,2025-12-19,delivered,card,,0.00,21329.00,2025-12-27
108219,2124,2025-12-19,delivered,card,NEWYEAR2026,319.00,2871.00,2025-12-23
108220,879,2025-12-19,delivered,card,,0.00,1918.00,2025-12-29
108221,1992,2025-12-19,delivered,card,,0.00,10880.00,2025-12-23
108222,1859,2025-12-19,delivered,sbp,,0.00,3890.00,2025-12-25
108223,1782,2025-12-19,delivered,card,,0.00,9659.00,2025-12-25
108224,1784,2025-12-19,delivered,card,NEWYEAR2026,289.00,2601.00,2025-12-28
108225,957,2025-12-19,delivered,card,,0.00,3097.00,2025-12-25
108226,812,2025-12-19,delivered,card,NEWYEAR2026,869.00,7821.00,2025-12-25
108227,121,2025-12-19,delivered,card,,0.00,19270.00,2025-12-27
108228,547,2025-12-19,delivered,card,,0.00,53049.00,2025-12-26
108229,689,2025-12-19,delivered,sbp,,0.00,13980.00,2025-12-28
108230,755,2025-12-19,delivered,card,,0.00,12080.00,2025-12-23
108231,1186,2025-12-19,delivered,card,NEWYEAR2026,214.90,1934.10,2025-12-23
108232,1955,2025-12-19,delivered,sbp,NEWYEAR2026,171.80,1546.20,2025-12-24
108233,1143,2025-12-19,delivered,card,,0.00,18660.00,2025-12-25
108234,175,2025-12-19,delivered,card,,0.00,41790.00,2025-12-27
108235,388,2025-12-19,delivered,card,,0.00,50728.00,2025-12-27
108236,1778,2025-12-19,delivered,sbp,,0.00,2390.00,2025-12-22
108237,1431,2025-12-19,delivered,card,NEWYEAR2026,171.80,1546.20,2025-12-26
108238,1459,2025-12-19,delivered,sbp,,0.00,6780.00,2025-12-22
108239,1042,2025-12-19,delivered,card,NEWYEAR2026,1259.00,11331.00,2025-12-24
108240,2143,2025-12-19,delivered,card,NEWYEAR2026,7363.60,66272.40,2025-12-28
108241,1962,2025-12-19,delivered,card,,0.00,4490.00,2025-12-25
108242,2137,2025-12-19,delivered,card,,0.00,1138.00,2025-12-25
108243,547,2025-12-19,cancelled,card,NEWYEAR2026,319.00,2871.00,
108244,501,2025-12-19,delivered,card,,0.00,859.00,2025-12-24
108245,1378,2025-12-19,cancelled,sbp,,0.00,1790.00,
108246,1985,2025-12-19,delivered,cash,,0.00,3190.00,2025-12-23
108247,465,2025-12-19,delivered,sbp,,0.00,2780.00,2025-12-29
108248,2079,2025-12-19,delivered,sbp,FRIEND300,300.00,45329.00,2025-12-24
108249,2152,2025-12-19,delivered,card,,0.00,8690.00,2025-12-23
108250,1965,2025-12-19,delivered,card,NEWYEAR2026,389.00,3501.00,2025-12-23
108251,258,2025-12-19,delivered,cash,,0.00,7780.00,2025-12-28
108252,419,2025-12-19,delivered,card,NEWYEAR2026,569.00,5121.00,2025-12-22
108253,201,2025-12-19,delivered,card,,0.00,8690.00,2025-12-23
108254,1446,2025-12-19,delivered,card,,0.00,11690.00,2025-12-29
108255,1669,2025-12-19,delivered,sbp,,0.00,19788.00,2025-12-24
108256,498,2025-12-19,delivered,sbp,,0.00,10580.00,2025-12-25
108257,1426,2025-12-19,delivered,card,,0.00,11690.00,2025-12-23
108258,2167,2025-12-19,cancelled,card,NEWYEAR2026,1358.00,12222.00,
108259,705,2025-12-19,delivered,sbp,,0.00,11690.00,2025-12-26
108260,741,2025-12-19,delivered,sbp,,0.00,7790.00,2025-12-26
108261,1985,2025-12-19,delivered,sbp,,0.00,3890.00,2025-12-25
108262,2048,2025-12-19,delivered,card,NEWYEAR2026,969.00,8721.00,2025-12-25
108263,1152,2025-12-19,delivered,card,,0.00,12590.00,2025-12-25
108264,2137,2025-12-19,delivered,cash,WELCOME10,171.80,1546.20,2025-12-24
108265,827,2025-12-19,delivered,cash,,0.00,35890.00,2025-12-24
108266,2107,2025-12-20,cancelled,sbp,,0.00,2007.00,
108267,1959,2025-12-20,delivered,card,,0.00,2390.00,2025-12-25
108268,914,2025-12-20,delivered,card,,0.00,11880.00,2025-12-23
108269,570,2025-12-20,delivered,card,,0.00,8690.00,2025-12-25
108270,1220,2025-12-20,delivered,card,NEWYEAR2026,199.70,1797.30,2025-12-26
108271,1904,2025-12-20,delivered,card,NEWYEAR2026,2256.00,20304.00,2025-12-25
108272,1543,2025-12-20,cancelled,card,NEWYEAR2026,729.00,6561.00,
108273,621,2025-12-20,delivered,sbp,NEWYEAR2026,3009.40,27084.60,2025-12-26
108274,1042,2025-12-20,delivered,card,NEWYEAR2026,1558.00,14022.00,2025-12-28
108275,334,2025-12-20,delivered,card,NEWYEAR2026,564.90,5084.10,2025-12-24
108276,1117,2025-12-20,delivered,sbp,,0.00,19770.00,2025-12-30
108277,1517,2025-12-20,delivered,sbp,,0.00,5259.00,2025-12-23
108278,883,2025-12-20,delivered,card,NEWYEAR2026,319.00,2871.00,2025-12-28
108279,352,2025-12-20,delivered,card,,0.00,2577.00,2025-12-23
108280,1778,2025-12-20,delivered,card,NEWYEAR2026,279.00,2511.00,2025-12-23
108281,1781,2025-12-20,delivered,card,,0.00,6798.00,2025-12-27
108282,2107,2025-12-20,returned,sbp,,0.00,9139.00,2025-12-23
108283,716,2025-12-20,delivered,sbp,,0.00,3780.00,2025-12-27
108284,1845,2025-12-20,delivered,sbp,,0.00,4490.00,2025-12-25
108285,1774,2025-12-20,delivered,sbp,,0.00,1238.00,2026-01-02
108286,454,2025-12-20,cancelled,cash,,0.00,7790.00,
108287,133,2025-12-20,delivered,card,,0.00,669.00,2025-12-28
108288,616,2025-12-20,delivered,cash,,0.00,5780.00,2025-12-25
108289,774,2025-12-20,delivered,card,NEWYEAR2026,129.00,1161.00,2025-12-31
108290,780,2025-12-20,delivered,card,NEWYEAR2026,2173.90,19565.10,2026-01-01
108291,1217,2025-12-20,delivered,cash,,0.00,10170.00,2025-12-26
108292,1186,2025-12-20,cancelled,card,,0.00,1890.00,
108293,169,2025-12-20,delivered,card,NEWYEAR2026,1734.90,15614.10,2025-12-24
108294,77,2025-12-20,delivered,card,,0.00,1718.00,2025-12-24
108295,2003,2025-12-20,cancelled,card,NEWYEAR2026,139.00,1251.00,
108296,1936,2025-12-20,delivered,sbp,,0.00,2390.00,2025-12-24
108297,1080,2025-12-20,delivered,sbp,,0.00,2649.00,2025-12-27
108298,516,2025-12-20,delivered,sbp,NEWYEAR2026,529.00,4761.00,2025-12-23
108299,557,2025-12-20,delivered,sbp,,0.00,2577.00,2025-12-31
108300,449,2025-12-20,delivered,sbp,,0.00,2390.00,2025-12-27
108301,1966,2025-12-20,delivered,card,,0.00,4618.00,2025-12-25
108302,2160,2025-12-20,delivered,sbp,,0.00,6149.00,2025-12-26
108303,755,2025-12-20,delivered,card,NEWYEAR2026,319.00,2871.00,2025-12-23
108304,1142,2025-12-20,delivered,card,,0.00,8690.00,2025-12-28
108305,172,2025-12-20,delivered,card,NEWYEAR2026,1649.00,14841.00,2025-12-25
108306,639,2025-12-20,returned,card,,0.00,779.00,2025-12-28
108307,1573,2025-12-20,delivered,card,NEWYEAR2026,85.90,773.10,2025-12-29
108308,1346,2025-12-20,delivered,sbp,,0.00,1437.00,2025-12-25
108309,1825,2025-12-20,delivered,card,,0.00,12590.00,2025-12-26
108310,1511,2025-12-20,delivered,card,,0.00,13408.00,2025-12-28
108311,2008,2025-12-20,delivered,sbp,,0.00,15378.00,2025-12-25
108312,315,2025-12-20,delivered,sbp,NEWYEAR2026,1259.00,11331.00,2026-01-02
108313,196,2025-12-20,cancelled,card,,0.00,9690.00,
108314,200,2025-12-20,delivered,sbp,,0.00,16160.00,2025-12-24
108315,967,2025-12-20,delivered,cash,,0.00,859.00,2025-12-28
108316,1400,2025-12-20,cancelled,cash,,0.00,1718.00,
108317,1448,2025-12-20,delivered,card,NEWYEAR2026,713.70,6423.30,2025-12-29
108318,1055,2025-12-20,delivered,sbp,,0.00,2190.00,2025-12-25
108319,157,2025-12-20,delivered,card,,0.00,4859.00,2025-12-23
108320,1285,2025-12-20,delivered,card,,0.00,4780.00,2025-12-24
108321,107,2025-12-20,returned,card,,0.00,4908.00,2025-12-24
108322,1815,2025-12-20,delivered,sbp,,0.00,1890.00,2025-12-25
108323,2120,2025-12-21,delivered,cash,NEWYEAR2026,2623.90,23615.10,2025-12-27
108324,557,2025-12-21,delivered,cash,NEWYEAR2026,1259.00,11331.00,2025-12-30
108325,661,2025-12-21,delivered,cash,,0.00,2190.00,2025-12-26
108326,442,2025-12-21,delivered,card,,0.00,4690.00,2025-12-28
108327,1101,2025-12-21,delivered,card,,0.00,2007.00,2025-12-27
108328,774,2025-12-21,returned,card,NEWYEAR2026,1626.00,14634.00,2025-12-27
108329,1330,2025-12-21,delivered,cash,,0.00,32080.00,2025-12-26
108330,472,2025-12-21,delivered,sbp,,0.00,8690.00,2025-12-28
108331,547,2025-12-21,delivered,card,,0.00,869.00,2025-12-28
108332,1977,2025-12-21,delivered,cash,,0.00,131860.00,2025-12-24
108333,1955,2025-12-21,delivered,cash,,0.00,3259.00,2025-12-26
108334,1597,2025-12-21,delivered,cash,NEWYEAR2026,159.00,1431.00,2025-12-28
108335,286,2025-12-21,delivered,sbp,,0.00,1738.00,2026-01-02
108336,1535,2025-12-21,delivered,card,,0.00,5669.00,2025-12-28
108337,599,2025-12-21,delivered,card,,0.00,19749.00,2025-12-29
108338,1448,2025-12-21,delivered,card,,0.00,5880.00,2025-12-30
108339,154,2025-12-21,returned,sbp,,0.00,12580.00,2025-12-26
108340,1893,2025-12-21,delivered,card,,0.00,1890.00,2025-12-26
108341,1305,2025-12-21,delivered,card,,0.00,21039.00,2025-12-25
108342,1069,2025-12-21,delivered,card,,0.00,7780.00,2026-01-01
108343,1184,2025-12-21,delivered,card,,0.00,19880.00,2025-12-29
108344,203,2025-12-21,delivered,sbp,,0.00,4390.00,2025-12-24
108345,1217,2025-12-21,delivered,sbp,,0.00,30138.00,2025-12-26
108346,1171,2025-12-21,delivered,sbp,NEWYEAR2026,1119.00,10071.00,2025-12-24
108347,1567,2025-12-21,delivered,card,,0.00,3190.00,2025-12-27
108348,948,2025-12-21,delivered,card,,0.00,869.00,2025-12-25
108349,2172,2025-12-21,delivered,sbp,NEWYEAR2026,702.80,6325.20,2025-12-26
108350,705,2025-12-21,delivered,card,NEWYEAR2026,309.00,2781.00,2025-12-27
108351,1725,2025-12-21,delivered,card,,0.00,769.00,2025-12-24
108352,705,2025-12-21,delivered,card,,0.00,1167.00,2025-12-30
108353,51,2025-12-21,delivered,card,,0.00,9717.00,2025-12-26
108354,159,2025-12-21,delivered,sbp,,0.00,1738.00,2025-12-26
108355,942,2025-12-21,delivered,card,NEWYEAR2026,489.00,4401.00,2025-12-27
108356,252,2025-12-21,delivered,sbp,,0.00,4380.00,2025-12-31
108357,2018,2025-12-21,delivered,card,,0.00,8690.00,2025-12-28
108358,1963,2025-12-21,delivered,sbp,NEWYEAR2026,1778.80,16009.20,2025-12-24
108359,1719,2025-12-21,delivered,sbp,,0.00,869.00,2025-12-25
108360,717,2025-12-21,delivered,cash,NEWYEAR2026,946.90,8522.10,2025-12-28
108361,101,2025-12-21,delivered,card,,0.00,37928.00,2025-12-29
108362,952,2025-12-21,delivered,sbp,,0.00,4159.00,2025-12-24
108363,195,2025-12-21,delivered,sbp,NEWYEAR2026,3637.00,32733.00,2025-12-24
108364,1545,2025-12-21,delivered,sbp,,0.00,2407.00,2025-12-27
108365,1712,2025-12-21,delivered,card,,0.00,1738.00,2025-12-28
108366,2148,2025-12-21,delivered,card,,0.00,34539.00,2025-12-27
108367,1729,2025-12-21,delivered,card,,0.00,20029.00,2026-01-02
108368,675,2025-12-21,delivered,sbp,NEWYEAR2026,319.00,2871.00,2025-12-26
108369,1992,2025-12-21,delivered,card,,0.00,1738.00,2025-12-27
108370,1563,2025-12-21,delivered,card,FRIEND300,300.00,10890.00,2025-12-29
108371,1923,2025-12-21,delivered,sbp,,0.00,6290.00,2025-12-26
108372,1296,2025-12-21,delivered,card,,0.00,10880.00,2025-12-26
108373,2075,2025-12-21,delivered,cash,NEWYEAR2026,2507.00,22563.00,2025-12-27
108374,1220,2025-12-21,delivered,card,,0.00,21859.00,2025-12-25
108375,2165,2025-12-21,delivered,card,,0.00,3628.00,2025-12-29
108376,1394,2025-12-21,delivered,sbp,,0.00,2190.00,2025-12-27
108377,2142,2025-12-21,delivered,sbp,FRIEND300,300.00,3459.00,2025-12-27
108378,1389,2025-12-21,delivered,card,NEWYEAR2026,779.00,7011.00,2025-12-27
108379,836,2025-12-21,delivered,sbp,,0.00,8690.00,2025-12-26
108380,615,2025-12-22,delivered,sbp,,0.00,449.00,2025-12-24
108381,278,2025-12-22,delivered,card,,0.00,6628.00,2025-12-28
108382,1450,2025-12-22,delivered,sbp,,0.00,869.00,2025-12-26
108383,1237,2025-12-22,delivered,sbp,,0.00,5290.00,2025-12-28
108384,1421,2025-12-22,delivered,card,,0.00,1390.00,2025-12-28
108385,1491,2025-12-22,delivered,sbp,NEWYEAR2026,1396.00,12564.00,2025-12-29
108386,1836,2025-12-22,delivered,card,,0.00,869.00,2025-12-27
108387,955,2025-12-22,delivered,sbp,,0.00,45670.00,2025-12-29
108388,1400,2025-12-22,delivered,card,,0.00,2890.00,2026-01-04
108389,861,2025-12-22,delivered,card,,0.00,4890.00,2026-01-01
108390,1393,2025-12-22,delivered,sbp,,0.00,779.00,2025-12-27
108391,52,2025-12-22,delivered,card,,0.00,12670.00,2025-12-31
108392,1186,2025-12-22,cancelled,sbp,,0.00,4280.00,
108393,1042,2025-12-22,delivered,card,NEWYEAR2026,678.00,6102.00,2025-12-29
108394,2006,2025-12-22,returned,card,,0.00,14828.00,2025-12-30
108395,509,2025-12-22,delivered,cash,NEWYEAR2026,289.00,2601.00,2025-12-26
108396,408,2025-12-22,delivered,sbp,,0.00,9780.00,2025-12-29
108397,2175,2025-12-22,delivered,card,WELCOME10,306.70,2760.30,2025-12-31
108398,1388,2025-12-22,delivered,card,NEWYEAR2026,4179.00,37611.00,2025-12-29
108399,1539,2025-12-22,delivered,sbp,NEWYEAR2026,869.00,7821.00,2025-12-25
108400,1954,2025-12-22,delivered,sbp,,0.00,136898.00,2025-12-28
108401,465,2025-12-22,delivered,card,,0.00,20539.00,2025-12-31
108402,1910,2025-12-22,cancelled,sbp,,0.00,2580.00,
108403,1157,2025-12-22,delivered,sbp,,0.00,6179.00,2025-12-25
108404,1740,2025-12-22,delivered,card,,0.00,2190.00,2025-12-27
108405,351,2025-12-22,delivered,card,,0.00,4080.00,2025-12-25
108406,1305,2025-12-22,delivered,card,NEWYEAR2026,1008.00,9072.00,2025-12-26
108407,1111,2025-12-22,delivered,card,,0.00,16470.00,2025-12-31
108408,2179,2025-12-22,delivered,card,,0.00,1390.00,2025-12-28
108409,1081,2025-12-22,delivered,card,NEWYEAR2026,998.00,8982.00,2025-12-31
108410,1380,2025-12-22,delivered,card,,0.00,6380.00,2025-12-24
108411,741,2025-12-22,delivered,card,,0.00,6290.00,2025-12-27
108412,1675,2025-12-22,delivered,card,NEWYEAR2026,86.90,782.10,2025-12-31
108413,352,2025-12-22,delivered,sbp,,0.00,7290.00,2025-12-25
108414,159,2025-12-22,delivered,card,,0.00,5070.00,2025-12-28
108415,1350,2025-12-22,delivered,card,,0.00,59280.00,2025-12-26
108416,2164,2025-12-22,delivered,sbp,,0.00,4580.00,2025-12-27
108417,1680,2025-12-22,delivered,card,,0.00,8080.00,2026-01-02
108418,1421,2025-12-22,delivered,card,,0.00,7790.00,2025-12-26
108419,1263,2025-12-22,delivered,card,,0.00,7790.00,2025-12-28
108420,1094,2025-12-22,delivered,sbp,,0.00,7680.00,2025-12-28
108421,2164,2025-12-22,delivered,card,,0.00,10690.00,2025-12-28
108422,832,2025-12-22,delivered,card,,0.00,1467.00,2025-12-30
108423,269,2025-12-22,delivered,cash,,0.00,2390.00,2025-12-25
108424,1857,2025-12-22,delivered,card,,0.00,2190.00,2025-12-28
108425,2090,2025-12-22,delivered,card,,0.00,10980.00,2025-12-28
108426,1081,2025-12-22,delivered,cash,,0.00,20770.00,2026-01-02
108427,1171,2025-12-23,delivered,card,,0.00,2607.00,2025-12-28
108428,1931,2025-12-23,delivered,card,,0.00,1390.00,2026-01-05
108429,278,2025-12-23,delivered,card,NEWYEAR2026,711.80,6406.20,2025-12-29
108430,1719,2025-12-23,returned,card,,0.00,20250.00,2025-12-29
108431,1594,2025-12-23,delivered,card,,0.00,2890.00,2025-12-29
108432,741,2025-12-23,delivered,cash,,0.00,6790.00,2025-12-28
108433,2120,2025-12-23,delivered,card,,0.00,11690.00,2025-12-26
108434,1643,2025-12-23,delivered,card,NEWYEAR2026,189.00,1701.00,2025-12-28
108435,1374,2025-12-23,delivered,card,,0.00,3580.00,2025-12-30
108436,2187,2025-12-23,delivered,card,,0.00,1318.00,2025-12-28
108437,2131,2025-12-23,delivered,sbp,WELCOME10,489.00,4401.00,2025-12-28
108438,1839,2025-12-23,delivered,card,,0.00,3390.00,2025-12-26
108439,449,2025-12-23,delivered,sbp,,0.00,1790.00,2025-12-29
108440,253,2025-12-23,delivered,card,,0.00,479.00,2026-01-03
108441,836,2025-12-23,delivered,sbp,,0.00,8690.00,2025-12-27
108442,1552,2025-12-23,delivered,card,,0.00,569.00,2025-12-26
108443,942,2025-12-23,delivered,cash,NEWYEAR2026,1081.80,9736.20,2025-12-29
108444,775,2025-12-23,delivered,cash,,0.00,16949.00,2025-12-28
108445,52,2025-12-23,delivered,sbp,,0.00,6280.00,2026-01-03
108446,1350,2025-12-23,delivered,card,,0.00,4080.00,2025-12-29
108447,1390,2025-12-23,delivered,sbp,,0.00,869.00,2025-12-29
108448,1072,2025-12-23,delivered,card,,0.00,3190.00,2025-12-31
108449,1750,2025-12-23,delivered,card,,0.00,1648.00,2025-12-29
108450,950,2025-12-23,delivered,sbp,,0.00,2787.00,2025-12-27
108451,1104,2025-12-23,delivered,sbp,NEWYEAR2026,139.00,1251.00,2026-01-05
108452,417,2025-12-23,delivered,sbp,,0.00,4390.00,2025-12-29
108453,2171,2025-12-23,delivered,card,,0.00,1927.00,2025-12-29
108454,520,2025-12-23,delivered,sbp,,0.00,4890.00,2025-12-31
108455,574,2025-12-23,delivered,card,,0.00,1290.00,2025-12-28
108456,1094,2025-12-23,delivered,sbp,,0.00,3390.00,2025-12-28
108457,943,2025-12-23,delivered,card,NEWYEAR2026,869.00,7821.00,2025-12-29
108458,252,2025-12-23,delivered,card,,0.00,32076.00,2025-12-31
108459,2055,2025-12-23,delivered,sbp,WELCOME10,1000.00,12080.00,2025-12-27
108460,1948,2025-12-23,delivered,card,NEWYEAR2026,1119.00,10071.00,2025-12-27
108461,777,2025-12-23,delivered,cash,,0.00,7290.00,2025-12-27
108462,1006,2025-12-23,delivered,card,,0.00,27180.00,2025-12-27
108463,1522,2025-12-23,delivered,card,,0.00,29659.00,2026-01-03
108464,1839,2025-12-23,delivered,card,,0.00,2890.00,2025-12-27
108465,286,2025-12-23,delivered,card,,0.00,958.00,2026-01-01
108466,2184,2025-12-23,returned,card,WELCOME10,832.80,7495.20,2025-12-30
108467,200,2025-12-23,delivered,card,,0.00,7290.00,2025-12-28
108468,1806,2025-12-23,delivered,card,NEWYEAR2026,279.00,2511.00,2025-12-29
108469,448,2025-12-23,delivered,card,NEWYEAR2026,5829.00,52461.00,2025-12-31
108470,511,2025-12-23,delivered,sbp,NEWYEAR2026,86.90,782.10,2025-12-28
108471,2182,2025-12-23,delivered,card,WELCOME10,464.90,4184.10,2025-12-28
108472,1784,2025-12-23,delivered,card,NEWYEAR2026,869.00,7821.00,2025-12-29
108473,417,2025-12-23,delivered,card,,0.00,20450.00,2025-12-25
108474,1886,2025-12-23,delivered,card,,0.00,4390.00,2025-12-27
108475,1142,2025-12-23,delivered,card,,0.00,7145.00,2025-12-28
108476,1819,2025-12-23,delivered,sbp,NEWYEAR2026,489.00,4401.00,2025-12-29
108477,1083,2025-12-23,delivered,card,,0.00,8690.00,2025-12-29
108478,546,2025-12-23,delivered,sbp,,0.00,1138.00,2025-12-25
108479,1830,2025-12-23,delivered,sbp,,0.00,4980.00,2025-12-25
108480,2148,2025-12-23,delivered,card,,0.00,3727.00,2025-12-31
108481,1876,2025-12-23,returned,card,,0.00,22370.00,2025-12-28
108482,1393,2025-12-23,delivered,sbp,,0.00,13759.00,2025-12-28
108483,25,2025-12-24,delivered,card,,0.00,1790.00,2025-12-30
108484,1288,2025-12-24,delivered,sbp,NEWYEAR2026,11828.00,106452.00,2025-12-30
108485,631,2025-12-24,delivered,card,,0.00,7659.00,2025-12-31
108486,1431,2025-12-24,returned,card,,0.00,89880.00,2025-12-30
108487,1459,2025-12-24,delivered,card,,0.00,1690.00,2025-12-29
108488,1778,2025-12-24,delivered,card,,0.00,4890.00,2025-12-26
108489,2191,2025-12-24,returned,card,,0.00,969.00,2025-12-30
108490,2175,2025-12-24,delivered,sbp,NEWYEAR2026,270.70,2436.30,2025-12-31
108491,897,2025-12-24,delivered,card,,0.00,12590.00,2025-12-28
108492,798,2025-12-24,cancelled,sbp,,0.00,2090.00,
108493,459,2025-12-24,delivered,card,,0.00,40749.00,2025-12-30
108494,501,2025-12-24,delivered,sbp,,0.00,2869.00,2025-12-29
108495,1941,2025-12-24,delivered,card,,0.00,959.00,2025-12-29
108496,783,2025-12-24,returned,card,,0.00,5790.00,2025-12-30
108497,1943,2025-12-24,delivered,sbp,,0.00,3890.00,2026-01-02
108498,2178,2025-12-24,delivered,card,WELCOME10,86.90,782.10,2025-12-30
108499,2192,2025-12-24,delivered,card,WELCOME10,679.00,6111.00,2026-01-01
108500,2188,2025-12-24,delivered,card,,0.00,2090.00,2026-01-01
108501,1117,2025-12-24,delivered,sbp,,0.00,479.00,2026-01-02
108502,2124,2025-12-24,delivered,card,,0.00,1290.00,2025-12-30
108503,1813,2025-12-24,cancelled,card,,0.00,1738.00,
108504,1117,2025-12-24,delivered,card,,0.00,14280.00,2025-12-31
108505,1316,2025-12-24,delivered,card,,0.00,4748.00,2025-12-29
108506,2192,2025-12-24,delivered,sbp,,0.00,13170.00,2026-01-01
108507,2169,2025-12-24,delivered,card,,0.00,2390.00,2025-12-26
108508,2176,2025-12-24,delivered,sbp,NEWYEAR2026,516.90,4652.10,2025-12-30
108509,2161,2025-12-24,delivered,card,,0.00,2390.00,2025-12-27
108510,638,2025-12-24,delivered,card,,0.00,15070.00,2025-12-29
108511,1477,2025-12-24,delivered,sbp,NEWYEAR2026,86.90,782.10,2026-01-01
108512,1268,2025-12-24,delivered,card,,0.00,2790.00,2025-12-30
108513,1522,2025-12-24,delivered,card,NEWYEAR2026,2209.80,19888.20,2026-01-04
108514,2090,2025-12-24,delivered,card,,0.00,9690.00,2026-01-01
108515,51,2025-12-24,delivered,card,NEWYEAR2026,66.90,602.10,2025-12-28
108516,854,2025-12-24,delivered,sbp,,0.00,969.00,2025-12-31
108517,1694,2025-12-24,returned,sbp,,0.00,7261.00,2025-12-29
108518,191,2025-12-24,delivered,sbp,NEWYEAR2026,389.00,3501.00,2025-12-26
108519,1736,2025-12-24,delivered,sbp,NEWYEAR2026,1008.00,9072.00,2025-12-30
108520,1285,2025-12-24,delivered,sbp,NEWYEAR2026,998.00,8982.00,2025-12-28
108521,2117,2025-12-24,delivered,card,NEWYEAR2026,86.90,782.10,2026-01-02
108522,649,2025-12-24,delivered,card,,0.00,779.00,2026-01-01
108523,352,2025-12-24,delivered,card,,0.00,7070.00,2025-12-29
108524,1517,2025-12-24,cancelled,cash,NEWYEAR2026,779.00,7011.00,
108525,1393,2025-12-24,delivered,card,NEWYEAR2026,1546.00,13914.00,2025-12-28
108526,1878,2025-12-24,delivered,card,,0.00,20880.00,2025-12-27
108527,286,2025-12-24,delivered,card,,0.00,17360.00,2025-12-30
108528,820,2025-12-24,cancelled,cash,,0.00,37970.00,
108529,820,2025-12-24,delivered,sbp,,0.00,52849.00,2025-12-28
108530,407,2025-12-24,delivered,sbp,,0.00,12590.00,2025-12-30
108531,1431,2025-12-24,delivered,cash,,0.00,12590.00,2026-01-01
108532,483,2025-12-24,delivered,cash,,0.00,7428.00,2025-12-31
108533,2015,2025-12-24,delivered,sbp,,0.00,14080.00,2025-12-30
108534,126,2025-12-24,delivered,card,,0.00,12980.00,2026-01-05
108535,755,2025-12-25,delivered,sbp,,0.00,1190.00,2025-12-27
108536,409,2025-12-25,delivered,card,,0.00,3759.00,2026-01-02
108537,1091,2025-12-25,delivered,card,,0.00,10487.00,2025-12-31
108538,661,2025-12-25,delivered,card,,0.00,11070.00,2025-12-31
108539,1389,2025-12-25,delivered,cash,,0.00,2390.00,2025-12-31
108540,1222,2025-12-25,delivered,sbp,,0.00,2190.00,2025-12-30
108541,527,2025-12-25,delivered,sbp,,0.00,12080.00,2025-12-29
108542,1103,2025-12-25,returned,sbp,,0.00,1590.00,2025-12-30
108543,2182,2025-12-25,delivered,card,,0.00,869.00,2026-01-01
108544,1931,2025-12-25,delivered,sbp,,0.00,3380.00,2026-01-05
108545,984,2025-12-25,delivered,card,,0.00,22060.00,2025-12-31
108546,1947,2025-12-25,delivered,card,,0.00,2190.00,2025-12-29
108547,2199,2025-12-25,delivered,card,,0.00,57280.00,2025-12-29
108548,2195,2025-12-25,delivered,sbp,,0.00,1738.00,2025-12-28
108549,1220,2025-12-25,delivered,cash,,0.00,6770.00,2025-12-30
108550,1836,2025-12-25,cancelled,card,,0.00,449.00,
108551,1823,2025-12-25,delivered,sbp,,0.00,2607.00,2026-01-01
108552,1929,2025-12-25,delivered,card,NEWYEAR2026,179.00,1611.00,2026-01-03
108553,2109,2025-12-25,delivered,card,,0.00,1890.00,2026-01-02
108554,2154,2025-12-25,delivered,card,FRIEND300,300.00,2280.00,2025-12-28
108555,1387,2025-12-25,delivered,cash,,0.00,13150.00,2025-12-30
108556,1452,2025-12-25,delivered,card,,0.00,11880.00,2026-01-05
108557,1511,2025-12-25,delivered,sbp,,0.00,8270.00,2025-12-30
108558,2181,2025-12-25,delivered,sbp,WELCOME10,678.00,6102.00,2025-12-28
108559,819,2025-12-25,delivered,sbp,,0.00,13428.00,2025-12-31
108560,2101,2025-12-25,delivered,sbp,,0.00,17459.00,2026-01-01
108561,788,2025-12-25,delivered,cash,,0.00,7790.00,2025-12-31
108562,1636,2025-12-25,cancelled,card,,0.00,6128.00,
108563,1216,2025-12-25,cancelled,card,,0.00,3390.00,
108564,1722,2025-12-25,delivered,card,,0.00,2068.00,2025-12-30
108565,1393,2025-12-25,delivered,sbp,,0.00,9559.00,2026-01-01
108566,2029,2025-12-25,cancelled,sbp,FRIEND300,300.00,8480.00,
108567,473,2025-12-25,delivered,card,,0.00,69470.00,2025-12-31
108568,1347,2025-12-25,delivered,card,NEWYEAR2026,1309.00,11781.00,2025-12-31
108569,1658,2025-12-25,delivered,card,,0.00,102460.00,2025-12-31
108570,1782,2025-12-25,delivered,cash,NEWYEAR2026,335.90,3023.10,2026-01-01
108571,931,2025-12-25,delivered,sbp,,0.00,15680.00,2025-12-30
108572,1867,2025-12-25,delivered,sbp,,0.00,11190.00,2025-12-30
108573,1825,2025-12-25,delivered,card,,0.00,9690.00,2026-01-01
108574,1610,2025-12-25,delivered,sbp,,0.00,2780.00,2025-12-31
108575,1026,2025-12-25,delivered,sbp,NEWYEAR2026,925.90,8333.10,2026-01-01
108576,774,2025-12-25,delivered,card,NEWYEAR2026,288.00,2592.00,2026-01-03
108577,1142,2025-12-25,delivered,card,,0.00,19239.00,2025-12-31
108578,1263,2025-12-25,delivered,card,,0.00,7280.00,2025-12-28
108579,1966,2025-12-25,delivered,sbp,NEWYEAR2026,1308.00,11772.00,2025-12-28
108580,627,2025-12-25,delivered,sbp,,0.00,53480.00,2026-01-02
108581,1955,2025-12-25,delivered,sbp,,0.00,21390.00,2025-12-29
108582,1749,2025-12-25,cancelled,card,NEWYEAR2026,319.00,2871.00,
108583,1283,2025-12-25,delivered,card,,0.00,7759.00,2025-12-29
108584,673,2025-12-25,delivered,card,,0.00,489.00,2026-01-01
108585,1959,2025-12-25,delivered,sbp,,0.00,58170.00,2026-01-01
108586,631,2025-12-25,delivered,card,,0.00,41508.00,2025-12-29
108587,188,2025-12-25,delivered,card,,0.00,3390.00,2026-01-01
108588,211,2025-12-25,delivered,card,,0.00,2780.00,2026-01-02
108589,133,2025-12-25,delivered,sbp,,0.00,4890.00,2026-01-02
108590,465,2025-12-25,delivered,sbp,,0.00,4890.00,2026-01-06
108591,1117,2025-12-25,delivered,card,,0.00,6179.00,2026-01-04
108592,1812,2025-12-25,cancelled,sbp,,0.00,3190.00,
108593,1552,2025-12-25,delivered,card,NEWYEAR2026,1368.00,12312.00,2025-12-31
108594,2206,2025-12-26,delivered,card,WELCOME10,468.00,4212.00,2025-12-31
108595,448,2025-12-26,delivered,card,,0.00,13360.00,2026-01-02
108596,77,2025-12-26,delivered,card,,0.00,1390.00,2025-12-31
108597,1152,2025-12-26,delivered,card,NEWYEAR2026,155.80,1402.20,2026-01-03
108598,1159,2025-12-26,delivered,card,NEWYEAR2026,12538.00,112842.00,2026-01-02
108599,356,2025-12-26,delivered,card,NEWYEAR2026,189.00,1701.00,2026-01-05
108600,1305,2025-12-26,cancelled,card,,0.00,5908.00,
108601,602,2025-12-26,delivered,sbp,NEWYEAR2026,489.00,4401.00,2026-01-02
108602,1061,2025-12-26,delivered,card,,0.00,17490.00,2026-01-01
108603,1645,2025-12-26,delivered,sbp,,0.00,43328.00,2025-12-31
108604,499,2025-12-26,delivered,card,,0.00,4280.00,2026-01-06
108605,998,2025-12-26,delivered,card,,0.00,779.00,2026-01-03
108606,1049,2025-12-26,delivered,card,NEWYEAR2026,779.00,7011.00,2025-12-29
108607,1101,2025-12-26,delivered,sbp,,0.00,4059.00,2025-12-31
108608,498,2025-12-26,delivered,sbp,,0.00,94429.00,2026-01-01
108609,1634,2025-12-26,delivered,card,,0.00,5790.00,2025-12-31
108610,1823,2025-12-26,returned,sbp,,0.00,8359.00,2026-01-03
108611,1362,2025-12-26,cancelled,card,,0.00,10150.00,
108612,514,2025-12-26,delivered,sbp,,0.00,2190.00,2026-01-03
108613,359,2025-12-26,delivered,card,,0.00,2217.00,2025-12-29
108614,798,2025-12-26,delivered,card,,0.00,1390.00,2026-01-01
108615,2156,2025-12-26,delivered,sbp,,0.00,9780.00,2025-12-30
108616,2189,2025-12-26,delivered,sbp,WELCOME10,77.90,701.10,2025-12-30
108617,2150,2025-12-26,delivered,sbp,WELCOME10,1000.00,15718.00,2025-12-30
108618,2137,2025-12-26,delivered,sbp,,0.00,15687.00,2026-01-02
108619,2197,2025-12-26,delivered,card,,0.00,7290.00,2026-01-08
108620,300,2025-12-26,delivered,card,,0.00,31590.00,2025-12-30
108621,1460,2025-12-26,delivered,card,,0.00,7790.00,2025-12-30
108622,2011,2025-12-26,delivered,card,,0.00,9690.00,2025-12-28
108623,827,2025-12-26,delivered,sbp,,0.00,669.00,2025-12-31
108624,608,2025-12-26,delivered,card,,0.00,5790.00,2026-01-02
108625,1226,2025-12-26,delivered,sbp,,0.00,1738.00,2025-12-31
108626,490,2025-12-26,delivered,card,,0.00,10770.00,2025-12-30
108627,1895,2025-12-26,delivered,sbp,WELCOME10,375.90,3383.10,2026-01-06
108628,414,2025-12-26,delivered,sbp,,0.00,3390.00,2025-12-31
108629,428,2025-12-26,delivered,card,,0.00,5448.00,2026-01-01
108630,2103,2025-12-26,delivered,card,,0.00,869.00,2026-01-02
108631,1,2025-12-26,cancelled,card,,0.00,1138.00,
108632,838,2025-12-26,delivered,card,NEWYEAR2026,569.00,5121.00,2026-01-03
108633,1945,2025-12-26,delivered,card,,0.00,869.00,2025-12-30
108634,753,2025-12-26,delivered,card,,0.00,869.00,2026-01-07
108635,1201,2025-12-26,delivered,card,NEWYEAR2026,1680.80,15127.20,2026-01-08
108636,1165,2025-12-26,delivered,card,,0.00,36859.00,2026-01-02
108637,1795,2025-12-26,returned,card,,0.00,2607.00,2026-01-03
108638,286,2025-12-26,delivered,card,,0.00,2607.00,2026-01-03
108639,118,2025-12-26,delivered,card,,0.00,41790.00,2025-12-30
108640,1895,2025-12-26,delivered,sbp,,0.00,3890.00,2026-01-02
108641,2193,2025-12-26,delivered,card,,0.00,70480.00,2026-01-03
108642,215,2025-12-26,returned,cash,,0.00,12639.00,2026-01-06
108643,1749,2025-12-26,delivered,card,,0.00,12590.00,2025-12-31
108644,1196,2025-12-26,delivered,sbp,,0.00,54370.00,2025-12-31
108645,1535,2025-12-26,delivered,sbp,,0.00,6790.00,2026-01-02
108646,1988,2025-12-26,delivered,sbp,NEWYEAR2026,2567.00,23103.00,2026-01-02
108647,762,2025-12-26,delivered,sbp,NEWYEAR2026,258.00,2322.00,2026-01-01
108648,967,2025-12-26,delivered,sbp,,0.00,2428.00,2026-01-06
108649,1657,2025-12-26,delivered,card,NEWYEAR2026,558.00,5022.00,2025-12-30
108650,490,2025-12-26,delivered,sbp,,0.00,4580.00,2025-12-31
108651,1422,2025-12-26,delivered,card,NEWYEAR2026,219.00,1971.00,2025-12-31
108652,1782,2025-12-26,delivered,sbp,,0.00,16480.00,2025-12-29
108653,107,2025-12-26,delivered,card,,0.00,4059.00,2025-12-30
108654,82,2025-12-26,delivered,card,,0.00,12949.00,2026-01-01
108655,157,2025-12-27,delivered,sbp,NEWYEAR2026,245.90,2213.10,2026-01-01
108656,2116,2025-12-27,delivered,card,WELCOME10,189.00,1701.00,2026-01-02
108657,1784,2025-12-27,delivered,card,NEWYEAR2026,66.90,602.10,2026-01-01
108658,1545,2025-12-27,delivered,card,,0.00,132839.00,2026-01-02
108659,465,2025-12-27,delivered,sbp,,0.00,3190.00,2026-01-07
108660,373,2025-12-27,delivered,sbp,NEWYEAR2026,3058.00,27522.00,2026-01-02
108661,557,2025-12-27,delivered,sbp,,0.00,7790.00,2026-01-06
108662,473,2025-12-27,delivered,cash,NEWYEAR2026,508.00,4572.00,2026-01-02
108663,1642,2025-12-27,delivered,cash,,0.00,869.00,2026-01-01
108664,845,2025-12-27,delivered,card,NEWYEAR2026,5348.00,48132.00,2026-01-03
108665,119,2025-12-27,delivered,card,NEWYEAR2026,66.90,602.10,2026-01-01
108666,584,2025-12-27,cancelled,cash,,0.00,22660.00,
108667,489,2025-12-27,delivered,cash,NEWYEAR2026,716.00,6444.00,2025-12-31
108668,470,2025-12-27,delivered,card,,0.00,13080.00,2026-01-01
108669,1083,2025-12-27,delivered,card,,0.00,4928.00,2025-12-31
108670,521,2025-12-27,delivered,sbp,,0.00,869.00,2026-01-06
108671,313,2025-12-27,delivered,card,,0.00,29429.00,2026-01-02
108672,206,2025-12-27,delivered,card,,0.00,6290.00,2026-01-04
108673,373,2025-12-27,delivered,sbp,,0.00,47408.00,2026-01-01
108674,2190,2025-12-27,delivered,card,WELCOME10,1000.00,21438.00,2025-12-31
108675,1954,2025-12-27,cancelled,card,,0.00,7980.00,
108676,1795,2025-12-27,delivered,card,,0.00,869.00,2026-01-03
108677,827,2025-12-27,delivered,card,,0.00,7290.00,2026-01-01
108678,2137,2025-12-27,returned,card,,0.00,11190.00,2026-01-04
108679,313,2025-12-27,delivered,cash,,0.00,48580.00,2025-12-31
108680,2022,2025-12-27,delivered,card,,0.00,6070.00,2025-12-31
108681,1952,2025-12-27,delivered,sbp,,0.00,3190.00,2026-01-03
108682,1186,2025-12-27,delivered,sbp,NEWYEAR2026,319.00,2871.00,2025-12-31
108683,661,2025-12-27,delivered,sbp,,0.00,11190.00,2025-12-31
108684,2113,2025-12-27,delivered,card,,0.00,5290.00,2026-01-02
108685,1962,2025-12-27,delivered,card,,0.00,2580.00,2026-01-03
108686,1898,2025-12-27,delivered,sbp,,0.00,3890.00,2026-01-01
108687,1562,2025-12-27,delivered,cash,NEWYEAR2026,185.90,1673.10,2026-01-02
108688,1855,2025-12-27,delivered,card,,0.00,12918.00,2026-01-03
108689,1378,2025-12-27,delivered,card,,0.00,1890.00,2025-12-31
108690,396,2025-12-27,delivered,card,,0.00,9139.00,2026-01-03
108691,660,2025-12-27,delivered,card,,0.00,3390.00,2026-01-01
108692,2039,2025-12-27,delivered,card,NEWYEAR2026,1259.00,11331.00,2026-01-09
108693,1821,2025-12-27,delivered,card,,0.00,3759.00,2026-01-03
108694,1880,2025-12-27,delivered,card,NEWYEAR2026,86.90,782.10,2026-01-02
108695,2207,2025-12-27,delivered,card,WELCOME10,86.90,782.10,2026-01-04
108696,349,2025-12-27,delivered,card,,0.00,8690.00,2026-01-02
108697,815,2025-12-27,delivered,sbp,NEWYEAR2026,969.00,8721.00,2026-01-02
108698,1953,2025-12-27,delivered,sbp,,0.00,869.00,2026-01-01
108699,183,2025-12-27,delivered,card,NEWYEAR2026,200.70,1806.30,2026-01-01
108700,1649,2025-12-27,delivered,card,,0.00,8690.00,2026-01-02
108701,1452,2025-12-27,delivered,sbp,,0.00,19470.00,2026-01-07
108702,2197,2025-12-27,delivered,card,NEWYEAR2026,289.00,2601.00,2026-01-06
108703,611,2025-12-27,delivered,cash,,0.00,10618.00,2026-01-03
108704,898,2025-12-27,delivered,sbp,,0.00,48590.00,2026-01-02
108705,2022,2025-12-27,delivered,card,,0.00,11518.00,2026-01-01
108706,1702,2025-12-27,delivered,card,,0.00,6159.00,2026-01-04
108707,1590,2025-12-27,delivered,cash,,0.00,1890.00,2025-12-31
108708,1274,2025-12-27,delivered,sbp,,0.00,13880.00,2026-01-01
108709,2126,2025-12-27,delivered,card,,0.00,3390.00,2026-01-04
108710,102,2025-12-27,delivered,card,NEWYEAR2026,679.00,6111.00,2026-01-02
108711,2099,2025-12-27,cancelled,cash,,0.00,3190.00,
108712,1080,2025-12-27,delivered,sbp,,0.00,9690.00,2026-01-04
108713,1935,2025-12-27,delivered,card,,0.00,6580.00,2026-01-06
108714,1518,2025-12-27,cancelled,card,NEWYEAR2026,279.00,2511.00,
108715,388,2025-12-27,delivered,cash,NEWYEAR2026,1263.90,11375.10,2026-01-04
108716,1421,2025-12-27,delivered,card,,0.00,1738.00,2025-12-31
108717,678,2025-12-27,delivered,cash,,0.00,2890.00,2026-01-01
108718,180,2025-12-27,delivered,sbp,,0.00,13039.00,2025-12-31
108719,2174,2025-12-27,delivered,card,WELCOME10,339.00,3051.00,2025-12-31
108720,304,2025-12-27,returned,sbp,,0.00,978.00,2026-01-02
108721,403,2025-12-27,delivered,sbp,,0.00,1390.00,2026-01-01
108722,982,2025-12-27,delivered,sbp,,0.00,4890.00,2026-01-01
108723,1182,2025-12-28,delivered,card,,0.00,10880.00,2025-12-31
108724,1613,2025-12-28,delivered,card,WELCOME10,1000.00,16490.00,2026-01-02
108725,538,2025-12-28,delivered,card,,0.00,21390.00,2026-01-02
108726,1908,2025-12-28,delivered,card,NEWYEAR2026,2636.00,23724.00,2026-01-03
108727,762,2025-12-28,delivered,card,,0.00,4890.00,2026-01-02
108728,725,2025-12-28,delivered,card,,0.00,8690.00,2026-01-02
108729,581,2025-12-28,delivered,card,,0.00,2390.00,2026-01-03
108730,2217,2025-12-28,delivered,cash,,0.00,35990.00,2026-01-10
108731,580,2025-12-28,delivered,sbp,,0.00,2607.00,2026-01-01
108732,967,2025-12-28,delivered,card,,0.00,4890.00,2026-01-08
108733,2137,2025-12-28,delivered,card,NEWYEAR2026,489.00,4401.00,2026-01-03
108734,948,2025-12-28,delivered,card,NEWYEAR2026,239.00,2151.00,2026-01-02
108735,1426,2025-12-28,delivered,card,,0.00,1458.00,2025-12-31
108736,2179,2025-12-28,delivered,sbp,,0.00,10697.00,2026-01-02
108737,1999,2025-12-28,delivered,sbp,NEWYEAR2026,2107.00,18963.00,2026-01-09
108738,204,2025-12-28,delivered,card,NEWYEAR2026,287.60,2588.40,2026-01-01
108739,1484,2025-12-28,delivered,sbp,,0.00,4890.00,2026-01-03
108740,1628,2025-12-28,delivered,sbp,,0.00,5690.00,2026-01-01
108741,2131,2025-12-28,delivered,card,NEWYEAR2026,133.80,1204.20,2026-01-01
108742,1362,2025-12-28,delivered,sbp,NEWYEAR2026,1261.80,11356.20,2026-01-10
108743,2203,2025-12-28,delivered,sbp,,0.00,4827.00,2026-01-02
108744,570,2025-12-28,delivered,card,,0.00,3190.00,2026-01-02
108745,1149,2025-12-28,delivered,card,,0.00,5290.00,2026-01-03
108746,1421,2025-12-28,delivered,card,NEWYEAR2026,883.70,7953.30,2026-01-02
108747,2208,2025-12-28,returned,card,NEWYEAR2026,7778.00,70002.00,2026-01-05
108748,1152,2025-12-28,delivered,card,NEWYEAR2026,48.90,440.10,2026-01-04
108749,937,2025-12-28,returned,card,NEWYEAR2026,1698.00,15282.00,2026-01-05
108750,1955,2025-12-28,delivered,card,,0.00,8690.00,2026-01-04
108751,1072,2025-12-28,delivered,sbp,,0.00,3390.00,2026-01-05
108752,510,2025-12-28,delivered,card,,0.00,1138.00,2025-12-30
108753,1115,2025-12-28,delivered,sbp,,0.00,4159.00,2026-01-02
108754,615,2025-12-28,cancelled,card,,0.00,8690.00,
108755,559,2025-12-28,delivered,card,,0.00,11028.00,2026-01-04
108756,1297,2025-12-28,delivered,sbp,,0.00,969.00,2026-01-02
108757,2202,2025-12-28,delivered,card,,0.00,4259.00,2026-01-06
108758,1407,2025-12-28,returned,card,NEWYEAR2026,4859.00,43731.00,2026-01-09
108759,1330,2025-12-28,delivered,card,,0.00,11690.00,2026-01-01
108760,2218,2025-12-28,delivered,sbp,WELCOME10,1000.00,70239.00,2026-01-06
108761,1511,2025-12-28,delivered,sbp,NEWYEAR2026,964.90,8684.10,2026-01-04
108762,1255,2025-12-28,delivered,card,,0.00,8690.00,2026-01-04
108763,399,2025-12-28,delivered,card,,0.00,778.00,2026-01-01
108764,1511,2025-12-28,delivered,card,NEWYEAR2026,597.00,5373.00,2026-01-04
108765,2212,2025-12-28,delivered,card,FRIEND300,300.00,55180.00,2026-01-04
108766,1484,2025-12-28,delivered,card,NEWYEAR2026,891.80,8026.20,2026-01-02
108767,627,2025-12-28,returned,card,,0.00,8656.00,2026-01-01
108768,1799,2025-12-28,delivered,sbp,,0.00,7280.00,2026-01-03
108769,604,2025-12-28,delivered,cash,NEWYEAR2026,316.90,2852.10,2026-01-01
108770,1378,2025-12-28,delivered,card,,0.00,1738.00,2026-01-05
108771,1774,2025-12-28,delivered,sbp,,0.00,16480.00,2026-01-04
108772,701,2025-12-28,delivered,card,,0.00,569.00,2026-01-02
108773,2184,2025-12-28,delivered,card,NEWYEAR2026,339.00,3051.00,2025-12-31
108774,364,2025-12-28,delivered,card,,0.00,1558.00,2026-01-04
108775,1052,2025-12-28,delivered,card,,0.00,6580.00,2026-01-04
108776,1448,2025-12-28,delivered,card,,0.00,1590.00,2026-01-07
108777,448,2025-12-28,delivered,card,,0.00,99029.00,2026-01-02
108778,180,2025-12-28,delivered,card,,0.00,11580.00,2026-01-02
108779,1820,2025-12-28,delivered,card,NEWYEAR2026,1367.00,12303.00,2026-01-02
108780,499,2025-12-28,delivered,card,NEWYEAR2026,749.70,6747.30,2026-01-07
108781,753,2025-12-28,delivered,card,,0.00,1938.00,2026-01-07
108782,1952,2025-12-28,delivered,card,,0.00,1827.00,2026-01-08
108783,705,2025-12-28,delivered,sbp,NEWYEAR2026,918.00,8262.00,2026-01-02
108784,1634,2025-12-28,delivered,card,,0.00,1558.00,2025-12-31
108785,256,2025-12-29,delivered,sbp,,0.00,1738.00,2026-01-03
108786,2000,2025-12-29,delivered,card,NEWYEAR2026,3498.00,31482.00,2026-01-01
108787,465,2025-12-29,delivered,card,,0.00,7980.00,2026-01-06
108788,684,2025-12-29,delivered,card,,0.00,7518.00,2026-01-01
108789,1628,2025-12-29,delivered,sbp,,0.00,959.00,2026-01-03
108790,580,2025-12-29,delivered,card,,0.00,17777.00,2026-01-02
108791,294,2025-12-29,delivered,card,,0.00,869.00,2026-01-03
108792,1818,2025-12-29,delivered,card,,0.00,14980.00,2026-01-01
108793,1408,2025-12-29,delivered,card,,0.00,4890.00,2026-01-04
108794,1675,2025-12-29,delivered,card,,0.00,17280.00,2026-01-09
108795,2067,2025-12-29,delivered,card,NEWYEAR2026,1042.80,9385.20,2026-01-06
108796,1208,2025-12-29,delivered,card,,0.00,6790.00,2026-01-07
108797,1064,2025-12-29,delivered,card,,0.00,5128.00,2026-01-04
108798,2151,2025-12-29,delivered,card,WELCOME10,319.00,2871.00,2026-01-01
108799,1144,2025-12-29,delivered,card,NEWYEAR2026,679.00,6111.00,2026-01-01
108800,1222,2025-12-29,delivered,sbp,,0.00,479.00,2026-01-03
108801,937,2025-12-29,delivered,card,NEWYEAR2026,96.90,872.10,2026-01-10
108802,1466,2025-12-29,delivered,card,,0.00,1738.00,2026-01-02
108803,52,2025-12-29,delivered,sbp,,0.00,10670.00,2026-01-04
108804,728,2025-12-29,delivered,card,,0.00,2680.00,2026-01-11
108805,1795,2025-12-29,delivered,card,,0.00,13970.00,2026-01-03
108806,1818,2025-12-29,delivered,card,NEWYEAR2026,86.90,782.10,2026-01-02
108807,1072,2025-12-29,delivered,card,NEWYEAR2026,139.00,1251.00,2026-01-05
108808,121,2025-12-29,delivered,card,,0.00,9238.00,2026-01-07
108809,1917,2025-12-29,delivered,sbp,,0.00,6570.00,2026-01-01
108810,1839,2025-12-29,delivered,card,NEWYEAR2026,2322.90,20906.10,2026-01-01
108811,465,2025-12-29,delivered,sbp,,0.00,2790.00,2026-01-06
108812,2010,2025-12-29,cancelled,sbp,,0.00,7790.00,
108813,1196,2025-12-29,delivered,card,,0.00,3390.00,2026-01-02
108814,827,2025-12-29,cancelled,card,,0.00,27949.00,
108815,1090,2025-12-29,cancelled,card,,0.00,1890.00,
108816,1000,2025-12-29,delivered,sbp,,0.00,2190.00,2026-01-01
108817,639,2025-12-29,delivered,card,,0.00,12470.00,2026-01-03
108818,527,2025-12-29,delivered,card,,0.00,6790.00,2026-01-02
108819,1101,2025-12-29,delivered,card,NEWYEAR2026,9394.80,84553.20,2026-01-02
108820,2008,2025-12-29,delivered,card,,0.00,5780.00,2026-01-01
108821,2213,2025-12-29,delivered,cash,WELCOME10,86.90,782.10,2026-01-04
108822,1151,2025-12-29,delivered,card,,0.00,479.00,2026-01-03
108823,1610,2025-12-29,delivered,sbp,,0.00,14480.00,2026-01-05
108824,1552,2025-12-29,delivered,card,,0.00,4829.00,2026-01-03
108825,473,2025-12-29,delivered,card,,0.00,2390.00,2026-01-02
108826,808,2025-12-29,delivered,sbp,,0.00,489.00,2026-01-05
108827,2073,2025-12-29,delivered,sbp,,0.00,92390.00,2026-01-01
108828,498,2025-12-29,delivered,sbp,,0.00,7680.00,2026-01-06
108829,341,2025-12-29,delivered,card,NEWYEAR2026,616.90,5552.10,2026-01-02
108830,51,2025-12-29,cancelled,cash,NEWYEAR2026,1018.00,9162.00,
108831,1100,2025-12-29,delivered,card,,0.00,4890.00,2026-01-05
108832,1826,2025-12-29,delivered,card,,0.00,1890.00,2026-01-02
108833,1545,2025-12-29,delivered,card,NEWYEAR2026,788.00,7092.00,2026-01-04
108834,2030,2025-12-29,cancelled,card,,0.00,479.00,
108835,2220,2025-12-29,delivered,card,WELCOME10,738.70,6648.30,2026-01-01
108836,1421,2025-12-30,delivered,card,,0.00,55870.00,2026-01-03
108837,1421,2025-12-30,delivered,sbp,,0.00,4559.00,2026-01-03
108838,1400,2025-12-30,delivered,card,,0.00,4890.00,2026-01-09
108839,897,2025-12-30,delivered,card,,0.00,63290.00,2026-01-03
108840,1150,2025-12-30,delivered,sbp,NEWYEAR2026,2937.00,26433.00,2026-01-05
108841,2130,2025-12-30,delivered,card,NEWYEAR2026,1234.50,11110.50,2026-01-03
108842,1431,2025-12-30,delivered,card,,0.00,779.00,2026-01-06
108843,628,2025-12-30,delivered,card,,0.00,4890.00,2026-01-03
108844,1685,2025-12-30,delivered,sbp,,0.00,3780.00,2026-01-09
108845,1350,2025-12-30,delivered,cash,,0.00,12880.00,2026-01-05
108846,2195,2025-12-30,delivered,card,,0.00,3890.00,2026-01-03
108847,2192,2025-12-30,delivered,sbp,,0.00,8346.00,2026-01-05
108848,1654,2025-12-30,delivered,card,,0.00,7249.00,2026-01-03
108849,1372,2025-12-30,cancelled,sbp,,0.00,7470.00,
108850,566,2025-12-30,delivered,card,,0.00,5659.00,2026-01-05
108851,294,2025-12-30,cancelled,cash,,0.00,61818.00,
108852,2196,2025-12-30,delivered,sbp,,0.00,479.00,2026-01-02
108853,25,2025-12-30,delivered,sbp,NEWYEAR2026,149.00,1341.00,2026-01-03
108854,119,2025-12-30,delivered,card,,0.00,2190.00,2026-01-04
108855,1241,2025-12-30,delivered,card,,0.00,9780.00,2026-01-03
108856,1374,2025-12-30,returned,card,,0.00,9780.00,2026-01-06
108857,2112,2025-12-30,delivered,cash,,0.00,7649.00,2026-01-04
108858,1167,2025-12-30,delivered,card,,0.00,23128.00,2026-01-03
108859,894,2025-12-30,delivered,card,,0.00,869.00,2026-01-02
108860,278,2025-12-30,delivered,card,NEWYEAR2026,189.00,1701.00,2026-01-05
108861,1285,2025-12-30,delivered,sbp,,0.00,2790.00,2026-01-04
108862,448,2025-12-30,delivered,card,,0.00,12770.00,2026-01-05
108863,1865,2025-12-30,delivered,card,,0.00,92380.00,2026-01-03
108864,1936,2025-12-30,delivered,sbp,,0.00,12070.00,2026-01-05
108865,1602,2025-12-30,delivered,sbp,,0.00,11690.00,2026-01-04
108866,892,2025-12-30,delivered,card,,0.00,2607.00,2026-01-06
108867,2201,2025-12-30,delivered,card,,0.00,8690.00,2026-01-05
108868,1911,2025-12-30,delivered,card,WELCOME10,95.80,862.20,2026-01-02
108869,433,2025-12-30,delivered,card,,0.00,5790.00,2026-01-07
108870,184,2025-12-30,delivered,card,NEWYEAR2026,878.00,7902.00,2026-01-08
108871,1111,2025-12-30,delivered,card,NEWYEAR2026,1207.00,10863.00,2026-01-10
108872,54,2025-12-30,delivered,sbp,,0.00,869.00,2026-01-04
108873,566,2025-12-30,delivered,card,,0.00,4480.00,2026-01-05
108874,728,2025-12-30,delivered,cash,,0.00,2190.00,2026-01-06
108875,1929,2025-12-30,delivered,cash,,0.00,2190.00,2026-01-11
108876,1367,2025-12-30,delivered,sbp,,0.00,1338.00,2026-01-06
108877,2208,2025-12-30,delivered,sbp,,0.00,3390.00,2026-01-04
108878,1939,2025-12-30,delivered,card,,0.00,116790.00,2026-01-04
108879,1744,2025-12-31,delivered,sbp,,0.00,7290.00,2026-01-06
108880,2236,2025-12-31,delivered,card,,0.00,7790.00,2026-01-03
108881,1393,2025-12-31,delivered,card,,0.00,2580.00,2026-01-03
108882,822,2025-12-31,delivered,sbp,,0.00,1790.00,2026-01-04
108883,1769,2025-12-31,delivered,card,,0.00,13090.00,2026-01-03
108884,1077,2025-12-31,delivered,card,WELCOME10,335.50,3019.50,2026-01-04
108885,2170,2025-12-31,delivered,sbp,NEWYEAR2026,219.00,1971.00,2026-01-03
108886,2075,2025-12-31,delivered,card,,0.00,1437.00,2026-01-02
108887,4,2025-12-31,delivered,card,,0.00,12439.00,2026-01-05
108888,1112,2025-12-31,delivered,card,,0.00,26180.00,2026-01-02
108889,2234,2025-12-31,delivered,card,,0.00,6238.00,2026-01-01
108890,608,2025-12-31,delivered,card,,0.00,6780.00,2026-01-03
108891,503,2025-12-31,delivered,card,,0.00,5780.00,2026-01-03
108892,2225,2025-12-31,delivered,card,WELCOME10,309.00,2781.00,2026-01-03
108893,206,2025-12-31,delivered,card,,0.00,19308.00,2026-01-10
108894,1948,2025-12-31,delivered,card,NEWYEAR2026,449.00,4041.00,2026-01-03
108895,1602,2025-12-31,delivered,cash,,0.00,43790.00,2026-01-02
108896,2137,2025-12-31,delivered,sbp,NEWYEAR2026,3332.80,29995.20,2026-01-04
108897,511,2025-12-31,delivered,card,,0.00,10680.00,2026-01-02
108898,264,2025-12-31,cancelled,sbp,,0.00,11160.00,
108899,742,2025-12-31,delivered,card,NEWYEAR2026,319.00,2871.00,2026-01-10
108900,1964,2025-12-31,delivered,card,NEWYEAR2026,149.00,1341.00,2026-01-06
108901,2204,2025-12-31,delivered,card,NEWYEAR2026,133.80,1204.20,2026-01-03
108902,278,2025-12-31,delivered,card,,0.00,7290.00,2026-01-03
108903,2186,2025-12-31,cancelled,card,WELCOME10,579.00,5211.00,
108904,1157,2025-12-31,delivered,card,NEWYEAR2026,1169.00,10521.00,2026-01-02
108905,1598,2025-12-31,delivered,card,,0.00,6239.00,2026-01-04
108906,2211,2025-12-31,delivered,card,WELCOME10,319.00,2871.00,2026-01-03
108907,1274,2025-12-31,delivered,cash,,0.00,5780.00,2026-01-03
108908,1323,2025-12-31,delivered,card,NEWYEAR2026,149.00,1341.00,2026-01-06
108909,884,2025-12-31,delivered,sbp,,0.00,4180.00,2026-01-04
108910,495,2025-12-31,delivered,sbp,NEWYEAR2026,4930.80,44377.20,2026-01-03
108911,2208,2025-12-31,delivered,card,,0.00,869.00,2026-01-06
108912,820,2026-01-01,delivered,sbp,,0.00,21390.00,2026-01-03
108913,1966,2026-01-01,delivered,card,,0.00,5690.00,2026-01-04
108914,1994,2026-01-01,delivered,card,,0.00,10939.00,2026-01-08
108915,1774,2026-01-01,delivered,sbp,,0.00,2390.00,2026-01-11
108916,1545,2026-01-01,delivered,card,,0.00,1790.00,2026-01-04
108917,2230,2026-01-01,delivered,card,,0.00,5049.00,2026-01-05
108918,2229,2026-01-01,delivered,card,WELCOME10,569.00,5121.00,2026-01-02
108919,1959,2026-01-01,delivered,card,,0.00,1338.00,2026-01-04
108920,1518,2026-01-01,delivered,card,,0.00,2890.00,2026-01-03
108921,2073,2026-01-01,delivered,sbp,,0.00,83980.00,2026-01-06
108922,939,2026-01-01,returned,card,,0.00,3579.00,2026-01-05
108923,1450,2026-01-01,delivered,sbp,,0.00,479.00,2026-01-03
108924,1784,2026-01-02,delivered,card,,0.00,14018.00,2026-01-12
108925,1823,2026-01-02,delivered,card,,0.00,3390.00,2026-01-05
108926,1925,2026-01-02,delivered,card,,0.00,4390.00,2026-01-08
108927,535,2026-01-02,delivered,sbp,,0.00,2890.00,2026-01-07
108928,286,2026-01-02,delivered,sbp,,0.00,11260.00,2026-01-09
108929,1217,2026-01-02,delivered,sbp,,0.00,32370.00,2026-01-05
108930,1007,2026-01-02,delivered,card,,0.00,1890.00,2026-01-06
108931,1091,2026-01-02,returned,card,,0.00,116790.00,2026-01-05
108932,845,2026-01-02,delivered,sbp,,0.00,5780.00,2026-01-06
108933,755,2026-01-02,delivered,sbp,,0.00,5480.00,2026-01-03
108934,967,2026-01-02,delivered,card,,0.00,1290.00,2026-01-11
108935,2137,2026-01-02,delivered,card,,0.00,1290.00,2026-01-08
108936,1813,2026-01-02,delivered,card,,0.00,389.00,2026-01-10
108937,2138,2026-01-02,delivered,card,,0.00,898.00,2026-01-04
108938,1628,2026-01-03,delivered,card,,0.00,1558.00,2026-01-09
108939,1367,2026-01-03,delivered,card,,0.00,4128.00,2026-01-05
108940,1119,2026-01-03,delivered,card,,0.00,44859.00,2026-01-06
108941,1978,2026-01-03,delivered,sbp,,0.00,489.00,2026-01-06
108942,2237,2026-01-03,delivered,sbp,,0.00,18250.00,2026-01-05
108943,2107,2026-01-03,delivered,card,,0.00,118080.00,2026-01-08
108944,2247,2026-01-03,delivered,card,WELCOME10,948.00,8532.00,2026-01-08
108945,1171,2026-01-03,delivered,card,,0.00,14760.00,2026-01-05
108946,2233,2026-01-03,delivered,cash,,0.00,2659.00,2026-01-06
108947,546,2026-01-03,delivered,card,,0.00,4380.00,2026-01-06
108948,2253,2026-01-03,delivered,sbp,,0.00,6790.00,2026-01-07
108949,313,2026-01-03,cancelled,card,,0.00,2190.00,
108950,555,2026-01-03,delivered,card,,0.00,3380.00,2026-01-12
108951,2224,2026-01-04,delivered,card,WELCOME10,310.60,2795.40,2026-01-13
108952,2244,2026-01-04,delivered,sbp,,0.00,7337.00,2026-01-07
108953,1444,2026-01-04,delivered,card,,0.00,7290.00,2026-01-06
108954,2050,2026-01-04,delivered,sbp,,0.00,1290.00,2026-01-08
108955,2254,2026-01-04,delivered,card,,0.00,10690.00,2026-01-08
108956,1090,2026-01-04,delivered,sbp,,0.00,7780.00,2026-01-11
108957,1486,2026-01-04,delivered,card,,0.00,6978.00,2026-01-07
108958,2126,2026-01-04,delivered,card,,0.00,8470.00,2026-01-10
108959,459,2026-01-04,delivered,card,,0.00,2159.00,2026-01-06
108960,2256,2026-01-04,delivered,sbp,,0.00,6780.00,2026-01-10
108961,2218,2026-01-04,delivered,card,,0.00,2980.00,2026-01-08
108962,2250,2026-01-04,delivered,card,WELCOME10,1000.00,15990.00,2026-01-11
108963,2192,2026-01-04,delivered,card,,0.00,9439.00,2026-01-07
108964,1389,2026-01-04,delivered,sbp,,0.00,2187.00,2026-01-06
108965,922,2026-01-04,returned,cash,,0.00,2890.00,2026-01-05
108966,2241,2026-01-04,delivered,sbp,WELCOME10,1000.00,12559.00,2026-01-06
108967,2251,2026-01-04,delivered,sbp,,0.00,9280.00,2026-01-09
108968,2241,2026-01-05,returned,card,,0.00,9919.00,2026-01-09
108969,1285,2026-01-05,delivered,sbp,,0.00,7180.00,2026-01-06
108970,1754,2026-01-05,delivered,card,,0.00,2607.00,2026-01-08
108971,2242,2026-01-05,delivered,cash,WELCOME10,389.00,3501.00,2026-01-08
108972,1694,2026-01-05,returned,sbp,,0.00,5290.00,2026-01-06
108973,2257,2026-01-05,delivered,card,,0.00,12080.00,2026-01-12
108974,1322,2026-01-05,delivered,card,,0.00,1348.00,2026-01-06
108975,1734,2026-01-05,delivered,card,,0.00,1490.00,2026-01-10
108976,2240,2026-01-05,delivered,sbp,,0.00,19970.00,2026-01-06
108977,1241,2026-01-05,delivered,card,,0.00,11249.00,2026-01-08
108978,2246,2026-01-05,delivered,card,,0.00,1490.00,2026-01-07
108979,1567,2026-01-05,cancelled,sbp,,0.00,6928.00,
108980,1794,2026-01-05,delivered,sbp,,0.00,7790.00,2026-01-09
108981,2243,2026-01-05,returned,card,WELCOME10,44.90,404.10,2026-01-10
108982,742,2026-01-06,delivered,card,,0.00,4828.00,2026-01-15
108983,1628,2026-01-06,delivered,sbp,,0.00,13570.00,2026-01-09
108984,882,2026-01-06,delivered,card,,0.00,7970.00,2026-01-12
108985,243,2026-01-06,delivered,sbp,,0.00,6659.00,2026-01-10
108986,1616,2026-01-06,delivered,sbp,,0.00,1290.00,2026-01-10
108987,1940,2026-01-06,delivered,cash,,0.00,22038.00,2026-01-08
108988,2252,2026-01-06,delivered,cash,,0.00,3056.00,2026-01-10
108989,1942,2026-01-06,delivered,card,,0.00,19360.00,2026-01-15
108990,203,2026-01-06,delivered,card,,0.00,3857.00,2026-01-09
108991,2262,2026-01-06,delivered,sbp,,0.00,1167.00,2026-01-09
108992,1964,2026-01-06,delivered,card,,0.00,3190.00,2026-01-11
108993,1416,2026-01-06,delivered,card,,0.00,12970.00,2026-01-08
108994,1061,2026-01-06,delivered,sbp,,0.00,779.00,2026-01-09
108995,1649,2026-01-07,delivered,card,,0.00,5290.00,2026-01-08
108996,2123,2026-01-07,delivered,sbp,,0.00,11190.00,2026-01-10
108997,388,2026-01-07,delivered,card,,0.00,22160.00,2026-01-12
108998,422,2026-01-07,returned,card,,0.00,11976.00,2026-01-10
108999,1111,2026-01-07,delivered,card,,0.00,6597.00,2026-01-17
109000,1431,2026-01-07,delivered,sbp,,0.00,16470.00,2026-01-11
109001,1448,2026-01-07,delivered,card,,0.00,10349.00,2026-01-15
109002,1,2026-01-07,delivered,card,,0.00,7790.00,2026-01-09
109003,2269,2026-01-07,returned,card,WELCOME10,793.80,7144.20,2026-01-10
109004,2219,2026-01-07,returned,card,,0.00,9780.00,2026-01-10
109005,1931,2026-01-07,returned,card,,0.00,1779.00,2026-01-15
109006,1723,2026-01-07,delivered,card,,0.00,82790.00,2026-01-14
109007,1953,2026-01-08,delivered,card,,0.00,7870.00,2026-01-11
109008,2261,2026-01-08,delivered,sbp,WELCOME10,1000.00,55480.00,2026-01-16
109009,742,2026-01-08,returned,card,,0.00,4890.00,2026-01-13
109010,971,2026-01-08,delivered,sbp,,0.00,13008.00,2026-01-10
109011,2212,2026-01-08,delivered,card,,0.00,3390.00,2026-01-11
109012,1039,2026-01-08,delivered,card,,0.00,3296.00,2026-01-11
109013,2268,2026-01-08,delivered,card,WELCOME10,1000.00,20390.00,2026-01-13
109014,1985,2026-01-08,delivered,card,,0.00,4890.00,2026-01-12
109015,495,2026-01-08,delivered,card,,0.00,3390.00,2026-01-12
109016,1325,2026-01-08,delivered,sbp,,0.00,117759.00,2026-01-11
109017,1328,2026-01-09,delivered,card,,0.00,5690.00,2026-01-13
109018,452,2026-01-09,delivered,sbp,,0.00,869.00,2026-01-17
109019,1795,2026-01-09,delivered,card,,0.00,100380.00,2026-01-16
109020,1925,2026-01-09,delivered,card,,0.00,1437.00,2026-01-15
109021,1869,2026-01-09,delivered,sbp,,0.00,1158.00,2026-01-12
109022,2258,2026-01-09,delivered,card,WELCOME10,1000.00,13028.00,2026-01-12
109023,72,2026-01-09,delivered,card,,0.00,11190.00,2026-01-15
109024,1769,2026-01-09,returned,card,,0.00,779.00,2026-01-15
109025,268,2026-01-09,delivered,sbp,,0.00,6380.00,2026-01-12
109026,1328,2026-01-09,delivered,card,,0.00,1490.00,2026-01-13
109027,581,2026-01-09,cancelled,sbp,,0.00,4017.00,
109028,1407,2026-01-09,delivered,card,,0.00,1490.00,2026-01-16
109029,1484,2026-01-09,delivered,sbp,,0.00,7290.00,2026-01-12
109030,1535,2026-01-09,delivered,sbp,,0.00,3359.00,2026-01-13
109031,745,2026-01-09,delivered,card,,0.00,17560.00,2026-01-19
109032,188,2026-01-09,delivered,card,,0.00,116990.00,2026-01-11
109033,950,2026-01-09,delivered,sbp,,0.00,1738.00,2026-01-11
109034,2113,2026-01-09,delivered,card,,0.00,4390.00,2026-01-13
109035,2244,2026-01-09,returned,sbp,,0.00,4128.00,2026-01-11
109036,1208,2026-01-09,delivered,sbp,,0.00,4390.00,2026-01-14
109037,1893,2026-01-09,delivered,cash,,0.00,778.00,2026-01-11
109038,309,2026-01-09,delivered,card,,0.00,1938.00,2026-01-13
109039,1823,2026-01-09,delivered,sbp,,0.00,11628.00,2026-01-15
109040,54,2026-01-09,cancelled,sbp,,0.00,479.00,
109041,921,2026-01-10,delivered,card,,0.00,1358.00,2026-01-12
109042,449,2026-01-10,delivered,sbp,,0.00,5169.00,2026-01-15
109043,1676,2026-01-10,delivered,card,,0.00,18680.00,2026-01-13
109044,1201,2026-01-10,delivered,card,,0.00,3890.00,2026-01-18
109045,1806,2026-01-10,delivered,card,,0.00,2269.00,2026-01-13
109046,810,2026-01-10,delivered,card,,0.00,17490.00,2026-01-16
109047,2275,2026-01-10,delivered,card,WELCOME10,629.00,5661.00,2026-01-11
109048,796,2026-01-10,delivered,sbp,,0.00,10129.00,2026-01-12
109049,1505,2026-01-10,delivered,cash,,0.00,11616.00,2026-01-18
109050,604,2026-01-10,returned,card,,0.00,1738.00,2026-01-13
109051,352,2026-01-10,delivered,card,,0.00,8739.00,2026-01-11
109052,628,2026-01-10,returned,card,,0.00,3190.00,2026-01-11
109053,1417,2026-01-10,delivered,sbp,,0.00,1737.00,2026-01-14
109054,27,2026-01-10,delivered,card,,0.00,48690.00,2026-01-13
109055,1545,2026-01-10,delivered,card,,0.00,16080.00,2026-01-12
109056,2276,2026-01-10,delivered,card,WELCOME10,47.90,431.10,2026-01-14
109057,538,2026-01-10,delivered,cash,,0.00,2390.00,2026-01-13
109058,627,2026-01-10,delivered,cash,,0.00,3190.00,2026-01-16
109059,725,2026-01-10,delivered,card,,0.00,21650.00,2026-01-12
109060,628,2026-01-10,delivered,card,,0.00,19749.00,2026-01-12
109061,323,2026-01-10,delivered,cash,,0.00,8528.00,2026-01-14
109062,2112,2026-01-10,delivered,card,,0.00,13980.00,2026-01-11
109063,352,2026-01-10,delivered,card,,0.00,13859.00,2026-01-12
109064,1106,2026-01-10,delivered,sbp,,0.00,6790.00,2026-01-15
109065,1091,2026-01-10,delivered,sbp,,0.00,6538.00,2026-01-11
109066,757,2026-01-10,returned,sbp,,0.00,11190.00,2026-01-13
109067,417,2026-01-10,delivered,sbp,,0.00,8780.00,2026-01-11
109068,1988,2026-01-11,delivered,card,,0.00,669.00,2026-01-19
109069,605,2026-01-11,delivered,card,,0.00,15749.00,2026-01-18
109070,1288,2026-01-11,delivered,cash,,0.00,16590.00,2026-01-17
109071,1781,2026-01-11,delivered,sbp,,0.00,7790.00,2026-01-14
109072,419,2026-01-11,delivered,card,,0.00,3580.00,2026-01-14
109073,1167,2026-01-11,delivered,card,,0.00,4690.00,2026-01-14
109074,1923,2026-01-11,delivered,cash,,0.00,14127.00,2026-01-14
109075,282,2026-01-11,delivered,sbp,,0.00,4890.00,2026-01-14
109076,499,2026-01-11,delivered,card,,0.00,6380.00,2026-01-18
109077,832,2026-01-11,delivered,cash,,0.00,5768.00,2026-01-14
109078,388,2026-01-11,delivered,card,,0.00,1290.00,2026-01-15
109079,775,2026-01-11,delivered,card,,0.00,4890.00,2026-01-13
109080,529,2026-01-11,delivered,sbp,,0.00,1890.00,2026-01-16
109081,2266,2026-01-11,delivered,card,,0.00,2768.00,2026-01-20
109082,286,2026-01-11,delivered,card,,0.00,1290.00,2026-01-20
109083,2277,2026-01-11,returned,card,WELCOME10,778.00,7002.00,2026-01-14
109084,993,2026-01-11,delivered,sbp,,0.00,2190.00,2026-01-17
109085,1955,2026-01-11,cancelled,sbp,,0.00,7290.00,
109086,1352,2026-01-11,delivered,card,,0.00,2390.00,2026-01-17
109087,1217,2026-01-11,delivered,card,,0.00,30670.00,2026-01-17
109088,1061,2026-01-11,cancelled,cash,,0.00,7290.00,
109089,195,2026-01-11,cancelled,card,,0.00,6949.00,
109090,2270,2026-01-11,delivered,card,,0.00,969.00,2026-01-12
109091,909,2026-01-11,delivered,card,,0.00,1890.00,2026-01-20
109092,338,2026-01-11,delivered,card,,0.00,779.00,2026-01-14
109093,496,2026-01-11,delivered,card,,0.00,2790.00,2026-01-15
109094,172,2026-01-11,delivered,sbp,,0.00,17369.00,2026-01-13
109095,1186,2026-01-11,returned,card,,0.00,29680.00,2026-01-12
109096,1628,2026-01-11,delivered,card,,0.00,3169.00,2026-01-17
109097,984,2026-01-11,delivered,sbp,,0.00,36080.00,2026-01-16
109098,1821,2026-01-11,returned,sbp,,0.00,7848.00,2026-01-15
109099,1750,2026-01-11,delivered,card,,0.00,1290.00,2026-01-18
109100,1615,2026-01-11,delivered,sbp,,0.00,898.00,2026-01-15
109101,815,2026-01-12,delivered,card,,0.00,869.00,2026-01-14
109102,481,2026-01-12,delivered,cash,,0.00,6790.00,2026-01-15
109103,747,2026-01-12,cancelled,card,,0.00,2890.00,
109104,2192,2026-01-12,delivered,card,,0.00,21390.00,2026-01-17
109105,2198,2026-01-12,delivered,card,,0.00,1190.00,2026-01-14
109106,753,2026-01-12,delivered,card,,0.00,5690.00,2026-01-22
109107,1577,2026-01-12,delivered,card,WELCOME10,1000.00,36149.00,2026-01-18
109108,1400,2026-01-12,delivered,card,,0.00,1338.00,2026-01-16
109109,1638,2026-01-12,delivered,sbp,,0.00,9690.00,2026-01-18
109110,722,2026-01-12,cancelled,card,,0.00,36090.00,
109111,2273,2026-01-12,delivered,card,WELCOME10,1000.00,83360.00,2026-01-13
109112,1009,2026-01-12,delivered,card,,0.00,59549.00,2026-01-15
109113,1795,2026-01-12,delivered,card,,0.00,2390.00,2026-01-18
109114,2279,2026-01-12,delivered,card,WELCOME10,1000.00,61860.00,2026-01-22
109115,1945,2026-01-12,delivered,card,,0.00,7790.00,2026-01-14
109116,1628,2026-01-12,delivered,sbp,,0.00,9118.00,2026-01-17
109117,995,2026-01-12,delivered,card,,0.00,8659.00,2026-01-16
109118,1199,2026-01-12,delivered,card,,0.00,7880.00,2026-01-15
109119,2206,2026-01-12,delivered,cash,,0.00,2469.00,2026-01-14
109120,822,2026-01-12,delivered,sbp,,0.00,16480.00,2026-01-15
109121,193,2026-01-12,delivered,card,,0.00,2807.00,2026-01-15
109122,1857,2026-01-12,delivered,card,,0.00,24349.00,2026-01-16
109123,547,2026-01-12,delivered,sbp,,0.00,1290.00,2026-01-17
109124,2264,2026-01-12,delivered,sbp,,0.00,12369.00,2026-01-15
109125,1679,2026-01-12,delivered,sbp,,0.00,1290.00,2026-01-16
109126,211,2026-01-12,cancelled,sbp,,0.00,92670.00,
109127,747,2026-01-12,delivered,card,,0.00,4980.00,2026-01-18
109128,1828,2026-01-13,delivered,card,,0.00,2928.00,2026-01-16
109129,1090,2026-01-13,delivered,cash,,0.00,969.00,2026-01-23
109130,1325,2026-01-13,delivered,card,,0.00,3390.00,2026-01-15
109131,1,2026-01-13,delivered,card,,0.00,489.00,2026-01-16
109132,52,2026-01-13,delivered,card,,0.00,1890.00,2026-01-19
109133,1939,2026-01-13,delivered,card,,0.00,479.00,2026-01-18
109134,417,2026-01-13,delivered,card,,0.00,3549.00,2026-01-14
109135,1939,2026-01-13,delivered,card,,0.00,1158.00,2026-01-16
109136,2284,2026-01-13,delivered,sbp,WELCOME10,204.80,1843.20,2026-01-17
109137,2277,2026-01-13,delivered,card,,0.00,1290.00,2026-01-17
109138,2283,2026-01-13,delivered,card,,0.00,1590.00,2026-01-22
109139,364,2026-01-13,cancelled,cash,,0.00,4890.00,
109140,1273,2026-01-13,delivered,sbp,,0.00,8370.00,2026-01-23
109141,121,2026-01-13,returned,card,,0.00,3190.00,2026-01-19
109142,122,2026-01-13,delivered,sbp,,0.00,51980.00,2026-01-17
109143,1597,2026-01-13,delivered,card,,0.00,2390.00,2026-01-19
109144,2270,2026-01-13,delivered,sbp,,0.00,11190.00,2026-01-15
109145,590,2026-01-13,delivered,sbp,,0.00,869.00,2026-01-17
109146,495,2026-01-13,delivered,sbp,,0.00,26280.00,2026-01-15
109147,388,2026-01-13,delivered,card,,0.00,958.00,2026-01-16
109148,2280,2026-01-13,delivered,sbp,FRIEND300,300.00,2090.00,2026-01-19
109149,417,2026-01-13,delivered,card,,0.00,779.00,2026-01-14
109150,1766,2026-01-14,cancelled,cash,,0.00,2190.00,
109151,1201,2026-01-14,delivered,card,,0.00,44380.00,2026-01-18
109152,2282,2026-01-14,returned,sbp,,0.00,3190.00,2026-01-16
109153,2008,2026-01-14,delivered,card,,0.00,579.00,2026-01-15
109154,1710,2026-01-14,delivered,sbp,,0.00,45008.00,2026-01-22
109155,916,2026-01-14,delivered,sbp,,0.00,1158.00,2026-01-22
109156,909,2026-01-14,delivered,sbp,,0.00,4890.00,2026-01-21
109157,1151,2026-01-14,delivered,card,,0.00,1290.00,2026-01-17
109158,891,2026-01-14,delivered,sbp,,0.00,37180.00,2026-01-15
109159,498,2026-01-14,delivered,sbp,,0.00,2190.00,2026-01-18
109160,1111,2026-01-14,delivered,card,,0.00,13190.00,2026-01-23
109161,1401,2026-01-14,delivered,cash,,0.00,6180.00,2026-01-15
109162,1967,2026-01-14,delivered,card,,0.00,4890.00,2026-01-16
109163,1748,2026-01-14,delivered,card,,0.00,3390.00,2026-01-20
109164,514,2026-01-14,returned,card,,0.00,6790.00,2026-01-19
109165,909,2026-01-14,delivered,sbp,,0.00,3259.00,2026-01-21
109166,597,2026-01-14,delivered,card,,0.00,11304.00,2026-01-24
109167,1055,2026-01-14,cancelled,card,,0.00,489.00,
109168,371,2026-01-14,delivered,sbp,,0.00,6290.00,2026-01-16
109169,994,2026-01-14,delivered,cash,,0.00,38280.00,2026-01-17
109170,2022,2026-01-14,delivered,sbp,,0.00,1738.00,2026-01-17
109171,2271,2026-01-14,delivered,card,WELCOME10,239.00,2151.00,2026-01-16
109172,2285,2026-01-14,delivered,card,,0.00,2607.00,2026-01-19
109173,2244,2026-01-14,delivered,card,,0.00,579.00,2026-01-17
109174,1738,2026-01-14,delivered,card,,0.00,19970.00,2026-01-15
109175,1452,2026-01-15,delivered,card,,0.00,2307.00,2026-01-21
109176,1865,2026-01-15,delivered,sbp,,0.00,81028.00,2026-01-21
109177,566,2026-01-15,delivered,card,,0.00,9238.00,2026-01-20
109178,203,2026-01-15,returned,sbp,,0.00,10169.00,2026-01-17
109179,2165,2026-01-15,delivered,sbp,,0.00,4128.00,2026-01-22
109180,580,2026-01-15,delivered,card,,0.00,4890.00,2026-01-16
109181,2113,2026-01-15,delivered,sbp,,0.00,3190.00,2026-01-19
109182,661,2026-01-15,delivered,card,,0.00,36090.00,2026-01-19
109183,1448,2026-01-15,delivered,cash,,0.00,33160.00,2026-01-21
109184,570,2026-01-15,delivered,card,,0.00,41960.00,2026-01-19
109185,1525,2026-01-15,returned,card,,0.00,12580.00,2026-01-16
109186,1216,2026-01-15,delivered,sbp,,0.00,9780.00,2026-01-21
109187,775,2026-01-15,cancelled,sbp,,0.00,869.00,
109188,433,2026-01-15,delivered,card,,0.00,19280.00,2026-01-20
109189,20,2026-01-15,delivered,card,,0.00,969.00,2026-01-19
109190,349,2026-01-15,delivered,cash,,0.00,19929.00,2026-01-17
109191,2192,2026-01-15,cancelled,cash,,0.00,6380.00,
109192,1385,2026-01-15,delivered,sbp,,0.00,2980.00,2026-01-17
109193,195,2026-01-15,delivered,cash,,0.00,11060.00,2026-01-17
109194,2209,2026-01-15,delivered,card,,0.00,2890.00,2026-01-21
109195,1349,2026-01-15,cancelled,card,,0.00,13607.00,
109196,1042,2026-01-15,delivered,card,,0.00,122470.00,2026-01-18
109197,2109,2026-01-15,cancelled,cash,,0.00,3890.00,
109198,1000,2026-01-15,cancelled,card,,0.00,21618.00,
109199,1738,2026-01-15,delivered,card,,0.00,4490.00,2026-01-18
109200,616,2026-01-15,cancelled,cash,,0.00,53539.00,
109201,481,2026-01-15,delivered,card,,0.00,2380.00,2026-01-20
109202,706,2026-01-15,delivered,cash,,0.00,2890.00,2026-01-23
109203,2096,2026-01-16,delivered,sbp,,0.00,9059.00,2026-01-18
109204,1517,2026-01-16,delivered,sbp,,0.00,2390.00,2026-01-17
109205,1738,2026-01-16,delivered,sbp,,0.00,13929.00,2026-01-17
109206,775,2026-01-16,cancelled,cash,,0.00,5369.00,
109207,699,2026-01-16,delivered,card,,0.00,6465.00,2026-01-23
109208,1518,2026-01-16,delivered,card,,0.00,11190.00,2026-01-18
109209,1457,2026-01-16,delivered,sbp,,0.00,869.00,2026-01-19
109210,1841,2026-01-16,cancelled,cash,,0.00,5280.00,
109211,1236,2026-01-16,cancelled,card,,0.00,69080.00,
109212,2288,2026-01-16,delivered,card,,0.00,13849.00,2026-01-19
109213,465,2026-01-16,delivered,sbp,,0.00,14480.00,2026-01-23
109214,1802,2026-01-16,delivered,cash,,0.00,1490.00,2026-01-19
109215,1297,2026-01-16,delivered,sbp,,0.00,3190.00,2026-01-19
109216,1367,2026-01-16,delivered,card,,0.00,6107.00,2026-01-19
109217,661,2026-01-16,delivered,sbp,,0.00,5759.00,2026-01-19
109218,546,2026-01-16,delivered,card,,0.00,6290.00,2026-01-19
109219,1457,2026-01-16,delivered,card,,0.00,12559.00,2026-01-20
109220,479,2026-01-16,delivered,card,,0.00,14349.00,2026-01-17
109221,1388,2026-01-16,delivered,card,,0.00,8790.00,2026-01-21
109222,2155,2026-01-16,delivered,card,,0.00,2607.00,2026-01-19
109223,547,2026-01-16,delivered,sbp,,0.00,86280.00,2026-01-20
109224,1636,2026-01-17,delivered,card,,0.00,7790.00,2026-01-20
109225,350,2026-01-17,delivered,card,,0.00,18369.00,2026-01-18
109226,1088,2026-01-17,delivered,sbp,,0.00,10179.00,2026-01-19
109227,812,2026-01-17,delivered,card,,0.00,25359.00,2026-01-20
109228,705,2026-01-17,delivered,card,,0.00,6359.00,2026-01-23
109229,557,2026-01-17,delivered,card,,0.00,5469.00,2026-01-27
109230,1185,2026-01-17,delivered,sbp,,0.00,16280.00,2026-01-19
109231,2278,2026-01-17,delivered,card,WELCOME10,638.70,5748.30,2026-01-21
109232,1959,2026-01-17,delivered,card,,0.00,1790.00,2026-01-20
109233,725,2026-01-17,delivered,card,,0.00,3390.00,2026-01-19
109234,1390,2026-01-17,delivered,card,,0.00,25480.00,2026-01-21
109235,2295,2026-01-17,cancelled,card,,0.00,4797.00,
109236,305,2026-01-17,delivered,card,,0.00,869.00,2026-01-26
109237,2113,2026-01-17,returned,sbp,,0.00,1990.00,2026-01-19
109238,836,2026-01-17,cancelled,sbp,,0.00,4970.00,
109239,2091,2026-01-17,delivered,card,,0.00,3190.00,2026-01-20
109240,2283,2026-01-17,delivered,card,,0.00,47570.00,2026-01-23
109241,2163,2026-01-17,delivered,sbp,WELCOME10,38.90,350.10,2026-01-20
109242,1948,2026-01-17,delivered,cash,,0.00,1158.00,2026-01-19
109243,1978,2026-01-17,delivered,sbp,,0.00,7790.00,2026-01-20
109244,1909,2026-01-17,delivered,card,,0.00,36090.00,2026-01-19
109245,547,2026-01-17,delivered,card,,0.00,5969.00,2026-01-22
109246,1220,2026-01-18,delivered,card,,0.00,17080.00,2026-01-21
109247,1855,2026-01-18,delivered,sbp,,0.00,52270.00,2026-01-20
109248,1535,2026-01-18,delivered,sbp,,0.00,2907.00,2026-01-21
109249,608,2026-01-18,cancelled,sbp,,0.00,2390.00,
109250,513,2026-01-18,delivered,card,,0.00,5790.00,2026-01-25
109251,2165,2026-01-18,delivered,sbp,,0.00,1738.00,2026-01-24
109252,2045,2026-01-18,cancelled,card,,0.00,1590.00,
109253,2208,2026-01-18,delivered,card,,0.00,779.00,2026-01-22
109254,402,2026-01-18,delivered,card,,0.00,479.00,2026-01-23
109255,1567,2026-01-18,delivered,sbp,,0.00,2980.00,2026-01-22
109256,264,2026-01-18,delivered,card,,0.00,1558.00,2026-01-21
109257,570,2026-01-18,delivered,card,,0.00,9790.00,2026-01-24
109258,893,2026-01-18,delivered,sbp,,0.00,51690.00,2026-01-21
109259,1567,2026-01-18,delivered,card,,0.00,11759.00,2026-01-22
109260,1175,2026-01-18,delivered,sbp,,0.00,2390.00,2026-01-21
109261,1054,2026-01-18,delivered,sbp,,0.00,5870.00,2026-01-20
109262,2247,2026-01-18,delivered,card,,0.00,2890.00,2026-01-26
109263,993,2026-01-18,delivered,cash,,0.00,778.00,2026-01-24
109264,2113,2026-01-18,delivered,card,,0.00,779.00,2026-01-20
109265,991,2026-01-18,delivered,card,,0.00,1158.00,2026-01-21
109266,1782,2026-01-19,cancelled,cash,,0.00,18980.00,
109267,195,2026-01-19,delivered,sbp,,0.00,7790.00,2026-01-21
109268,1407,2026-01-19,delivered,card,,0.00,3059.00,2026-01-23
109269,911,2026-01-19,returned,card,,0.00,6180.00,2026-01-22
109270,913,2026-01-19,delivered,sbp,,0.00,579.00,2026-01-22
109271,785,2026-01-19,returned,card,,0.00,3586.00,2026-01-25
109272,2292,2026-01-19,delivered,sbp,,0.00,579.00,2026-01-21
109273,804,2026-01-19,delivered,sbp,,0.00,48790.00,2026-01-27
109274,1124,2026-01-19,delivered,card,,0.00,7338.00,2026-01-22
109275,622,2026-01-19,delivered,cash,,0.00,3190.00,2026-01-24
109276,1006,2026-01-19,returned,card,,0.00,17079.00,2026-01-21
109277,1712,2026-01-19,delivered,sbp,,0.00,11070.00,2026-01-22
109278,1846,2026-01-19,delivered,card,,0.00,5670.00,2026-01-29
109279,745,2026-01-20,delivered,card,,0.00,9180.00,2026-01-29
109280,2303,2026-01-20,delivered,sbp,,0.00,1790.00,2026-01-29
109281,1072,2026-01-20,delivered,cash,,0.00,6790.00,2026-01-27
109282,604,2026-01-20,delivered,card,,0.00,4380.00,2026-01-23
109283,931,2026-01-20,delivered,sbp,,0.00,7955.00,2026-01-22
109284,1985,2026-01-20,delivered,sbp,,0.00,2190.00,2026-01-22
109285,1442,2026-01-20,delivered,sbp,,0.00,3548.00,2026-01-23
109286,2291,2026-01-20,delivered,sbp,WELCOME10,279.00,2511.00,2026-01-24
109287,1966,2026-01-20,delivered,card,,0.00,869.00,2026-01-22
109288,2188,2026-01-20,delivered,card,,0.00,2307.00,2026-01-27
109289,364,2026-01-20,cancelled,card,,0.00,4890.00,
109290,51,2026-01-20,delivered,sbp,,0.00,13180.00,2026-01-23
109291,313,2026-01-20,cancelled,card,,0.00,1958.00,
109292,2022,2026-01-20,delivered,card,,0.00,8269.00,2026-01-22
109293,687,2026-01-20,delivered,card,,0.00,4890.00,2026-01-22
109294,580,2026-01-20,delivered,cash,,0.00,2607.00,2026-01-21
109295,827,2026-01-20,cancelled,sbp,,0.00,10690.00,
109296,948,2026-01-20,delivered,sbp,,0.00,16590.00,2026-01-23
109297,489,2026-01-20,delivered,sbp,,0.00,17090.00,2026-01-23
109298,1710,2026-01-20,cancelled,sbp,,0.00,2890.00,
109299,2208,2026-01-20,delivered,sbp,,0.00,16080.00,2026-01-25
109300,492,2026-01-20,delivered,card,,0.00,13190.00,2026-01-29
109301,1412,2026-01-20,delivered,sbp,,0.00,1690.00,2026-01-22
109302,381,2026-01-20,cancelled,card,,0.00,12690.00,
109303,2294,2026-01-20,delivered,sbp,WELCOME10,1000.00,50780.00,2026-01-28
109304,802,2026-01-21,delivered,card,,0.00,869.00,2026-01-23
109305,1923,2026-01-21,delivered,sbp,,0.00,6749.00,2026-01-23
109306,417,2026-01-21,delivered,sbp,,0.00,8970.00,2026-01-22
109307,2310,2026-01-21,delivered,card,,0.00,3879.00,2026-01-24
109308,428,2026-01-21,delivered,sbp,,0.00,669.00,2026-01-25
109309,2240,2026-01-21,delivered,card,,0.00,869.00,2026-01-23
109310,1895,2026-01-21,returned,sbp,,0.00,25487.00,2026-01-31
109311,1416,2026-01-21,delivered,card,,0.00,63490.00,2026-01-23
109312,661,2026-01-21,delivered,sbp,,0.00,2580.00,2026-01-24
109313,380,2026-01-21,returned,card,,0.00,4148.00,2026-01-25
109314,725,2026-01-21,delivered,card,,0.00,10559.00,2026-01-22
109315,499,2026-01-21,delivered,sbp,,0.00,1090.00,2026-01-30
109316,1964,2026-01-21,cancelled,card,,0.00,43380.00,
109317,2309,2026-01-21,delivered,sbp,WELCOME10,66.90,602.10,2026-01-26
109318,1125,2026-01-21,returned,card,,0.00,4538.00,2026-01-27
109319,820,2026-01-21,delivered,card,,0.00,11296.00,2026-01-23
109320,2241,2026-01-21,delivered,sbp,,0.00,479.00,2026-01-23
109321,69,2026-01-21,cancelled,sbp,,0.00,27560.00,
109322,2083,2026-01-21,delivered,cash,,0.00,1437.00,2026-01-26
109323,982,2026-01-21,delivered,sbp,,0.00,479.00,2026-01-23
109324,1955,2026-01-22,delivered,sbp,,0.00,17590.00,2026-01-26
109325,252,2026-01-22,delivered,card,,0.00,19480.00,2026-01-26
109326,1465,2026-01-22,delivered,sbp,,0.00,2217.00,2026-01-26
109327,547,2026-01-22,delivered,card,,0.00,11138.00,2026-01-28
109328,2308,2026-01-22,delivered,sbp,FRIEND300,300.00,2590.00,2026-01-25
109329,1602,2026-01-22,delivered,card,,0.00,40638.00,2026-01-23
109330,2210,2026-01-22,delivered,sbp,,0.00,8080.00,2026-01-24
109331,206,2026-01-22,delivered,card,,0.00,21480.00,2026-01-27
109332,157,2026-01-22,delivered,card,,0.00,2390.00,2026-01-24
109333,1262,2026-01-22,delivered,card,,0.00,4580.00,2026-01-25
109334,2292,2026-01-22,delivered,card,,0.00,11360.00,2026-01-25
109335,1756,2026-01-22,delivered,sbp,,0.00,7290.00,2026-01-25
109336,52,2026-01-22,delivered,sbp,,0.00,2980.00,2026-01-31
109337,1767,2026-01-22,delivered,card,,0.00,3348.00,2026-01-26
109338,854,2026-01-22,delivered,card,,0.00,12690.00,2026-01-27
109339,2032,2026-01-22,delivered,sbp,,0.00,779.00,2026-01-23
109340,1610,2026-01-22,delivered,card,,0.00,55460.00,2026-01-25
109341,1124,2026-01-22,delivered,sbp,,0.00,2390.00,2026-01-26
109342,1618,2026-01-22,delivered,card,,0.00,5749.00,2026-01-27
109343,1545,2026-01-22,delivered,sbp,,0.00,3090.00,2026-01-24
109344,1955,2026-01-22,delivered,card,,0.00,41990.00,2026-01-24
109345,2182,2026-01-23,delivered,card,,0.00,17090.00,2026-01-28
109346,1452,2026-01-23,delivered,card,,0.00,958.00,2026-01-28
109347,159,2026-01-23,delivered,card,,0.00,3390.00,2026-01-26
109348,1654,2026-01-23,delivered,sbp,,0.00,50308.00,2026-01-25
109349,753,2026-01-23,delivered,card,,0.00,4827.00,2026-01-30
109350,252,2026-01-23,delivered,sbp,,0.00,16970.00,2026-01-28
109351,492,2026-01-23,delivered,card,,0.00,10617.00,2026-01-28
109352,2295,2026-01-23,delivered,cash,,0.00,3190.00,2026-01-30
109353,198,2026-01-23,cancelled,cash,,0.00,17090.00,
109354,1992,2026-01-23,delivered,sbp,,0.00,2390.00,2026-01-24
109355,909,2026-01-23,delivered,card,,0.00,2190.00,2026-01-30
109356,581,2026-01-23,cancelled,sbp,,0.00,124980.00,
109357,479,2026-01-23,delivered,card,,0.00,1890.00,2026-01-25
109358,1271,2026-01-23,delivered,card,,0.00,126990.00,2026-01-28
109359,1778,2026-01-23,delivered,card,,0.00,669.00,2026-01-25
109360,1426,2026-01-23,delivered,card,,0.00,95117.00,2026-01-24
109361,1697,2026-01-23,delivered,card,,0.00,2669.00,2026-01-26
109362,855,2026-01-23,delivered,card,,0.00,14050.00,2026-01-26
109363,538,2026-01-23,delivered,cash,,0.00,22728.00,2026-01-28
109364,865,2026-01-23,delivered,card,,0.00,669.00,2026-01-26
109365,1850,2026-01-23,delivered,card,WELCOME10,539.00,4851.00,2026-01-26
109366,2175,2026-01-23,delivered,sbp,,0.00,40870.00,2026-01-28
109367,986,2026-01-23,delivered,card,,0.00,869.00,2026-01-28
109368,200,2026-01-23,cancelled,card,,0.00,4890.00,
109369,1774,2026-01-23,delivered,card,,0.00,3380.00,2026-01-27
109370,2191,2026-01-23,delivered,cash,,0.00,17818.00,2026-01-29
109371,290,2026-01-23,delivered,sbp,,0.00,83439.00,2026-01-30
109372,1741,2026-01-23,delivered,sbp,,0.00,13180.00,2026-01-26
109373,800,2026-01-23,delivered,sbp,,0.00,17590.00,2026-01-28
109374,349,2026-01-24,returned,card,,0.00,5259.00,2026-01-29
109375,1338,2026-01-24,delivered,sbp,,0.00,869.00,2026-01-29
109376,852,2026-01-24,delivered,card,,0.00,3380.00,2026-01-27
109377,1920,2026-01-24,returned,card,,0.00,3190.00,2026-01-25
109378,2265,2026-01-24,returned,card,,0.00,4890.00,2026-02-01
109379,937,2026-01-24,delivered,card,,0.00,3969.00,2026-01-28
109380,1610,2026-01-24,delivered,card,,0.00,489.00,2026-01-28
109381,2313,2026-01-24,delivered,cash,WELCOME10,66.90,602.10,2026-01-28
109382,2188,2026-01-24,delivered,sbp,,0.00,11960.00,2026-02-03
109383,2041,2026-01-24,delivered,sbp,,0.00,7836.00,2026-01-28
109384,836,2026-01-24,delivered,card,,0.00,66870.00,2026-01-26
109385,1407,2026-01-24,delivered,cash,,0.00,1290.00,2026-01-29
109386,1452,2026-01-24,delivered,card,,0.00,6290.00,2026-01-31
109387,2310,2026-01-24,delivered,card,,0.00,3890.00,2026-01-26
109388,2251,2026-01-24,cancelled,card,,0.00,7790.00,
109389,502,2026-01-24,delivered,card,,0.00,1958.00,2026-01-29
109390,985,2026-01-24,delivered,card,,0.00,1690.00,2026-01-27
109391,1985,2026-01-24,delivered,card,,0.00,73839.00,2026-01-27
109392,2055,2026-01-24,delivered,sbp,,0.00,3390.00,2026-01-29
109393,1396,2026-01-24,delivered,card,,0.00,869.00,2026-02-02
109394,1436,2026-01-24,delivered,card,,0.00,10649.00,2026-01-26
109395,2032,2026-01-24,delivered,card,,0.00,4880.00,2026-01-27
109396,2240,2026-01-24,delivered,card,,0.00,1318.00,2026-01-26
109397,1708,2026-01-24,delivered,card,,0.00,1290.00,2026-02-01
109398,124,2026-01-24,delivered,card,,0.00,10690.00,2026-01-31
109399,1923,2026-01-24,delivered,card,,0.00,6790.00,2026-01-27
109400,2113,2026-01-24,delivered,card,,0.00,2890.00,2026-01-26
109401,836,2026-01-25,delivered,card,,0.00,3169.00,2026-01-28
109402,1942,2026-01-25,delivered,card,,0.00,9670.00,2026-02-01
109403,2078,2026-01-25,delivered,card,WELCOME10,179.00,1611.00,2026-01-26
109404,2256,2026-01-25,delivered,card,,0.00,4628.00,2026-01-29
109405,753,2026-01-25,returned,sbp,,0.00,3190.00,2026-02-01
109406,2312,2026-01-25,delivered,sbp,,0.00,4859.00,2026-01-31
109407,1315,2026-01-25,delivered,card,,0.00,2190.00,2026-01-29
109408,2008,2026-01-25,delivered,card,,0.00,5790.00,2026-01-26
109409,1446,2026-01-25,delivered,card,,0.00,3190.00,2026-02-02
109410,1605,2026-01-25,delivered,cash,,0.00,1969.00,2026-01-30
109411,1416,2026-01-25,delivered,sbp,,0.00,8270.00,2026-01-29
109412,734,2026-01-25,delivered,sbp,,0.00,3890.00,2026-01-26
109413,204,2026-01-25,delivered,card,,0.00,43990.00,2026-01-27
109414,812,2026-01-25,cancelled,sbp,,0.00,2127.00,
109415,1909,2026-01-25,returned,sbp,,0.00,14959.00,2026-01-27
109416,618,2026-01-25,delivered,sbp,,0.00,12559.00,2026-01-28
109417,2315,2026-01-25,delivered,sbp,,0.00,10758.00,2026-01-29
109418,1258,2026-01-25,cancelled,card,,0.00,1290.00,
109419,783,2026-01-25,delivered,card,,0.00,9790.00,2026-01-27
109420,2317,2026-01-25,delivered,card,,0.00,16590.00,2026-01-30
109421,1962,2026-01-25,delivered,sbp,,0.00,8790.00,2026-01-28
109422,373,2026-01-25,delivered,card,,0.00,3380.00,2026-01-29
109423,747,2026-01-25,delivered,sbp,,0.00,8770.00,2026-02-02
109424,618,2026-01-25,delivered,card,,0.00,24049.00,2026-01-30
109425,2322,2026-01-25,delivered,sbp,WELCOME10,802.80,7225.20,2026-01-29
109426,503,2026-01-25,delivered,card,,0.00,5780.00,2026-01-29
109427,971,2026-01-26,delivered,cash,,0.00,1290.00,2026-01-28
109428,1220,2026-01-26,delivered,sbp,,0.00,3190.00,2026-01-27
109429,752,2026-01-26,delivered,card,,0.00,6180.00,2026-01-29
109430,499,2026-01-26,delivered,sbp,,0.00,9069.00,2026-01-30
109431,1263,2026-01-26,delivered,card,,0.00,8790.00,2026-01-29
109432,1150,2026-01-26,delivered,sbp,,0.00,869.00,2026-01-31
109433,1615,2026-01-26,delivered,card,,0.00,48890.00,2026-01-30
109434,1865,2026-01-26,delivered,card,,0.00,9790.00,2026-01-31
109435,407,2026-01-26,delivered,sbp,,0.00,5759.00,2026-01-28
109436,703,2026-01-26,delivered,card,,0.00,4390.00,2026-01-28
109437,722,2026-01-26,delivered,card,,0.00,1739.00,2026-01-27
109438,1787,2026-01-26,delivered,card,,0.00,6959.00,2026-02-01
109439,311,2026-01-26,delivered,sbp,,0.00,7780.00,2026-01-28
109440,431,2026-01-26,delivered,sbp,,0.00,4138.00,2026-01-29
109441,581,2026-01-26,delivered,card,,0.00,1890.00,2026-01-31
109442,69,2026-01-26,delivered,sbp,,0.00,6870.00,2026-01-28
109443,1985,2026-01-26,delivered,card,,0.00,10958.00,2026-01-30
109444,2008,2026-01-26,delivered,card,,0.00,97680.00,2026-01-29
109445,2126,2026-01-26,delivered,sbp,,0.00,1290.00,2026-01-30
109446,2004,2026-01-26,delivered,sbp,WELCOME10,86.90,782.10,2026-02-01
109447,599,2026-01-26,delivered,card,,0.00,7790.00,2026-02-01
109448,206,2026-01-26,delivered,cash,,0.00,14680.00,2026-02-02
109449,356,2026-01-26,delivered,cash,,0.00,1090.00,2026-02-01
109450,338,2026-01-27,delivered,card,,0.00,8138.00,2026-01-30
109451,1422,2026-01-27,delivered,card,,0.00,3090.00,2026-01-31
109452,2323,2026-01-27,delivered,card,WELCOME10,942.90,8486.10,2026-02-06
109453,993,2026-01-27,delivered,card,,0.00,579.00,2026-02-05
109454,665,2026-01-27,delivered,card,,0.00,869.00,2026-02-01
109455,756,2026-01-27,delivered,card,,0.00,48390.00,2026-01-31
109456,915,2026-01-27,delivered,card,,0.00,3190.00,2026-01-28
109457,84,2026-01-27,delivered,sbp,,0.00,25249.00,2026-02-01
109458,1090,2026-01-27,cancelled,sbp,,0.00,479.00,
109459,2319,2026-01-27,delivered,card,,0.00,3380.00,2026-02-01
109460,1064,2026-01-27,delivered,card,,0.00,13190.00,2026-01-31
109461,747,2026-01-27,delivered,sbp,,0.00,12428.00,2026-02-04
109462,705,2026-01-27,delivered,card,,0.00,12690.00,2026-02-01
109463,2070,2026-01-27,delivered,card,,0.00,2390.00,2026-01-31
109464,162,2026-01-27,delivered,cash,,0.00,9180.00,2026-01-31
109465,628,2026-01-27,cancelled,card,,0.00,869.00,
109466,492,2026-01-27,delivered,sbp,,0.00,2890.00,2026-02-05
109467,2188,2026-01-27,delivered,card,,0.00,10660.00,2026-02-06
109468,1756,2026-01-27,delivered,card,,0.00,978.00,2026-01-30
109469,1954,2026-01-27,delivered,card,,0.00,27380.00,2026-02-02
109470,20,2026-01-27,delivered,cash,,0.00,8960.00,2026-01-30
109471,1251,2026-01-27,delivered,sbp,,0.00,4380.00,2026-01-31
109472,1026,2026-01-27,delivered,card,,0.00,779.00,2026-02-02
109473,994,2026-01-27,delivered,sbp,,0.00,12690.00,2026-01-30
109474,1465,2026-01-27,delivered,card,,0.00,4890.00,2026-01-31
109475,1545,2026-01-27,delivered,sbp,,0.00,2190.00,2026-01-30
109476,2256,2026-01-28,delivered,card,,0.00,4390.00,2026-02-03
109477,188,2026-01-28,delivered,card,,0.00,2390.00,2026-02-01
109478,1142,2026-01-28,delivered,card,,0.00,1290.00,2026-01-31
109479,2158,2026-01-28,delivered,card,,0.00,778.00,2026-02-01
109480,492,2026-01-28,delivered,card,,0.00,65048.00,2026-02-02
109481,559,2026-01-28,delivered,cash,,0.00,5797.00,2026-02-03
109482,2198,2026-01-28,delivered,card,,0.00,4890.00,2026-01-30
109483,118,2026-01-28,delivered,cash,,0.00,7790.00,2026-01-31
109484,1284,2026-01-28,delivered,card,,0.00,10528.00,2026-02-01
109485,1578,2026-01-28,cancelled,sbp,,0.00,1690.00,
109486,2124,2026-01-28,delivered,card,,0.00,2190.00,2026-01-30
109487,788,2026-01-28,delivered,card,,0.00,2607.00,2026-02-01
109488,1636,2026-01-28,delivered,card,,0.00,3159.00,2026-01-30
109489,1634,2026-01-28,delivered,sbp,,0.00,39460.00,2026-01-29
109490,2325,2026-01-28,delivered,card,,0.00,27390.00,2026-02-05
109491,1250,2026-01-28,delivered,card,,0.00,8070.00,2026-02-01
109492,836,2026-01-28,delivered,card,,0.00,6790.00,2026-01-31
109493,618,2026-01-28,delivered,sbp,,0.00,6487.00,2026-01-31
109494,2004,2026-01-29,delivered,sbp,,0.00,4780.00,2026-02-05
109495,2282,2026-01-29,delivered,cash,,0.00,4890.00,2026-02-01
109496,268,2026-01-29,delivered,card,,0.00,779.00,2026-02-02
109497,628,2026-01-29,delivered,sbp,,0.00,1290.00,2026-02-01
109498,1091,2026-01-29,delivered,cash,,0.00,17087.00,2026-01-30
109499,1477,2026-01-29,delivered,card,,0.00,7138.00,2026-02-08
109500,1326,2026-01-29,delivered,card,,0.00,2379.00,2026-02-08
109501,1401,2026-01-29,delivered,sbp,,0.00,1287.00,2026-02-01
109502,1054,2026-01-29,returned,card,,0.00,779.00,2026-02-01
109503,597,2026-01-29,delivered,card,,0.00,6880.00,2026-02-05
109504,2331,2026-01-29,cancelled,card,WELCOME10,779.00,7011.00,
109505,1863,2026-01-29,delivered,card,,0.00,5790.00,2026-02-01
109506,341,2026-01-29,delivered,card,,0.00,18570.00,2026-02-02
109507,1826,2026-01-29,delivered,card,,0.00,14239.00,2026-02-01
109508,433,2026-01-29,delivered,cash,,0.00,2580.00,2026-02-07
109509,2268,2026-01-29,delivered,card,,0.00,10180.00,2026-02-07
109510,343,2026-01-29,delivered,card,,0.00,58690.00,2026-02-01
109511,1152,2026-01-29,returned,sbp,,0.00,9507.00,2026-02-04
109512,168,2026-01-29,delivered,sbp,,0.00,4490.00,2026-02-01
109513,527,2026-01-29,delivered,card,,0.00,778.00,2026-01-30
109514,894,2026-01-29,delivered,card,,0.00,8080.00,2026-02-01
109515,1009,2026-01-29,delivered,card,,0.00,779.00,2026-02-02
109516,1115,2026-01-29,delivered,card,,0.00,27390.00,2026-01-31
109517,2329,2026-01-29,delivered,sbp,WELCOME10,629.00,5661.00,2026-02-01
109518,2134,2026-01-30,delivered,card,,0.00,9280.00,2026-01-31
109519,1543,2026-01-30,delivered,card,,0.00,9459.00,2026-02-03
109520,882,2026-01-30,delivered,sbp,,0.00,12860.00,2026-02-05
109521,2107,2026-01-30,delivered,sbp,,0.00,2980.00,2026-02-03
109522,1886,2026-01-30,cancelled,sbp,,0.00,3390.00,
109523,97,2026-01-30,delivered,sbp,,0.00,25160.00,2026-02-04
109524,148,2026-01-30,delivered,card,,0.00,3349.00,2026-02-02
109525,2305,2026-01-30,delivered,sbp,WELCOME10,1000.00,10807.00,2026-02-02
109526,1400,2026-01-30,delivered,card,,0.00,869.00,2026-02-09
109527,986,2026-01-30,delivered,cash,,0.00,7538.00,2026-02-03
109528,1054,2026-01-30,delivered,card,,0.00,958.00,2026-02-03
109529,415,2026-01-30,delivered,sbp,,0.00,7290.00,2026-02-02
109530,388,2026-01-30,delivered,cash,,0.00,3390.00,2026-02-05
109531,1421,2026-01-30,delivered,card,,0.00,2790.00,2026-01-31
109532,2320,2026-01-30,delivered,card,WELCOME10,579.00,5211.00,2026-02-03
109533,1610,2026-01-30,delivered,card,,0.00,7770.00,2026-02-02
109534,854,2026-01-30,cancelled,cash,,0.00,48890.00,
109535,1865,2026-01-30,delivered,card,,0.00,18560.00,2026-02-03
109536,1117,2026-01-30,delivered,sbp,,0.00,6290.00,2026-02-08
109537,46,2026-01-30,delivered,card,,0.00,479.00,2026-02-02
109538,760,2026-01-30,delivered,card,,0.00,6780.00,2026-02-04
109539,2066,2026-01-30,delivered,card,,0.00,20980.00,2026-02-01
109540,2266,2026-01-30,delivered,card,,0.00,6928.00,2026-02-05
109541,1124,2026-01-30,delivered,card,,0.00,3190.00,2026-02-01
109542,1729,2026-01-30,delivered,card,,0.00,1290.00,2026-02-08
109543,1954,2026-01-30,delivered,card,,0.00,27959.00,2026-02-03
109544,1171,2026-01-30,delivered,card,,0.00,3969.00,2026-02-02
109545,459,2026-01-30,delivered,card,,0.00,4718.00,2026-01-31
109546,1009,2026-01-30,delivered,card,,0.00,4890.00,2026-02-04
109547,642,2026-01-30,delivered,card,,0.00,86980.00,2026-02-02
109548,1839,2026-01-31,delivered,sbp,,0.00,76260.00,2026-02-03
109549,77,2026-01-31,delivered,card,,0.00,1737.00,2026-02-03
109550,2256,2026-01-31,delivered,card,,0.00,4890.00,2026-02-03
109551,604,2026-01-31,delivered,card,,0.00,869.00,2026-02-03
109552,967,2026-01-31,delivered,sbp,,0.00,3759.00,2026-02-07
109553,2144,2026-01-31,delivered,card,,0.00,579.00,2026-02-09
109554,373,2026-01-31,delivered,sbp,,0.00,978.00,2026-02-03
109555,1849,2026-01-31,returned,card,,0.00,1190.00,2026-02-02
109556,124,2026-01-31,delivered,card,,0.00,7790.00,2026-02-08
109557,153,2026-01-31,delivered,card,,0.00,15197.00,2026-02-05
109558,1669,2026-01-31,delivered,card,,0.00,3190.00,2026-02-03
109559,1414,2026-01-31,cancelled,card,,0.00,1938.00,
109560,2131,2026-01-31,delivered,sbp,,0.00,52080.00,2026-02-03
109561,1799,2026-01-31,delivered,card,,0.00,5938.00,2026-02-04
109562,1494,2026-01-31,delivered,card,,0.00,4128.00,2026-02-04
109563,1340,2026-01-31,returned,sbp,,0.00,12690.00,2026-02-03
109564,376,2026-01-31,returned,sbp,,0.00,2607.00,2026-02-05
109565,822,2026-01-31,delivered,sbp,,0.00,8790.00,2026-02-02
109566,1061,2026-01-31,delivered,card,,0.00,1158.00,2026-02-02
109567,1263,2026-01-31,delivered,card,,0.00,6708.00,2026-02-02
109568,2342,2026-01-31,delivered,card,,0.00,579.00,2026-02-02
109569,1597,2026-01-31,delivered,card,,0.00,3090.00,2026-02-05
109570,2198,2026-01-31,delivered,sbp,,0.00,29570.00,2026-02-01
109571,2330,2026-01-31,delivered,sbp,,0.00,11280.00,2026-02-03
109572,1394,2026-01-31,returned,card,,0.00,1738.00,2026-02-03
109573,1181,2026-01-31,cancelled,card,,0.00,7290.00,
109574,1920,2026-02-01,delivered,card,,0.00,5390.00,2026-02-03
109575,2204,2026-02-01,returned,card,,0.00,18029.00,2026-02-04
109576,1530,2026-02-01,delivered,card,,0.00,10690.00,2026-02-02
109577,1899,2026-02-01,delivered,sbp,,0.00,979.00,2026-02-04
109578,2021,2026-02-01,delivered,card,,0.00,47778.00,2026-02-11
109579,25,2026-02-01,returned,card,,0.00,18659.00,2026-02-03
109580,419,2026-02-01,delivered,sbp,,0.00,2580.00,2026-02-03
109581,351,2026-02-01,delivered,sbp,,0.00,3357.00,2026-02-05
109582,1511,2026-02-01,delivered,sbp,,0.00,23407.00,2026-02-05
109583,1985,2026-02-01,delivered,sbp,,0.00,7870.00,2026-02-04
109584,1618,2026-02-01,delivered,card,,0.00,489.00,2026-02-04
109585,802,2026-02-01,delivered,card,,0.00,44980.00,2026-02-02
109586,82,2026-02-01,delivered,card,,0.00,15080.00,2026-02-06
109587,970,2026-02-01,delivered,card,,0.00,7039.00,2026-02-05
109588,1216,2026-02-01,delivered,sbp,,0.00,40818.00,2026-02-07
109589,200,2026-02-01,delivered,card,,0.00,1558.00,2026-02-03
109590,2081,2026-02-01,delivered,card,,0.00,5390.00,2026-02-03
109591,2340,2026-02-01,cancelled,card,WELCOME10,589.00,5301.00,
109592,107,2026-02-01,delivered,cash,,0.00,12670.00,2026-02-02
109593,263,2026-02-01,delivered,card,,0.00,2390.00,2026-02-03
109594,1448,2026-02-01,delivered,cash,,0.00,6790.00,2026-02-11
109595,1869,2026-02-01,delivered,card,,0.00,21490.00,2026-02-02
109596,1016,2026-02-01,delivered,card,,0.00,1958.00,2026-02-04
109597,1985,2026-02-01,delivered,sbp,,0.00,6839.00,2026-02-04
109598,2350,2026-02-02,returned,sbp,,0.00,2159.00,2026-02-07
109599,1992,2026-02-02,delivered,card,,0.00,869.00,2026-02-03
109600,1157,2026-02-02,delivered,card,,0.00,3090.00,2026-02-03
109601,705,2026-02-02,returned,sbp,,0.00,14617.00,2026-02-05
109602,2324,2026-02-02,delivered,sbp,WELCOME10,528.00,4752.00,2026-02-05
109603,1072,2026-02-02,cancelled,card,,0.00,6647.00,
109604,623,2026-02-02,delivered,card,,0.00,2890.00,2026-02-05
109605,573,2026-02-02,delivered,card,,0.00,3390.00,2026-02-06
109606,513,2026-02-02,delivered,sbp,,0.00,17090.00,2026-02-10
109607,1973,2026-02-02,returned,sbp,,0.00,3190.00,2026-02-06
109608,552,2026-02-02,delivered,sbp,,0.00,6790.00,2026-02-08
109609,428,2026-02-02,delivered,cash,,0.00,1558.00,2026-02-07
109610,2067,2026-02-02,cancelled,cash,,0.00,18480.00,
109611,1522,2026-02-02,delivered,sbp,,0.00,9780.00,2026-02-07
109612,937,2026-02-02,delivered,card,,0.00,7717.00,2026-02-09
109613,1090,2026-02-02,delivered,card,,0.00,9559.00,2026-02-10
109614,675,2026-02-02,delivered,sbp,,0.00,389.00,2026-02-06
109615,1432,2026-02-02,cancelled,cash,,0.00,63590.00,
109616,1878,2026-02-02,delivered,card,,0.00,5390.00,2026-02-06
109617,2341,2026-02-02,returned,card,,0.00,11639.00,2026-02-04
109618,2160,2026-02-02,cancelled,card,,0.00,479.00,
109619,514,2026-02-02,delivered,card,,0.00,4580.00,2026-02-05
109620,2070,2026-02-02,delivered,sbp,,0.00,869.00,2026-02-09
109621,102,2026-02-02,delivered,sbp,,0.00,2237.00,2026-02-04
109622,1522,2026-02-02,delivered,sbp,,0.00,7290.00,2026-02-06
109623,1000,2026-02-02,delivered,card,,0.00,4369.00,2026-02-06
109624,1545,2026-02-02,delivered,sbp,,0.00,1290.00,2026-02-05
109625,2221,2026-02-02,delivered,card,,0.00,12690.00,2026-02-10
109626,2322,2026-02-02,delivered,sbp,,0.00,7790.00,2026-02-06
109627,2352,2026-02-02,delivered,card,WELCOME10,1000.00,17560.00,2026-02-06
109628,2347,2026-02-02,delivered,sbp,,0.00,3390.00,2026-02-04
109629,2103,2026-02-02,delivered,sbp,,0.00,8970.00,2026-02-10
109630,495,2026-02-02,delivered,sbp,,0.00,17997.00,2026-02-04
109631,1511,2026-02-03,delivered,sbp,,0.00,4380.00,2026-02-07
109632,574,2026-02-03,delivered,sbp,,0.00,2390.00,2026-02-07
109633,1007,2026-02-03,delivered,card,,0.00,6790.00,2026-02-07
109634,752,2026-02-03,delivered,sbp,,0.00,4459.00,2026-02-04
109635,1446,2026-02-03,delivered,sbp,,0.00,17590.00,2026-02-10
109636,2032,2026-02-03,delivered,card,,0.00,8348.00,2026-02-04
109637,1207,2026-02-03,delivered,card,,0.00,3190.00,2026-02-06
109638,1394,2026-02-03,delivered,cash,,0.00,10790.00,2026-02-06
109639,2343,2026-02-03,cancelled,card,FRIEND300,300.00,4479.00,
109640,2354,2026-02-03,delivered,cash,,0.00,117390.00,2026-02-08
109641,2208,2026-02-03,cancelled,cash,,0.00,11690.00,
109642,1895,2026-02-03,delivered,card,,0.00,479.00,2026-02-11
109643,1985,2026-02-03,delivered,card,,0.00,4890.00,2026-02-07
109644,2312,2026-02-03,delivered,sbp,,0.00,1290.00,2026-02-08
109645,1216,2026-02-03,delivered,sbp,,0.00,6839.00,2026-02-10
109646,2243,2026-02-03,returned,card,,0.00,48880.00,2026-02-08
109647,1992,2026-02-03,delivered,sbp,,0.00,12690.00,2026-02-06
109648,2208,2026-02-03,cancelled,sbp,,0.00,49759.00,
109649,511,2026-02-03,cancelled,cash,,0.00,1290.00,
109650,2147,2026-02-03,cancelled,card,,0.00,120780.00,
109651,286,2026-02-03,delivered,sbp,,0.00,53780.00,2026-02-13
109652,490,2026-02-03,delivered,sbp,,0.00,2307.00,2026-02-06
109653,984,2026-02-03,delivered,sbp,,0.00,1738.00,2026-02-06
109654,1947,2026-02-03,delivered,card,,0.00,3090.00,2026-02-05
109655,937,2026-02-03,delivered,card,,0.00,3259.00,2026-02-12
109656,1133,2026-02-03,delivered,card,,0.00,34170.00,2026-02-06
109657,2240,2026-02-04,delivered,cash,,0.00,8659.00,2026-02-05
109658,1008,2026-02-04,delivered,card,,0.00,4380.00,2026-02-07
109659,1744,2026-02-04,delivered,sbp,,0.00,1538.00,2026-02-07
109660,2292,2026-02-04,delivered,sbp,,0.00,8269.00,2026-02-08
109661,1650,2026-02-04,delivered,sbp,,0.00,1990.00,2026-02-06
109662,203,2026-02-04,delivered,card,,0.00,5980.00,2026-02-06
109663,196,2026-02-04,delivered,card,,0.00,779.00,2026-02-10
109664,417,2026-02-04,delivered,card,,0.00,2390.00,2026-02-06
109665,1409,2026-02-04,returned,card,,0.00,1290.00,2026-02-08
109666,496,2026-02-04,delivered,card,,0.00,5370.00,2026-02-07
109667,1628,2026-02-04,delivered,sbp,,0.00,3390.00,2026-02-08
109668,1323,2026-02-04,delivered,sbp,,0.00,83190.00,2026-02-10
109669,1914,2026-02-04,delivered,card,,0.00,1028.00,2026-02-07
109670,2343,2026-02-04,delivered,card,,0.00,11877.00,2026-02-07
109671,623,2026-02-04,delivered,sbp,,0.00,19980.00,2026-02-07
109672,52,2026-02-04,cancelled,card,,0.00,12690.00,
109673,2324,2026-02-04,delivered,sbp,,0.00,4538.00,2026-02-05
109674,822,2026-02-04,delivered,sbp,,0.00,11265.00,2026-02-06
109675,1855,2026-02-04,delivered,cash,,0.00,4380.00,2026-02-07
109676,2243,2026-02-04,delivered,sbp,,0.00,5827.00,2026-02-09
109677,950,2026-02-04,delivered,card,,0.00,2369.00,2026-02-08
109678,628,2026-02-05,delivered,card,,0.00,4690.00,2026-02-06
109679,1948,2026-02-05,delivered,card,,0.00,117390.00,2026-02-07
109680,985,2026-02-05,delivered,sbp,,0.00,3090.00,2026-02-11
109681,157,2026-02-05,delivered,sbp,,0.00,2027.00,2026-02-09
109682,812,2026-02-05,delivered,card,,0.00,3880.00,2026-02-11
109683,1511,2026-02-05,delivered,card,,0.00,9780.00,2026-02-10
109684,1953,2026-02-05,delivered,card,,0.00,2390.00,2026-02-08
109685,2137,2026-02-05,delivered,card,,0.00,4458.00,2026-02-09
109686,2207,2026-02-05,returned,card,,0.00,21098.00,2026-02-12
109687,2353,2026-02-05,delivered,card,,0.00,2390.00,2026-02-15
109688,1276,2026-02-05,delivered,sbp,,0.00,14670.00,2026-02-07
109689,180,2026-02-05,delivered,card,,0.00,3090.00,2026-02-08
109690,1568,2026-02-05,delivered,card,,0.00,29750.00,2026-02-10
109691,2283,2026-02-05,delivered,sbp,,0.00,3580.00,2026-02-14
109692,356,2026-02-05,delivered,sbp,,0.00,50370.00,2026-02-15
109693,1528,2026-02-05,delivered,sbp,,0.00,3090.00,2026-02-12
109694,102,2026-02-05,returned,sbp,,0.00,4890.00,2026-02-06
109695,546,2026-02-05,delivered,card,,0.00,479.00,2026-02-06
109696,1217,2026-02-05,delivered,sbp,,0.00,1358.00,2026-02-11
109697,498,2026-02-05,delivered,sbp,,0.00,11349.00,2026-02-11
109698,1836,2026-02-05,cancelled,sbp,,0.00,779.00,
109699,1084,2026-02-05,delivered,card,,0.00,39928.00,2026-02-11
109700,72,2026-02-05,delivered,cash,,0.00,679.00,2026-02-11
109701,2188,2026-02-05,delivered,card,,0.00,3780.00,2026-02-10
109702,232,2026-02-05,delivered,card,,0.00,4890.00,2026-02-10
109703,2363,2026-02-05,delivered,card,,0.00,2037.00,2026-02-10
109704,985,2026-02-05,delivered,card,,0.00,58690.00,2026-02-08
109705,1746,2026-02-05,returned,card,,0.00,1258.00,2026-02-08
109706,1106,2026-02-05,delivered,cash,,0.00,1790.00,2026-02-11
109707,1628,2026-02-05,delivered,cash,,0.00,4480.00,2026-02-08
109708,1350,2026-02-05,delivered,card,,0.00,1739.00,2026-02-09
109709,1119,2026-02-05,delivered,card,,0.00,21490.00,2026-02-07
109710,2077,2026-02-05,delivered,sbp,,0.00,1458.00,2026-02-08
109711,2322,2026-02-05,returned,card,,0.00,16838.00,2026-02-11
109712,2360,2026-02-05,delivered,card,WELCOME10,731.80,6586.20,2026-02-15
109713,747,2026-02-05,cancelled,sbp,,0.00,48890.00,
109714,185,2026-02-05,delivered,sbp,,0.00,22840.00,2026-02-10
109715,2208,2026-02-06,delivered,card,,0.00,2390.00,2026-02-11
109716,677,2026-02-06,delivered,card,,0.00,4069.00,2026-02-15
109717,1911,2026-02-06,delivered,card,,0.00,6270.00,2026-02-07
109718,2362,2026-02-06,returned,card,,0.00,2959.00,2026-02-13
109719,993,2026-02-06,delivered,cash,,0.00,2890.00,2026-02-11
109720,2341,2026-02-06,delivered,card,,0.00,1738.00,2026-02-08
109721,1207,2026-02-06,delivered,card,,0.00,11270.00,2026-02-11
109722,2347,2026-02-06,delivered,card,,0.00,50770.00,2026-02-08
109723,2367,2026-02-06,delivered,sbp,,0.00,7790.00,2026-02-07
109724,2134,2026-02-06,returned,sbp,,0.00,8127.00,2026-02-07
109725,1973,2026-02-06,delivered,sbp,,0.00,7080.00,2026-02-11
109726,2286,2026-02-06,delivered,sbp,,0.00,7269.00,2026-02-08
109727,2356,2026-02-06,delivered,cash,,0.00,389.00,2026-02-09
109728,2218,2026-02-06,delivered,cash,,0.00,869.00,2026-02-12
109729,1263,2026-02-06,delivered,cash,,0.00,4390.00,2026-02-09
109730,1426,2026-02-06,delivered,card,,0.00,4649.00,2026-02-07
109731,949,2026-02-06,delivered,card,,0.00,24380.00,2026-02-12
109732,775,2026-02-06,delivered,card,,0.00,23880.00,2026-02-08
109733,2294,2026-02-06,delivered,sbp,,0.00,7790.00,2026-02-16
109734,2255,2026-02-06,delivered,card,,0.00,6780.00,2026-02-08
109735,812,2026-02-06,delivered,card,,0.00,15708.00,2026-02-10
109736,1978,2026-02-06,delivered,cash,,0.00,3869.00,2026-02-09
109737,252,2026-02-06,delivered,sbp,,0.00,3190.00,2026-02-11
109738,2247,2026-02-06,delivered,card,,0.00,2969.00,2026-02-13
109739,2120,2026-02-06,delivered,card,,0.00,17047.00,2026-02-09
109740,2257,2026-02-06,delivered,card,,0.00,12559.00,2026-02-12
109741,1795,2026-02-07,delivered,card,,0.00,2890.00,2026-02-14
109742,2376,2026-02-07,delivered,sbp,FRIEND300,300.00,2890.00,2026-02-09
109743,594,2026-02-07,cancelled,sbp,,0.00,12690.00,
109744,2055,2026-02-07,delivered,cash,,0.00,2580.00,2026-02-13
109745,1148,2026-02-07,delivered,sbp,,0.00,14027.00,2026-02-13
109746,2342,2026-02-07,delivered,card,,0.00,579.00,2026-02-09
109747,1183,2026-02-07,delivered,cash,WELCOME10,524.90,4724.10,2026-02-14
109748,728,2026-02-07,delivered,card,,0.00,779.00,2026-02-11
109749,627,2026-02-07,delivered,sbp,,0.00,6790.00,2026-02-12
109750,401,2026-02-07,delivered,sbp,,0.00,5759.00,2026-02-08
109751,2292,2026-02-07,delivered,sbp,,0.00,1290.00,2026-02-10
109752,2134,2026-02-07,delivered,card,,0.00,6790.00,2026-02-09
109753,756,2026-02-07,delivered,sbp,,0.00,4380.00,2026-02-12
109754,645,2026-02-07,delivered,sbp,,0.00,4980.00,2026-02-14
109755,563,2026-02-07,delivered,sbp,,0.00,1690.00,2026-02-10
109756,2292,2026-02-07,delivered,sbp,,0.00,17470.00,2026-02-12
109757,1821,2026-02-07,delivered,sbp,,0.00,4180.00,2026-02-11
109758,490,2026-02-07,delivered,sbp,,0.00,3680.00,2026-02-11
109759,2322,2026-02-07,delivered,card,,0.00,3890.00,2026-02-13
109760,2346,2026-02-07,delivered,card,,0.00,13180.00,2026-02-09
109761,1744,2026-02-07,delivered,card,,0.00,778.00,2026-02-13
109762,631,2026-02-07,returned,sbp,,0.00,5196.00,2026-02-10
109763,725,2026-02-07,delivered,sbp,,0.00,898.00,2026-02-08
109764,1230,2026-02-07,delivered,card,,0.00,779.00,2026-02-10
109765,196,2026-02-07,delivered,card,,0.00,5390.00,2026-02-13
109766,1823,2026-02-07,delivered,sbp,,0.00,579.00,2026-02-10
109767,50,2026-02-07,delivered,card,,0.00,2580.00,2026-02-12
109768,1201,2026-02-07,delivered,card,,0.00,5059.00,2026-02-14
109769,1699,2026-02-07,delivered,card,,0.00,389.00,2026-02-13
109770,1165,2026-02-07,delivered,card,,0.00,10649.00,2026-02-11
109771,435,2026-02-07,delivered,sbp,,0.00,2390.00,2026-02-10
109772,796,2026-02-07,returned,card,,0.00,6880.00,2026-02-09
109773,356,2026-02-07,delivered,card,,0.00,7580.00,2026-02-14
109774,195,2026-02-07,delivered,card,,0.00,42090.00,2026-02-11
109775,2098,2026-02-08,cancelled,card,,0.00,31280.00,
109776,1542,2026-02-08,delivered,sbp,,0.00,122239.00,2026-02-12
109777,1567,2026-02-08,delivered,card,,0.00,5390.00,2026-02-12
109778,1159,2026-02-08,cancelled,sbp,,0.00,6390.00,
109779,753,2026-02-08,delivered,sbp,,0.00,5280.00,2026-02-12
109780,1988,2026-02-08,delivered,sbp,,0.00,2406.00,2026-02-15
109781,2382,2026-02-08,delivered,sbp,WELCOME10,1000.00,14080.00,2026-02-11
109782,2375,2026-02-08,delivered,card,,0.00,1090.00,2026-02-11
109783,1795,2026-02-08,delivered,cash,,0.00,31790.00,2026-02-16
109784,1175,2026-02-08,delivered,sbp,,0.00,19980.00,2026-02-09
109785,97,2026-02-08,delivered,card,,0.00,9180.00,2026-02-13
109786,1954,2026-02-08,delivered,sbp,,0.00,4890.00,2026-02-12
109787,1525,2026-02-08,delivered,card,,0.00,9139.00,2026-02-10
109788,264,2026-02-08,delivered,cash,,0.00,1358.00,2026-02-12
109789,2022,2026-02-08,delivered,sbp,,0.00,7639.00,2026-02-11
109790,1987,2026-02-08,delivered,sbp,,0.00,1090.00,2026-02-12
109791,1978,2026-02-08,delivered,card,,0.00,2190.00,2026-02-12
109792,2158,2026-02-08,cancelled,sbp,,0.00,4180.00,
109793,939,2026-02-08,delivered,card,,0.00,389.00,2026-02-14
109794,2351,2026-02-08,delivered,sbp,WELCOME10,1000.00,13338.00,2026-02-16
109795,2008,2026-02-08,delivered,card,,0.00,4390.00,2026-02-11
109796,328,2026-02-08,delivered,card,,0.00,13560.00,2026-02-12
109797,2379,2026-02-08,delivered,card,,0.00,4390.00,2026-02-11
109798,677,2026-02-08,delivered,card,,0.00,44980.00,2026-02-14
109799,1468,2026-02-08,delivered,card,,0.00,44860.00,2026-02-12
109800,1572,2026-02-08,delivered,card,,0.00,4070.00,2026-02-17
109801,1230,2026-02-08,delivered,card,,0.00,6080.00,2026-02-12
109802,2324,2026-02-08,delivered,card,,0.00,5390.00,2026-02-10
109803,810,2026-02-08,delivered,sbp,,0.00,2890.00,2026-02-13
109804,229,2026-02-08,delivered,card,,0.00,4197.00,2026-02-11
109805,559,2026-02-08,delivered,sbp,,0.00,6080.00,2026-02-12
109806,557,2026-02-08,delivered,card,,0.00,17868.00,2026-02-13
109807,2380,2026-02-08,delivered,card,,0.00,1738.00,2026-02-10
109808,772,2026-02-08,delivered,sbp,,0.00,1790.00,2026-02-11
109809,1729,2026-02-08,delivered,sbp,,0.00,6390.00,2026-02-17
109810,1284,2026-02-08,delivered,sbp,,0.00,10659.00,2026-02-12
109811,1371,2026-02-08,delivered,sbp,,0.00,16070.00,2026-02-17
109812,1305,2026-02-08,delivered,sbp,,0.00,869.00,2026-02-12
109813,511,2026-02-08,delivered,sbp,,0.00,10950.00,2026-02-12
109814,1263,2026-02-09,delivered,card,,0.00,449.00,2026-02-12
109815,1263,2026-02-09,cancelled,sbp,,0.00,27390.00,
109816,2255,2026-02-09,delivered,sbp,,0.00,3769.00,2026-02-12
109817,1647,2026-02-09,delivered,card,,0.00,869.00,2026-02-12
109818,118,2026-02-09,delivered,card,,0.00,24490.00,2026-02-12
109819,1373,2026-02-09,delivered,card,,0.00,7370.00,2026-02-12
109820,971,2026-02-09,delivered,card,,0.00,7739.00,2026-02-10
109821,1628,2026-02-09,delivered,cash,,0.00,2190.00,2026-02-14
109822,403,2026-02-09,delivered,card,,0.00,12180.00,2026-02-13
109823,1476,2026-02-09,delivered,sbp,,0.00,6628.00,2026-02-12
109824,1873,2026-02-09,delivered,card,,0.00,4628.00,2026-02-12
109825,1640,2026-02-09,delivered,card,,0.00,36190.00,2026-02-12
109826,392,2026-02-09,delivered,sbp,,0.00,7290.00,2026-02-15
109827,957,2026-02-09,delivered,card,,0.00,2390.00,2026-02-12
109828,388,2026-02-09,delivered,sbp,,0.00,19660.00,2026-02-12
109829,1545,2026-02-09,delivered,card,,0.00,4780.00,2026-02-11
109830,1337,2026-02-09,delivered,card,,0.00,6790.00,2026-02-15
109831,788,2026-02-09,delivered,card,,0.00,4490.00,2026-02-13
109832,1465,2026-02-09,delivered,card,,0.00,679.00,2026-02-13
109833,465,2026-02-09,delivered,sbp,,0.00,68960.00,2026-02-14
109834,1115,2026-02-09,delivered,card,,0.00,7290.00,2026-02-13
109835,1839,2026-02-09,delivered,sbp,,0.00,7290.00,2026-02-11
109836,661,2026-02-09,delivered,card,,0.00,12154.00,2026-02-11
109837,1917,2026-02-09,delivered,card,,0.00,1290.00,2026-02-10
109838,2212,2026-02-09,delivered,cash,,0.00,6339.00,2026-02-14
109839,1616,2026-02-09,delivered,cash,,0.00,127290.00,2026-02-13
109840,942,2026-02-09,delivered,card,,0.00,2580.00,2026-02-13
109841,1274,2026-02-09,delivered,card,,0.00,2890.00,2026-02-12
109842,1310,2026-02-09,delivered,sbp,,0.00,4890.00,2026-02-15
109843,1563,2026-02-09,delivered,sbp,,0.00,4708.00,2026-02-15
109844,2151,2026-02-10,delivered,sbp,,0.00,869.00,2026-02-13
109845,775,2026-02-10,delivered,card,,0.00,4890.00,2026-02-12
109846,127,2026-02-10,cancelled,cash,,0.00,1738.00,
109847,135,2026-02-10,delivered,sbp,,0.00,2390.00,2026-02-14
109848,1393,2026-02-10,delivered,cash,,0.00,49870.00,2026-02-13
109849,313,2026-02-10,delivered,card,,0.00,17090.00,2026-02-12
109850,278,2026-02-10,cancelled,card,,0.00,21490.00,
109851,2113,2026-02-10,delivered,cash,,0.00,7790.00,2026-02-13
109852,475,2026-02-10,delivered,cash,,0.00,979.00,2026-02-14
109853,527,2026-02-10,delivered,sbp,,0.00,389.00,2026-02-11
109854,1367,2026-02-10,delivered,sbp,,0.00,3348.00,2026-02-12
109855,411,2026-02-10,delivered,card,,0.00,16590.00,2026-02-11
109856,1812,2026-02-10,delivered,sbp,,0.00,1358.00,2026-02-14
109857,782,2026-02-10,delivered,sbp,,0.00,17770.00,2026-02-15
109858,135,2026-02-10,delivered,card,,0.00,27390.00,2026-02-13
109859,2374,2026-02-10,delivered,sbp,,0.00,64559.00,2026-02-19
109860,305,2026-02-10,delivered,card,,0.00,778.00,2026-02-17
109861,1781,2026-02-10,delivered,card,,0.00,1290.00,2026-02-12
109862,1421,2026-02-10,delivered,card,,0.00,19718.00,2026-02-12
109863,2107,2026-02-10,delivered,card,,0.00,9980.00,2026-02-15
109864,2118,2026-02-10,delivered,sbp,,0.00,3190.00,2026-02-12
109865,631,2026-02-10,delivered,card,,0.00,5070.00,2026-02-16
109866,1115,2026-02-10,delivered,card,,0.00,4890.00,2026-02-13
109867,955,2026-02-10,delivered,card,,0.00,4148.00,2026-02-15
109868,1212,2026-02-10,cancelled,sbp,,0.00,4797.00,
109869,162,2026-02-11,delivered,card,,0.00,2359.00,2026-02-17
109870,2390,2026-02-11,delivered,card,WELCOME10,1000.00,19970.00,2026-02-13
109871,2256,2026-02-11,delivered,sbp,,0.00,2190.00,2026-02-14
109872,1422,2026-02-11,delivered,card,,0.00,50670.00,2026-02-13
109873,1571,2026-02-11,returned,sbp,,0.00,7179.00,2026-02-20
109874,2021,2026-02-11,returned,sbp,,0.00,18548.00,2026-02-17
109875,783,2026-02-11,delivered,card,,0.00,9780.00,2026-02-14
109876,747,2026-02-11,delivered,cash,,0.00,4377.00,2026-02-19
109877,1561,2026-02-11,delivered,sbp,,0.00,17129.00,2026-02-16
109878,1702,2026-02-11,delivered,sbp,,0.00,7790.00,2026-02-15
109879,162,2026-02-11,delivered,card,,0.00,48490.00,2026-02-17
109880,1634,2026-02-11,delivered,sbp,,0.00,11690.00,2026-02-12
109881,278,2026-02-11,delivered,card,,0.00,17590.00,2026-02-13
109882,749,2026-02-11,delivered,card,,0.00,779.00,2026-02-12
109883,2152,2026-02-11,delivered,sbp,,0.00,5918.00,2026-02-13
109884,2395,2026-02-11,delivered,sbp,WELCOME10,319.00,2871.00,2026-02-17
109885,830,2026-02-11,returned,card,,0.00,20739.00,2026-02-13
109886,1477,2026-02-11,delivered,cash,,0.00,7790.00,2026-02-20
109887,2343,2026-02-11,delivered,card,,0.00,2359.00,2026-02-14
109888,2326,2026-02-11,returned,card,,0.00,2390.00,2026-02-17
109889,1182,2026-02-11,delivered,card,,0.00,9037.00,2026-02-14
109890,1649,2026-02-11,delivered,card,,0.00,5390.00,2026-02-13
109891,448,2026-02-11,delivered,cash,,0.00,1958.00,2026-02-17
109892,2393,2026-02-11,delivered,sbp,,0.00,20549.00,2026-02-19
109893,2394,2026-02-11,delivered,sbp,WELCOME10,319.00,2871.00,2026-02-12
109894,639,2026-02-11,delivered,card,,0.00,7780.00,2026-02-14
109895,388,2026-02-11,delivered,card,,0.00,3390.00,2026-02-15
109896,580,2026-02-11,delivered,card,,0.00,10970.00,2026-02-13
109897,2221,2026-02-11,delivered,sbp,,0.00,12939.00,2026-02-19
109898,201,2026-02-12,delivered,sbp,,0.00,979.00,2026-02-15
109899,1393,2026-02-12,cancelled,card,,0.00,11948.00,
109900,1083,2026-02-12,delivered,card,,0.00,2890.00,2026-02-15
109901,398,2026-02-12,delivered,card,,0.00,55269.00,2026-02-13
109902,929,2026-02-12,delivered,card,,0.00,11659.00,2026-02-13
109903,1828,2026-02-12,delivered,sbp,,0.00,5628.00,2026-02-16
109904,2064,2026-02-12,delivered,card,,0.00,5180.00,2026-02-13
109905,2165,2026-02-12,delivered,card,,0.00,7649.00,2026-02-16
109906,2354,2026-02-12,delivered,card,,0.00,958.00,2026-02-16
109907,865,2026-02-12,cancelled,card,,0.00,1290.00,
109908,1393,2026-02-12,delivered,sbp,,0.00,2190.00,2026-02-16
109909,2387,2026-02-12,delivered,card,WELCOME10,309.00,2781.00,2026-02-18
109910,428,2026-02-12,delivered,sbp,,0.00,91377.00,2026-02-22
109911,1567,2026-02-12,delivered,sbp,,0.00,1347.00,2026-02-15
109912,1389,2026-02-12,delivered,card,,0.00,6380.00,2026-02-17
109913,1975,2026-02-12,delivered,card,,0.00,8080.00,2026-02-16
109914,1470,2026-02-12,delivered,sbp,,0.00,6380.00,2026-02-14
109915,804,2026-02-12,delivered,card,,0.00,869.00,2026-02-19
109916,133,2026-02-12,delivered,sbp,,0.00,5780.00,2026-02-15
109917,955,2026-02-12,delivered,sbp,,0.00,48990.00,2026-02-17
109918,774,2026-02-12,delivered,card,,0.00,1890.00,2026-02-22
109919,605,2026-02-12,delivered,cash,,0.00,20849.00,2026-02-20
109920,797,2026-02-12,delivered,sbp,,0.00,4180.00,2026-02-17
109921,742,2026-02-12,delivered,sbp,,0.00,21460.00,2026-02-21
109922,580,2026-02-12,delivered,card,,0.00,7075.00,2026-02-15
109923,1356,2026-02-12,delivered,sbp,,0.00,9780.00,2026-02-14
109924,838,2026-02-12,delivered,cash,,0.00,10670.00,2026-02-17
109925,2244,2026-02-12,delivered,card,,0.00,5649.00,2026-02-15
109926,2312,2026-02-12,delivered,sbp,,0.00,4380.00,2026-02-21
109927,1654,2026-02-12,delivered,card,,0.00,869.00,2026-02-15
109928,1923,2026-02-12,delivered,sbp,,0.00,1890.00,2026-02-14
109929,2240,2026-02-12,delivered,sbp,,0.00,1358.00,2026-02-15
109930,2256,2026-02-12,delivered,sbp,,0.00,6780.00,2026-02-18
109931,2192,2026-02-12,delivered,sbp,,0.00,4680.00,2026-02-16
109932,1967,2026-02-12,delivered,sbp,,0.00,3897.00,2026-02-15
109933,499,2026-02-12,delivered,card,,0.00,1738.00,2026-02-19
109934,1132,2026-02-12,delivered,card,,0.00,31790.00,2026-02-17
109935,1091,2026-02-12,delivered,cash,,0.00,1890.00,2026-02-14
109936,725,2026-02-13,delivered,card,,0.00,36180.00,2026-02-14
109937,1347,2026-02-13,delivered,cash,,0.00,1158.00,2026-02-17
109938,2383,2026-02-13,delivered,card,,0.00,1167.00,2026-02-19
109939,123,2026-02-13,delivered,cash,,0.00,1358.00,2026-02-16
109940,2385,2026-02-13,delivered,sbp,WELCOME10,1000.00,62690.00,2026-02-18
109941,1955,2026-02-13,delivered,cash,,0.00,3059.00,2026-02-16
109942,1217,2026-02-13,delivered,card,,0.00,7680.00,2026-02-18
109943,616,2026-02-13,delivered,cash,,0.00,1747.00,2026-02-16
109944,2370,2026-02-13,delivered,sbp,WELCOME10,729.00,6561.00,2026-02-14
109945,1849,2026-02-13,delivered,sbp,,0.00,1890.00,2026-02-16
109946,1201,2026-02-13,delivered,card,,0.00,55850.00,2026-02-22
109947,2292,2026-02-13,delivered,cash,,0.00,15207.00,2026-02-17
109948,2113,2026-02-13,delivered,card,,0.00,6780.00,2026-02-17
109949,2399,2026-02-13,returned,cash,WELCOME10,180.70,1626.30,2026-02-19
109950,241,2026-02-13,delivered,card,,0.00,17029.00,2026-02-18
109951,102,2026-02-13,delivered,sbp,,0.00,869.00,2026-02-16
109952,174,2026-02-13,delivered,card,,0.00,3069.00,2026-02-15
109953,557,2026-02-13,cancelled,card,,0.00,5890.00,
109954,566,2026-02-13,delivered,card,,0.00,2379.00,2026-02-22
109955,962,2026-02-13,delivered,card,,0.00,4369.00,2026-02-15
109956,1511,2026-02-13,cancelled,sbp,,0.00,25069.00,
109957,2091,2026-02-13,delivered,card,,0.00,56070.00,2026-02-16
109958,2113,2026-02-13,cancelled,card,,0.00,2890.00,
109959,1217,2026-02-13,delivered,sbp,,0.00,4890.00,2026-02-17
109960,1808,2026-02-13,delivered,card,,0.00,8780.00,2026-02-16
109961,1401,2026-02-13,delivered,card,,0.00,39580.00,2026-02-15
109962,1442,2026-02-13,delivered,card,,0.00,3548.00,2026-02-16
109963,2198,2026-02-14,cancelled,card,,0.00,4538.00,
109964,2358,2026-02-14,cancelled,cash,,0.00,8569.00,
109965,1459,2026-02-14,delivered,sbp,,0.00,2980.00,2026-02-16
109966,1518,2026-02-14,delivered,card,,0.00,979.00,2026-02-16
109967,838,2026-02-14,delivered,sbp,,0.00,38180.00,2026-02-18
109968,2150,2026-02-14,delivered,sbp,,0.00,37770.00,2026-02-16
109969,1643,2026-02-14,delivered,sbp,,0.00,10670.00,2026-02-19
109970,2392,2026-02-14,delivered,card,,0.00,48990.00,2026-02-21
109971,939,2026-02-14,delivered,card,,0.00,7980.00,2026-02-20
109972,2398,2026-02-14,delivered,sbp,,0.00,15580.00,2026-02-23
109973,1679,2026-02-14,delivered,card,,0.00,2890.00,2026-02-16
109974,1567,2026-02-14,delivered,card,,0.00,1738.00,2026-02-18
109975,200,2026-02-14,delivered,card,,0.00,27860.00,2026-02-17
109976,2045,2026-02-14,delivered,sbp,,0.00,5790.00,2026-02-17
109977,2137,2026-02-14,delivered,sbp,,0.00,1990.00,2026-02-19
109978,703,2026-02-14,delivered,card,,0.00,679.00,2026-02-15
109979,1738,2026-02-14,delivered,card,,0.00,25539.00,2026-02-17
109980,1959,2026-02-14,delivered,sbp,,0.00,9780.00,2026-02-17
109981,559,2026-02-14,delivered,sbp,,0.00,4390.00,2026-02-18
109982,1457,2026-02-14,delivered,card,,0.00,4390.00,2026-02-18
109983,1702,2026-02-14,delivered,card,,0.00,1290.00,2026-02-17
109984,1371,2026-02-14,cancelled,card,,0.00,17180.00,
109985,1407,2026-02-14,cancelled,sbp,,0.00,35460.00,
109986,2167,2026-02-14,delivered,card,,0.00,2890.00,2026-02-21
109987,2401,2026-02-14,delivered,sbp,,0.00,6780.00,2026-02-18
109988,2404,2026-02-14,delivered,card,,0.00,579.00,2026-02-17
109989,1388,2026-02-14,delivered,card,,0.00,33180.00,2026-02-20
109990,1167,2026-02-14,delivered,sbp,,0.00,12218.00,2026-02-18
109991,1447,2026-02-14,delivered,cash,,0.00,8380.00,2026-02-19
109992,1729,2026-02-14,delivered,card,,0.00,10790.00,2026-02-22
109993,1507,2026-02-14,delivered,card,,0.00,3090.00,2026-02-18
109994,2243,2026-02-14,delivered,sbp,,0.00,14570.00,2026-02-18
109995,319,2026-02-14,delivered,cash,,0.00,31790.00,2026-02-18
109996,2397,2026-02-14,delivered,cash,,0.00,2716.00,2026-02-23
109997,1615,2026-02-14,delivered,sbp,,0.00,16690.00,2026-02-16
109998,547,2026-02-14,returned,cash,,0.00,3190.00,2026-02-17
109999,1152,2026-02-14,delivered,card,,0.00,1990.00,2026-02-18
110000,2188,2026-02-15,delivered,card,,0.00,16597.00,2026-02-24
110001,1083,2026-02-15,delivered,card,,0.00,3980.00,2026-02-18
110002,614,2026-02-15,delivered,cash,,0.00,7348.00,2026-02-18
110003,200,2026-02-15,delivered,sbp,,0.00,1737.00,2026-02-17
110004,547,2026-02-15,delivered,card,,0.00,3190.00,2026-02-21
110005,305,2026-02-15,delivered,card,,0.00,8469.00,2026-02-21
110006,2403,2026-02-15,delivered,card,WELCOME10,736.90,6632.10,2026-02-18
110007,776,2026-02-15,delivered,card,,0.00,62728.00,2026-02-21
110008,2405,2026-02-15,delivered,card,,0.00,55280.00,2026-02-20
110009,2370,2026-02-15,delivered,sbp,,0.00,4690.00,2026-02-16
110010,121,2026-02-15,delivered,sbp,,0.00,7248.00,2026-02-18
110011,1427,2026-02-15,delivered,card,,0.00,3380.00,2026-02-23
110012,2389,2026-02-15,delivered,cash,,0.00,11790.00,2026-02-19
110013,502,2026-02-15,delivered,sbp,,0.00,1990.00,2026-02-19
110014,2381,2026-02-15,delivered,sbp,WELCOME10,724.90,6524.10,2026-02-20
110015,618,2026-02-15,delivered,card,,0.00,17090.00,2026-02-20
110016,1414,2026-02-15,delivered,card,,0.00,7790.00,2026-02-21
110017,1620,2026-02-15,delivered,card,,0.00,778.00,2026-02-18
110018,1821,2026-02-15,delivered,sbp,,0.00,3480.00,2026-02-17
110019,939,2026-02-15,delivered,sbp,,0.00,3190.00,2026-02-18
110020,2008,2026-02-15,delivered,card,,0.00,8637.00,2026-02-18
110021,467,2026-02-15,delivered,card,,0.00,11860.00,2026-02-19
110022,2400,2026-02-15,delivered,card,,0.00,14580.00,2026-02-20
110023,233,2026-02-15,delivered,card,,0.00,1927.00,2026-02-25
110024,1041,2026-02-15,delivered,sbp,,0.00,9780.00,2026-02-17
110025,1552,2026-02-15,delivered,card,,0.00,3190.00,2026-02-17
110026,1581,2026-02-15,delivered,card,WELCOME10,295.70,2661.30,2026-02-17
110027,232,2026-02-15,delivered,sbp,,0.00,8395.00,2026-02-20
110028,1550,2026-02-15,delivered,card,,0.00,13190.00,2026-02-18
110029,854,2026-02-15,delivered,card,,0.00,1738.00,2026-02-19
110030,1352,2026-02-15,delivered,sbp,,0.00,10790.00,2026-02-20
110031,1421,2026-02-15,delivered,sbp,,0.00,2069.00,2026-02-17
110032,1661,2026-02-15,delivered,card,,0.00,3680.00,2026-02-19
110033,1117,2026-02-15,delivered,sbp,,0.00,1690.00,2026-02-23
110034,836,2026-02-15,delivered,card,,0.00,2890.00,2026-02-18
110035,611,2026-02-15,delivered,card,,0.00,44090.00,2026-02-24
110036,2394,2026-02-15,delivered,sbp,,0.00,1167.00,2026-02-18
110037,521,2026-02-15,delivered,card,,0.00,10180.00,2026-02-25
110038,231,2026-02-16,delivered,sbp,,0.00,4890.00,2026-02-20
110039,971,2026-02-16,delivered,card,,0.00,1347.00,2026-02-18
110040,836,2026-02-16,cancelled,sbp,,0.00,2190.00,
110041,2179,2026-02-16,delivered,card,,0.00,489.00,2026-02-22
110042,563,2026-02-16,delivered,sbp,,0.00,479.00,2026-02-19
110043,449,2026-02-16,delivered,card,,0.00,8329.00,2026-02-20
110044,2407,2026-02-16,delivered,card,WELCOME10,339.00,3051.00,2026-02-19
110045,1124,2026-02-16,delivered,card,,0.00,2937.00,2026-02-18
110046,1712,2026-02-16,delivered,card,,0.00,1290.00,2026-02-19
110047,107,2026-02-16,delivered,card,,0.00,5980.00,2026-02-19
110048,1712,2026-02-16,delivered,sbp,,0.00,1490.00,2026-02-20
110049,1049,2026-02-16,delivered,card,,0.00,5890.00,2026-02-17
110050,2101,2026-02-16,delivered,card,,0.00,60480.00,2026-02-20
110051,1220,2026-02-16,delivered,card,,0.00,4148.00,2026-02-18
110052,827,2026-02-16,cancelled,sbp,,0.00,8370.00,
110053,1841,2026-02-16,delivered,card,,0.00,1690.00,2026-02-19
110054,894,2026-02-16,delivered,card,,0.00,2390.00,2026-02-17
110055,2383,2026-02-16,delivered,card,,0.00,779.00,2026-02-22
110056,1450,2026-02-16,delivered,sbp,,0.00,50728.00,2026-02-19
110057,680,2026-02-16,delivered,sbp,,0.00,5890.00,2026-02-17
110058,2247,2026-02-16,delivered,sbp,,0.00,12690.00,2026-02-23
110059,2376,2026-02-17,returned,card,,0.00,11364.00,2026-02-18
110060,2419,2026-02-17,delivered,sbp,,0.00,1290.00,2026-02-25
110061,722,2026-02-17,delivered,card,,0.00,978.00,2026-02-18
110062,1263,2026-02-17,delivered,card,,0.00,8248.00,2026-02-20
110063,2109,2026-02-17,delivered,sbp,,0.00,2090.00,2026-02-21
110064,203,2026-02-17,delivered,cash,,0.00,39180.00,2026-02-19
110065,1004,2026-02-17,delivered,card,,0.00,4318.00,2026-02-21
110066,591,2026-02-17,delivered,card,,0.00,2190.00,2026-02-23
110067,50,2026-02-17,delivered,sbp,,0.00,2890.00,2026-02-27
110068,1782,2026-02-17,cancelled,cash,,0.00,6890.00,
110069,948,2026-02-17,delivered,card,,0.00,44579.00,2026-02-20
110070,1742,2026-02-17,delivered,sbp,,0.00,8770.00,2026-02-19
110071,1615,2026-02-17,delivered,sbp,,0.00,978.00,2026-02-21
110072,618,2026-02-17,delivered,card,,0.00,9148.00,2026-02-19
110073,1144,2026-02-17,delivered,sbp,,0.00,1890.00,2026-02-20
110074,984,2026-02-17,delivered,sbp,,0.00,10670.00,2026-02-22
110075,618,2026-02-17,delivered,card,,0.00,869.00,2026-02-20
110076,1147,2026-02-17,delivered,sbp,,0.00,1357.00,2026-02-20
110077,2022,2026-02-17,delivered,card,,0.00,11790.00,2026-02-21
110078,2030,2026-02-17,delivered,card,,0.00,2890.00,2026-02-22
110079,921,2026-02-17,delivered,card,,0.00,10849.00,2026-02-20
110080,2240,2026-02-17,delivered,sbp,,0.00,3670.00,2026-02-19
110081,1430,2026-02-17,delivered,card,,0.00,7769.00,2026-02-19
110082,950,2026-02-17,delivered,sbp,,0.00,9670.00,2026-02-22
110083,2256,2026-02-17,delivered,sbp,,0.00,3680.00,2026-02-22
110084,827,2026-02-17,delivered,card,,0.00,12860.00,2026-02-19
110085,1535,2026-02-17,delivered,cash,,0.00,2390.00,2026-02-21
110086,2410,2026-02-17,delivered,sbp,,0.00,32270.00,2026-02-19
110087,1738,2026-02-17,returned,sbp,,0.00,869.00,2026-02-20
110088,547,2026-02-17,delivered,sbp,,0.00,969.00,2026-02-20
110089,1513,2026-02-17,delivered,card,,0.00,7780.00,2026-02-20
110090,2397,2026-02-17,delivered,cash,,0.00,95580.00,2026-02-25
110091,2003,2026-02-17,delivered,sbp,,0.00,3928.00,2026-02-20
110092,1784,2026-02-17,delivered,sbp,,0.00,1990.00,2026-02-26
110093,1263,2026-02-17,delivered,card,,0.00,3390.00,2026-02-19
110094,916,2026-02-18,delivered,card,,0.00,2969.00,2026-02-22
110095,1823,2026-02-18,delivered,card,,0.00,32869.00,2026-02-22
110096,2380,2026-02-18,delivered,sbp,,0.00,19580.00,2026-02-20
110097,782,2026-02-18,delivered,card,,0.00,3259.00,2026-02-20
110098,1139,2026-02-18,delivered,sbp,,0.00,4437.00,2026-02-20
110099,2409,2026-02-18,delivered,sbp,WELCOME10,1000.00,28870.00,2026-02-23
110100,2192,2026-02-18,delivered,sbp,,0.00,4876.00,2026-02-22
110101,2083,2026-02-18,delivered,card,,0.00,6390.00,2026-02-22
110102,323,2026-02-18,delivered,card,,0.00,2390.00,2026-02-27
110103,373,2026-02-18,delivered,card,,0.00,32390.00,2026-02-20
110104,1494,2026-02-18,delivered,card,,0.00,49948.00,2026-02-23
110105,419,2026-02-18,delivered,card,,0.00,679.00,2026-02-21
110106,1263,2026-02-18,delivered,card,,0.00,7280.00,2026-02-21
110107,2374,2026-02-18,delivered,card,,0.00,3579.00,2026-02-22
110108,1072,2026-02-18,delivered,card,,0.00,31890.00,2026-02-27
110109,2412,2026-02-18,delivered,card,,0.00,14007.00,2026-02-21
110110,1407,2026-02-18,delivered,card,,0.00,4180.00,2026-02-28
110111,1416,2026-02-18,delivered,sbp,,0.00,898.00,2026-02-21
110112,1656,2026-02-18,delivered,card,,0.00,1738.00,2026-02-19
110113,2415,2026-02-18,delivered,card,,0.00,54780.00,2026-02-21
110114,2392,2026-02-18,returned,card,,0.00,20735.00,2026-02-24
110115,581,2026-02-18,delivered,sbp,,0.00,679.00,2026-02-21
110116,984,2026-02-18,delivered,card,,0.00,5390.00,2026-02-24
110117,1815,2026-02-18,delivered,card,,0.00,4890.00,2026-02-20
110118,419,2026-02-18,delivered,sbp,,0.00,3190.00,2026-02-22
110119,1545,2026-02-18,delivered,card,,0.00,31890.00,2026-02-20
110120,2144,2026-02-18,cancelled,cash,,0.00,11790.00,
110121,1627,2026-02-18,delivered,cash,,0.00,1990.00,2026-02-28
110122,365,2026-02-18,delivered,card,,0.00,2390.00,2026-02-24
110123,23,2026-02-18,delivered,card,,0.00,779.00,2026-02-28
110124,2382,2026-02-18,delivered,card,,0.00,13660.00,2026-02-19
110125,1321,2026-02-18,delivered,card,,0.00,17680.00,2026-02-20
110126,1393,2026-02-18,delivered,sbp,,0.00,3539.00,2026-02-23
110127,1452,2026-02-18,cancelled,card,,0.00,1358.00,
110128,196,2026-02-19,delivered,sbp,,0.00,3090.00,2026-02-23
110129,1000,2026-02-19,delivered,sbp,,0.00,3390.00,2026-02-22
110130,1601,2026-02-19,delivered,card,,0.00,13968.00,2026-02-27
110131,2281,2026-02-19,delivered,card,,0.00,3890.00,2026-02-20
110132,618,2026-02-19,delivered,sbp,,0.00,2607.00,2026-02-22
110133,2241,2026-02-19,delivered,card,,0.00,4890.00,2026-02-22
110134,2008,2026-02-19,delivered,card,,0.00,2390.00,2026-02-22
110135,369,2026-02-19,delivered,cash,,0.00,5780.00,2026-02-20
110136,1567,2026-02-19,delivered,card,,0.00,6480.00,2026-02-21
110137,1152,2026-02-19,delivered,card,,0.00,3090.00,2026-02-23
110138,2292,2026-02-19,delivered,card,,0.00,779.00,2026-02-21
110139,796,2026-02-19,delivered,sbp,,0.00,5580.00,2026-02-20
110140,555,2026-02-19,delivered,sbp,,0.00,17129.00,2026-02-26
110141,2098,2026-02-19,returned,cash,,0.00,2337.00,2026-02-25
110142,2411,2026-02-19,delivered,card,,0.00,9848.00,2026-02-21
110143,133,2026-02-19,delivered,card,,0.00,449.00,2026-02-25
110144,2148,2026-02-20,delivered,card,,0.00,869.00,2026-02-23
110145,2050,2026-02-20,delivered,sbp,,0.00,479.00,2026-02-23
110146,2423,2026-02-20,delivered,cash,,0.00,1738.00,2026-02-24
110147,1220,2026-02-20,delivered,card,,0.00,7469.00,2026-02-23
110148,1892,2026-02-20,returned,card,,0.00,3890.00,2026-02-26
110149,581,2026-02-20,delivered,cash,,0.00,1558.00,2026-02-22
110150,1098,2026-02-20,delivered,sbp,,0.00,1558.00,2026-02-23
110151,1744,2026-02-20,delivered,sbp,,0.00,1290.00,2026-02-24
110152,1414,2026-02-20,delivered,card,,0.00,17590.00,2026-02-26
110153,232,2026-02-20,delivered,card,,0.00,64848.00,2026-02-25
110154,1119,2026-02-20,delivered,card,,0.00,6848.00,2026-02-22
110155,1562,2026-02-20,delivered,sbp,,0.00,22370.00,2026-02-23
110156,428,2026-02-20,delivered,card,,0.00,11670.00,2026-02-25
110157,1055,2026-02-20,delivered,sbp,,0.00,2890.00,2026-02-23
110158,2414,2026-02-20,delivered,card,,0.00,1287.00,2026-03-02
110159,2184,2026-02-20,delivered,cash,,0.00,42070.00,2026-02-22
110160,414,2026-02-20,delivered,sbp,,0.00,5890.00,2026-02-23
110161,1356,2026-02-20,delivered,card,,0.00,27490.00,2026-02-22
110162,1784,2026-02-20,delivered,cash,,0.00,4780.00,2026-02-24
110163,1336,2026-02-20,returned,sbp,,0.00,11290.00,2026-02-21
110164,2175,2026-02-20,delivered,card,,0.00,4380.00,2026-02-28
110165,2413,2026-02-20,delivered,card,,0.00,869.00,2026-02-22
110166,2428,2026-02-20,delivered,sbp,,0.00,1167.00,2026-03-02
110167,1924,2026-02-20,delivered,sbp,,0.00,449.00,2026-02-24
110168,581,2026-02-20,delivered,sbp,,0.00,5890.00,2026-02-24
110169,832,2026-02-21,delivered,card,,0.00,5627.00,2026-02-26
110170,2424,2026-02-21,delivered,sbp,,0.00,2090.00,2026-02-24
110171,913,2026-02-21,delivered,card,,0.00,4376.00,2026-02-25
110172,1967,2026-02-21,delivered,card,,0.00,7660.00,2026-02-25
110173,2218,2026-02-21,delivered,sbp,,0.00,19548.00,2026-02-27
110174,1549,2026-02-21,delivered,card,,0.00,12160.00,2026-02-27
110175,2341,2026-02-21,delivered,cash,,0.00,4890.00,2026-02-24
110176,1885,2026-02-21,delivered,card,,0.00,3090.00,2026-03-02
110177,1839,2026-02-21,delivered,card,,0.00,4890.00,2026-02-23
110178,1735,2026-02-21,delivered,card,,0.00,4088.00,2026-02-23
110179,1649,2026-02-21,delivered,card,,0.00,1990.00,2026-02-24
110180,1517,2026-02-21,delivered,card,,0.00,18967.00,2026-02-23
110181,1967,2026-02-21,delivered,sbp,,0.00,869.00,2026-02-25
110182,2342,2026-02-21,delivered,sbp,,0.00,10187.00,2026-02-23
110183,1457,2026-02-21,delivered,card,,0.00,9038.00,2026-02-23
110184,1963,2026-02-21,delivered,card,,0.00,6080.00,2026-02-22
110185,1151,2026-02-21,delivered,card,,0.00,2279.00,2026-02-22
110186,2168,2026-02-21,delivered,sbp,FRIEND300,300.00,49559.00,2026-02-25
110187,657,2026-02-21,delivered,card,,0.00,5180.00,2026-02-24
110188,118,2026-02-21,delivered,card,,0.00,19770.00,2026-02-23
110189,1055,2026-02-21,delivered,card,,0.00,3569.00,2026-02-23
110190,1098,2026-02-21,delivered,cash,,0.00,38570.00,2026-02-24
110191,1699,2026-02-21,delivered,card,,0.00,1790.00,2026-02-24
110192,1054,2026-02-21,delivered,card,,0.00,16690.00,2026-02-24
110193,540,2026-02-21,delivered,card,,0.00,13190.00,2026-02-26
110194,1414,2026-02-21,delivered,sbp,,0.00,17590.00,2026-02-27
110195,1436,2026-02-21,delivered,sbp,,0.00,2390.00,2026-02-25
110196,1547,2026-02-21,delivered,sbp,,0.00,1738.00,2026-02-22
110197,2416,2026-02-21,delivered,card,,0.00,869.00,2026-02-26
110198,960,2026-02-21,delivered,card,,0.00,968.00,2026-02-23
110199,1829,2026-02-21,delivered,card,,0.00,10180.00,2026-02-22
110200,1914,2026-02-22,delivered,card,,0.00,1490.00,2026-02-24
110201,2008,2026-02-22,delivered,sbp,,0.00,8780.00,2026-02-24
110202,1738,2026-02-22,delivered,sbp,,0.00,24980.00,2026-02-25
110203,398,2026-02-22,delivered,card,,0.00,3190.00,2026-02-24
110204,1878,2026-02-22,delivered,cash,,0.00,10790.00,2026-02-25
110205,753,2026-02-22,cancelled,sbp,,0.00,67680.00,
110206,2292,2026-02-22,delivered,card,,0.00,11970.00,2026-02-26
110207,1511,2026-02-22,delivered,card,,0.00,579.00,2026-02-28
110208,559,2026-02-22,returned,card,,0.00,14170.00,2026-02-28
110209,2004,2026-02-22,delivered,sbp,,0.00,5780.00,2026-03-04
110210,2376,2026-02-22,delivered,card,,0.00,1290.00,2026-02-24
110211,1013,2026-02-22,delivered,card,,0.00,1490.00,2026-02-27
110212,499,2026-02-22,delivered,card,,0.00,8280.00,2026-02-27
110213,2071,2026-02-22,cancelled,cash,,0.00,5380.00,
110214,1830,2026-02-22,delivered,cash,,0.00,24490.00,2026-02-23
110215,2435,2026-02-22,delivered,sbp,WELCOME10,89.80,808.20,2026-03-04
110216,1552,2026-02-22,delivered,card,,0.00,2037.00,2026-02-25
110217,1539,2026-02-22,delivered,card,,0.00,1738.00,2026-02-25
110218,2193,2026-02-22,delivered,sbp,,0.00,389.00,2026-02-28
110219,580,2026-02-22,delivered,sbp,,0.00,5790.00,2026-02-25
110220,802,2026-02-22,delivered,card,,0.00,3190.00,2026-02-24
110221,1966,2026-02-22,delivered,card,,0.00,2607.00,2026-02-25
110222,1910,2026-02-22,delivered,card,,0.00,6286.00,2026-02-28
110223,2394,2026-02-22,delivered,cash,,0.00,9749.00,2026-02-23
110224,468,2026-02-22,delivered,card,,0.00,389.00,2026-02-23
110225,557,2026-02-22,delivered,card,,0.00,1290.00,2026-02-26
110226,328,2026-02-22,delivered,card,,0.00,2190.00,2026-02-28
110227,2380,2026-02-22,delivered,sbp,,0.00,1290.00,2026-02-25
110228,1285,2026-02-22,delivered,card,,0.00,1437.00,2026-02-25
110229,604,2026-02-23,delivered,card,,0.00,1890.00,2026-02-24
110230,1288,2026-02-23,delivered,sbp,,0.00,4059.00,2026-03-01
110231,206,2026-02-23,delivered,sbp,,0.00,6759.00,2026-03-01
110232,1041,2026-02-23,delivered,card,,0.00,3190.00,2026-02-26
110233,1181,2026-02-23,delivered,card,,0.00,3890.00,2026-02-24
110234,914,2026-02-23,delivered,card,,0.00,449.00,2026-02-26
110235,1985,2026-02-23,delivered,card,,0.00,4897.00,2026-02-26
110236,1567,2026-02-23,delivered,sbp,,0.00,4890.00,2026-02-25
110237,2219,2026-02-23,delivered,card,,0.00,979.00,2026-02-26
110238,1042,2026-02-23,delivered,card,,0.00,30680.00,2026-03-01
110239,2203,2026-02-23,delivered,card,,0.00,71180.00,2026-02-26
110240,2008,2026-02-23,delivered,card,,0.00,5670.00,2026-02-25
110241,1,2026-02-23,delivered,card,,0.00,20880.00,2026-02-26
110242,1064,2026-02-23,delivered,sbp,,0.00,13190.00,2026-02-28
110243,675,2026-02-23,delivered,card,,0.00,14147.00,2026-02-25
110244,2437,2026-02-23,delivered,sbp,,0.00,979.00,2026-03-01
110245,1887,2026-02-23,delivered,cash,,0.00,1738.00,2026-02-24
110246,2434,2026-02-23,delivered,card,,0.00,2190.00,2026-02-28
110247,1285,2026-02-23,delivered,card,,0.00,4048.00,2026-02-25
110248,2154,2026-02-23,delivered,sbp,,0.00,8259.00,2026-02-26
110249,1822,2026-02-23,returned,card,,0.00,3028.00,2026-02-26
110250,498,2026-02-23,delivered,sbp,,0.00,1690.00,2026-02-28
110251,1528,2026-02-23,delivered,card,,0.00,489.00,2026-03-05
110252,675,2026-02-23,delivered,card,,0.00,8280.00,2026-02-25
110253,480,2026-02-23,delivered,card,,0.00,4390.00,2026-02-24
110254,1112,2026-02-23,delivered,sbp,,0.00,1558.00,2026-02-25
110255,2449,2026-02-24,delivered,cash,WELCOME10,67.90,611.10,2026-02-28
110256,1743,2026-02-24,delivered,card,,0.00,17190.00,2026-03-06
110257,1925,2026-02-24,delivered,sbp,,0.00,3390.00,2026-03-02
110258,2081,2026-02-24,delivered,card,,0.00,4890.00,2026-02-27
110259,645,2026-02-24,delivered,sbp,,0.00,10118.00,2026-02-28
110260,1873,2026-02-24,delivered,card,,0.00,449.00,2026-02-25
110261,1975,2026-02-24,delivered,card,,0.00,5780.00,2026-03-03
110262,1131,2026-02-24,delivered,sbp,,0.00,2890.00,2026-02-27
110263,1152,2026-02-24,delivered,card,,0.00,5890.00,2026-03-01
110264,1152,2026-02-24,delivered,card,,0.00,1387.00,2026-03-01
110265,232,2026-02-24,delivered,card,,0.00,3390.00,2026-03-05
110266,1828,2026-02-24,delivered,sbp,,0.00,1738.00,2026-02-27
110267,2426,2026-02-24,delivered,card,,0.00,3968.00,2026-02-28
110268,490,2026-02-24,delivered,card,,0.00,1738.00,2026-02-27
110269,1452,2026-02-24,delivered,card,,0.00,28127.00,2026-03-01
110270,2057,2026-02-24,delivered,cash,,0.00,1290.00,2026-02-25
110271,1778,2026-02-24,delivered,card,,0.00,7390.00,2026-02-27
110272,2223,2026-02-24,cancelled,cash,WELCOME10,1000.00,16190.00,
110273,361,2026-02-24,delivered,card,,0.00,6890.00,2026-02-27
110274,763,2026-02-24,delivered,card,,0.00,13570.00,2026-03-01
110275,702,2026-02-24,delivered,cash,,0.00,63790.00,2026-02-27
110276,621,2026-02-24,delivered,card,,0.00,5780.00,2026-02-25
110277,252,2026-02-24,delivered,card,,0.00,3390.00,2026-02-28
110278,361,2026-02-24,delivered,sbp,,0.00,1958.00,2026-02-28
110279,1993,2026-02-24,delivered,card,,0.00,1290.00,2026-03-01
110280,2352,2026-02-24,delivered,card,,0.00,1258.00,2026-03-02
110281,591,2026-02-24,delivered,sbp,,0.00,12170.00,2026-02-27
110282,645,2026-02-24,returned,card,,0.00,3190.00,2026-03-02
110283,1305,2026-02-24,delivered,card,,0.00,1490.00,2026-03-01
110284,1863,2026-02-25,returned,card,,0.00,1958.00,2026-02-27
110285,1857,2026-02-25,delivered,card,,0.00,9790.00,2026-02-28
110286,1352,2026-02-25,delivered,card,,0.00,579.00,2026-03-02
110287,2442,2026-02-25,delivered,card,,0.00,66560.00,2026-03-04
110288,241,2026-02-25,delivered,card,,0.00,8580.00,2026-03-02
110289,2342,2026-02-25,cancelled,cash,,0.00,3890.00,
110290,2280,2026-02-25,delivered,card,,0.00,36060.00,2026-03-01
110291,1000,2026-02-25,delivered,sbp,,0.00,6890.00,2026-02-28
110292,2266,2026-02-25,delivered,card,,0.00,7387.00,2026-03-02
110293,2432,2026-02-25,delivered,sbp,WELCOME10,665.90,5993.10,2026-03-01
110294,580,2026-02-25,delivered,cash,,0.00,21590.00,2026-02-26
110295,490,2026-02-25,delivered,card,,0.00,4490.00,2026-03-01
110296,161,2026-02-25,delivered,card,,0.00,3890.00,2026-03-05
110297,282,2026-02-25,returned,sbp,,0.00,8147.00,2026-02-26
110298,1823,2026-02-25,delivered,sbp,,0.00,4938.00,2026-03-03
110299,1400,2026-02-25,delivered,card,,0.00,3390.00,2026-03-01
110300,143,2026-02-25,delivered,sbp,,0.00,93190.00,2026-02-28
110301,492,2026-02-25,delivered,card,,0.00,7780.00,2026-03-04
110302,1117,2026-02-25,delivered,card,,0.00,579.00,2026-03-04
110303,873,2026-02-25,delivered,card,,0.00,63790.00,2026-03-03
110304,1119,2026-02-25,delivered,sbp,,0.00,8170.00,2026-02-28
110305,1744,2026-02-25,delivered,card,,0.00,37159.00,2026-02-28
110306,2346,2026-02-25,cancelled,sbp,,0.00,1558.00,
110307,278,2026-02-25,delivered,card,,0.00,2325.00,2026-03-01
110308,2422,2026-02-25,delivered,sbp,,0.00,1290.00,2026-02-27
110309,531,2026-02-25,delivered,card,,0.00,6890.00,2026-03-03
110310,1055,2026-02-25,delivered,sbp,,0.00,42978.00,2026-02-27
110311,1353,2026-02-25,cancelled,card,,0.00,2880.00,
110312,2369,2026-02-26,delivered,card,,0.00,15470.00,2026-03-05
110313,535,2026-02-26,delivered,card,,0.00,4128.00,2026-03-02
110314,1111,2026-02-26,delivered,card,,0.00,10880.00,2026-03-08
110315,1380,2026-02-26,delivered,card,,0.00,5780.00,2026-02-27
110316,821,2026-02-26,delivered,card,,0.00,19936.00,2026-03-03
110317,1601,2026-02-26,returned,sbp,,0.00,2890.00,2026-03-02
110318,1090,2026-02-26,delivered,card,,0.00,4390.00,2026-03-07
110319,2270,2026-02-26,delivered,card,,0.00,5790.00,2026-03-01
110320,1738,2026-02-26,delivered,card,,0.00,4169.00,2026-02-27
110321,2192,2026-02-26,delivered,card,,0.00,2190.00,2026-02-28
110322,1159,2026-02-26,delivered,sbp,,0.00,6390.00,2026-03-02
110323,2362,2026-02-26,returned,sbp,,0.00,978.00,2026-03-06
110324,565,2026-02-26,delivered,card,,0.00,4917.00,2026-03-05
110325,2003,2026-02-26,delivered,card,,0.00,779.00,2026-02-28
110326,775,2026-02-26,delivered,sbp,,0.00,869.00,2026-02-27
110327,200,2026-02-26,delivered,card,,0.00,22860.00,2026-03-01
110328,1634,2026-02-26,delivered,sbp,,0.00,7390.00,2026-02-28
110329,1615,2026-02-26,delivered,cash,,0.00,4890.00,2026-03-02
110330,783,2026-02-26,delivered,card,,0.00,13639.00,2026-03-01
110331,511,2026-02-26,delivered,sbp,,0.00,5748.00,2026-03-03
110332,836,2026-02-26,cancelled,sbp,,0.00,958.00,
110333,1624,2026-02-26,delivered,card,,0.00,3390.00,2026-03-03
110334,753,2026-02-26,returned,card,,0.00,6237.00,2026-03-07
110335,1476,2026-02-26,delivered,sbp,,0.00,3890.00,2026-03-03
110336,204,2026-02-26,delivered,sbp,,0.00,1490.00,2026-02-28
110337,1090,2026-02-26,delivered,card,,0.00,6390.00,2026-03-06
110338,2444,2026-02-27,delivered,cash,,0.00,19908.00,2026-03-04
110339,196,2026-02-27,delivered,sbp,,0.00,32379.00,2026-03-08
110340,1994,2026-02-27,delivered,card,,0.00,9408.00,2026-03-04
110341,800,2026-02-27,delivered,card,,0.00,31890.00,2026-03-09
110342,546,2026-02-27,cancelled,card,,0.00,51990.00,
110343,1602,2026-02-27,delivered,sbp,,0.00,2896.00,2026-03-02
110344,196,2026-02-27,delivered,sbp,,0.00,869.00,2026-03-06
110345,1926,2026-02-27,delivered,card,,0.00,579.00,2026-03-06
110346,1611,2026-02-27,delivered,card,,0.00,6770.00,2026-03-05
110347,1397,2026-02-27,delivered,card,FRIEND300,300.00,8480.00,2026-03-02
110348,349,2026-02-27,delivered,card,,0.00,1558.00,2026-03-04
110349,555,2026-02-27,delivered,sbp,,0.00,12249.00,2026-03-08
110350,2113,2026-02-27,delivered,card,,0.00,6780.00,2026-03-01
110351,2387,2026-02-27,delivered,card,,0.00,12280.00,2026-03-04
110352,2165,2026-02-27,delivered,sbp,,0.00,3390.00,2026-03-07
110353,203,2026-02-27,delivered,card,,0.00,1490.00,2026-03-02
110354,2429,2026-02-27,delivered,card,,0.00,5580.00,2026-03-06
110355,2219,2026-02-27,delivered,sbp,,0.00,35139.00,2026-03-02
110356,1064,2026-02-27,delivered,card,,0.00,1890.00,2026-03-05
110357,845,2026-02-27,delivered,card,,0.00,10568.00,2026-03-03
110358,1148,2026-02-27,delivered,card,,0.00,16117.00,2026-03-09
110359,499,2026-02-27,delivered,card,,0.00,389.00,2026-03-08
110360,1887,2026-02-27,returned,card,,0.00,10680.00,2026-03-02
110361,706,2026-02-27,delivered,card,,0.00,11360.00,2026-03-03
110362,1954,2026-02-27,delivered,sbp,,0.00,68680.00,2026-03-03
110363,1274,2026-02-27,delivered,card,,0.00,12860.00,2026-03-02
110364,1301,2026-02-27,delivered,card,,0.00,42270.00,2026-03-01
110365,638,2026-02-27,delivered,sbp,,0.00,9780.00,2026-03-01
110366,1823,2026-02-27,delivered,card,,0.00,48590.00,2026-03-02
110367,51,2026-02-27,delivered,card,,0.00,7790.00,2026-03-01
110368,1962,2026-02-27,delivered,cash,,0.00,869.00,2026-03-02
110369,2450,2026-02-27,delivered,card,,0.00,14348.00,2026-03-07
110370,1042,2026-02-27,delivered,card,,0.00,10925.00,2026-03-04
110371,1522,2026-02-27,delivered,card,,0.00,778.00,2026-03-08
110372,466,2026-02-28,delivered,cash,,0.00,12207.00,2026-03-02
110373,1427,2026-02-28,delivered,card,,0.00,1890.00,2026-03-06
110374,1083,2026-02-28,delivered,card,,0.00,4890.00,2026-03-02
110375,2397,2026-02-28,cancelled,sbp,,0.00,9780.00,
110376,304,2026-02-28,delivered,card,,0.00,9939.00,2026-03-03
110377,184,2026-02-28,delivered,card,,0.00,3190.00,2026-03-06
110378,2472,2026-02-28,delivered,cash,,0.00,4890.00,2026-03-10
110379,2258,2026-02-28,cancelled,card,,0.00,7790.00,
110380,2182,2026-02-28,delivered,card,,0.00,51990.00,2026-03-06
110381,69,2026-02-28,delivered,card,,0.00,5890.00,2026-03-04
110382,2469,2026-02-28,cancelled,sbp,,0.00,2390.00,
110383,2198,2026-02-28,delivered,sbp,,0.00,779.00,2026-03-03
110384,1436,2026-02-28,delivered,card,,0.00,1958.00,2026-03-02
110385,830,2026-02-28,delivered,card,,0.00,11618.00,2026-03-04
110386,992,2026-02-28,delivered,card,,0.00,778.00,2026-03-03
110387,605,2026-02-28,delivered,cash,,0.00,1158.00,2026-03-07
110388,2188,2026-02-28,delivered,sbp,,0.00,4890.00,2026-03-07
110389,788,2026-02-28,delivered,card,,0.00,3286.00,2026-03-04
110390,1764,2026-02-28,delivered,card,,0.00,45928.00,2026-03-09
110391,69,2026-02-28,delivered,card,,0.00,4890.00,2026-03-03
110392,215,2026-02-28,delivered,card,,0.00,2607.00,2026-03-09
110393,1131,2026-02-28,cancelled,card,,0.00,2390.00,
110394,1208,2026-02-28,delivered,sbp,,0.00,6869.00,2026-03-08
110395,2471,2026-02-28,delivered,card,,0.00,7790.00,2026-03-08
110396,1849,2026-02-28,delivered,sbp,,0.00,3280.00,2026-03-01
110397,2263,2026-02-28,delivered,card,,0.00,1637.00,2026-03-03
110398,971,2026-02-28,delivered,cash,,0.00,2890.00,2026-03-02
110399,2474,2026-02-28,cancelled,cash,WELCOME10,135.80,1222.20,
110400,1743,2026-02-28,delivered,card,,0.00,17690.00,2026-03-06
110401,371,2026-02-28,delivered,sbp,,0.00,60628.00,2026-03-03
110402,1743,2026-02-28,returned,card,,0.00,1290.00,2026-03-05
110403,2154,2026-02-28,delivered,sbp,,0.00,6380.00,2026-03-01
110404,1094,2026-02-28,delivered,card,,0.00,22460.00,2026-03-04
110405,2470,2026-02-28,delivered,card,,0.00,779.00,2026-03-05
110406,269,2026-03-01,delivered,sbp,,0.00,4248.00,2026-03-04
110407,498,2026-03-01,delivered,sbp,,0.00,869.00,2026-03-07
110408,1669,2026-03-01,cancelled,cash,,0.00,5390.00,
110409,1994,2026-03-01,delivered,sbp,,0.00,4890.00,2026-03-06
110410,52,2026-03-01,delivered,card,,0.00,18168.00,2026-03-07
110411,2477,2026-03-01,delivered,card,,0.00,17580.00,2026-03-11
110412,2311,2026-03-01,delivered,card,,0.00,2190.00,2026-03-05
110413,2039,2026-03-01,delivered,sbp,SPRING500,500.00,2890.00,2026-03-07
110414,2192,2026-03-01,delivered,card,,0.00,5280.00,2026-03-03
110415,2395,2026-03-01,delivered,sbp,,0.00,2890.00,2026-03-08
110416,2220,2026-03-01,delivered,sbp,,0.00,579.00,2026-03-02
110417,1111,2026-03-01,delivered,card,,0.00,4859.00,2026-03-08
110418,796,2026-03-01,delivered,card,,0.00,1437.00,2026-03-02
110419,1241,2026-03-01,delivered,card,,0.00,3480.00,2026-03-03
110420,1782,2026-03-01,delivered,card,,0.00,2890.00,2026-03-03
110421,967,2026-03-01,delivered,sbp,,0.00,869.00,2026-03-09
110422,2292,2026-03-01,delivered,cash,,0.00,4690.00,2026-03-06
110423,417,2026-03-01,delivered,card,,0.00,7149.00,2026-03-02
110424,107,2026-03-01,delivered,sbp,,0.00,39290.00,2026-03-04
110425,1601,2026-03-01,delivered,card,,0.00,479.00,2026-03-05
110426,388,2026-03-01,delivered,card,SPRING500,500.00,14408.00,2026-03-07
110427,1535,2026-03-01,delivered,sbp,,0.00,2890.00,2026-03-07
110428,1911,2026-03-01,delivered,cash,,0.00,3890.00,2026-03-03
110429,2257,2026-03-01,delivered,card,,0.00,1590.00,2026-03-10
110430,2113,2026-03-01,delivered,card,SPRING500,500.00,3880.00,2026-03-03
110431,399,2026-03-01,returned,card,,0.00,5780.00,2026-03-04
110432,1552,2026-03-01,delivered,sbp,,0.00,5980.00,2026-03-03
110433,1152,2026-03-01,delivered,card,,0.00,28370.00,2026-03-07
110434,909,2026-03-01,delivered,card,,0.00,10670.00,2026-03-10
110435,2468,2026-03-01,delivered,cash,,0.00,2607.00,2026-03-06
110436,2446,2026-03-01,delivered,sbp,,0.00,143655.00,2026-03-06
110437,950,2026-03-01,delivered,card,,0.00,6890.00,2026-03-06
110438,566,2026-03-01,returned,card,,0.00,979.00,2026-03-06
110439,1948,2026-03-01,delivered,card,,0.00,18177.00,2026-03-04
110440,216,2026-03-01,cancelled,sbp,,0.00,16690.00,
110441,258,2026-03-01,delivered,sbp,,0.00,7780.00,2026-03-11
110442,2332,2026-03-01,delivered,sbp,,0.00,3890.00,2026-03-03
110443,2468,2026-03-01,returned,card,,0.00,579.00,2026-03-05
110444,1478,2026-03-01,delivered,sbp,,0.00,1738.00,2026-03-02
110445,2463,2026-03-01,delivered,cash,WELCOME10,621.70,5595.30,2026-03-03
110446,2394,2026-03-01,delivered,sbp,,0.00,11790.00,2026-03-03
110447,755,2026-03-01,delivered,cash,,0.00,5247.00,2026-03-02
110448,133,2026-03-01,delivered,sbp,,0.00,1958.00,2026-03-07
110449,282,2026-03-01,delivered,cash,,0.00,869.00,2026-03-04
110450,2315,2026-03-02,delivered,card,,0.00,12739.00,2026-03-09
110451,2113,2026-03-02,delivered,card,,0.00,15577.00,2026-03-06
110452,2369,2026-03-02,delivered,sbp,,0.00,2190.00,2026-03-10
110453,2263,2026-03-02,delivered,card,,0.00,7356.00,2026-03-05
110454,2478,2026-03-02,delivered,sbp,,0.00,3190.00,2026-03-03
110455,1988,2026-03-02,delivered,card,,0.00,898.00,2026-03-11
110456,1263,2026-03-02,delivered,card,,0.00,869.00,2026-03-03
110457,775,2026-03-02,delivered,card,,0.00,6380.00,2026-03-03
110458,854,2026-03-02,delivered,sbp,,0.00,579.00,2026-03-07
110459,2057,2026-03-02,delivered,sbp,,0.00,18480.00,2026-03-05
110460,496,2026-03-02,delivered,sbp,,0.00,12160.00,2026-03-04
110461,618,2026-03-02,delivered,sbp,SPRING500,500.00,12290.00,2026-03-06
110462,639,2026-03-02,delivered,card,,0.00,7280.00,2026-03-08
110463,668,2026-03-02,delivered,sbp,,0.00,7280.00,2026-03-04
110464,121,2026-03-02,delivered,sbp,,0.00,42190.00,2026-03-05
110465,1083,2026-03-02,delivered,sbp,SPRING500,500.00,6269.00,2026-03-06
110466,1142,2026-03-02,delivered,card,,0.00,2190.00,2026-03-07
110467,552,2026-03-02,delivered,cash,,0.00,10708.00,2026-03-06
110468,2240,2026-03-02,delivered,sbp,,0.00,1358.00,2026-03-04
110469,1349,2026-03-02,delivered,cash,,0.00,2890.00,2026-03-04
110470,2458,2026-03-02,delivered,cash,WELCOME10,1000.00,13580.00,2026-03-04
110471,2433,2026-03-02,delivered,card,FRIEND300,300.00,9359.00,2026-03-05
110472,195,2026-03-02,delivered,card,,0.00,2890.00,2026-03-04
110473,689,2026-03-02,delivered,card,,0.00,35880.00,2026-03-11
110474,625,2026-03-02,delivered,card,,0.00,5549.00,2026-03-08
110475,2337,2026-03-02,delivered,cash,SPRING500,500.00,5290.00,2026-03-04
110476,2247,2026-03-02,delivered,card,,0.00,979.00,2026-03-08
110477,398,2026-03-02,delivered,sbp,,0.00,5390.00,2026-03-03
110478,1378,2026-03-02,delivered,card,,0.00,9917.00,2026-03-05
110479,1628,2026-03-02,delivered,card,,0.00,5057.00,2026-03-07
110480,2447,2026-03-02,delivered,card,WELCOME10,1000.00,43370.00,2026-03-05
110481,216,2026-03-02,delivered,sbp,,0.00,2890.00,2026-03-04
110482,483,2026-03-02,delivered,card,,0.00,16690.00,2026-03-11
110483,1328,2026-03-02,delivered,sbp,,0.00,869.00,2026-03-05
110484,82,2026-03-02,delivered,cash,,0.00,3369.00,2026-03-07
110485,819,2026-03-02,delivered,card,,0.00,1990.00,2026-03-07
110486,1142,2026-03-02,delivered,cash,,0.00,63780.00,2026-03-07
110487,2208,2026-03-02,delivered,card,,0.00,3890.00,2026-03-08
110488,2368,2026-03-02,delivered,sbp,WELCOME10,586.90,5282.10,2026-03-12
110489,605,2026-03-02,delivered,card,,0.00,15539.00,2026-03-09
110490,925,2026-03-02,delivered,sbp,,0.00,2190.00,2026-03-04
110491,764,2026-03-02,cancelled,cash,,0.00,24490.00,
110492,1353,2026-03-02,delivered,card,,0.00,37448.00,2026-03-04
110493,1978,2026-03-02,delivered,card,SPRING500,500.00,4390.00,2026-03-04
110494,1416,2026-03-02,delivered,sbp,,0.00,579.00,2026-03-06
110495,1338,2026-03-02,delivered,card,,0.00,42190.00,2026-03-07
110496,1091,2026-03-02,returned,sbp,,0.00,7068.00,2026-03-03
110497,1470,2026-03-03,delivered,sbp,,0.00,1738.00,2026-03-06
110498,2101,2026-03-03,delivered,card,,0.00,3228.00,2026-03-08
110499,837,2026-03-03,cancelled,card,,0.00,2367.00,
110500,1899,2026-03-03,delivered,card,,0.00,9560.00,2026-03-08
110501,1954,2026-03-03,delivered,card,,0.00,8139.00,2026-03-07
110502,2113,2026-03-03,delivered,sbp,,0.00,4680.00,2026-03-05
110503,1802,2026-03-03,delivered,sbp,,0.00,1690.00,2026-03-05
110504,2479,2026-03-03,delivered,card,WELCOME10,340.70,3066.30,2026-03-06
110505,1507,2026-03-03,delivered,card,,0.00,7918.00,2026-03-09
110506,492,2026-03-03,delivered,card,,0.00,1290.00,2026-03-10
110507,1263,2026-03-03,delivered,card,,0.00,449.00,2026-03-05
110508,294,2026-03-03,delivered,sbp,,0.00,3890.00,2026-03-09
110509,640,2026-03-03,delivered,card,,0.00,17690.00,2026-03-06
110510,1911,2026-03-03,delivered,card,,0.00,6890.00,2026-03-06
110511,1967,2026-03-03,delivered,card,,0.00,579.00,2026-03-06
110512,335,2026-03-03,delivered,cash,,0.00,8790.00,2026-03-05
110513,349,2026-03-03,delivered,card,,0.00,869.00,2026-03-06
110514,448,2026-03-03,returned,card,SPRING500,500.00,16629.00,2026-03-07
110515,1446,2026-03-03,delivered,sbp,,0.00,7887.00,2026-03-10
110516,2483,2026-03-03,delivered,sbp,,0.00,2890.00,2026-03-04
110517,1306,2026-03-03,delivered,card,SPRING500,500.00,12790.00,2026-03-06
110518,618,2026-03-03,delivered,card,,0.00,2980.00,2026-03-05
110519,840,2026-03-03,delivered,card,,0.00,9780.00,2026-03-06
110520,1437,2026-03-03,delivered,card,,0.00,2890.00,2026-03-04
110521,1452,2026-03-03,delivered,card,,0.00,1347.00,2026-03-09
110522,596,2026-03-03,delivered,cash,,0.00,15670.00,2026-03-13
110523,820,2026-03-03,delivered,sbp,,0.00,2639.00,2026-03-06
110524,1258,2026-03-03,returned,card,,0.00,44958.00,2026-03-06
110525,2457,2026-03-03,delivered,card,WELCOME10,438.00,3942.00,2026-03-06
110526,2342,2026-03-03,delivered,card,,0.00,1318.00,2026-03-04
110527,1226,2026-03-03,cancelled,card,,0.00,117890.00,
110528,2101,2026-03-03,delivered,card,,0.00,1790.00,2026-03-06
110529,1511,2026-03-04,delivered,cash,,0.00,389.00,2026-03-09
110530,2188,2026-03-04,delivered,card,,0.00,679.00,2026-03-11
110531,1459,2026-03-04,delivered,card,,0.00,2390.00,2026-03-07
110532,812,2026-03-04,delivered,card,,0.00,3090.00,2026-03-09
110533,701,2026-03-04,delivered,card,,0.00,3390.00,2026-03-09
110534,102,2026-03-04,delivered,card,SPRING500,500.00,22577.00,2026-03-05
110535,1832,2026-03-04,delivered,card,,0.00,2980.00,2026-03-07
110536,1628,2026-03-04,delivered,card,,0.00,44190.00,2026-03-09
110537,820,2026-03-04,delivered,card,SPRING500,500.00,43690.00,2026-03-07
110538,1274,2026-03-04,delivered,card,,0.00,15280.00,2026-03-08
110539,1545,2026-03-04,delivered,sbp,,0.00,6390.00,2026-03-06
110540,2300,2026-03-04,delivered,sbp,WELCOME10,149.00,1341.00,2026-03-05
110541,97,2026-03-04,delivered,card,,0.00,679.00,2026-03-07
110542,1636,2026-03-04,delivered,card,SPRING500,500.00,10769.00,2026-03-06
110543,52,2026-03-04,delivered,sbp,,0.00,2937.00,2026-03-13
110544,1006,2026-03-04,delivered,card,,0.00,11628.00,2026-03-05
110545,2077,2026-03-04,delivered,card,SPRING500,500.00,7280.00,2026-03-08
110546,159,2026-03-04,delivered,card,,0.00,5780.00,2026-03-07
110547,1346,2026-03-04,delivered,sbp,,0.00,15060.00,2026-03-06
110548,2465,2026-03-04,delivered,card,WELCOME10,1000.00,17660.00,2026-03-14
110549,1756,2026-03-04,delivered,sbp,,0.00,2390.00,2026-03-08
110550,1522,2026-03-04,delivered,card,,0.00,3190.00,2026-03-11
110551,837,2026-03-04,delivered,card,SPRING500,500.00,21239.00,2026-03-07
110552,454,2026-03-04,delivered,card,,0.00,6049.00,2026-03-13
110553,1101,2026-03-04,delivered,card,,0.00,2980.00,2026-03-07
110554,499,2026-03-04,delivered,sbp,,0.00,1738.00,2026-03-13
110555,1295,2026-03-04,delivered,card,,0.00,14680.00,2026-03-10
110556,1101,2026-03-04,delivered,card,,0.00,121780.00,2026-03-05
110557,2292,2026-03-04,delivered,sbp,,0.00,4890.00,2026-03-07
110558,2148,2026-03-04,delivered,sbp,,0.00,4890.00,2026-03-09
110559,1309,2026-03-04,delivered,sbp,,0.00,5649.00,2026-03-08
110560,2077,2026-03-04,delivered,sbp,,0.00,8780.00,2026-03-08
110561,2268,2026-03-04,delivered,sbp,SPRING500,500.00,9980.00,2026-03-13
110562,2376,2026-03-04,delivered,cash,,0.00,28750.00,2026-03-05
110563,1408,2026-03-05,delivered,card,,0.00,22049.00,2026-03-09
110564,261,2026-03-05,cancelled,sbp,,0.00,3348.00,
110565,1890,2026-03-05,delivered,card,,0.00,1290.00,2026-03-14
110566,1104,2026-03-05,delivered,card,SPRING500,500.00,11018.00,2026-03-13
110567,2497,2026-03-05,delivered,sbp,WELCOME10,173.80,1564.20,2026-03-08
110568,1522,2026-03-05,delivered,sbp,,0.00,13290.00,2026-03-14
110569,1772,2026-03-05,returned,sbp,,0.00,2680.00,2026-03-07
110570,1585,2026-03-05,delivered,card,,0.00,778.00,2026-03-06
110571,1640,2026-03-05,returned,sbp,SPRING500,500.00,21090.00,2026-03-10
110572,2484,2026-03-05,delivered,sbp,,0.00,10718.00,2026-03-07
110573,728,2026-03-05,delivered,card,,0.00,479.00,2026-03-09
110574,362,2026-03-05,delivered,sbp,,0.00,1347.00,2026-03-08
110575,2491,2026-03-05,delivered,card,WELCOME10,149.00,1341.00,2026-03-07
110576,2243,2026-03-05,returned,card,,0.00,7759.00,2026-03-10
110577,290,2026-03-05,delivered,sbp,,0.00,3190.00,2026-03-09
110578,2477,2026-03-05,delivered,sbp,,0.00,21296.00,2026-03-15
110579,2473,2026-03-05,delivered,card,,0.00,2890.00,2026-03-11
110580,802,2026-03-05,delivered,card,,0.00,1290.00,2026-03-07
110581,1101,2026-03-05,delivered,sbp,,0.00,3190.00,2026-03-06
110582,2240,2026-03-05,delivered,sbp,,0.00,2390.00,2026-03-06
110583,2240,2026-03-05,delivered,sbp,,0.00,1490.00,2026-03-07
110584,2086,2026-03-05,delivered,cash,,0.00,8970.00,2026-03-08
110585,2496,2026-03-05,delivered,card,WELCOME10,928.00,8352.00,2026-03-09
110586,388,2026-03-05,delivered,sbp,SPRING500,500.00,20348.00,2026-03-10
110587,2322,2026-03-05,delivered,sbp,,0.00,2190.00,2026-03-11
110588,840,2026-03-05,delivered,card,SPRING500,500.00,42568.00,2026-03-06
110589,993,2026-03-05,delivered,sbp,,0.00,15538.00,2026-03-10
110590,2400,2026-03-05,cancelled,card,,0.00,7259.00,
110591,14,2026-03-05,delivered,sbp,,0.00,10577.00,2026-03-09
110592,2495,2026-03-05,cancelled,card,SPRING500,500.00,8080.00,
110593,2256,2026-03-05,delivered,card,,0.00,1590.00,2026-03-09
110594,511,2026-03-05,delivered,card,,0.00,1290.00,2026-03-09
110595,971,2026-03-05,delivered,card,,0.00,978.00,2026-03-06
110596,1147,2026-03-05,delivered,card,,0.00,4259.00,2026-03-08
110597,1088,2026-03-05,delivered,sbp,,0.00,6890.00,2026-03-08
110598,2458,2026-03-05,delivered,sbp,,0.00,979.00,2026-03-07
110599,1034,2026-03-05,delivered,card,,0.00,44860.00,2026-03-07
110600,939,2026-03-05,cancelled,cash,,0.00,51249.00,
110601,687,2026-03-05,delivered,sbp,,0.00,17690.00,2026-03-06
110602,2484,2026-03-05,delivered,card,,0.00,7390.00,2026-03-08
110603,1804,2026-03-05,delivered,card,,0.00,7047.00,2026-03-09
110604,2247,2026-03-05,delivered,cash,,0.00,2390.00,2026-03-11
110605,2148,2026-03-05,delivered,card,,0.00,6890.00,2026-03-10
110606,2490,2026-03-05,cancelled,sbp,FRIEND300,300.00,9480.00,
110607,775,2026-03-05,delivered,card,,0.00,7390.00,2026-03-08
110608,1808,2026-03-06,delivered,sbp,SPRING500,500.00,4280.00,2026-03-08
110609,162,2026-03-06,returned,sbp,,0.00,1290.00,2026-03-10
110610,2426,2026-03-06,delivered,sbp,,0.00,10970.00,2026-03-09
110611,1421,2026-03-06,delivered,card,,0.00,389.00,2026-03-09
110612,480,2026-03-06,delivered,card,,0.00,2890.00,2026-03-09
110613,1710,2026-03-06,cancelled,sbp,,0.00,2390.00,
110614,808,2026-03-06,delivered,card,,0.00,449.00,2026-03-09
110615,1530,2026-03-06,delivered,card,SPRING500,500.00,17190.00,2026-03-09
110616,2419,2026-03-06,delivered,cash,SPRING500,500.00,3890.00,2026-03-10
110617,495,2026-03-06,delivered,card,,0.00,7496.00,2026-03-10
110618,2493,2026-03-06,delivered,sbp,,0.00,3890.00,2026-03-14
110619,1288,2026-03-06,cancelled,cash,,0.00,3890.00,
110620,269,2026-03-06,delivered,card,,0.00,2869.00,2026-03-08
110621,1511,2026-03-06,cancelled,cash,,0.00,7390.00,
110622,753,2026-03-06,cancelled,sbp,,0.00,3536.00,
110623,598,2026-03-06,delivered,card,SPRING500,500.00,33890.00,2026-03-08
110624,2505,2026-03-06,delivered,card,WELCOME10,288.00,2592.00,2026-03-11
110625,2212,2026-03-06,delivered,card,SPRING500,500.00,2690.00,2026-03-08
110626,200,2026-03-06,delivered,cash,,0.00,1358.00,2026-03-10
110627,2113,2026-03-06,delivered,sbp,SPRING500,500.00,53160.00,2026-03-08
110628,2489,2026-03-06,delivered,card,WELCOME10,218.00,1962.00,2026-03-10
110629,665,2026-03-06,delivered,card,,0.00,2890.00,2026-03-10
110630,1167,2026-03-06,delivered,card,,0.00,869.00,2026-03-09
110631,2355,2026-03-06,delivered,card,WELCOME10,618.00,5562.00,2026-03-09
110632,1009,2026-03-06,delivered,card,,0.00,35280.00,2026-03-10
110633,1988,2026-03-06,delivered,card,,0.00,10229.00,2026-03-16
110634,2071,2026-03-06,delivered,sbp,,0.00,30370.00,2026-03-09
110635,1115,2026-03-06,delivered,sbp,,0.00,6380.00,2026-03-08
110636,188,2026-03-06,delivered,card,SPRING500,500.00,3728.00,2026-03-08
110637,2498,2026-03-06,delivered,card,,0.00,449.00,2026-03-09
110638,1973,2026-03-06,delivered,sbp,SPRING500,500.00,39080.00,2026-03-10
110639,2378,2026-03-06,delivered,card,,0.00,2390.00,2026-03-10
110640,252,2026-03-06,delivered,card,,0.00,16549.00,2026-03-10
110641,467,2026-03-06,delivered,card,SPRING500,500.00,7170.00,2026-03-10
110642,1371,2026-03-06,delivered,sbp,SPRING500,500.00,2690.00,2026-03-16
110643,2269,2026-03-07,delivered,card,,0.00,6890.00,2026-03-09
110644,2426,2026-03-07,delivered,card,,0.00,1690.00,2026-03-10
110645,2050,2026-03-07,delivered,cash,,0.00,11290.00,2026-03-09
110646,2342,2026-03-07,delivered,sbp,,0.00,3780.00,2026-03-08
110647,1477,2026-03-07,delivered,card,,0.00,6628.00,2026-03-17
110648,1305,2026-03-07,delivered,sbp,,0.00,5890.00,2026-03-09
110649,1400,2026-03-07,delivered,sbp,,0.00,5070.00,2026-03-11
110650,1389,2026-03-07,delivered,card,,0.00,7390.00,2026-03-09
110651,1315,2026-03-07,delivered,sbp,,0.00,6369.00,2026-03-11
110652,278,2026-03-07,delivered,cash,,0.00,7280.00,2026-03-10
110653,1088,2026-03-07,delivered,card,,0.00,2069.00,2026-03-10
110654,916,2026-03-07,delivered,card,,0.00,3090.00,2026-03-17
110655,1380,2026-03-07,delivered,card,,0.00,4280.00,2026-03-10
110656,443,2026-03-07,delivered,card,,0.00,1990.00,2026-03-11
110657,1943,2026-03-07,delivered,card,,0.00,47380.00,2026-03-10
110658,687,2026-03-07,delivered,card,SPRING500,500.00,5290.00,2026-03-10
110659,1081,2026-03-07,delivered,card,,0.00,7890.00,2026-03-13
110660,154,2026-03-07,delivered,card,,0.00,4380.00,2026-03-15
110661,703,2026-03-07,delivered,card,,0.00,17190.00,2026-03-09
110662,373,2026-03-07,delivered,card,,0.00,479.00,2026-03-09
110663,2507,2026-03-07,delivered,cash,,0.00,44870.00,2026-03-08
110664,1090,2026-03-07,delivered,sbp,,0.00,100280.00,2026-03-12
110665,1362,2026-03-07,delivered,card,,0.00,1358.00,2026-03-16
110666,728,2026-03-07,delivered,card,,0.00,6380.00,2026-03-16
110667,300,2026-03-07,cancelled,card,,0.00,479.00,
110668,911,2026-03-07,delivered,cash,,0.00,869.00,2026-03-09
110669,2449,2026-03-07,delivered,cash,,0.00,17690.00,2026-03-10
110670,1137,2026-03-07,delivered,card,SPRING500,500.00,71960.00,2026-03-10
110671,618,2026-03-07,cancelled,card,,0.00,6890.00,
110672,1417,2026-03-07,delivered,card,,0.00,679.00,2026-03-11
110673,677,2026-03-07,delivered,sbp,,0.00,10408.00,2026-03-12
110674,388,2026-03-07,delivered,card,,0.00,2390.00,2026-03-11
110675,638,2026-03-07,delivered,card,,0.00,22380.00,2026-03-11
110676,2465,2026-03-07,delivered,card,,0.00,869.00,2026-03-11
110677,417,2026-03-08,delivered,card,,0.00,8048.00,2026-03-10
110678,1042,2026-03-08,delivered,card,,0.00,36390.00,2026-03-12
110679,776,2026-03-08,delivered,card,,0.00,6890.00,2026-03-13
110680,1953,2026-03-08,delivered,card,,0.00,6279.00,2026-03-11
110681,993,2026-03-08,delivered,card,,0.00,39580.00,2026-03-14
110682,2333,2026-03-08,delivered,card,,0.00,5580.00,2026-03-11
110683,2281,2026-03-08,delivered,cash,SPRING500,500.00,7280.00,2026-03-10
110684,1178,2026-03-08,delivered,sbp,,0.00,1490.00,2026-03-09
110685,2170,2026-03-08,delivered,card,,0.00,46148.00,2026-03-11
110686,2479,2026-03-08,delivered,card,,0.00,2290.00,2026-03-10
110687,1216,2026-03-08,delivered,sbp,SPRING500,500.00,4680.00,2026-03-15
110688,1939,2026-03-08,delivered,sbp,,0.00,15680.00,2026-03-10
110689,1557,2026-03-08,delivered,card,,0.00,2890.00,2026-03-12
110690,442,2026-03-08,delivered,card,,0.00,12790.00,2026-03-14
110691,126,2026-03-08,delivered,sbp,,0.00,4269.00,2026-03-16
110692,951,2026-03-08,delivered,cash,,0.00,2290.00,2026-03-12
110693,1226,2026-03-08,delivered,card,,0.00,3269.00,2026-03-11
110694,2426,2026-03-08,delivered,card,,0.00,1758.00,2026-03-12
110695,580,2026-03-08,delivered,sbp,,0.00,97370.00,2026-03-09
110696,1274,2026-03-08,delivered,sbp,,0.00,4890.00,2026-03-13
110697,2439,2026-03-08,cancelled,card,,0.00,879.00,
110698,627,2026-03-08,delivered,cash,,0.00,8747.00,2026-03-11
110699,897,2026-03-08,delivered,card,SPRING500,500.00,3269.00,2026-03-11
110700,462,2026-03-08,cancelled,card,,0.00,879.00,
110701,2510,2026-03-08,delivered,card,WELCOME10,149.00,1341.00,2026-03-15
110702,2256,2026-03-08,delivered,card,,0.00,4780.00,2026-03-12
110703,2466,2026-03-08,delivered,sbp,,0.00,8869.00,2026-03-13
110704,812,2026-03-08,delivered,card,,0.00,8280.00,2026-03-11
110705,443,2026-03-08,cancelled,card,,0.00,1890.00,
110706,775,2026-03-08,delivered,card,,0.00,3480.00,2026-03-11
110707,1618,2026-03-08,delivered,sbp,,0.00,3390.00,2026-03-10
110708,102,2026-03-08,delivered,card,,0.00,1758.00,2026-03-09
110709,1152,2026-03-08,delivered,card,,0.00,1158.00,2026-03-11
110710,2275,2026-03-08,delivered,card,SPRING500,500.00,4390.00,2026-03-11
110711,125,2026-03-08,delivered,sbp,,0.00,15180.00,2026-03-10
110712,2506,2026-03-08,delivered,card,SPRING500,500.00,11460.00,2026-03-10
110713,102,2026-03-08,delivered,card,,0.00,1290.00,2026-03-11
110714,1407,2026-03-08,returned,card,,0.00,12437.00,2026-03-13
110715,1628,2026-03-08,delivered,card,SPRING500,500.00,2590.00,2026-03-14
110716,687,2026-03-08,delivered,sbp,,0.00,26170.00,2026-03-09
110717,2195,2026-03-08,cancelled,sbp,,0.00,2980.00,
110718,2514,2026-03-09,delivered,card,WELCOME10,309.00,2781.00,2026-03-14
110719,1725,2026-03-09,delivered,sbp,,0.00,958.00,2026-03-11
110720,1217,2026-03-09,delivered,card,,0.00,1158.00,2026-03-12
110721,1964,2026-03-09,delivered,card,,0.00,29480.00,2026-03-14
110722,2342,2026-03-09,delivered,card,,0.00,879.00,2026-03-10
110723,820,2026-03-09,delivered,card,,0.00,147117.00,2026-03-11
110724,1719,2026-03-09,cancelled,cash,,0.00,5326.00,
110725,1100,2026-03-09,returned,card,,0.00,1578.00,2026-03-13
110726,2342,2026-03-09,delivered,sbp,,0.00,1347.00,2026-03-12
110727,642,2026-03-09,delivered,card,,0.00,1490.00,2026-03-11
110728,939,2026-03-09,delivered,cash,,0.00,8396.00,2026-03-14
110729,2113,2026-03-09,delivered,card,,0.00,11790.00,2026-03-13
110730,1421,2026-03-09,delivered,card,,0.00,28580.00,2026-03-12
110731,780,2026-03-09,delivered,card,,0.00,29227.00,2026-03-19
110732,1648,2026-03-09,delivered,card,,0.00,21570.00,2026-03-11
110733,2502,2026-03-09,delivered,sbp,,0.00,63890.00,2026-03-13
110734,2068,2026-03-09,delivered,card,SPRING500,500.00,39769.00,2026-03-16
110735,1319,2026-03-09,delivered,card,,0.00,879.00,2026-03-18
110736,2323,2026-03-09,delivered,card,,0.00,12549.00,2026-03-18
110737,1028,2026-03-09,delivered,card,,0.00,13290.00,2026-03-11
110738,2499,2026-03-09,delivered,cash,,0.00,4648.00,2026-03-10
110739,2083,2026-03-09,returned,sbp,,0.00,1890.00,2026-03-12
110740,578,2026-03-09,delivered,card,,0.00,12669.00,2026-03-18
110741,52,2026-03-09,delivered,card,,0.00,7229.00,2026-03-13
110742,725,2026-03-09,delivered,card,,0.00,979.00,2026-03-12
110743,2036,2026-03-09,delivered,card,,0.00,978.00,2026-03-12
110744,1948,2026-03-09,delivered,card,,0.00,4490.00,2026-03-10
110745,1910,2026-03-09,delivered,sbp,,0.00,1939.00,2026-03-19
110746,2439,2026-03-09,cancelled,cash,,0.00,6537.00,
110747,1978,2026-03-09,delivered,card,,0.00,7259.00,2026-03-11
110748,2134,2026-03-10,delivered,cash,,0.00,63890.00,2026-03-12
110749,1823,2026-03-10,delivered,cash,,0.00,1890.00,2026-03-15
110750,190,2026-03-10,delivered,card,,0.00,7390.00,2026-03-11
110751,2449,2026-03-10,delivered,card,,0.00,879.00,2026-03-14
110752,1725,2026-03-10,delivered,sbp,,0.00,6890.00,2026-03-13
110753,2000,2026-03-10,delivered,card,SPRING500,500.00,2890.00,2026-03-12
110754,1628,2026-03-10,cancelled,sbp,,0.00,1938.00,
110755,1421,2026-03-10,delivered,card,,0.00,1467.00,2026-03-12
110756,838,2026-03-10,delivered,card,,0.00,1558.00,2026-03-13
110757,513,2026-03-10,delivered,card,SPRING500,500.00,31490.00,2026-03-16
110758,574,2026-03-10,delivered,card,SPRING500,500.00,29706.00,2026-03-12
110759,435,2026-03-10,cancelled,card,,0.00,3639.00,
110760,2515,2026-03-10,delivered,sbp,,0.00,5790.00,2026-03-11
110761,2477,2026-03-10,delivered,sbp,,0.00,18269.00,2026-03-20
110762,2256,2026-03-10,delivered,card,,0.00,13607.00,2026-03-14
110763,1214,2026-03-10,delivered,card,,0.00,29728.00,2026-03-14
110764,2362,2026-03-10,returned,card,,0.00,13160.00,2026-03-15
110765,2517,2026-03-10,delivered,cash,,0.00,2037.00,2026-03-14
110766,2403,2026-03-10,returned,card,,0.00,13839.00,2026-03-12
110767,538,2026-03-10,cancelled,card,SPRING500,500.00,20759.00,
110768,1054,2026-03-10,delivered,cash,,0.00,3767.00,2026-03-12
110769,1671,2026-03-10,delivered,card,,0.00,6180.00,2026-03-13
110770,1756,2026-03-10,delivered,card,,0.00,35759.00,2026-03-16
110771,1271,2026-03-10,delivered,cash,,0.00,579.00,2026-03-14
110772,1394,2026-03-10,delivered,cash,,0.00,1490.00,2026-03-13
110773,1985,2026-03-10,delivered,card,,0.00,1490.00,2026-03-12
110774,304,2026-03-10,delivered,card,,0.00,5380.00,2026-03-16
110775,2460,2026-03-10,cancelled,sbp,WELCOME10,1000.00,14159.00,
110776,2512,2026-03-10,delivered,card,,0.00,24580.00,2026-03-11
110777,2500,2026-03-10,delivered,cash,,0.00,4780.00,2026-03-13
110778,968,2026-03-10,delivered,card,,0.00,18459.00,2026-03-14
110779,1806,2026-03-10,delivered,cash,,0.00,1687.00,2026-03-12
110780,2508,2026-03-10,delivered,sbp,WELCOME10,1000.00,23350.00,2026-03-13
110781,1445,2026-03-10,delivered,card,,0.00,4180.00,2026-03-11
110782,1774,2026-03-11,delivered,card,,0.00,5890.00,2026-03-18
110783,2057,2026-03-11,delivered,cash,,0.00,52090.00,2026-03-12
110784,570,2026-03-11,delivered,card,,0.00,3480.00,2026-03-17
110785,1839,2026-03-11,delivered,card,,0.00,4769.00,2026-03-13
110786,574,2026-03-11,delivered,sbp,SPRING500,500.00,43469.00,2026-03-13
110787,1628,2026-03-11,cancelled,sbp,,0.00,5790.00,
110788,263,2026-03-11,delivered,sbp,,0.00,13290.00,2026-03-12
110789,256,2026-03-11,delivered,card,,0.00,3970.00,2026-03-15
110790,1316,2026-03-11,delivered,card,,0.00,27490.00,2026-03-14
110791,2523,2026-03-11,delivered,sbp,,0.00,16580.00,2026-03-14
110792,1111,2026-03-11,delivered,sbp,,0.00,979.00,2026-03-17
110793,2526,2026-03-11,delivered,card,,0.00,1490.00,2026-03-15
110794,752,2026-03-11,delivered,card,,0.00,1290.00,2026-03-14
110795,1857,2026-03-11,delivered,sbp,,0.00,11349.00,2026-03-14
110796,286,2026-03-11,delivered,sbp,,0.00,7680.00,2026-03-19
110797,1450,2026-03-11,delivered,card,,0.00,489.00,2026-03-12
110798,689,2026-03-11,delivered,sbp,,0.00,1890.00,2026-03-17
110799,1416,2026-03-11,delivered,card,SPRING500,500.00,10159.00,2026-03-14
110800,2451,2026-03-11,delivered,card,WELCOME10,618.00,5562.00,2026-03-15
110801,157,2026-03-11,delivered,card,,0.00,3180.00,2026-03-13
110802,1385,2026-03-11,delivered,card,,0.00,679.00,2026-03-15
110803,1072,2026-03-11,delivered,cash,,0.00,3190.00,2026-03-18
110804,498,2026-03-11,delivered,sbp,,0.00,22379.00,2026-03-14
110805,2528,2026-03-11,delivered,card,WELCOME10,1000.00,69159.00,2026-03-12
110806,1054,2026-03-11,delivered,card,,0.00,1939.00,2026-03-15
110807,1338,2026-03-11,cancelled,sbp,,0.00,1357.00,
110808,921,2026-03-11,delivered,cash,,0.00,779.00,2026-03-13
110809,1111,2026-03-11,delivered,card,,0.00,2580.00,2026-03-15
110810,105,2026-03-12,delivered,card,,0.00,4580.00,2026-03-20
110811,967,2026-03-12,returned,card,,0.00,4890.00,2026-03-21
110812,2533,2026-03-12,delivered,card,,0.00,1290.00,2026-03-15
110813,371,2026-03-12,delivered,card,,0.00,8790.00,2026-03-15
110814,1784,2026-03-12,delivered,card,,0.00,4569.00,2026-03-22
110815,2484,2026-03-12,delivered,sbp,,0.00,979.00,2026-03-14
110816,2030,2026-03-12,cancelled,card,,0.00,7570.00,
110817,1929,2026-03-12,cancelled,card,SPRING500,500.00,12280.00,
110818,1887,2026-03-12,delivered,sbp,SPRING500,500.00,10180.00,2026-03-13
110819,2218,2026-03-12,cancelled,sbp,,0.00,85348.00,
110820,2498,2026-03-12,delivered,card,,0.00,28815.00,2026-03-14
110821,1914,2026-03-12,cancelled,cash,SPRING500,500.00,7390.00,
110822,2534,2026-03-12,delivered,sbp,,0.00,20350.00,2026-03-16
110823,1628,2026-03-12,delivered,cash,,0.00,11180.00,2026-03-16
110824,2060,2026-03-12,delivered,card,WELCOME10,928.00,8352.00,2026-03-13
110825,2511,2026-03-12,returned,sbp,SPRING500,500.00,7069.00,2026-03-16
110826,1930,2026-03-12,delivered,sbp,,0.00,4548.00,2026-03-16
110827,2250,2026-03-12,delivered,sbp,,0.00,14480.00,2026-03-18
110828,2525,2026-03-12,delivered,card,WELCOME10,145.80,1312.20,2026-03-21
110829,1611,2026-03-12,delivered,card,,0.00,3090.00,2026-03-18
110830,1772,2026-03-12,cancelled,card,,0.00,4680.00,
110831,2109,2026-03-12,delivered,card,,0.00,3090.00,2026-03-17
110832,2292,2026-03-12,delivered,card,SPRING500,500.00,6390.00,2026-03-14
110833,1648,2026-03-12,delivered,sbp,,0.00,489.00,2026-03-15
110834,1426,2026-03-12,cancelled,sbp,,0.00,4080.00,
110835,1417,2026-03-13,returned,sbp,,0.00,449.00,2026-03-17
110836,996,2026-03-13,delivered,cash,,0.00,1578.00,2026-03-14
110837,135,2026-03-13,delivered,card,,0.00,2169.00,2026-03-17
110838,1009,2026-03-13,delivered,card,,0.00,7890.00,2026-03-18
110839,661,2026-03-13,delivered,card,,0.00,1890.00,2026-03-18
110840,2138,2026-03-13,returned,card,,0.00,1290.00,2026-03-17
110841,2277,2026-03-13,delivered,card,SPRING500,500.00,11290.00,2026-03-17
110842,705,2026-03-13,returned,sbp,,0.00,958.00,2026-03-18
110843,950,2026-03-13,delivered,card,,0.00,4890.00,2026-03-16
110844,184,2026-03-13,delivered,sbp,,0.00,3190.00,2026-03-17
110845,1767,2026-03-13,delivered,card,,0.00,13290.00,2026-03-19
110846,1467,2026-03-13,delivered,sbp,,0.00,3580.00,2026-03-14
110847,552,2026-03-13,delivered,card,,0.00,1090.00,2026-03-16
110848,2529,2026-03-13,delivered,card,,0.00,49190.00,2026-03-15
110849,1292,2026-03-13,returned,sbp,,0.00,4069.00,2026-03-18
110850,2219,2026-03-13,delivered,sbp,,0.00,5480.00,2026-03-16
110851,1628,2026-03-13,delivered,cash,,0.00,6380.00,2026-03-17
110852,1749,2026-03-13,delivered,card,,0.00,1958.00,2026-03-17
110853,566,2026-03-13,delivered,card,,0.00,4295.00,2026-03-21
110854,909,2026-03-13,delivered,card,,0.00,67649.00,2026-03-19
110855,2022,2026-03-13,delivered,card,,0.00,49190.00,2026-03-16
110856,967,2026-03-13,delivered,card,,0.00,979.00,2026-03-18
110857,1450,2026-03-13,delivered,card,,0.00,14680.00,2026-03-16
110858,1041,2026-03-13,delivered,card,,0.00,1890.00,2026-03-17
110859,2380,2026-03-13,delivered,cash,SPRING500,500.00,17190.00,2026-03-14
110860,1288,2026-03-13,delivered,card,SPRING500,500.00,14080.00,2026-03-19
110861,1284,2026-03-13,delivered,card,,0.00,1958.00,2026-03-16
110862,1446,2026-03-13,delivered,card,,0.00,4890.00,2026-03-19
110863,1090,2026-03-13,delivered,sbp,,0.00,18477.00,2026-03-18
110864,2028,2026-03-13,returned,sbp,,0.00,579.00,2026-03-17
110865,1450,2026-03-13,delivered,card,,0.00,979.00,2026-03-16
110866,2530,2026-03-13,delivered,card,,0.00,2290.00,2026-03-15
110867,2292,2026-03-13,delivered,card,,0.00,969.00,2026-03-18
110868,1347,2026-03-13,delivered,cash,,0.00,12790.00,2026-03-16
110869,1115,2026-03-13,cancelled,cash,SPRING500,500.00,11048.00,
110870,2071,2026-03-13,delivered,card,,0.00,11790.00,2026-03-14
110871,1236,2026-03-13,delivered,card,,0.00,2580.00,2026-03-19
110872,827,2026-03-13,delivered,card,SPRING500,500.00,117590.00,2026-03-15
110873,20,2026-03-14,delivered,cash,SPRING500,500.00,4890.00,2026-03-19
110874,2188,2026-03-14,delivered,sbp,,0.00,879.00,2026-03-23
110875,581,2026-03-14,delivered,card,,0.00,11080.00,2026-03-16
110876,511,2026-03-14,delivered,card,,0.00,1758.00,2026-03-16
110877,728,2026-03-14,delivered,card,,0.00,4690.00,2026-03-21
110878,1437,2026-03-14,delivered,card,,0.00,4890.00,2026-03-16
110879,2057,2026-03-14,delivered,card,,0.00,2190.00,2026-03-17
110880,1387,2026-03-14,delivered,sbp,,0.00,1990.00,2026-03-15
110881,1148,2026-03-14,delivered,card,,0.00,9670.00,2026-03-23
110882,2277,2026-03-14,delivered,card,,0.00,8680.00,2026-03-16
110883,451,2026-03-14,delivered,card,,0.00,8790.00,2026-03-18
110884,2016,2026-03-14,delivered,sbp,,0.00,7769.00,2026-03-16
110885,2221,2026-03-14,delivered,card,,0.00,7380.00,2026-03-21
110886,776,2026-03-14,delivered,card,,0.00,6390.00,2026-03-20
110887,1374,2026-03-14,delivered,sbp,,0.00,969.00,2026-03-17
110888,1496,2026-03-14,delivered,sbp,WELCOME10,159.00,1431.00,2026-03-17
110889,1396,2026-03-14,delivered,card,,0.00,5890.00,2026-03-19
110890,465,2026-03-14,delivered,card,,0.00,17860.00,2026-03-21
110891,754,2026-03-14,delivered,card,,0.00,3890.00,2026-03-19
110892,675,2026-03-14,delivered,card,,0.00,879.00,2026-03-18
110893,1702,2026-03-14,delivered,card,,0.00,2890.00,2026-03-20
110894,622,2026-03-14,cancelled,sbp,,0.00,4558.00,
110895,126,2026-03-14,delivered,card,SPRING500,500.00,10290.00,2026-03-22
110896,753,2026-03-14,delivered,card,,0.00,5769.00,2026-03-20
110897,1528,2026-03-14,delivered,sbp,,0.00,7048.00,2026-03-18
110898,1899,2026-03-14,delivered,card,,0.00,789.00,2026-03-18
110899,1910,2026-03-14,cancelled,sbp,SPRING500,500.00,8290.00,
110900,5,2026-03-14,delivered,card,,0.00,3390.00,2026-03-17
110901,1409,2026-03-14,cancelled,card,,0.00,1758.00,
110902,1829,2026-03-14,cancelled,card,,0.00,3580.00,
110903,909,2026-03-14,delivered,cash,,0.00,39280.00,2026-03-20
110904,1144,2026-03-14,delivered,sbp,SPRING500,500.00,2690.00,2026-03-17
110905,580,2026-03-14,delivered,cash,SPRING500,500.00,7269.00,2026-03-15
110906,2536,2026-03-14,delivered,sbp,,0.00,679.00,2026-03-16
110907,1778,2026-03-14,cancelled,cash,,0.00,6869.00,
110908,1967,2026-03-14,delivered,sbp,,0.00,2890.00,2026-03-16
110909,127,2026-03-14,delivered,sbp,,0.00,1790.00,2026-03-24
110910,2534,2026-03-14,delivered,card,,0.00,1490.00,2026-03-17
110911,334,2026-03-15,delivered,sbp,,0.00,8158.00,2026-03-18
110912,2179,2026-03-15,delivered,card,,0.00,1690.00,2026-03-21
110913,1356,2026-03-15,delivered,card,,0.00,2890.00,2026-03-17
110914,2077,2026-03-15,delivered,sbp,SPRING500,500.00,10780.00,2026-03-19
110915,894,2026-03-15,delivered,card,,0.00,879.00,2026-03-18
110916,2540,2026-03-15,delivered,card,,0.00,3048.00,2026-03-16
110917,1111,2026-03-15,cancelled,cash,,0.00,4690.00,
110918,1596,2026-03-15,cancelled,cash,,0.00,12790.00,
110919,1656,2026-03-15,delivered,card,,0.00,2937.00,2026-03-17
110920,1217,2026-03-15,delivered,sbp,,0.00,84139.00,2026-03-18
110921,2543,2026-03-15,delivered,card,WELCOME10,489.00,4401.00,2026-03-19
110922,2522,2026-03-15,delivered,card,WELCOME10,1000.00,10460.00,2026-03-17
110923,2355,2026-03-15,delivered,card,,0.00,2490.00,2026-03-20
110924,753,2026-03-15,delivered,card,,0.00,8469.00,2026-03-20
110925,1601,2026-03-15,delivered,card,,0.00,2948.00,2026-03-19
110926,1450,2026-03-15,delivered,sbp,,0.00,389.00,2026-03-18
110927,2479,2026-03-15,returned,card,SPRING500,500.00,23149.00,2026-03-16
110928,2112,2026-03-15,delivered,card,,0.00,9780.00,2026-03-16
110929,939,2026-03-15,delivered,card,,0.00,24590.00,2026-03-19
110930,1545,2026-03-15,delivered,sbp,,0.00,879.00,2026-03-18
110931,580,2026-03-15,delivered,sbp,,0.00,23370.00,2026-03-17
110932,180,2026-03-15,delivered,card,,0.00,1990.00,2026-03-18
110933,198,2026-03-15,delivered,sbp,,0.00,21160.00,2026-03-19
110934,2032,2026-03-15,delivered,card,SPRING500,500.00,3448.00,2026-03-16
110935,352,2026-03-15,delivered,card,SPRING500,500.00,20680.00,2026-03-17
110936,1719,2026-03-15,delivered,card,,0.00,122980.00,2026-03-18
110937,1967,2026-03-15,delivered,card,,0.00,579.00,2026-03-18
110938,1152,2026-03-15,delivered,cash,,0.00,28469.00,2026-03-20
110939,1142,2026-03-15,delivered,sbp,,0.00,36390.00,2026-03-17
110940,1460,2026-03-15,returned,sbp,,0.00,15139.00,2026-03-19
110941,274,2026-03-15,delivered,sbp,,0.00,6880.00,2026-03-23
110942,1206,2026-03-15,delivered,card,FRIEND300,300.00,4190.00,2026-03-18
110943,2236,2026-03-15,delivered,sbp,SPRING500,500.00,35949.00,2026-03-18
110944,2505,2026-03-15,delivered,card,,0.00,779.00,2026-03-21
110945,2118,2026-03-15,returned,card,,0.00,3737.00,2026-03-18
110946,994,2026-03-15,delivered,card,,0.00,1358.00,2026-03-17
110947,1891,2026-03-15,delivered,card,,0.00,4580.00,2026-03-19
110948,465,2026-03-16,delivered,card,,0.00,5390.00,2026-03-25
110949,1829,2026-03-16,delivered,card,,0.00,11790.00,2026-03-19
110950,499,2026-03-16,returned,sbp,,0.00,4088.00,2026-03-21
110951,1862,2026-03-16,delivered,card,,0.00,3390.00,2026-03-22
110952,547,2026-03-16,delivered,sbp,,0.00,3769.00,2026-03-20
110953,984,2026-03-16,delivered,sbp,SPRING500,500.00,3780.00,2026-03-22
110954,884,2026-03-16,delivered,card,,0.00,7890.00,2026-03-21
110955,51,2026-03-16,returned,cash,,0.00,4980.00,2026-03-20
110956,788,2026-03-16,delivered,card,,0.00,4690.00,2026-03-20
110957,2421,2026-03-16,delivered,card,WELCOME10,263.70,2373.30,2026-03-21
110958,401,2026-03-16,delivered,cash,,0.00,6890.00,2026-03-18
110959,2531,2026-03-16,delivered,card,,0.00,1990.00,2026-03-19
110960,1943,2026-03-16,delivered,card,,0.00,62470.00,2026-03-19
110961,774,2026-03-16,delivered,card,,0.00,1558.00,2026-03-21
110962,2107,2026-03-16,delivered,card,SPRING500,500.00,37560.00,2026-03-21
110963,752,2026-03-16,delivered,cash,,0.00,879.00,2026-03-18
110964,1115,2026-03-16,delivered,card,,0.00,449.00,2026-03-18
110965,664,2026-03-16,delivered,card,,0.00,579.00,2026-03-20
110966,2544,2026-03-16,delivered,card,,0.00,127880.00,2026-03-19
110967,1523,2026-03-16,cancelled,sbp,,0.00,133380.00,
110968,967,2026-03-16,delivered,card,,0.00,879.00,2026-03-20
110969,2273,2026-03-16,cancelled,sbp,,0.00,3416.00,
110970,939,2026-03-16,delivered,card,,0.00,41780.00,2026-03-19
110971,993,2026-03-16,delivered,card,,0.00,11278.00,2026-03-23
110972,30,2026-03-16,delivered,card,,0.00,50348.00,2026-03-20
110973,206,2026-03-16,delivered,card,,0.00,2890.00,2026-03-22
110974,2109,2026-03-16,delivered,card,,0.00,7390.00,2026-03-21
110975,2137,2026-03-17,cancelled,sbp,,0.00,7390.00,
110976,473,2026-03-17,delivered,cash,SPRING500,500.00,4390.00,2026-03-18
110977,566,2026-03-17,delivered,sbp,SPRING500,500.00,10270.00,2026-03-26
110978,1083,2026-03-17,delivered,card,,0.00,4890.00,2026-03-21
110979,2461,2026-03-17,delivered,cash,,0.00,3090.00,2026-03-19
110980,168,2026-03-17,delivered,card,,0.00,389.00,2026-03-18
110981,1340,2026-03-17,delivered,sbp,SPRING500,500.00,11159.00,2026-03-21
110982,616,2026-03-17,delivered,card,,0.00,4159.00,2026-03-19
110983,796,2026-03-17,delivered,card,,0.00,11790.00,2026-03-20
110984,272,2026-03-17,delivered,card,,0.00,11270.00,2026-03-24
110985,1400,2026-03-17,delivered,sbp,,0.00,2568.00,2026-03-24
110986,2556,2026-03-17,delivered,card,,0.00,1490.00,2026-03-23
110987,2324,2026-03-17,delivered,card,,0.00,1790.00,2026-03-20
110988,1955,2026-03-17,delivered,card,,0.00,17639.00,2026-03-19
110989,1390,2026-03-17,delivered,sbp,,0.00,2490.00,2026-03-20
110990,1522,2026-03-17,delivered,sbp,SPRING500,500.00,8348.00,2026-03-25
110991,1814,2026-03-17,cancelled,sbp,,0.00,679.00,
110992,1689,2026-03-17,delivered,card,,0.00,2290.00,2026-03-18
110993,1799,2026-03-17,delivered,card,,0.00,45949.00,2026-03-21
110994,1426,2026-03-17,delivered,sbp,,0.00,7769.00,2026-03-18
110995,1083,2026-03-17,delivered,card,,0.00,1558.00,2026-03-21
110996,782,2026-03-17,delivered,card,,0.00,42290.00,2026-03-20
110997,23,2026-03-17,delivered,sbp,SPRING500,500.00,38890.00,2026-03-21
110998,1072,2026-03-17,delivered,card,,0.00,1490.00,2026-03-25
110999,414,2026-03-17,delivered,card,,0.00,14680.00,2026-03-20
111000,1069,2026-03-17,delivered,sbp,,0.00,1358.00,2026-03-23
111001,2022,2026-03-17,delivered,sbp,,0.00,5780.00,2026-03-20
111002,1841,2026-03-17,delivered,card,SPRING500,500.00,117590.00,2026-03-20
111003,1567,2026-03-17,cancelled,card,,0.00,4480.00,
111004,2554,2026-03-18,delivered,card,SPRING500,500.00,13228.00,2026-03-26
111005,1448,2026-03-18,cancelled,card,,0.00,7680.00,
111006,2343,2026-03-18,cancelled,cash,,0.00,15117.00,
111007,546,2026-03-18,delivered,cash,SPRING500,500.00,4890.00,2026-03-20
111008,195,2026-03-18,delivered,card,,0.00,33260.00,2026-03-22
111009,884,2026-03-18,delivered,card,,0.00,979.00,2026-03-22
111010,649,2026-03-18,delivered,card,,0.00,1290.00,2026-03-21
111011,388,2026-03-18,delivered,sbp,,0.00,778.00,2026-03-23
111012,615,2026-03-18,delivered,card,,0.00,9790.00,2026-03-21
111013,1396,2026-03-18,delivered,sbp,,0.00,1290.00,2026-03-24
111014,2554,2026-03-18,delivered,card,,0.00,879.00,2026-03-23
111015,2432,2026-03-18,delivered,sbp,,0.00,10517.00,2026-03-21
111016,711,2026-03-18,delivered,sbp,,0.00,4890.00,2026-03-28
111017,2512,2026-03-18,delivered,card,,0.00,978.00,2026-03-20
111018,1006,2026-03-18,delivered,card,,0.00,879.00,2026-03-20
111019,2432,2026-03-18,delivered,card,,0.00,9870.00,2026-03-23
111020,986,2026-03-18,delivered,sbp,,0.00,1758.00,2026-03-23
111021,2287,2026-03-18,delivered,card,,0.00,42290.00,2026-03-22
111022,950,2026-03-18,delivered,sbp,,0.00,7390.00,2026-03-20
111023,1042,2026-03-18,delivered,sbp,,0.00,8080.00,2026-03-23
111024,819,2026-03-18,delivered,sbp,,0.00,10027.00,2026-03-22
111025,2435,2026-03-18,delivered,card,,0.00,7380.00,2026-03-23
111026,2238,2026-03-18,delivered,sbp,WELCOME10,1000.00,10070.00,2026-03-22
111027,1597,2026-03-18,delivered,cash,SPRING500,500.00,6370.00,2026-03-21
111028,2554,2026-03-18,delivered,card,SPRING500,500.00,8780.00,2026-03-27
111029,2421,2026-03-18,delivered,card,,0.00,10959.00,2026-03-23
111030,82,2026-03-18,delivered,sbp,,0.00,1490.00,2026-03-24
111031,97,2026-03-18,delivered,sbp,,0.00,8680.00,2026-03-23
111032,2550,2026-03-18,delivered,card,,0.00,9780.00,2026-03-21
111033,755,2026-03-18,delivered,sbp,,0.00,1758.00,2026-03-19
111034,2461,2026-03-18,delivered,card,,0.00,3390.00,2026-03-19
111035,1436,2026-03-18,delivered,sbp,,0.00,879.00,2026-03-20
111036,1594,2026-03-18,delivered,sbp,,0.00,2190.00,2026-03-21
111037,598,2026-03-18,delivered,sbp,,0.00,1290.00,2026-03-21
111038,2249,2026-03-18,delivered,card,,0.00,30060.00,2026-03-27
111039,559,2026-03-19,cancelled,card,,0.00,50806.00,
111040,2397,2026-03-19,delivered,card,,0.00,2890.00,2026-03-24
111041,1400,2026-03-19,cancelled,card,,0.00,2769.00,
111042,1935,2026-03-19,delivered,sbp,,0.00,2037.00,2026-03-24
111043,1301,2026-03-19,delivered,card,,0.00,879.00,2026-03-23
111044,1350,2026-03-19,delivered,sbp,,0.00,13380.00,2026-03-24
111045,2207,2026-03-19,delivered,sbp,,0.00,16280.00,2026-03-25
111046,1305,2026-03-19,delivered,cash,,0.00,36390.00,2026-03-21
111047,2196,2026-03-19,delivered,card,,0.00,27590.00,2026-03-22
111048,2376,2026-03-19,delivered,sbp,,0.00,4980.00,2026-03-20
111049,388,2026-03-19,delivered,card,SPRING500,500.00,5290.00,2026-03-23
111050,1863,2026-03-19,delivered,card,,0.00,9380.00,2026-03-22
111051,46,2026-03-19,delivered,card,,0.00,2290.00,2026-03-22
111052,762,2026-03-19,delivered,sbp,,0.00,1490.00,2026-03-23
111053,2561,2026-03-19,delivered,card,,0.00,6390.00,2026-03-25
111054,2437,2026-03-19,delivered,card,,0.00,27590.00,2026-03-23
111055,2563,2026-03-19,delivered,card,,0.00,17190.00,2026-03-20
111056,1610,2026-03-19,delivered,sbp,,0.00,1290.00,2026-03-22
111057,1616,2026-03-19,delivered,sbp,,0.00,49190.00,2026-03-21
111058,465,2026-03-19,delivered,cash,,0.00,3580.00,2026-03-29
111059,590,2026-03-19,delivered,sbp,,0.00,979.00,2026-03-25
111060,1915,2026-03-19,delivered,card,WELCOME10,44.90,404.10,2026-03-22
111061,2175,2026-03-19,delivered,card,,0.00,26059.00,2026-03-24
111062,143,2026-03-19,delivered,card,,0.00,1290.00,2026-03-21
111063,716,2026-03-19,delivered,card,,0.00,1467.00,2026-03-23
111064,1,2026-03-19,delivered,sbp,,0.00,5159.00,2026-03-20
111065,238,2026-03-20,delivered,sbp,,0.00,9780.00,2026-03-22
111066,1545,2026-03-20,delivered,card,,0.00,10070.00,2026-03-22
111067,725,2026-03-20,delivered,card,,0.00,3190.00,2026-03-21
111068,2565,2026-03-20,delivered,card,WELCOME10,1000.00,12180.00,2026-03-24
111069,547,2026-03-20,delivered,sbp,,0.00,12796.00,2026-03-26
111070,2479,2026-03-20,delivered,card,,0.00,2037.00,2026-03-21
111071,1955,2026-03-20,delivered,card,,0.00,23860.00,2026-03-24
111072,2354,2026-03-20,delivered,sbp,,0.00,7279.00,2026-03-27
111073,1855,2026-03-20,delivered,sbp,,0.00,3657.00,2026-03-24
111074,1306,2026-03-20,delivered,sbp,,0.00,4680.00,2026-03-21
111075,753,2026-03-20,delivered,cash,,0.00,4690.00,2026-03-30
111076,465,2026-03-20,delivered,card,,0.00,3190.00,2026-03-26
111077,2564,2026-03-20,delivered,sbp,,0.00,2490.00,2026-03-23
111078,355,2026-03-20,returned,card,,0.00,1990.00,2026-03-30
111079,909,2026-03-20,delivered,cash,,0.00,44290.00,2026-03-26
111080,844,2026-03-20,delivered,sbp,,0.00,879.00,2026-03-23
111081,1217,2026-03-20,delivered,card,SPRING500,500.00,18760.00,2026-03-26
111082,2022,2026-03-20,delivered,cash,,0.00,7390.00,2026-03-22
111083,292,2026-03-20,delivered,card,,0.00,49190.00,2026-03-27
111084,618,2026-03-20,delivered,sbp,,0.00,8769.00,2026-03-23
111085,1628,2026-03-20,delivered,card,,0.00,4769.00,2026-03-23
111086,967,2026-03-20,delivered,sbp,,0.00,6890.00,2026-03-28
111087,722,2026-03-20,delivered,card,,0.00,49190.00,2026-03-22
111088,832,2026-03-20,delivered,card,,0.00,17690.00,2026-03-23
111089,334,2026-03-20,delivered,card,,0.00,1790.00,2026-03-21
111090,1442,2026-03-20,delivered,sbp,,0.00,42290.00,2026-03-23
111091,1542,2026-03-20,returned,card,,0.00,7459.00,2026-03-26
111092,1448,2026-03-20,delivered,sbp,,0.00,63990.00,2026-03-24
111093,1301,2026-03-20,delivered,sbp,,0.00,44290.00,2026-03-25
111094,810,2026-03-20,delivered,sbp,,0.00,1290.00,2026-03-26
111095,1001,2026-03-20,delivered,card,,0.00,4890.00,2026-03-26
111096,1821,2026-03-20,delivered,sbp,SPRING500,500.00,6559.00,2026-03-23
111097,442,2026-03-21,delivered,card,,0.00,579.00,2026-03-27
111098,1305,2026-03-21,delivered,card,,0.00,3190.00,2026-03-25
111099,1027,2026-03-21,delivered,sbp,,0.00,2290.00,2026-03-25
111100,1799,2026-03-21,delivered,sbp,,0.00,1990.00,2026-03-23
111101,675,2026-03-21,delivered,card,,0.00,2490.00,2026-03-24
111102,1823,2026-03-21,delivered,cash,,0.00,979.00,2026-03-26
111103,1753,2026-03-21,delivered,sbp,,0.00,6470.00,2026-03-25
111104,832,2026-03-21,delivered,card,,0.00,8470.00,2026-03-26
111105,69,2026-03-21,delivered,card,,0.00,6648.00,2026-03-25
111106,305,2026-03-21,delivered,card,,0.00,1290.00,2026-03-31
111107,499,2026-03-21,delivered,card,,0.00,12080.00,2026-03-29
111108,1401,2026-03-21,delivered,card,,0.00,4390.00,2026-03-23
111109,2219,2026-03-21,delivered,sbp,,0.00,9870.00,2026-03-23
111110,313,2026-03-21,delivered,sbp,,0.00,1758.00,2026-03-24
111111,1668,2026-03-21,delivered,sbp,,0.00,12627.00,2026-03-31
111112,2574,2026-03-21,delivered,card,,0.00,679.00,2026-03-24
111113,30,2026-03-21,delivered,card,,0.00,3390.00,2026-03-25
111114,1143,2026-03-21,delivered,sbp,,0.00,2890.00,2026-03-26
111115,1984,2026-03-21,delivered,card,,0.00,3780.00,2026-03-23
111116,180,2026-03-21,delivered,card,,0.00,1578.00,2026-03-26
111117,1813,2026-03-21,delivered,cash,,0.00,449.00,2026-03-29
111118,1328,2026-03-21,delivered,card,,0.00,7890.00,2026-03-25
111119,1009,2026-03-21,cancelled,card,,0.00,2990.00,
111120,20,2026-03-21,cancelled,card,,0.00,9560.00,
111121,1042,2026-03-21,delivered,card,,0.00,2890.00,2026-03-27
111122,1616,2026-03-21,delivered,card,,0.00,389.00,2026-03-25
111123,993,2026-03-21,delivered,card,,0.00,9417.00,2026-03-26
111124,1908,2026-03-21,delivered,card,,0.00,6890.00,2026-03-26
111125,402,2026-03-21,cancelled,card,,0.00,879.00,
111126,2419,2026-03-21,delivered,card,,0.00,4658.00,2026-03-30
111127,448,2026-03-21,delivered,card,,0.00,579.00,2026-03-24
111128,680,2026-03-21,delivered,sbp,,0.00,49060.00,2026-03-23
111129,1955,2026-03-21,delivered,sbp,SPRING500,500.00,15696.00,2026-03-23
111130,1,2026-03-21,delivered,sbp,,0.00,2290.00,2026-03-23
111131,1926,2026-03-21,delivered,card,,0.00,6080.00,2026-03-29
111132,752,2026-03-21,returned,card,,0.00,2937.00,2026-03-24
111133,2552,2026-03-21,delivered,sbp,WELCOME10,645.90,5813.10,2026-03-26
111134,827,2026-03-21,delivered,card,SPRING500,500.00,8968.00,2026-03-23
111135,921,2026-03-21,delivered,card,,0.00,9790.00,2026-03-23
111136,559,2026-03-22,delivered,sbp,,0.00,32969.00,2026-03-28
111137,2553,2026-03-22,delivered,card,WELCOME10,183.70,1653.30,2026-03-27
111138,2247,2026-03-22,delivered,card,,0.00,63990.00,2026-03-31
111139,2422,2026-03-22,cancelled,card,,0.00,6369.00,
111140,594,2026-03-22,delivered,sbp,,0.00,85527.00,2026-03-24
111141,957,2026-03-22,delivered,sbp,,0.00,3290.00,2026-03-26
111142,154,2026-03-22,delivered,sbp,SPRING500,500.00,10817.00,2026-03-30
111143,1191,2026-03-22,delivered,card,,0.00,17860.00,2026-03-25
111144,1756,2026-03-22,delivered,card,,0.00,6780.00,2026-03-28
111145,2419,2026-03-22,cancelled,cash,,0.00,2990.00,
111146,1964,2026-03-22,delivered,card,,0.00,3927.00,2026-03-27
111147,2238,2026-03-22,delivered,sbp,,0.00,39880.00,2026-03-26
111148,649,2026-03-22,delivered,sbp,,0.00,6680.00,2026-03-26
111149,2518,2026-03-22,delivered,card,FRIEND300,300.00,4590.00,2026-03-26
111150,1423,2026-03-22,cancelled,sbp,,0.00,6390.00,
111151,741,2026-03-22,delivered,card,,0.00,2890.00,2026-03-27
111152,1167,2026-03-22,delivered,sbp,,0.00,7836.00,2026-03-26
111153,431,2026-03-22,delivered,sbp,,0.00,6969.00,2026-03-25
111154,642,2026-03-22,delivered,card,,0.00,10790.00,2026-03-26
111155,1448,2026-03-22,delivered,card,,0.00,4448.00,2026-03-26
111156,1350,2026-03-22,cancelled,card,,0.00,879.00,
111157,1350,2026-03-22,delivered,sbp,,0.00,879.00,2026-03-25
111158,1144,2026-03-22,cancelled,sbp,,0.00,3969.00,
111159,2562,2026-03-22,delivered,sbp,,0.00,7470.00,2026-03-26
111160,2335,2026-03-22,delivered,sbp,WELCOME10,445.90,4013.10,2026-03-28
111161,984,2026-03-22,delivered,sbp,,0.00,8080.00,2026-03-26
111162,1144,2026-03-22,returned,card,,0.00,979.00,2026-03-23
111163,2292,2026-03-22,delivered,card,SPRING500,500.00,10128.00,2026-03-25
111164,1263,2026-03-22,delivered,sbp,,0.00,29957.00,2026-03-25
111165,2036,2026-03-22,delivered,card,,0.00,15127.00,2026-03-24
111166,2104,2026-03-22,delivered,card,,0.00,50060.00,2026-03-27
111167,1288,2026-03-22,delivered,sbp,,0.00,2369.00,2026-03-25
111168,741,2026-03-22,delivered,card,,0.00,6680.00,2026-03-28
111169,2291,2026-03-22,delivered,card,,0.00,22170.00,2026-03-29
111170,2570,2026-03-22,delivered,sbp,,0.00,31980.00,2026-03-23
111171,133,2026-03-22,delivered,sbp,SPRING500,500.00,6847.00,2026-03-26
111172,2213,2026-03-22,delivered,card,,0.00,3190.00,2026-03-25
111173,967,2026-03-22,delivered,card,,0.00,1747.00,2026-03-27
111174,1580,2026-03-22,delivered,sbp,,0.00,9790.00,2026-03-28
111175,1008,2026-03-22,delivered,card,,0.00,6029.00,2026-03-27
111176,1131,2026-03-22,delivered,card,,0.00,1090.00,2026-03-27
111177,1888,2026-03-23,delivered,sbp,,0.00,25470.00,2026-03-24
111178,1007,2026-03-23,delivered,card,SPRING500,500.00,3716.00,2026-03-27
111179,921,2026-03-23,delivered,sbp,,0.00,6048.00,2026-03-26
111180,1636,2026-03-23,delivered,card,,0.00,2505.00,2026-03-26
111181,1305,2026-03-23,cancelled,cash,,0.00,43368.00,
111182,1305,2026-03-23,delivered,card,,0.00,34438.00,2026-03-25
111183,315,2026-03-23,delivered,card,,0.00,6390.00,2026-03-28
111184,1738,2026-03-23,delivered,card,,0.00,6390.00,2026-03-25
111185,1511,2026-03-23,delivered,card,,0.00,5379.00,2026-03-28
111186,263,2026-03-23,delivered,card,,0.00,9780.00,2026-03-26
111187,1819,2026-03-23,delivered,card,,0.00,5370.00,2026-03-25
111188,2512,2026-03-23,delivered,sbp,,0.00,6349.00,2026-03-24
111189,1966,2026-03-23,cancelled,card,,0.00,7347.00,
111190,2484,2026-03-23,delivered,cash,,0.00,3390.00,2026-03-26
111191,1115,2026-03-23,delivered,cash,,0.00,13780.00,2026-03-27
111192,1284,2026-03-23,delivered,card,,0.00,7169.00,2026-03-29
111193,2559,2026-03-23,delivered,card,FRIEND300,300.00,90880.00,2026-03-28
111194,483,2026-03-23,cancelled,card,,0.00,16170.00,
111195,2342,2026-03-23,delivered,card,,0.00,8270.00,2026-03-25
111196,334,2026-03-23,delivered,sbp,,0.00,389.00,2026-03-25
111197,200,2026-03-23,cancelled,card,,0.00,4269.00,
111198,371,2026-03-23,cancelled,card,,0.00,44290.00,
111199,2240,2026-03-23,delivered,card,,0.00,958.00,2026-03-25
111200,1427,2026-03-23,delivered,card,,0.00,29259.00,2026-03-30
111201,2446,2026-03-23,delivered,card,,0.00,3390.00,2026-03-25
111202,1449,2026-03-23,delivered,sbp,,0.00,1358.00,2026-03-26
111203,1887,2026-03-23,delivered,sbp,,0.00,479.00,2026-03-26
111204,701,2026-03-23,delivered,card,,0.00,16690.00,2026-03-27
111205,547,2026-03-23,delivered,card,,0.00,979.00,2026-03-29
111206,1124,2026-03-23,cancelled,cash,,0.00,1437.00,
111207,747,2026-03-23,delivered,card,,0.00,3048.00,2026-04-01
111208,2571,2026-03-23,delivered,sbp,,0.00,479.00,2026-03-26
111209,753,2026-03-23,returned,card,,0.00,6048.00,2026-03-27
111210,2450,2026-03-23,delivered,card,,0.00,7180.00,2026-04-02
111211,121,2026-03-23,delivered,card,,0.00,879.00,2026-03-26
111212,1839,2026-03-24,delivered,card,,0.00,2369.00,2026-03-27
111213,150,2026-03-24,delivered,cash,,0.00,1290.00,2026-03-29
111214,1708,2026-03-24,returned,card,,0.00,2990.00,2026-03-31
111215,812,2026-03-24,delivered,sbp,,0.00,3869.00,2026-03-29
111216,109,2026-03-24,delivered,card,,0.00,3090.00,2026-03-28
111217,660,2026-03-24,delivered,sbp,,0.00,979.00,2026-03-28
111218,1394,2026-03-24,delivered,card,,0.00,5569.00,2026-03-27
111219,795,2026-03-24,delivered,card,,0.00,2290.00,2026-03-27
111220,351,2026-03-24,cancelled,card,SPRING500,500.00,6390.00,
111221,2580,2026-03-24,delivered,card,,0.00,4069.00,2026-03-27
111222,795,2026-03-24,delivered,card,,0.00,4890.00,2026-03-25
111223,1517,2026-03-24,delivered,card,,0.00,7680.00,2026-03-25
111224,364,2026-03-24,delivered,card,SPRING500,500.00,12290.00,2026-04-01
111225,215,2026-03-24,delivered,card,,0.00,3390.00,2026-03-28
111226,222,2026-03-24,delivered,cash,,0.00,1758.00,2026-03-28
111227,2484,2026-03-24,delivered,sbp,,0.00,4880.00,2026-03-28
111228,1390,2026-03-24,delivered,card,,0.00,24590.00,2026-03-28
111229,1241,2026-03-24,delivered,card,,0.00,7480.00,2026-03-28
111230,2585,2026-03-24,delivered,cash,SPRING500,500.00,4080.00,2026-03-30
111231,494,2026-03-24,delivered,card,,0.00,1890.00,2026-03-27
111232,1346,2026-03-24,delivered,cash,,0.00,27590.00,2026-03-26
111233,2512,2026-03-24,delivered,sbp,,0.00,879.00,2026-03-26
111234,305,2026-03-24,delivered,sbp,,0.00,1490.00,2026-04-02
111235,1615,2026-03-24,delivered,card,,0.00,3169.00,2026-03-28
111236,2376,2026-03-24,delivered,card,,0.00,979.00,2026-03-25
111237,2583,2026-03-24,delivered,card,,0.00,1890.00,2026-03-26
111238,520,2026-03-24,delivered,card,,0.00,979.00,2026-03-30
111239,220,2026-03-24,delivered,sbp,,0.00,4380.00,2026-03-25
111240,1966,2026-03-24,delivered,card,,0.00,838.00,2026-03-25
111241,566,2026-03-24,delivered,card,,0.00,389.00,2026-04-03
111242,1628,2026-03-24,returned,card,,0.00,5890.00,2026-03-27
111243,827,2026-03-24,delivered,sbp,,0.00,11668.00,2026-03-26
111244,232,2026-03-25,cancelled,card,,0.00,6390.00,
111245,2083,2026-03-25,delivered,card,,0.00,3890.00,2026-03-28
111246,373,2026-03-25,returned,sbp,,0.00,8049.00,2026-03-28
111247,118,2026-03-25,delivered,sbp,,0.00,6297.00,2026-03-27
111248,1328,2026-03-25,cancelled,cash,,0.00,2490.00,
111249,2582,2026-03-25,delivered,sbp,FRIEND300,300.00,17760.00,2026-03-29
111250,107,2026-03-25,delivered,card,,0.00,1969.00,2026-03-26
111251,1748,2026-03-25,delivered,card,,0.00,1290.00,2026-03-29
111252,1111,2026-03-25,delivered,card,,0.00,2969.00,2026-04-04
111253,810,2026-03-25,delivered,sbp,SPRING500,500.00,34869.00,2026-03-30
111254,675,2026-03-25,delivered,card,,0.00,10790.00,2026-03-28
111255,2586,2026-03-25,delivered,card,,0.00,1490.00,2026-03-28
111256,1207,2026-03-25,delivered,sbp,,0.00,1290.00,2026-03-27
111257,2221,2026-03-25,delivered,sbp,,0.00,16670.00,2026-04-03
111258,52,2026-03-25,delivered,sbp,,0.00,3090.00,2026-04-01
111259,1408,2026-03-25,delivered,card,,0.00,3780.00,2026-03-27
111260,2066,2026-03-25,delivered,sbp,,0.00,879.00,2026-03-30
111261,1457,2026-03-25,delivered,sbp,SPRING500,500.00,15470.00,2026-03-29
111262,2587,2026-03-25,delivered,card,WELCOME10,329.00,2961.00,2026-03-30
111263,1080,2026-03-25,delivered,card,,0.00,42390.00,2026-03-31
111264,552,2026-03-25,delivered,card,,0.00,3169.00,2026-03-28
111265,2263,2026-03-25,delivered,sbp,,0.00,1758.00,2026-03-28
111266,2118,2026-03-25,delivered,sbp,,0.00,2190.00,2026-03-26
111267,1100,2026-03-25,delivered,sbp,,0.00,4390.00,2026-03-29
111268,859,2026-03-25,delivered,sbp,SPRING500,500.00,4480.00,2026-03-29
111269,2484,2026-03-25,delivered,card,,0.00,2290.00,2026-03-27
111270,191,2026-03-26,delivered,sbp,,0.00,979.00,2026-03-27
111271,2022,2026-03-26,delivered,sbp,,0.00,2790.00,2026-03-29
111272,2249,2026-03-26,delivered,card,SPRING500,500.00,2690.00,2026-04-01
111273,2451,2026-03-26,delivered,sbp,,0.00,47559.00,2026-03-30
111274,2213,2026-03-26,delivered,sbp,,0.00,389.00,2026-03-29
111275,2399,2026-03-26,delivered,sbp,,0.00,2290.00,2026-04-05
111276,2269,2026-03-26,delivered,card,,0.00,5158.00,2026-03-29
111277,2589,2026-03-26,delivered,sbp,,0.00,4580.00,2026-03-29
111278,245,2026-03-26,delivered,cash,,0.00,4890.00,2026-03-30
111279,2544,2026-03-26,delivered,sbp,,0.00,1758.00,2026-03-30
111280,1935,2026-03-26,delivered,card,SPRING500,500.00,19148.00,2026-04-05
111281,1251,2026-03-26,cancelled,card,,0.00,83790.00,
111282,942,2026-03-26,delivered,card,,0.00,2490.00,2026-03-31
111283,2346,2026-03-26,delivered,card,,0.00,1290.00,2026-03-27
111284,1088,2026-03-26,delivered,card,,0.00,24590.00,2026-03-29
111285,121,2026-03-26,delivered,sbp,SPRING500,500.00,51528.00,2026-04-01
111286,2304,2026-03-26,delivered,sbp,,0.00,18449.00,2026-04-01
111287,246,2026-03-26,delivered,sbp,,0.00,7880.00,2026-03-30
111288,1893,2026-03-26,delivered,sbp,SPRING500,500.00,5048.00,2026-03-28
111289,472,2026-03-26,delivered,card,,0.00,5127.00,2026-03-30
111290,2446,2026-03-26,delivered,sbp,,0.00,4280.00,2026-03-29
111291,2446,2026-03-26,delivered,card,,0.00,4980.00,2026-03-29
111292,1511,2026-03-26,delivered,card,,0.00,11790.00,2026-03-31
111293,2451,2026-03-26,delivered,cash,,0.00,71980.00,2026-03-28
111294,547,2026-03-26,cancelled,sbp,,0.00,1758.00,
111295,618,2026-03-26,delivered,cash,,0.00,6890.00,2026-03-28
111296,608,2026-03-26,delivered,card,,0.00,21690.00,2026-04-01
111297,1027,2026-03-26,delivered,sbp,,0.00,1990.00,2026-03-28
111298,470,2026-03-26,delivered,card,,0.00,52190.00,2026-03-29
111299,1083,2026-03-26,delivered,card,,0.00,8680.00,2026-03-29
111300,822,2026-03-26,delivered,card,,0.00,24860.00,2026-03-29
111301,974,2026-03-27,delivered,card,,0.00,978.00,2026-03-31
111302,1511,2026-03-27,delivered,card,,0.00,4890.00,2026-04-01
111303,1955,2026-03-27,delivered,sbp,,0.00,17660.00,2026-03-30
111304,1936,2026-03-27,delivered,cash,,0.00,1990.00,2026-03-30
111305,2376,2026-03-27,cancelled,cash,,0.00,13349.00,
111306,2479,2026-03-27,delivered,card,,0.00,579.00,2026-03-29
111307,1636,2026-03-27,delivered,card,SPRING500,500.00,2890.00,2026-03-29
111308,1605,2026-03-27,delivered,card,,0.00,2290.00,2026-03-31
111309,2458,2026-03-27,delivered,cash,,0.00,7890.00,2026-03-30
111310,1992,2026-03-27,returned,card,,0.00,46659.00,2026-03-29
111311,557,2026-03-27,delivered,sbp,,0.00,49290.00,2026-04-03
111312,1457,2026-03-27,delivered,card,SPRING500,500.00,7680.00,2026-03-31
111313,2291,2026-03-27,delivered,sbp,,0.00,7879.00,2026-04-06
111314,706,2026-03-27,delivered,card,,0.00,978.00,2026-03-31
111315,1567,2026-03-27,delivered,cash,,0.00,2490.00,2026-04-01
111316,1567,2026-03-27,delivered,card,,0.00,67828.00,2026-04-01
111317,1550,2026-03-27,delivered,card,,0.00,9717.00,2026-03-29
111318,2593,2026-03-27,delivered,card,,0.00,5769.00,2026-03-30
111319,939,2026-03-27,delivered,card,,0.00,38970.00,2026-04-01
111320,1966,2026-03-27,delivered,card,SPRING500,500.00,4269.00,2026-03-28
111321,1953,2026-03-27,delivered,sbp,,0.00,1590.00,2026-03-30
111322,496,2026-03-27,delivered,sbp,,0.00,4390.00,2026-03-30
111323,1881,2026-03-27,delivered,card,,0.00,7390.00,2026-04-06
111324,2484,2026-03-27,delivered,card,,0.00,1490.00,2026-03-31
111325,837,2026-03-27,delivered,card,,0.00,3026.00,2026-03-29
111326,2126,2026-03-27,delivered,sbp,,0.00,1590.00,2026-03-31
111327,755,2026-03-27,cancelled,cash,,0.00,12859.00,
111328,1271,2026-03-27,delivered,card,,0.00,3390.00,2026-04-01
111329,1676,2026-03-27,delivered,sbp,,0.00,8280.00,2026-03-28
111330,2461,2026-03-27,delivered,card,,0.00,10470.00,2026-03-28
111331,220,2026-03-27,delivered,card,,0.00,6180.00,2026-03-29
111332,2581,2026-03-27,delivered,card,WELCOME10,249.00,2241.00,2026-03-31
111333,2376,2026-03-27,delivered,sbp,,0.00,130480.00,2026-03-28
111334,993,2026-03-27,delivered,sbp,,0.00,15680.00,2026-04-04
111335,1658,2026-03-28,delivered,card,,0.00,2190.00,2026-04-01
111336,2386,2026-03-28,delivered,card,,0.00,14469.00,2026-04-01
111337,2600,2026-03-28,delivered,sbp,WELCOME10,1000.00,22080.00,2026-04-06
111338,971,2026-03-28,delivered,card,SPRING500,500.00,5290.00,2026-03-30
111339,2277,2026-03-28,delivered,card,,0.00,958.00,2026-03-31
111340,50,2026-03-28,delivered,sbp,,0.00,1690.00,2026-04-02
111341,2526,2026-03-28,delivered,card,,0.00,1558.00,2026-03-31
111342,1839,2026-03-28,delivered,card,,0.00,1590.00,2026-03-29
111343,1956,2026-03-28,delivered,card,SPRING500,500.00,26380.00,2026-04-01
111344,808,2026-03-28,delivered,sbp,,0.00,2890.00,2026-03-31
111345,1081,2026-03-28,delivered,card,,0.00,9890.00,2026-04-02
111346,2576,2026-03-28,delivered,cash,WELCOME10,1000.00,22469.00,2026-04-01
111347,294,2026-03-28,delivered,card,,0.00,1737.00,2026-04-01
111348,2240,2026-03-28,delivered,card,,0.00,7538.00,2026-03-30
111349,2584,2026-03-28,delivered,card,,0.00,449.00,2026-04-06
111350,2511,2026-03-28,delivered,card,,0.00,1490.00,2026-04-01
111351,286,2026-03-28,delivered,sbp,,0.00,3769.00,2026-04-07
111352,232,2026-03-28,delivered,sbp,,0.00,4890.00,2026-04-02
111353,1008,2026-03-28,delivered,sbp,,0.00,2279.00,2026-04-02
111354,69,2026-03-28,delivered,card,SPRING500,500.00,3269.00,2026-03-30
111355,1288,2026-03-28,delivered,card,,0.00,489.00,2026-04-02
111356,580,2026-03-28,delivered,sbp,,0.00,11170.00,2026-03-31
111357,2067,2026-03-28,delivered,sbp,,0.00,978.00,2026-04-03
111358,1080,2026-03-28,delivered,sbp,,0.00,4890.00,2026-04-02
111359,2018,2026-03-28,delivered,card,,0.00,3890.00,2026-03-31
111360,1616,2026-03-28,returned,card,,0.00,6659.00,2026-03-30
111361,1263,2026-03-28,delivered,sbp,,0.00,7890.00,2026-03-29
111362,2232,2026-03-28,delivered,sbp,,0.00,1158.00,2026-03-31
111363,1144,2026-03-28,delivered,sbp,,0.00,10080.00,2026-03-31
111364,1943,2026-03-28,delivered,sbp,,0.00,7949.00,2026-04-01
111365,2022,2026-03-28,delivered,card,,0.00,37468.00,2026-03-30
111366,1184,2026-03-28,delivered,sbp,,0.00,2290.00,2026-04-01
111367,2021,2026-03-29,delivered,card,SPRING500,500.00,35990.00,2026-04-03
111368,902,2026-03-29,delivered,card,,0.00,2290.00,2026-04-07
111369,516,2026-03-29,delivered,sbp,,0.00,6469.00,2026-03-31
111370,1569,2026-03-29,delivered,cash,,0.00,958.00,2026-04-08
111371,473,2026-03-29,cancelled,card,,0.00,6390.00,
111372,1684,2026-03-29,delivered,sbp,,0.00,3680.00,2026-04-03
111373,121,2026-03-29,delivered,sbp,,0.00,8780.00,2026-04-04
111374,2240,2026-03-29,cancelled,sbp,,0.00,1758.00,
111375,547,2026-03-29,delivered,card,,0.00,2637.00,2026-04-04
111376,5,2026-03-29,delivered,card,,0.00,25160.00,2026-03-31
111377,1657,2026-03-29,delivered,card,,0.00,14260.00,2026-03-30
111378,1450,2026-03-29,delivered,card,,0.00,9449.00,2026-03-31
111379,300,2026-03-29,delivered,card,SPRING500,500.00,7516.00,2026-03-30
111380,1115,2026-03-29,delivered,card,,0.00,36490.00,2026-04-02
111381,1955,2026-03-29,delivered,card,,0.00,11790.00,2026-03-31
111382,1628,2026-03-29,delivered,sbp,,0.00,17170.00,2026-04-04
111383,2117,2026-03-29,delivered,card,SPRING500,500.00,7390.00,2026-04-03
111384,1142,2026-03-29,delivered,card,,0.00,9880.00,2026-03-31
111385,1004,2026-03-29,delivered,sbp,,0.00,6859.00,2026-04-03
111386,2240,2026-03-29,delivered,card,,0.00,8169.00,2026-04-01
111387,788,2026-03-29,delivered,card,,0.00,13080.00,2026-04-03
111388,1409,2026-03-29,returned,card,,0.00,3290.00,2026-04-03
111389,2151,2026-03-29,delivered,sbp,,0.00,1590.00,2026-03-31
111390,1615,2026-03-29,delivered,sbp,,0.00,1577.00,2026-04-01
111391,1815,2026-03-29,cancelled,card,SPRING500,500.00,7390.00,
111392,2030,2026-03-29,delivered,cash,,0.00,1990.00,2026-04-02
111393,2451,2026-03-29,delivered,cash,,0.00,12279.00,2026-03-31
111394,2112,2026-03-29,cancelled,card,,0.00,8459.00,
111395,1980,2026-03-29,delivered,card,,0.00,7680.00,2026-04-01
111396,191,2026-03-29,delivered,card,,0.00,1990.00,2026-04-01
111397,996,2026-03-29,delivered,card,,0.00,4380.00,2026-04-01
111398,2577,2026-03-29,delivered,card,,0.00,579.00,2026-04-08
111399,1350,2026-03-29,delivered,card,,0.00,26370.00,2026-04-02
111400,2592,2026-03-29,returned,cash,,0.00,1290.00,2026-04-02
111401,2511,2026-03-29,delivered,cash,,0.00,2490.00,2026-04-02
111402,1115,2026-03-29,delivered,card,,0.00,2290.00,2026-04-02
111403,1836,2026-03-29,delivered,card,,0.00,3390.00,2026-04-02
111404,286,2026-03-29,delivered,card,,0.00,1358.00,2026-04-04
111405,1878,2026-03-29,delivered,card,,0.00,1737.00,2026-03-31
111406,2604,2026-03-30,cancelled,sbp,,0.00,3890.00,
111407,922,2026-03-30,delivered,sbp,,0.00,879.00,2026-04-01
111408,2109,2026-03-30,delivered,card,,0.00,14006.00,2026-04-05
111409,2461,2026-03-30,delivered,card,,0.00,2490.00,2026-03-31
111410,1437,2026-03-30,delivered,sbp,,0.00,4890.00,2026-03-31
111411,2472,2026-03-30,delivered,card,,0.00,1490.00,2026-04-08
111412,894,2026-03-30,delivered,card,,0.00,5180.00,2026-04-01
111413,364,2026-03-30,delivered,sbp,,0.00,13290.00,2026-04-08
111414,1940,2026-03-30,delivered,card,,0.00,1777.00,2026-04-02
111415,1962,2026-03-30,delivered,card,SPRING500,500.00,5980.00,2026-04-02
111416,832,2026-03-30,delivered,card,,0.00,8917.00,2026-04-03
111417,1385,2026-03-30,delivered,card,,0.00,1490.00,2026-04-03
111418,1075,2026-03-30,delivered,sbp,,0.00,14449.00,2026-04-03
111419,639,2026-03-30,delivered,card,,0.00,17370.00,2026-04-05
111420,2154,2026-03-30,delivered,sbp,,0.00,5880.00,2026-04-01
111421,1511,2026-03-30,delivered,card,,0.00,6680.00,2026-04-05
111422,2050,2026-03-30,delivered,card,,0.00,2980.00,2026-04-02
111423,1149,2026-03-30,delivered,card,,0.00,2637.00,2026-04-03
111424,2321,2026-03-30,delivered,card,,0.00,14458.00,2026-04-03
111425,2367,2026-03-30,delivered,card,,0.00,449.00,2026-04-02
111426,1408,2026-03-30,delivered,card,,0.00,6580.00,2026-04-03
111427,772,2026-03-30,delivered,card,,0.00,779.00,2026-04-01
111428,573,2026-03-30,delivered,card,SPRING500,500.00,7859.00,2026-04-01
111429,2554,2026-03-30,delivered,sbp,,0.00,32090.00,2026-04-06
111430,126,2026-03-30,delivered,sbp,,0.00,83790.00,2026-04-09
111431,2575,2026-03-30,delivered,card,,0.00,12780.00,2026-04-07
111432,200,2026-03-30,delivered,card,SPRING500,500.00,7680.00,2026-04-03
111433,1822,2026-03-30,delivered,card,,0.00,4690.00,2026-04-01
111434,1597,2026-03-30,delivered,sbp,,0.00,5788.00,2026-04-02
111435,467,2026-03-30,cancelled,sbp,,0.00,3169.00,
111436,1296,2026-03-30,delivered,card,,0.00,2890.00,2026-04-02
111437,916,2026-03-30,delivered,sbp,,0.00,5769.00,2026-04-09
111438,2536,2026-03-31,delivered,sbp,,0.00,6779.00,2026-04-01
111439,1147,2026-03-31,delivered,card,,0.00,3968.00,2026-04-02
111440,1477,2026-03-31,delivered,sbp,,0.00,67980.00,2026-04-07
111441,404,2026-03-31,delivered,card,,0.00,6880.00,2026-04-03
111442,1754,2026-03-31,delivered,card,,0.00,1290.00,2026-04-04
111443,121,2026-03-31,delivered,sbp,,0.00,38950.00,2026-04-05
111444,1910,2026-03-31,delivered,card,,0.00,9159.00,2026-04-08
111445,1967,2026-03-31,delivered,card,,0.00,6890.00,2026-04-03
111446,1702,2026-03-31,delivered,card,,0.00,1467.00,2026-04-04
111447,2247,2026-03-31,delivered,sbp,,0.00,2290.00,2026-04-10
111448,1923,2026-03-31,delivered,cash,,0.00,3390.00,2026-04-02
111449,490,2026-03-31,returned,card,,0.00,5259.00,2026-04-04
111450,127,2026-03-31,delivered,sbp,,0.00,4390.00,2026-04-09
111451,1075,2026-03-31,delivered,sbp,SPRING500,500.00,4890.00,2026-04-02
111452,201,2026-03-31,delivered,card,,0.00,3090.00,2026-04-02
111453,1159,2026-03-31,delivered,card,,0.00,13669.00,2026-04-05
111454,797,2026-03-31,delivered,card,,0.00,679.00,2026-04-06
111455,1446,2026-03-31,delivered,card,,0.00,1490.00,2026-04-06
111456,1470,2026-03-31,delivered,sbp,,0.00,4390.00,2026-04-04
111457,1181,2026-03-31,delivered,sbp,,0.00,449.00,2026-04-01
111458,1939,2026-03-31,delivered,card,,0.00,2580.00,2026-04-02
111459,894,2026-03-31,delivered,sbp,,0.00,958.00,2026-04-01
111460,2047,2026-03-31,delivered,sbp,,0.00,489.00,2026-04-02
111461,1350,2026-03-31,delivered,card,,0.00,879.00,2026-04-04
111462,490,2026-03-31,delivered,sbp,SPRING500,500.00,3427.00,2026-04-03
111463,1654,2026-03-31,delivered,sbp,,0.00,6390.00,2026-04-02
111464,744,2026-03-31,delivered,card,,0.00,20680.00,2026-04-09
111465,580,2026-03-31,cancelled,sbp,SPRING500,500.00,27090.00,
111466,2497,2026-03-31,returned,card,,0.00,978.00,2026-04-03
111467,1857,2026-03-31,returned,sbp,,0.00,1290.00,2026-04-03
111468,513,2026-03-31,cancelled,card,,0.00,489.00,
111469,2188,2026-03-31,delivered,sbp,,0.00,9380.00,2026-04-09
111470,2612,2026-04-01,delivered,card,WELCOME10,448.00,4032.00,2026-04-04
111471,1980,2026-04-01,delivered,card,,0.00,389.00,2026-04-04
111472,2410,2026-04-01,delivered,cash,,0.00,449.00,2026-04-05
111473,1263,2026-04-01,delivered,card,,0.00,4980.00,2026-04-02
111474,82,2026-04-01,delivered,sbp,,0.00,1290.00,2026-04-04
111475,2451,2026-04-01,delivered,card,,0.00,2490.00,2026-04-05
111476,305,2026-04-01,delivered,card,,0.00,1758.00,2026-04-05
111477,2369,2026-04-01,returned,sbp,,0.00,22117.00,2026-04-06
111478,1115,2026-04-01,delivered,card,,0.00,59190.00,2026-04-03
111479,2611,2026-04-01,delivered,cash,SPRING500,500.00,4559.00,2026-04-07
111480,2387,2026-04-01,delivered,card,,0.00,3169.00,2026-04-05
111481,499,2026-04-01,delivered,cash,,0.00,17280.00,2026-04-09
111482,1042,2026-04-01,delivered,sbp,,0.00,10880.00,2026-04-05
111483,1545,2026-04-01,delivered,sbp,,0.00,2480.00,2026-04-04
111484,1336,2026-04-01,delivered,card,SPRING500,500.00,48790.00,2026-04-04
111485,1362,2026-04-01,cancelled,card,,0.00,4890.00,
111486,2602,2026-04-01,returned,card,WELCOME10,693.80,6244.20,2026-04-03
111487,986,2026-04-01,delivered,card,,0.00,579.00,2026-04-05
111488,1726,2026-04-01,cancelled,card,,0.00,9780.00,
111489,1781,2026-04-01,delivered,sbp,,0.00,12790.00,2026-04-05
111490,381,2026-04-01,delivered,card,,0.00,3029.00,2026-04-07
111491,2488,2026-04-01,delivered,sbp,WELCOME10,155.80,1402.20,2026-04-06
111492,2113,2026-04-01,delivered,sbp,,0.00,449.00,2026-04-04
111493,152,2026-04-01,delivered,card,,0.00,2380.00,2026-04-03
111494,2596,2026-04-01,delivered,card,WELCOME10,67.90,611.10,2026-04-06
111495,986,2026-04-01,delivered,cash,,0.00,11338.00,2026-04-05
111496,418,2026-04-01,delivered,card,,0.00,7527.00,2026-04-03
111497,702,2026-04-01,delivered,card,SPRING500,500.00,5290.00,2026-04-04
111498,1628,2026-04-01,delivered,cash,,0.00,2990.00,2026-04-07
111499,241,2026-04-02,delivered,cash,,0.00,1290.00,2026-04-06
111500,2219,2026-04-02,delivered,sbp,,0.00,7890.00,2026-04-05
111501,2362,2026-04-02,delivered,sbp,,0.00,7380.00,2026-04-10
111502,470,2026-04-02,delivered,card,,0.00,6880.00,2026-04-06
111503,2022,2026-04-02,delivered,sbp,,0.00,1290.00,2026-04-05
111504,1814,2026-04-02,delivered,sbp,,0.00,879.00,2026-04-08
111505,1511,2026-04-02,delivered,sbp,,0.00,989.00,2026-04-06
111506,1111,2026-04-02,delivered,sbp,,0.00,3390.00,2026-04-06
111507,429,2026-04-02,delivered,sbp,,0.00,7080.00,2026-04-11
111508,2397,2026-04-02,delivered,card,,0.00,2490.00,2026-04-10
111509,1710,2026-04-02,delivered,card,,0.00,11790.00,2026-04-10
111510,2120,2026-04-02,delivered,sbp,,0.00,449.00,2026-04-05
111511,2582,2026-04-02,delivered,card,,0.00,5790.00,2026-04-05
111512,2263,2026-04-02,delivered,sbp,,0.00,3580.00,2026-04-08
111513,123,2026-04-02,delivered,card,,0.00,5329.00,2026-04-04
111514,1408,2026-04-02,delivered,sbp,,0.00,1347.00,2026-04-05
111515,1845,2026-04-02,delivered,card,,0.00,12790.00,2026-04-05
111516,2368,2026-04-02,delivered,card,,0.00,95970.00,2026-04-09
111517,2594,2026-04-02,cancelled,card,WELCOME10,489.00,4401.00,
111518,2451,2026-04-02,delivered,card,,0.00,8538.00,2026-04-04
111519,52,2026-04-02,delivered,cash,,0.00,20770.00,2026-04-07
111520,1006,2026-04-02,delivered,card,,0.00,4569.00,2026-04-05
111521,364,2026-04-02,cancelled,card,,0.00,3290.00,
111522,1115,2026-04-02,delivered,sbp,,0.00,879.00,2026-04-04
111523,1007,2026-04-02,delivered,card,,0.00,23847.00,2026-04-05
111524,995,2026-04-02,delivered,card,,0.00,3290.00,2026-04-04
111525,1217,2026-04-02,delivered,sbp,,0.00,12790.00,2026-04-06
111526,2582,2026-04-02,cancelled,card,,0.00,15159.00,
111527,725,2026-04-02,returned,card,,0.00,2780.00,2026-04-05
111528,644,2026-04-02,delivered,card,,0.00,12880.00,2026-04-08
111529,256,2026-04-02,cancelled,cash,,0.00,3668.00,
111530,1694,2026-04-02,delivered,card,,0.00,5390.00,2026-04-05
111531,490,2026-04-02,delivered,sbp,SPRING500,500.00,4880.00,2026-04-05
111532,1963,2026-04-02,delivered,cash,,0.00,2490.00,2026-04-04
111533,252,2026-04-02,delivered,sbp,,0.00,879.00,2026-04-07
111534,602,2026-04-02,delivered,sbp,,0.00,679.00,2026-04-04
111535,159,2026-04-02,delivered,cash,,0.00,1790.00,2026-04-05
111536,1217,2026-04-02,delivered,card,,0.00,12779.00,2026-04-05
111537,1301,2026-04-03,delivered,card,,0.00,2290.00,2026-04-08
111538,2603,2026-04-03,returned,sbp,,0.00,989.00,2026-04-04
111539,469,2026-04-03,delivered,card,SPRING500,500.00,9539.00,2026-04-06
111540,675,2026-04-03,delivered,sbp,,0.00,579.00,2026-04-05
111541,902,2026-04-03,delivered,card,,0.00,36490.00,2026-04-07
111542,2383,2026-04-03,delivered,card,,0.00,2490.00,2026-04-07
111543,2618,2026-04-03,delivered,sbp,FRIEND300,300.00,8949.00,2026-04-04
111544,126,2026-04-03,delivered,sbp,,0.00,2890.00,2026-04-12
111545,1945,2026-04-03,delivered,sbp,,0.00,8339.00,2026-04-06
111546,775,2026-04-03,delivered,card,SPRING500,500.00,3279.00,2026-04-04
111547,570,2026-04-03,delivered,cash,,0.00,16790.00,2026-04-07
111548,943,2026-04-03,delivered,cash,,0.00,7890.00,2026-04-09
111549,2581,2026-04-03,delivered,card,,0.00,13259.00,2026-04-06
111550,1649,2026-04-03,cancelled,sbp,,0.00,2490.00,
111551,2616,2026-04-03,delivered,sbp,,0.00,7280.00,2026-04-05
111552,364,2026-04-03,delivered,sbp,,0.00,16750.00,2026-04-09
111553,246,2026-04-03,returned,card,,0.00,449.00,2026-04-07
111554,2622,2026-04-03,delivered,card,WELCOME10,956.00,8604.00,2026-04-07
111555,1966,2026-04-03,delivered,card,,0.00,1290.00,2026-04-04
111556,1436,2026-04-03,cancelled,cash,,0.00,3148.00,
111557,1008,2026-04-03,delivered,card,,0.00,879.00,2026-04-06
111558,775,2026-04-03,delivered,sbp,SPRING500,500.00,7869.00,2026-04-05
111559,1230,2026-04-03,delivered,cash,,0.00,1490.00,2026-04-07
111560,1567,2026-04-03,delivered,card,,0.00,4890.00,2026-04-06
111561,2382,2026-04-03,delivered,card,,0.00,49290.00,2026-04-05
111562,2295,2026-04-03,delivered,card,,0.00,5890.00,2026-04-12
111563,2621,2026-04-03,delivered,card,WELCOME10,691.60,6224.40,2026-04-11
111564,2287,2026-04-03,delivered,sbp,,0.00,64190.00,2026-04-09
111565,2253,2026-04-03,delivered,card,,0.00,2957.00,2026-04-07
111566,2394,2026-04-03,delivered,card,,0.00,7580.00,2026-04-06
111567,880,2026-04-03,delivered,sbp,,0.00,2290.00,2026-04-04
111568,1426,2026-04-03,returned,sbp,SPRING500,500.00,5480.00,2026-04-04
111569,2426,2026-04-03,delivered,sbp,SPRING500,500.00,47259.00,2026-04-05
111570,1784,2026-04-03,delivered,card,,0.00,3580.00,2026-04-09
111571,993,2026-04-03,delivered,cash,,0.00,479.00,2026-04-07
111572,742,2026-04-03,delivered,card,,0.00,27590.00,2026-04-09
111573,1839,2026-04-03,delivered,sbp,,0.00,1347.00,2026-04-05
111574,2617,2026-04-03,delivered,card,,0.00,3390.00,2026-04-11
111575,2006,2026-04-03,delivered,card,,0.00,2580.00,2026-04-07
111576,605,2026-04-03,delivered,sbp,,0.00,779.00,2026-04-13
111577,937,2026-04-03,delivered,sbp,,0.00,2290.00,2026-04-09
111578,2497,2026-04-04,delivered,sbp,,0.00,7390.00,2026-04-05
111579,2623,2026-04-04,delivered,card,WELCOME10,1000.00,16290.00,2026-04-07
111580,1187,2026-04-04,delivered,sbp,,0.00,3390.00,2026-04-08
111581,962,2026-04-04,delivered,card,,0.00,879.00,2026-04-08
111582,1042,2026-04-04,delivered,card,,0.00,10790.00,2026-04-08
111583,2610,2026-04-04,delivered,sbp,,0.00,23180.00,2026-04-06
111584,1144,2026-04-04,delivered,sbp,SPRING500,500.00,4390.00,2026-04-05
111585,1750,2026-04-04,delivered,sbp,,0.00,10459.00,2026-04-11
111586,77,2026-04-04,cancelled,card,,0.00,11880.00,
111587,2575,2026-04-04,cancelled,card,,0.00,1258.00,
111588,2380,2026-04-04,delivered,card,,0.00,59190.00,2026-04-06
111589,1956,2026-04-04,delivered,sbp,,0.00,489.00,2026-04-10
111590,1710,2026-04-04,delivered,card,,0.00,24690.00,2026-04-11
111591,1028,2026-04-04,cancelled,sbp,,0.00,1158.00,
111592,2250,2026-04-04,delivered,card,,0.00,3090.00,2026-04-14
111593,1090,2026-04-04,delivered,sbp,,0.00,679.00,2026-04-12
111594,361,2026-04-04,delivered,card,,0.00,2490.00,2026-04-09
111595,419,2026-04-04,delivered,sbp,SPRING500,500.00,3918.00,2026-04-07
111596,2287,2026-04-04,delivered,card,,0.00,45060.00,2026-04-07
111597,1338,2026-04-04,delivered,card,,0.00,1758.00,2026-04-09
111598,909,2026-04-04,delivered,cash,,0.00,14457.00,2026-04-14
111599,2004,2026-04-04,delivered,sbp,,0.00,1590.00,2026-04-13
111600,2410,2026-04-04,delivered,cash,,0.00,21680.00,2026-04-08
111601,909,2026-04-04,delivered,card,,0.00,33970.00,2026-04-12
111602,2241,2026-04-04,delivered,sbp,,0.00,52280.00,2026-04-08
111603,2349,2026-04-04,cancelled,card,,0.00,3890.00,
111604,2057,2026-04-04,cancelled,cash,,0.00,579.00,
111605,664,2026-04-04,cancelled,card,,0.00,22049.00,
111606,2151,2026-04-04,delivered,card,,0.00,1158.00,2026-04-06
111607,1452,2026-04-04,delivered,sbp,SPRING500,500.00,9147.00,2026-04-12
111608,1401,2026-04-04,delivered,card,,0.00,3890.00,2026-04-07
111609,2118,2026-04-04,delivered,card,,0.00,1990.00,2026-04-05
111610,1996,2026-04-04,delivered,sbp,,0.00,679.00,2026-04-07
111611,1910,2026-04-04,delivered,cash,,0.00,14279.00,2026-04-12
111612,2573,2026-04-04,delivered,sbp,,0.00,7970.00,2026-04-08
111613,1744,2026-04-04,delivered,card,,0.00,14780.00,2026-04-09
111614,2429,2026-04-04,delivered,card,SPRING500,500.00,17579.00,2026-04-11
111615,2579,2026-04-04,delivered,sbp,,0.00,1158.00,2026-04-09
111616,2625,2026-04-04,delivered,cash,WELCOME10,1000.00,38149.00,2026-04-07
111617,1507,2026-04-05,delivered,card,,0.00,3890.00,2026-04-08
111618,161,2026-04-05,delivered,sbp,,0.00,1167.00,2026-04-10
111619,2582,2026-04-05,delivered,cash,,0.00,8057.00,2026-04-09
111620,1432,2026-04-05,delivered,card,,0.00,9459.00,2026-04-07
111621,2112,2026-04-05,delivered,sbp,,0.00,2490.00,2026-04-06
111622,642,2026-04-05,delivered,card,SPRING500,500.00,117990.00,2026-04-09
111623,1757,2026-04-05,delivered,card,,0.00,7890.00,2026-04-06
111624,2510,2026-04-05,delivered,card,SPRING500,500.00,6390.00,2026-04-09
111625,2039,2026-04-05,delivered,card,,0.00,10380.00,2026-04-13
111626,1448,2026-04-05,delivered,sbp,,0.00,11649.00,2026-04-12
111627,69,2026-04-05,delivered,sbp,,0.00,17790.00,2026-04-08
111628,1084,2026-04-05,delivered,card,,0.00,1290.00,2026-04-10
111629,837,2026-04-05,delivered,sbp,,0.00,39490.00,2026-04-06
111630,597,2026-04-05,delivered,card,,0.00,2290.00,2026-04-11
111631,2485,2026-04-05,cancelled,cash,FRIEND300,300.00,5159.00,
111632,1899,2026-04-05,delivered,card,,0.00,1758.00,2026-04-08
111633,502,2026-04-05,delivered,sbp,,0.00,5957.00,2026-04-09
111634,1955,2026-04-05,delivered,sbp,,0.00,1158.00,2026-04-08
111635,631,2026-04-05,delivered,card,,0.00,14780.00,2026-04-08
111636,1926,2026-04-05,delivered,card,,0.00,2580.00,2026-04-10
111637,1338,2026-04-05,delivered,sbp,SPRING500,500.00,58690.00,2026-04-09
111638,2631,2026-04-05,delivered,sbp,,0.00,3890.00,2026-04-10
111639,602,2026-04-05,returned,card,,0.00,24690.00,2026-04-07
111640,1849,2026-04-05,delivered,card,,0.00,8780.00,2026-04-07
111641,1802,2026-04-05,delivered,card,,0.00,2979.00,2026-04-06
111642,815,2026-04-05,delivered,card,SPRING500,500.00,4390.00,2026-04-07
111643,2250,2026-04-05,delivered,card,,0.00,7380.00,2026-04-10
111644,950,2026-04-05,delivered,card,SPRING500,500.00,3848.00,2026-04-07
111645,1457,2026-04-05,cancelled,card,,0.00,2490.00,
111646,404,2026-04-05,delivered,card,,0.00,3316.00,2026-04-07
111647,2535,2026-04-05,delivered,card,,0.00,3390.00,2026-04-09
111648,1470,2026-04-05,cancelled,cash,,0.00,2580.00,
111649,925,2026-04-05,delivered,card,SPRING500,500.00,32090.00,2026-04-08
111650,101,2026-04-05,delivered,card,,0.00,13460.00,2026-04-11
111651,1400,2026-04-05,delivered,sbp,,0.00,2290.00,2026-04-12
111652,125,2026-04-05,cancelled,card,,0.00,579.00,
111653,1093,2026-04-05,delivered,card,,0.00,1290.00,2026-04-07
111654,1446,2026-04-05,delivered,card,,0.00,1167.00,2026-04-10
111655,2240,2026-04-05,returned,sbp,,0.00,479.00,2026-04-08
111656,511,2026-04-05,delivered,card,,0.00,6728.00,2026-04-10
111657,2629,2026-04-05,delivered,card,FRIEND300,300.00,1879.00,2026-04-08
111658,2075,2026-04-05,delivered,sbp,,0.00,1568.00,2026-04-07
111659,993,2026-04-05,delivered,sbp,,0.00,2490.00,2026-04-09
111660,563,2026-04-05,delivered,sbp,,0.00,2890.00,2026-04-09
111661,258,2026-04-05,cancelled,card,,0.00,1190.00,
111662,2028,2026-04-06,delivered,card,,0.00,128390.00,2026-04-09
111663,168,2026-04-06,delivered,card,,0.00,17070.00,2026-04-07
111664,2630,2026-04-06,delivered,cash,SPRING500,500.00,5480.00,2026-04-10
111665,1467,2026-04-06,delivered,sbp,,0.00,1490.00,2026-04-09
111666,1337,2026-04-06,delivered,card,,0.00,18680.00,2026-04-16
111667,706,2026-04-06,delivered,card,,0.00,2990.00,2026-04-13
111668,25,2026-04-06,delivered,card,,0.00,86838.00,2026-04-11
111669,1762,2026-04-06,delivered,cash,,0.00,2779.00,2026-04-08
111670,513,2026-04-06,delivered,card,,0.00,6870.00,2026-04-10
111671,419,2026-04-06,delivered,card,,0.00,879.00,2026-04-10
111672,557,2026-04-06,delivered,card,SPRING500,500.00,5370.00,2026-04-16
111673,2266,2026-04-06,cancelled,card,SPRING500,500.00,5069.00,
111674,2372,2026-04-06,delivered,sbp,WELCOME10,739.00,6651.00,2026-04-16
111675,2142,2026-04-06,delivered,card,,0.00,1358.00,2026-04-08
111676,452,2026-04-06,delivered,cash,,0.00,1758.00,2026-04-11
111677,2167,2026-04-06,delivered,sbp,SPRING500,500.00,7280.00,2026-04-10
111678,590,2026-04-06,delivered,card,,0.00,9858.00,2026-04-11
111679,1812,2026-04-06,delivered,card,SPRING500,500.00,8680.00,2026-04-08
111680,1400,2026-04-06,delivered,sbp,,0.00,1990.00,2026-04-12
111681,881,2026-04-06,delivered,sbp,,0.00,14280.00,2026-04-08
111682,836,2026-04-06,delivered,sbp,,0.00,3390.00,2026-04-09
111683,845,2026-04-06,delivered,card,,0.00,7280.00,2026-04-11
111684,2552,2026-04-06,delivered,sbp,,0.00,879.00,2026-04-11
111685,1115,2026-04-06,delivered,sbp,,0.00,13290.00,2026-04-08
111686,755,2026-04-06,delivered,card,,0.00,6748.00,2026-04-07
111687,2032,2026-04-06,delivered,sbp,SPRING500,500.00,3279.00,2026-04-07
111688,2632,2026-04-06,delivered,sbp,,0.00,1290.00,2026-04-09
111689,2240,2026-04-06,delivered,card,,0.00,10280.00,2026-04-09
111690,2637,2026-04-07,delivered,card,,0.00,1190.00,2026-04-15
111691,52,2026-04-07,returned,card,,0.00,489.00,2026-04-12
111692,2619,2026-04-07,delivered,card,SPRING500,500.00,41980.00,2026-04-10
111693,1467,2026-04-07,delivered,card,,0.00,2290.00,2026-04-10
111694,1000,2026-04-07,delivered,sbp,,0.00,3290.00,2026-04-09
111695,2050,2026-04-07,delivered,card,,0.00,17290.00,2026-04-10
111696,1624,2026-04-07,delivered,card,,0.00,879.00,2026-04-12
111697,1556,2026-04-07,delivered,sbp,,0.00,7890.00,2026-04-11
111698,1297,2026-04-07,delivered,card,,0.00,2490.00,2026-04-10
111699,2582,2026-04-07,delivered,card,,0.00,3290.00,2026-04-10
111700,1061,2026-04-07,delivered,sbp,,0.00,50247.00,2026-04-10
111701,1424,2026-04-07,delivered,card,,0.00,16228.00,2026-04-16
111702,1350,2026-04-07,delivered,sbp,,0.00,5790.00,2026-04-09
111703,2606,2026-04-07,delivered,card,,0.00,2769.00,2026-04-10
111704,2627,2026-04-07,delivered,card,WELCOME10,116.70,1050.30,2026-04-10
111705,2512,2026-04-07,returned,card,,0.00,1990.00,2026-04-09
111706,993,2026-04-07,delivered,card,,0.00,3890.00,2026-04-15
111707,2642,2026-04-07,delivered,card,SPRING500,500.00,87460.00,2026-04-10
111708,2526,2026-04-07,delivered,sbp,,0.00,4390.00,2026-04-10
111709,1,2026-04-07,delivered,sbp,,0.00,17790.00,2026-04-08
111710,2075,2026-04-07,delivered,card,,0.00,33560.00,2026-04-10
111711,2144,2026-04-07,delivered,card,,0.00,2490.00,2026-04-15
111712,1467,2026-04-07,delivered,card,,0.00,10970.00,2026-04-10
111713,516,2026-04-07,delivered,sbp,,0.00,2490.00,2026-04-11
111714,2579,2026-04-07,delivered,card,,0.00,5980.00,2026-04-15
111715,1054,2026-04-07,cancelled,card,,0.00,4016.00,
111716,2324,2026-04-07,delivered,card,,0.00,4390.00,2026-04-08
111717,1155,2026-04-07,cancelled,cash,,0.00,4748.00,
111718,1953,2026-04-07,delivered,card,,0.00,1437.00,2026-04-12
111719,1412,2026-04-07,delivered,sbp,,0.00,7348.00,2026-04-10
111720,2583,2026-04-07,delivered,card,,0.00,4348.00,2026-04-10
111721,1400,2026-04-07,delivered,card,,0.00,67180.00,2026-04-11
111722,2638,2026-04-07,delivered,cash,,0.00,1558.00,2026-04-11
111723,752,2026-04-08,delivered,sbp,,0.00,20080.00,2026-04-11
111724,1767,2026-04-08,delivered,card,,0.00,28948.00,2026-04-13
111725,2575,2026-04-08,delivered,sbp,,0.00,3390.00,2026-04-15
111726,417,2026-04-08,delivered,card,,0.00,6380.00,2026-04-11
111727,2275,2026-04-08,delivered,sbp,,0.00,16180.00,2026-04-10
111728,580,2026-04-08,delivered,card,,0.00,7869.00,2026-04-09
111729,821,2026-04-08,delivered,card,,0.00,1490.00,2026-04-17
111730,2241,2026-04-08,delivered,cash,,0.00,23180.00,2026-04-10
111731,2421,2026-04-08,delivered,card,,0.00,34826.00,2026-04-12
111732,2165,2026-04-08,delivered,sbp,,0.00,14539.00,2026-04-18
111733,1992,2026-04-08,delivered,card,,0.00,6558.00,2026-04-11
111734,1108,2026-04-08,delivered,cash,,0.00,6480.00,2026-04-10
111735,1939,2026-04-08,delivered,card,,0.00,2490.00,2026-04-12
111736,2165,2026-04-08,delivered,sbp,,0.00,479.00,2026-04-12
111737,84,2026-04-08,delivered,card,,0.00,83990.00,2026-04-13
111738,764,2026-04-08,returned,sbp,,0.00,978.00,2026-04-13
111739,2210,2026-04-08,delivered,card,,0.00,2779.00,2026-04-11
111740,2624,2026-04-08,cancelled,cash,,0.00,1290.00,
111741,1980,2026-04-08,delivered,card,,0.00,7780.00,2026-04-11
111742,984,2026-04-08,delivered,sbp,,0.00,9538.00,2026-04-14
111743,2596,2026-04-08,delivered,card,,0.00,3890.00,2026-04-13
111744,2637,2026-04-08,delivered,cash,,0.00,5958.00,2026-04-16
111745,20,2026-04-08,delivered,card,,0.00,4890.00,2026-04-14
111746,1535,2026-04-08,delivered,card,,0.00,1978.00,2026-04-14
111747,2123,2026-04-08,delivered,sbp,,0.00,3390.00,2026-04-14
111748,737,2026-04-08,cancelled,sbp,,0.00,6580.00,
111749,1380,2026-04-09,delivered,card,,0.00,31080.00,2026-04-10
111750,133,2026-04-09,delivered,sbp,,0.00,26570.00,2026-04-13
111751,1857,2026-04-09,delivered,card,,0.00,679.00,2026-04-14
111752,1782,2026-04-09,delivered,card,,0.00,13779.00,2026-04-12
111753,753,2026-04-09,delivered,card,,0.00,19670.00,2026-04-19
111754,2634,2026-04-09,delivered,card,,0.00,4769.00,2026-04-17
111755,180,2026-04-09,delivered,card,,0.00,60670.00,2026-04-12
111756,925,2026-04-09,delivered,card,,0.00,3390.00,2026-04-12
111757,2269,2026-04-09,delivered,card,,0.00,28139.00,2026-04-11
111758,2582,2026-04-09,delivered,card,SPRING500,500.00,27180.00,2026-04-14
111759,2647,2026-04-09,delivered,cash,WELCOME10,775.90,6983.10,2026-04-13
111760,1167,2026-04-09,delivered,sbp,,0.00,1158.00,2026-04-12
111761,1217,2026-04-09,delivered,card,,0.00,4747.00,2026-04-13
111762,195,2026-04-09,delivered,sbp,,0.00,6838.00,2026-04-11
111763,2083,2026-04-09,delivered,card,,0.00,46326.00,2026-04-13
111764,1947,2026-04-09,delivered,sbp,,0.00,68670.00,2026-04-12
111765,1159,2026-04-09,delivered,cash,,0.00,958.00,2026-04-11
111766,546,2026-04-09,delivered,card,,0.00,6480.00,2026-04-12
111767,982,2026-04-09,delivered,card,SPRING500,500.00,37070.00,2026-04-11
111768,894,2026-04-09,delivered,sbp,,0.00,6380.00,2026-04-11
111769,1101,2026-04-09,delivered,card,,0.00,2290.00,2026-04-10
111770,2609,2026-04-09,delivered,sbp,,0.00,17460.00,2026-04-13
111771,1008,2026-04-10,cancelled,card,,0.00,2569.00,
111772,1207,2026-04-10,delivered,card,,0.00,2380.00,2026-04-13
111773,2639,2026-04-10,delivered,sbp,,0.00,879.00,2026-04-12
111774,2658,2026-04-10,delivered,sbp,,0.00,10370.00,2026-04-12
111775,2193,2026-04-10,delivered,sbp,,0.00,4379.00,2026-04-15
111776,2281,2026-04-10,delivered,card,,0.00,958.00,2026-04-13
111777,844,2026-04-10,delivered,card,,0.00,6890.00,2026-04-13
111778,188,2026-04-10,delivered,sbp,,0.00,2037.00,2026-04-13
111779,268,2026-04-10,cancelled,sbp,SPRING500,500.00,17769.00,
111780,948,2026-04-10,delivered,card,,0.00,389.00,2026-04-13
111781,313,2026-04-10,cancelled,card,,0.00,34550.00,
111782,2635,2026-04-10,delivered,card,,0.00,579.00,2026-04-14
111783,664,2026-04-10,delivered,card,,0.00,479.00,2026-04-13
111784,211,2026-04-10,delivered,sbp,,0.00,11790.00,2026-04-14
111785,343,2026-04-10,delivered,card,,0.00,12170.00,2026-04-12
111786,952,2026-04-10,delivered,card,,0.00,2290.00,2026-04-13
111787,341,2026-04-10,delivered,card,,0.00,125970.00,2026-04-15
111788,1668,2026-04-10,delivered,sbp,,0.00,1758.00,2026-04-17
111789,1328,2026-04-10,delivered,sbp,,0.00,579.00,2026-04-12
111790,1374,2026-04-10,delivered,sbp,,0.00,2990.00,2026-04-13
111791,2240,2026-04-10,cancelled,cash,,0.00,1490.00,
111792,1860,2026-04-10,delivered,sbp,,0.00,67180.00,2026-04-11
111793,2598,2026-04-10,delivered,sbp,SPRING500,500.00,50880.00,2026-04-14
111794,1697,2026-04-10,delivered,card,,0.00,7390.00,2026-04-13
111795,2649,2026-04-10,delivered,card,,0.00,17790.00,2026-04-15
111796,2395,2026-04-10,delivered,card,SPRING500,500.00,47870.00,2026-04-19
111797,1400,2026-04-10,delivered,card,,0.00,2490.00,2026-04-14
111798,417,2026-04-10,delivered,card,,0.00,27690.00,2026-04-13
111799,489,2026-04-10,delivered,card,,0.00,10570.00,2026-04-13
111800,2522,2026-04-10,delivered,card,,0.00,38380.00,2026-04-13
111801,69,2026-04-10,delivered,card,SPRING500,500.00,65180.00,2026-04-12
111802,2395,2026-04-10,delivered,card,,0.00,6616.00,2026-04-20
111803,1528,2026-04-10,delivered,sbp,,0.00,1090.00,2026-04-19
111804,2615,2026-04-10,delivered,sbp,,0.00,5780.00,2026-04-11
111805,278,2026-04-10,delivered,sbp,SPRING500,500.00,15949.00,2026-04-14
111806,2656,2026-04-10,delivered,card,WELCOME10,339.00,3051.00,2026-04-14
111807,797,2026-04-10,delivered,card,,0.00,579.00,2026-04-15
111808,304,2026-04-10,delivered,cash,,0.00,29549.00,2026-04-13
111809,376,2026-04-10,delivered,card,,0.00,43128.00,2026-04-15
111810,2636,2026-04-10,delivered,card,,0.00,5390.00,2026-04-12
111811,578,2026-04-11,delivered,card,,0.00,2890.00,2026-04-20
111812,1486,2026-04-11,delivered,sbp,,0.00,64670.00,2026-04-16
111813,489,2026-04-11,delivered,card,,0.00,5790.00,2026-04-13
111814,2099,2026-04-11,delivered,card,SPRING500,500.00,17728.00,2026-04-13
111815,1466,2026-04-11,delivered,card,,0.00,9549.00,2026-04-14
111816,844,2026-04-11,delivered,sbp,,0.00,449.00,2026-04-14
111817,2591,2026-04-11,delivered,card,,0.00,489.00,2026-04-14
111818,52,2026-04-11,delivered,card,,0.00,579.00,2026-04-16
111819,1080,2026-04-11,delivered,card,,0.00,4890.00,2026-04-16
111820,1042,2026-04-11,returned,sbp,,0.00,9260.00,2026-04-14
111821,2083,2026-04-11,delivered,sbp,SPRING500,500.00,3890.00,2026-04-16
111822,756,2026-04-11,delivered,card,,0.00,579.00,2026-04-14
111823,1887,2026-04-11,delivered,card,,0.00,22160.00,2026-04-13
111824,121,2026-04-11,delivered,sbp,,0.00,4429.00,2026-04-17
111825,52,2026-04-11,delivered,card,,0.00,19260.00,2026-04-21
111826,1052,2026-04-11,delivered,card,,0.00,1290.00,2026-04-16
111827,2472,2026-04-11,delivered,card,,0.00,2580.00,2026-04-18
111828,1601,2026-04-11,delivered,card,,0.00,6390.00,2026-04-16
111829,119,2026-04-11,delivered,sbp,,0.00,49390.00,2026-04-13
111830,1263,2026-04-11,delivered,card,,0.00,50880.00,2026-04-14
111831,2645,2026-04-11,cancelled,cash,WELCOME10,1000.00,16790.00,
111832,1081,2026-04-11,delivered,card,SPRING500,500.00,6890.00,2026-04-21
111833,2574,2026-04-11,delivered,card,,0.00,7270.00,2026-04-14
111834,1117,2026-04-11,returned,sbp,,0.00,978.00,2026-04-18
111835,914,2026-04-11,delivered,cash,,0.00,24690.00,2026-04-14
111836,2596,2026-04-11,delivered,card,,0.00,10296.00,2026-04-13
111837,776,2026-04-11,delivered,cash,,0.00,1490.00,2026-04-17
111838,909,2026-04-11,delivered,card,,0.00,3180.00,2026-04-21
111839,776,2026-04-11,delivered,sbp,SPRING500,500.00,6148.00,2026-04-18
111840,1041,2026-04-11,delivered,card,,0.00,17349.00,2026-04-16
111841,2098,2026-04-11,delivered,card,,0.00,6580.00,2026-04-16
111842,2624,2026-04-11,delivered,card,,0.00,14780.00,2026-04-12
111843,2469,2026-04-11,delivered,card,,0.00,2490.00,2026-04-14
111844,1767,2026-04-12,delivered,card,,0.00,2490.00,2026-04-17
111845,1535,2026-04-12,delivered,card,,0.00,33848.00,2026-04-18
111846,1656,2026-04-12,delivered,sbp,,0.00,8327.00,2026-04-14
111847,2568,2026-04-12,delivered,card,,0.00,42490.00,2026-04-22
111848,628,2026-04-12,delivered,sbp,,0.00,19748.00,2026-04-13
111849,1795,2026-04-12,delivered,card,SPRING500,500.00,82460.00,2026-04-20
111850,2198,2026-04-12,delivered,sbp,,0.00,3290.00,2026-04-15
111851,903,2026-04-12,delivered,card,,0.00,978.00,2026-04-18
111852,2342,2026-04-12,delivered,card,,0.00,26719.00,2026-04-13
111853,1381,2026-04-12,delivered,card,,0.00,7390.00,2026-04-18
111854,742,2026-04-12,delivered,card,,0.00,7469.00,2026-04-16
111855,1094,2026-04-12,delivered,sbp,,0.00,6890.00,2026-04-16
111856,925,2026-04-12,delivered,cash,SPRING500,500.00,3569.00,2026-04-15
111857,1729,2026-04-12,delivered,card,,0.00,2190.00,2026-04-17
111858,373,2026-04-12,delivered,card,,0.00,1358.00,2026-04-15
111859,1973,2026-04-12,delivered,sbp,,0.00,8748.00,2026-04-16
111860,499,2026-04-12,delivered,card,,0.00,44490.00,2026-04-21
111861,775,2026-04-12,delivered,sbp,,0.00,4169.00,2026-04-13
111862,1812,2026-04-12,delivered,card,,0.00,5747.00,2026-04-15
111863,2498,2026-04-12,delivered,cash,,0.00,12538.00,2026-04-15
111864,1115,2026-04-12,cancelled,sbp,,0.00,1790.00,
111865,1142,2026-04-12,delivered,card,,0.00,2990.00,2026-04-17
111866,776,2026-04-12,delivered,sbp,,0.00,6390.00,2026-04-20
111867,2637,2026-04-12,delivered,sbp,SPRING500,500.00,4890.00,2026-04-19
111868,148,2026-04-12,delivered,card,,0.00,2637.00,2026-04-15
111869,1668,2026-04-12,delivered,sbp,,0.00,978.00,2026-04-16
111870,704,2026-04-12,delivered,card,,0.00,83990.00,2026-04-19
111871,2479,2026-04-12,delivered,sbp,,0.00,1190.00,2026-04-13
111872,1111,2026-04-12,cancelled,cash,,0.00,53669.00,
111873,1350,2026-04-12,delivered,card,,0.00,3290.00,2026-04-14
111874,2256,2026-04-12,delivered,card,,0.00,2736.00,2026-04-17
111875,263,2026-04-12,delivered,card,,0.00,2290.00,2026-04-15
111876,1855,2026-04-12,delivered,sbp,,0.00,3137.00,2026-04-16
111877,644,2026-04-12,delivered,cash,,0.00,978.00,2026-04-18
111878,2660,2026-04-12,delivered,card,,0.00,3890.00,2026-04-15
111879,1859,2026-04-12,delivered,sbp,SPRING500,500.00,3727.00,2026-04-14
111880,2468,2026-04-12,delivered,cash,,0.00,64190.00,2026-04-16
111881,570,2026-04-12,delivered,card,,0.00,2290.00,2026-04-17
111882,2446,2026-04-12,delivered,sbp,,0.00,7880.00,2026-04-17
111883,475,2026-04-12,delivered,card,,0.00,23180.00,2026-04-15
111884,1822,2026-04-12,delivered,card,,0.00,2990.00,2026-04-14
111885,1115,2026-04-12,delivered,card,,0.00,6380.00,2026-04-16
111886,879,2026-04-12,delivered,card,,0.00,11570.00,2026-04-17
111887,1830,2026-04-12,delivered,card,,0.00,41560.00,2026-04-13
111888,1702,2026-04-12,delivered,card,,0.00,1758.00,2026-04-15
111889,2192,2026-04-12,delivered,card,,0.00,479.00,2026-04-17
111890,402,2026-04-12,delivered,sbp,,0.00,1690.00,2026-04-16
111891,2583,2026-04-12,delivered,sbp,,0.00,32590.00,2026-04-16
111892,1328,2026-04-12,delivered,sbp,,0.00,59290.00,2026-04-15
111893,2672,2026-04-13,delivered,card,,0.00,15239.00,2026-04-18
111894,2158,2026-04-13,delivered,sbp,,0.00,3290.00,2026-04-16
111895,352,2026-04-13,delivered,card,,0.00,9780.00,2026-04-15
111896,2526,2026-04-13,delivered,card,,0.00,13180.00,2026-04-17
111897,2326,2026-04-13,delivered,card,,0.00,879.00,2026-04-16
111898,1080,2026-04-13,delivered,sbp,,0.00,5390.00,2026-04-17
111899,1448,2026-04-13,delivered,card,SPRING500,500.00,3390.00,2026-04-21
111900,2256,2026-04-13,delivered,card,,0.00,1090.00,2026-04-17
111901,52,2026-04-13,delivered,card,SPRING500,500.00,11368.00,2026-04-18
111902,253,2026-04-13,delivered,card,,0.00,1090.00,2026-04-17
111903,2650,2026-04-13,delivered,card,WELCOME10,871.60,7844.40,2026-04-19
111904,2522,2026-04-13,delivered,cash,,0.00,10870.00,2026-04-15
111905,2346,2026-04-13,delivered,card,,0.00,67480.00,2026-04-15
111906,1628,2026-04-13,delivered,card,,0.00,8970.00,2026-04-19
111907,1124,2026-04-13,delivered,sbp,,0.00,2490.00,2026-04-17
111908,584,2026-04-13,delivered,card,,0.00,2980.00,2026-04-16
111909,2391,2026-04-13,delivered,cash,,0.00,1090.00,2026-04-19
111910,678,2026-04-13,delivered,sbp,SPRING500,500.00,12180.00,2026-04-15
111911,373,2026-04-13,delivered,card,,0.00,9380.00,2026-04-16
111912,222,2026-04-13,delivered,sbp,,0.00,1758.00,2026-04-16
111913,1985,2026-04-13,delivered,card,,0.00,3890.00,2026-04-16
111914,2655,2026-04-13,delivered,card,,0.00,1758.00,2026-04-18
111915,1657,2026-04-13,delivered,sbp,,0.00,978.00,2026-04-14
111916,1263,2026-04-13,delivered,card,,0.00,6517.00,2026-04-16
111917,2542,2026-04-13,delivered,sbp,FRIEND300,300.00,1937.00,2026-04-15
111918,578,2026-04-13,delivered,card,,0.00,17790.00,2026-04-23
111919,1218,2026-04-13,delivered,card,,0.00,6890.00,2026-04-20
111920,2662,2026-04-13,delivered,cash,,0.00,5390.00,2026-04-15
111921,1346,2026-04-13,delivered,cash,,0.00,979.00,2026-04-14
111922,2668,2026-04-13,delivered,sbp,WELCOME10,955.00,8595.00,2026-04-15
111923,2317,2026-04-13,delivered,sbp,,0.00,4169.00,2026-04-16
111924,326,2026-04-13,delivered,sbp,,0.00,1290.00,2026-04-19
111925,998,2026-04-13,delivered,card,SPRING500,500.00,33460.00,2026-04-22
111926,1964,2026-04-13,delivered,card,,0.00,989.00,2026-04-17
111927,2606,2026-04-13,delivered,card,,0.00,958.00,2026-04-17
111928,229,2026-04-13,delivered,sbp,,0.00,1990.00,2026-04-16
111929,2326,2026-04-14,delivered,card,,0.00,93370.00,2026-04-19
111930,326,2026-04-14,cancelled,card,,0.00,3069.00,
111931,827,2026-04-14,delivered,card,,0.00,3890.00,2026-04-18
111932,1787,2026-04-14,delivered,sbp,,0.00,449.00,2026-04-20
111933,2284,2026-04-14,delivered,sbp,,0.00,3869.00,2026-04-18
111934,1899,2026-04-14,delivered,sbp,,0.00,7027.00,2026-04-17
111935,2388,2026-04-14,delivered,card,,0.00,16270.00,2026-04-17
111936,2529,2026-04-14,delivered,card,SPRING500,500.00,4890.00,2026-04-18
111937,937,2026-04-14,delivered,card,,0.00,6890.00,2026-04-21
111938,1144,2026-04-14,delivered,card,,0.00,479.00,2026-04-15
111939,2368,2026-04-14,delivered,cash,,0.00,979.00,2026-04-20
111940,1651,2026-04-14,delivered,card,,0.00,65580.00,2026-04-15
111941,627,2026-04-14,returned,card,,0.00,2967.00,2026-04-17
111942,2574,2026-04-14,delivered,card,,0.00,52880.00,2026-04-17
111943,52,2026-04-14,delivered,cash,SPRING500,500.00,20280.00,2026-04-23
111944,2582,2026-04-14,cancelled,card,,0.00,8670.00,
111945,1111,2026-04-14,delivered,card,,0.00,17769.00,2026-04-23
111946,747,2026-04-14,delivered,cash,,0.00,3846.00,2026-04-20
111947,2469,2026-04-14,delivered,sbp,,0.00,1978.00,2026-04-19
111948,1924,2026-04-14,cancelled,card,,0.00,1490.00,
111949,2263,2026-04-14,delivered,card,,0.00,3190.00,2026-04-17
111950,443,2026-04-14,delivered,card,,0.00,2037.00,2026-04-18
111951,2590,2026-04-14,delivered,sbp,WELCOME10,1000.00,23680.00,2026-04-19
111952,1421,2026-04-14,returned,cash,,0.00,10538.00,2026-04-16
111953,2671,2026-04-14,delivered,cash,FRIEND300,300.00,1990.00,2026-04-17
111954,993,2026-04-14,delivered,card,,0.00,7368.00,2026-04-18
111955,802,2026-04-14,delivered,sbp,SPRING500,500.00,10259.00,2026-04-15
111956,428,2026-04-14,delivered,sbp,SPRING500,500.00,10758.00,2026-04-24
111957,206,2026-04-14,delivered,card,,0.00,12790.00,2026-04-21
111958,2081,2026-04-14,delivered,sbp,,0.00,49390.00,2026-04-15
111959,2451,2026-04-14,cancelled,cash,,0.00,2990.00,
111960,1828,2026-04-14,delivered,sbp,,0.00,879.00,2026-04-17
111961,2199,2026-04-15,delivered,card,,0.00,7096.00,2026-04-18
111962,2028,2026-04-15,delivered,card,,0.00,5790.00,2026-04-20
111963,351,2026-04-15,delivered,card,,0.00,18369.00,2026-04-18
111964,1084,2026-04-15,delivered,cash,,0.00,989.00,2026-04-18
111965,1757,2026-04-15,delivered,sbp,,0.00,39490.00,2026-04-18
111966,1448,2026-04-15,delivered,card,,0.00,879.00,2026-04-19
111967,1084,2026-04-15,cancelled,cash,,0.00,1737.00,
111968,362,2026-04-15,delivered,card,,0.00,17290.00,2026-04-17
111969,557,2026-04-15,delivered,sbp,,0.00,1558.00,2026-04-23
111970,1374,2026-04-15,delivered,card,,0.00,4390.00,2026-04-19
111971,97,2026-04-15,returned,card,SPRING500,500.00,70170.00,2026-04-18
111972,169,2026-04-15,delivered,card,,0.00,1490.00,2026-04-18
111973,1823,2026-04-15,delivered,card,,0.00,2356.00,2026-04-21
111974,699,2026-04-15,delivered,sbp,,0.00,3290.00,2026-04-24
111975,2665,2026-04-15,cancelled,card,,0.00,1758.00,
111976,2630,2026-04-15,delivered,card,,0.00,33470.00,2026-04-17
111977,909,2026-04-15,delivered,card,,0.00,10238.00,2026-04-24
111978,356,2026-04-15,delivered,sbp,,0.00,3290.00,2026-04-20
111979,2582,2026-04-15,delivered,card,,0.00,1490.00,2026-04-17
111980,2673,2026-04-15,delivered,card,,0.00,6890.00,2026-04-22
111981,1585,2026-04-15,cancelled,card,,0.00,1090.00,
111982,1271,2026-04-15,delivered,sbp,,0.00,10270.00,2026-04-20
111983,578,2026-04-15,delivered,card,SPRING500,500.00,44569.00,2026-04-23
111984,168,2026-04-15,delivered,sbp,,0.00,989.00,2026-04-18
111985,252,2026-04-15,delivered,card,,0.00,5390.00,2026-04-22
111986,2326,2026-04-15,delivered,sbp,SPRING500,500.00,4390.00,2026-04-21
111987,699,2026-04-15,delivered,sbp,,0.00,989.00,2026-04-25
111988,84,2026-04-15,delivered,sbp,,0.00,14880.00,2026-04-19
111989,1545,2026-04-15,delivered,sbp,SPRING500,500.00,10390.00,2026-04-19
111990,2095,2026-04-15,delivered,card,,0.00,14280.00,2026-04-18
111991,1955,2026-04-15,delivered,sbp,,0.00,978.00,2026-04-19
111992,351,2026-04-15,delivered,card,,0.00,19360.00,2026-04-20
111993,1823,2026-04-16,delivered,card,,0.00,7890.00,2026-04-22
111994,196,2026-04-16,delivered,cash,SPRING500,500.00,3390.00,2026-04-21
111995,1855,2026-04-16,delivered,card,,0.00,1290.00,2026-04-20
111996,1615,2026-04-16,delivered,card,,0.00,6580.00,2026-04-18
111997,2300,2026-04-16,delivered,card,,0.00,17290.00,2026-04-19
111998,184,2026-04-16,delivered,sbp,,0.00,479.00,2026-04-22
111999,2195,2026-04-16,returned,sbp,,0.00,1158.00,2026-04-18
112000,1725,2026-04-16,delivered,sbp,SPRING500,500.00,64880.00,2026-04-19
112001,444,2026-04-16,delivered,card,,0.00,3290.00,2026-04-20
112002,2368,2026-04-16,cancelled,cash,SPRING500,500.00,8780.00,
112003,203,2026-04-16,delivered,card,SPRING500,500.00,6570.00,2026-04-19
112004,133,2026-04-16,delivered,card,,0.00,6670.00,2026-04-21
112005,2677,2026-04-16,delivered,sbp,,0.00,3490.00,2026-04-20
112006,2679,2026-04-16,delivered,card,,0.00,989.00,2026-04-19
112007,1207,2026-04-16,delivered,card,,0.00,44380.00,2026-04-21
112008,2101,2026-04-16,delivered,card,,0.00,2967.00,2026-04-21
112009,97,2026-04-16,delivered,sbp,SPRING500,500.00,5390.00,2026-04-18
112010,133,2026-04-16,cancelled,card,SPRING500,500.00,6670.00,
112011,1271,2026-04-16,delivered,card,,0.00,12280.00,2026-04-20
112012,1783,2026-04-16,delivered,card,,0.00,14780.00,2026-04-20
112013,1084,2026-04-16,cancelled,card,,0.00,6890.00,
112014,193,2026-04-16,delivered,sbp,SPRING500,500.00,2990.00,2026-04-18
112015,1207,2026-04-16,delivered,sbp,,0.00,1290.00,2026-04-18
112016,1385,2026-04-16,delivered,card,,0.00,2490.00,2026-04-18
112017,1212,2026-04-16,delivered,card,,0.00,1190.00,2026-04-19
112018,559,2026-04-16,delivered,sbp,,0.00,12780.00,2026-04-22
112019,2158,2026-04-17,delivered,card,,0.00,7780.00,2026-04-19
112020,2534,2026-04-17,delivered,sbp,,0.00,4968.00,2026-04-19
112021,1305,2026-04-17,delivered,sbp,,0.00,2990.00,2026-04-20
112022,2247,2026-04-17,cancelled,sbp,SPRING500,500.00,123580.00,
112023,1908,2026-04-17,delivered,card,,0.00,489.00,2026-04-22
112024,1808,2026-04-17,delivered,card,,0.00,35580.00,2026-04-19
112025,1964,2026-04-17,delivered,sbp,,0.00,4890.00,2026-04-22
112026,840,2026-04-17,returned,cash,,0.00,54369.00,2026-04-18
112027,133,2026-04-17,delivered,sbp,SPRING500,500.00,6890.00,2026-04-21
112028,1285,2026-04-17,delivered,cash,,0.00,3290.00,2026-04-19
112029,2049,2026-04-17,delivered,sbp,,0.00,17290.00,2026-04-25
112030,2292,2026-04-17,delivered,card,SPRING500,500.00,5958.00,2026-04-22
112031,2192,2026-04-17,cancelled,card,,0.00,13669.00,
112032,1966,2026-04-17,delivered,sbp,,0.00,8890.00,2026-04-20
112033,401,2026-04-17,delivered,card,,0.00,9780.00,2026-04-20
112034,2682,2026-04-17,delivered,card,,0.00,17180.00,2026-04-22
112035,1400,2026-04-17,delivered,sbp,,0.00,7470.00,2026-04-26
112036,2091,2026-04-17,delivered,sbp,,0.00,15860.00,2026-04-22
112037,1658,2026-04-17,delivered,sbp,,0.00,3290.00,2026-04-20
112038,1571,2026-04-17,delivered,card,,0.00,2669.00,2026-04-22
112039,2684,2026-04-17,delivered,card,WELCOME10,1000.00,39369.00,2026-04-20
112040,2579,2026-04-17,delivered,card,,0.00,11870.00,2026-04-23
112041,2681,2026-04-17,delivered,card,,0.00,6890.00,2026-04-22
112042,2022,2026-04-17,delivered,sbp,,0.00,8890.00,2026-04-21
112043,1346,2026-04-17,delivered,card,,0.00,8769.00,2026-04-18
112044,2240,2026-04-17,delivered,sbp,,0.00,789.00,2026-04-20
112045,2208,2026-04-17,cancelled,card,,0.00,6369.00,
112046,2324,2026-04-17,delivered,card,SPRING500,500.00,6379.00,2026-04-20
112047,1448,2026-04-17,delivered,card,,0.00,989.00,2026-04-21
112048,442,2026-04-17,delivered,card,,0.00,2047.00,2026-04-23
112049,448,2026-04-17,delivered,card,,0.00,879.00,2026-04-22
112050,1305,2026-04-17,delivered,card,,0.00,4780.00,2026-04-20
112051,894,2026-04-18,delivered,card,,0.00,2158.00,2026-04-21
112052,628,2026-04-18,delivered,card,,0.00,7580.00,2026-04-19
112053,2694,2026-04-18,delivered,card,,0.00,3890.00,2026-04-21
112054,1390,2026-04-18,cancelled,cash,,0.00,1290.00,
112055,2449,2026-04-18,delivered,cash,SPRING500,500.00,5458.00,2026-04-22
112056,365,2026-04-18,delivered,card,,0.00,32590.00,2026-04-24
112057,2534,2026-04-18,delivered,sbp,,0.00,25450.00,2026-04-21
112058,1184,2026-04-18,delivered,sbp,SPRING500,500.00,5480.00,2026-04-20
112059,200,2026-04-18,delivered,sbp,,0.00,12180.00,2026-04-22
112060,984,2026-04-18,delivered,sbp,,0.00,898.00,2026-04-21
112061,1477,2026-04-18,delivered,sbp,,0.00,2990.00,2026-04-26
112062,608,2026-04-18,cancelled,cash,,0.00,2290.00,
112063,1567,2026-04-18,delivered,sbp,,0.00,1290.00,2026-04-20
112064,1408,2026-04-18,delivered,card,,0.00,5780.00,2026-04-21
112065,1414,2026-04-18,delivered,card,,0.00,47470.00,2026-04-22
112066,2238,2026-04-18,delivered,card,,0.00,2769.00,2026-04-24
112067,290,2026-04-18,delivered,sbp,,0.00,2180.00,2026-04-25
112068,126,2026-04-18,delivered,card,,0.00,3290.00,2026-04-27
112069,1007,2026-04-18,delivered,card,,0.00,10060.00,2026-04-21
112070,1744,2026-04-18,delivered,card,,0.00,4890.00,2026-04-24
112071,2646,2026-04-18,returned,sbp,,0.00,3490.00,2026-04-22
112072,2394,2026-04-18,delivered,card,,0.00,5870.00,2026-04-21
112073,622,2026-04-18,returned,card,,0.00,4890.00,2026-04-21
112074,2666,2026-04-18,delivered,cash,,0.00,13407.00,2026-04-22
112075,2691,2026-04-18,delivered,card,WELCOME10,1000.00,47269.00,2026-04-19
112076,950,2026-04-18,returned,card,,0.00,6480.00,2026-04-20
112077,1090,2026-04-18,delivered,cash,,0.00,1978.00,2026-04-23
112078,188,2026-04-18,delivered,card,,0.00,979.00,2026-04-21
112079,1756,2026-04-18,delivered,card,,0.00,4369.00,2026-04-21
112080,2661,2026-04-18,delivered,card,WELCOME10,1000.00,15280.00,2026-04-23
112081,2515,2026-04-18,delivered,sbp,,0.00,1490.00,2026-04-20
112082,2690,2026-04-18,delivered,card,,0.00,2637.00,2026-04-20
112083,1241,2026-04-18,cancelled,sbp,,0.00,3290.00,
112084,376,2026-04-18,delivered,card,,0.00,4890.00,2026-04-23
112085,14,2026-04-18,delivered,sbp,,0.00,579.00,2026-04-21
112086,2446,2026-04-19,delivered,card,,0.00,9380.00,2026-04-24
112087,1460,2026-04-19,delivered,card,,0.00,1758.00,2026-04-22
112088,2631,2026-04-19,delivered,sbp,,0.00,4280.00,2026-04-24
112089,783,2026-04-19,delivered,card,,0.00,24690.00,2026-04-22
112090,1561,2026-04-19,delivered,card,,0.00,2037.00,2026-04-24
112091,1947,2026-04-19,delivered,card,,0.00,8769.00,2026-04-21
112092,2156,2026-04-19,cancelled,sbp,,0.00,3290.00,
112093,1815,2026-04-19,delivered,card,,0.00,3890.00,2026-04-22
112094,2666,2026-04-19,delivered,card,SPRING500,500.00,14880.00,2026-04-22
112095,623,2026-04-19,delivered,card,,0.00,679.00,2026-04-21
112096,2521,2026-04-19,delivered,card,,0.00,5880.00,2026-04-29
112097,1335,2026-04-19,delivered,card,SPRING500,500.00,4780.00,2026-04-25
112098,2576,2026-04-19,delivered,cash,,0.00,13670.00,2026-04-22
112099,2115,2026-04-19,delivered,card,SPRING500,500.00,11368.00,2026-04-20
112100,1925,2026-04-19,delivered,card,,0.00,2990.00,2026-04-25
112101,2663,2026-04-19,delivered,sbp,,0.00,45780.00,2026-04-24
112102,2244,2026-04-19,delivered,card,,0.00,10569.00,2026-04-22
112103,921,2026-04-19,delivered,card,,0.00,4890.00,2026-04-23
112104,854,2026-04-19,delivered,sbp,,0.00,4890.00,2026-04-23
112105,2350,2026-04-19,delivered,sbp,SPRING500,500.00,13180.00,2026-04-23
112106,2240,2026-04-19,delivered,card,,0.00,579.00,2026-04-22
112107,2667,2026-04-19,delivered,card,WELCOME10,1000.00,10780.00,2026-04-22
112108,1274,2026-04-19,delivered,card,,0.00,1758.00,2026-04-22
112109,351,2026-04-19,cancelled,card,,0.00,7390.00,
112110,2680,2026-04-19,delivered,card,WELCOME10,692.80,6235.20,2026-04-22
112111,2666,2026-04-19,cancelled,card,,0.00,7890.00,
112112,1124,2026-04-19,delivered,card,,0.00,13639.00,2026-04-21
112113,516,2026-04-19,delivered,card,,0.00,11890.00,2026-04-23
112114,1090,2026-04-19,delivered,card,,0.00,8857.00,2026-04-26
112115,756,2026-04-19,delivered,sbp,,0.00,4369.00,2026-04-23
112116,81,2026-04-19,delivered,card,,0.00,1158.00,2026-04-24
112117,1137,2026-04-19,delivered,card,,0.00,11780.00,2026-04-25
112118,547,2026-04-19,delivered,sbp,,0.00,898.00,2026-04-25
112119,2284,2026-04-19,delivered,sbp,,0.00,7870.00,2026-04-22
112120,1702,2026-04-19,delivered,card,SPRING500,500.00,12638.00,2026-04-22
112121,1470,2026-04-19,delivered,card,SPRING500,500.00,7580.00,2026-04-22
112122,921,2026-04-19,delivered,card,,0.00,1758.00,2026-04-21
112123,855,2026-04-19,delivered,sbp,,0.00,479.00,2026-04-20
112124,2115,2026-04-19,delivered,card,,0.00,5447.00,2026-04-20
112125,1968,2026-04-19,delivered,cash,SPRING500,500.00,61550.00,2026-04-22
112126,1535,2026-04-19,delivered,card,,0.00,10580.00,2026-04-22
112127,77,2026-04-19,delivered,card,,0.00,12127.00,2026-04-21
112128,1628,2026-04-19,delivered,card,,0.00,1869.00,2026-04-24
112129,1966,2026-04-19,delivered,card,,0.00,2490.00,2026-04-22
112130,206,2026-04-19,delivered,sbp,,0.00,1690.00,2026-04-29
112131,657,2026-04-19,delivered,card,,0.00,5790.00,2026-04-20
112132,1111,2026-04-19,delivered,card,SPRING500,500.00,3890.00,2026-04-25
112133,1390,2026-04-19,delivered,sbp,,0.00,1890.00,2026-04-22
112134,2241,2026-04-19,delivered,cash,,0.00,5659.00,2026-04-23
112135,2471,2026-04-19,delivered,card,,0.00,1358.00,2026-04-24
112136,1408,2026-04-19,delivered,sbp,,0.00,32090.00,2026-04-22
112137,81,2026-04-19,delivered,cash,,0.00,24370.00,2026-04-23
112138,609,2026-04-19,delivered,sbp,,0.00,8890.00,2026-04-21
112139,1201,2026-04-19,delivered,sbp,,0.00,58618.00,2026-04-25
112140,1774,2026-04-19,returned,card,,0.00,4648.00,2026-04-27
112141,2324,2026-04-19,delivered,sbp,,0.00,1758.00,2026-04-22
112142,2343,2026-04-19,delivered,cash,,0.00,449.00,2026-04-24
112143,2698,2026-04-19,delivered,sbp,,0.00,2169.00,2026-04-24
112144,599,2026-04-19,delivered,card,,0.00,33380.00,2026-04-22
112145,499,2026-04-19,delivered,card,,0.00,489.00,2026-04-29
112146,2221,2026-04-19,delivered,card,SPRING500,500.00,48490.00,2026-04-24
112147,1003,2026-04-19,returned,cash,,0.00,11016.00,2026-04-22
112148,2332,2026-04-19,cancelled,card,SPRING500,500.00,3869.00,
112149,2388,2026-04-20,delivered,card,,0.00,2990.00,2026-04-21
112150,1446,2026-04-20,delivered,sbp,,0.00,1290.00,2026-04-28
112151,2240,2026-04-20,delivered,sbp,,0.00,1490.00,2026-04-23
112152,2673,2026-04-20,delivered,card,,0.00,2190.00,2026-04-26
112153,1804,2026-04-20,delivered,card,,0.00,4890.00,2026-04-29
112154,1733,2026-04-20,delivered,card,,0.00,17260.00,2026-04-22
112155,1457,2026-04-20,delivered,cash,,0.00,489.00,2026-04-23
112156,2700,2026-04-20,cancelled,sbp,WELCOME10,1000.00,44248.00,
112157,2686,2026-04-20,delivered,card,,0.00,1758.00,2026-04-25
112158,2682,2026-04-20,delivered,card,,0.00,489.00,2026-04-26
112159,2192,2026-04-20,delivered,sbp,,0.00,4980.00,2026-04-24
112160,615,2026-04-20,delivered,card,,0.00,3627.00,2026-04-22
112161,417,2026-04-20,delivered,card,,0.00,14760.00,2026-04-21
112162,2269,2026-04-20,delivered,card,,0.00,17290.00,2026-04-21
112163,2460,2026-04-20,returned,card,,0.00,5868.00,2026-04-23
112164,2128,2026-04-20,delivered,card,,0.00,579.00,2026-04-23
112165,456,2026-04-20,delivered,card,,0.00,35170.00,2026-04-22
112166,2316,2026-04-20,delivered,sbp,,0.00,13290.00,2026-04-24
112167,2643,2026-04-20,delivered,cash,,0.00,489.00,2026-04-22
112168,97,2026-04-20,delivered,sbp,,0.00,6890.00,2026-04-25
112169,775,2026-04-20,delivered,card,,0.00,2290.00,2026-04-23
112170,1230,2026-04-20,delivered,card,,0.00,10890.00,2026-04-22
112171,2091,2026-04-20,delivered,sbp,SPRING500,500.00,108280.00,2026-04-26
112172,2437,2026-04-20,delivered,card,,0.00,3190.00,2026-04-24
112173,2292,2026-04-20,delivered,sbp,,0.00,11890.00,2026-04-23
112174,467,2026-04-20,delivered,cash,,0.00,6670.00,2026-04-25
112175,1362,2026-04-20,delivered,sbp,,0.00,7890.00,2026-04-30
112176,1182,2026-04-20,delivered,sbp,,0.00,8380.00,2026-04-21
112177,665,2026-04-20,delivered,sbp,,0.00,6980.00,2026-04-26
112178,84,2026-04-20,delivered,sbp,,0.00,1290.00,2026-04-29
112179,294,2026-04-20,delivered,card,,0.00,5869.00,2026-04-24
112180,2572,2026-04-20,delivered,card,WELCOME10,265.70,2391.30,2026-04-24
112181,2167,2026-04-20,cancelled,sbp,,0.00,1290.00,
112182,2316,2026-04-21,delivered,card,,0.00,489.00,2026-04-24
112183,388,2026-04-21,delivered,sbp,,0.00,958.00,2026-04-27
112184,747,2026-04-21,delivered,card,,0.00,7780.00,2026-04-25
112185,2695,2026-04-21,delivered,card,SPRING500,500.00,6390.00,2026-04-22
112186,1585,2026-04-21,delivered,card,,0.00,77749.00,2026-04-24
112187,836,2026-04-21,delivered,sbp,,0.00,17790.00,2026-04-25
112188,2479,2026-04-21,delivered,card,,0.00,52390.00,2026-04-22
112189,1408,2026-04-21,delivered,card,,0.00,3190.00,2026-04-23
112190,1336,2026-04-21,delivered,card,,0.00,7390.00,2026-04-23
112191,201,2026-04-21,delivered,sbp,,0.00,15970.00,2026-04-23
112192,1026,2026-04-21,delivered,card,,0.00,8280.00,2026-04-24
112193,1992,2026-04-21,delivered,sbp,,0.00,879.00,2026-04-23
112194,594,2026-04-21,delivered,sbp,,0.00,11259.00,2026-04-24
112195,1485,2026-04-21,delivered,sbp,,0.00,5058.00,2026-04-28
112196,755,2026-04-21,delivered,card,,0.00,5180.00,2026-04-23
112197,2272,2026-04-21,delivered,card,,0.00,5370.00,2026-04-27
112198,1197,2026-04-21,delivered,sbp,,0.00,122660.00,2026-04-27
112199,161,2026-04-21,delivered,card,,0.00,7838.00,2026-04-30
112200,2090,2026-04-21,returned,card,,0.00,4879.00,2026-04-27
112201,381,2026-04-21,delivered,card,,0.00,8180.00,2026-04-24
112202,2682,2026-04-21,cancelled,sbp,,0.00,2980.00,
112203,1734,2026-04-21,delivered,card,,0.00,4580.00,2026-05-01
112204,473,2026-04-21,delivered,card,,0.00,32190.00,2026-04-22
112205,278,2026-04-21,delivered,sbp,,0.00,20350.00,2026-04-23
112206,102,2026-04-21,cancelled,cash,,0.00,8890.00,
112207,1241,2026-04-21,delivered,cash,SPRING500,500.00,5290.00,2026-04-24
112208,206,2026-04-21,delivered,card,,0.00,989.00,2026-04-30
112209,752,2026-04-21,delivered,sbp,,0.00,7890.00,2026-04-23
112210,2659,2026-04-21,delivered,card,SPRING500,500.00,5880.00,2026-04-27
112211,763,2026-04-21,delivered,card,,0.00,1358.00,2026-04-24
112212,594,2026-04-21,delivered,card,,0.00,1158.00,2026-04-23
112213,2240,2026-04-21,cancelled,card,,0.00,33968.00,
112214,1330,2026-04-22,delivered,cash,,0.00,1490.00,2026-04-25
112215,2692,2026-04-22,delivered,card,WELCOME10,246.80,2221.20,2026-04-28
112216,278,2026-04-22,delivered,card,,0.00,879.00,2026-04-26
112217,1288,2026-04-22,delivered,cash,,0.00,8890.00,2026-04-26
112218,222,2026-04-22,delivered,cash,,0.00,3126.00,2026-04-27
112219,1552,2026-04-22,delivered,cash,,0.00,1290.00,2026-04-25
112220,1476,2026-04-22,delivered,card,,0.00,32270.00,2026-04-25
112221,509,2026-04-22,delivered,card,,0.00,4890.00,2026-04-24
112222,1823,2026-04-22,delivered,sbp,,0.00,1690.00,2026-04-28
112223,796,2026-04-22,delivered,sbp,,0.00,12016.00,2026-04-24
112224,1787,2026-04-22,delivered,sbp,,0.00,54869.00,2026-05-02
112225,2709,2026-04-22,delivered,card,FRIEND300,300.00,4280.00,2026-04-26
112226,483,2026-04-22,delivered,card,SPRING500,500.00,5288.00,2026-04-30
112227,2624,2026-04-22,delivered,card,,0.00,3490.00,2026-04-23
112228,2704,2026-04-22,delivered,cash,,0.00,4580.00,2026-04-24
112229,1271,2026-04-22,delivered,card,,0.00,3490.00,2026-04-28
112230,2657,2026-04-22,delivered,sbp,,0.00,20780.00,2026-04-26
112231,1658,2026-04-22,returned,card,SPRING500,500.00,9280.00,2026-04-25
112232,2628,2026-04-22,cancelled,sbp,WELCOME10,1000.00,10058.00,
112233,1549,2026-04-22,delivered,card,SPRING500,500.00,4958.00,2026-05-01
112234,1288,2026-04-22,delivered,card,,0.00,879.00,2026-04-25
112235,2582,2026-04-22,delivered,card,,0.00,579.00,2026-04-25
112236,2701,2026-04-22,delivered,card,,0.00,16269.00,2026-05-02
112237,2702,2026-04-22,returned,sbp,,0.00,489.00,2026-04-28
112238,2521,2026-04-22,delivered,card,,0.00,60880.00,2026-04-27
112239,465,2026-04-22,delivered,cash,SPRING500,500.00,3990.00,2026-04-26
112240,1636,2026-04-22,delivered,sbp,,0.00,2990.00,2026-04-24
112241,2534,2026-04-22,delivered,card,,0.00,7980.00,2026-04-26
112242,2707,2026-04-22,delivered,sbp,WELCOME10,539.00,4851.00,2026-04-28
112243,109,2026-04-22,cancelled,card,,0.00,6390.00,
112244,1407,2026-04-22,delivered,card,,0.00,2490.00,2026-04-28
112245,2257,2026-04-22,delivered,card,,0.00,13879.00,2026-04-30
112246,1369,2026-04-22,delivered,card,,0.00,3890.00,2026-04-25
112247,499,2026-04-22,delivered,sbp,SPRING500,500.00,12180.00,2026-04-26
112248,20,2026-04-22,delivered,cash,,0.00,52160.00,2026-04-28
112249,2713,2026-04-23,delivered,sbp,,0.00,2207.00,2026-05-02
112250,2705,2026-04-23,delivered,card,SPRING500,500.00,10188.00,2026-04-26
112251,2708,2026-04-23,returned,card,WELCOME10,1000.00,9464.00,2026-04-29
112252,286,2026-04-23,delivered,sbp,,0.00,1990.00,2026-05-02
112253,184,2026-04-23,delivered,card,,0.00,8890.00,2026-04-28
112254,547,2026-04-23,delivered,card,,0.00,12890.00,2026-04-27
112255,1081,2026-04-23,delivered,sbp,SPRING500,500.00,4390.00,2026-04-27
112256,1660,2026-04-23,delivered,cash,,0.00,37970.00,2026-04-30
112257,1284,2026-04-23,delivered,card,,0.00,3869.00,2026-04-26
112258,2646,2026-04-23,delivered,card,SPRING500,500.00,2569.00,2026-04-29
112259,1217,2026-04-23,delivered,sbp,,0.00,3290.00,2026-04-29
112260,1887,2026-04-23,delivered,sbp,,0.00,8469.00,2026-04-26
112261,373,2026-04-23,delivered,card,,0.00,3490.00,2026-04-27
112262,2154,2026-04-23,delivered,card,,0.00,1290.00,2026-04-26
112263,423,2026-04-23,delivered,card,SPRING500,500.00,36090.00,2026-05-03
112264,741,2026-04-23,delivered,card,,0.00,7359.00,2026-04-28
112265,1352,2026-04-23,delivered,sbp,,0.00,489.00,2026-04-29
112266,2378,2026-04-23,delivered,sbp,,0.00,1290.00,2026-04-30
112267,1955,2026-04-23,delivered,card,,0.00,2490.00,2026-04-26
112268,2326,2026-04-23,delivered,card,,0.00,3290.00,2026-04-28
112269,1511,2026-04-23,delivered,card,,0.00,71216.00,2026-04-27
112270,2322,2026-04-23,delivered,card,,0.00,5659.00,2026-04-27
112271,1433,2026-04-23,delivered,sbp,,0.00,579.00,2026-04-27
112272,783,2026-04-23,delivered,card,,0.00,4890.00,2026-04-25
112273,121,2026-04-23,delivered,card,,0.00,6580.00,2026-04-29
112274,993,2026-04-23,cancelled,sbp,,0.00,1290.00,
112275,1719,2026-04-23,delivered,sbp,,0.00,2990.00,2026-04-27
112276,2458,2026-04-23,delivered,cash,,0.00,31670.00,2026-04-25
112277,2614,2026-04-23,delivered,card,,0.00,5179.00,2026-04-27
112278,903,2026-04-23,delivered,card,,0.00,879.00,2026-04-28
112279,1615,2026-04-23,delivered,sbp,,0.00,3190.00,2026-04-26
112280,623,2026-04-23,delivered,card,SPRING500,500.00,6169.00,2026-04-26
112281,2682,2026-04-23,delivered,card,,0.00,4980.00,2026-04-28
112282,2258,2026-04-23,delivered,card,,0.00,2990.00,2026-04-26
112283,2711,2026-04-23,delivered,sbp,WELCOME10,349.00,3141.00,2026-04-27
112284,1210,2026-04-23,delivered,card,,0.00,2990.00,2026-04-26
112285,1433,2026-04-23,delivered,sbp,,0.00,31838.00,2026-04-25
112286,1385,2026-04-23,delivered,card,,0.00,2290.00,2026-04-26
112287,489,2026-04-23,delivered,card,SPRING500,500.00,19280.00,2026-04-25
112288,2165,2026-04-23,delivered,card,,0.00,449.00,2026-04-30
112289,1839,2026-04-23,delivered,sbp,,0.00,12270.00,2026-04-26
112290,123,2026-04-23,delivered,card,,0.00,17758.00,2026-04-26
112291,480,2026-04-24,delivered,card,,0.00,2990.00,2026-04-27
112292,2562,2026-04-24,delivered,card,,0.00,9780.00,2026-05-03
112293,2512,2026-04-24,delivered,card,,0.00,4369.00,2026-04-27
112294,2263,2026-04-24,delivered,card,,0.00,10380.00,2026-04-28
112295,985,2026-04-24,delivered,cash,,0.00,10880.00,2026-04-30
112296,2718,2026-04-24,delivered,sbp,WELCOME10,129.00,1161.00,2026-04-29
112297,51,2026-04-24,delivered,sbp,,0.00,4980.00,2026-04-28
112298,2576,2026-04-24,delivered,card,,0.00,11959.00,2026-04-26
112299,2606,2026-04-24,delivered,card,,0.00,489.00,2026-04-27
112300,1124,2026-04-24,delivered,card,,0.00,17780.00,2026-04-29
112301,2724,2026-04-24,delivered,card,WELCOME10,539.00,4851.00,2026-04-26
112302,1437,2026-04-24,delivered,card,,0.00,679.00,2026-04-25
112303,2723,2026-04-24,delivered,cash,,0.00,2490.00,2026-04-25
112304,2711,2026-04-24,delivered,card,,0.00,47559.00,2026-04-30
112305,949,2026-04-24,delivered,card,,0.00,4890.00,2026-04-28
112306,2367,2026-04-24,delivered,card,,0.00,12870.00,2026-04-26
112307,2696,2026-04-24,returned,sbp,,0.00,2448.00,2026-05-04
112308,118,2026-04-24,delivered,sbp,,0.00,71759.00,2026-04-26
112309,2033,2026-04-24,delivered,card,,0.00,3190.00,2026-04-30
112310,2443,2026-04-24,delivered,sbp,,0.00,6669.00,2026-04-25
112311,1893,2026-04-24,delivered,sbp,,0.00,1758.00,2026-04-27
112312,153,2026-04-24,delivered,card,,0.00,1990.00,2026-04-28
112313,1191,2026-04-24,delivered,sbp,,0.00,14180.00,2026-04-26
112314,2696,2026-04-24,delivered,card,,0.00,4890.00,2026-05-02
112315,503,2026-04-24,cancelled,card,,0.00,1990.00,
112316,1545,2026-04-24,delivered,sbp,SPRING500,500.00,53770.00,2026-04-27
112317,2621,2026-04-24,delivered,card,,0.00,1990.00,2026-04-30
112318,1007,2026-04-24,delivered,sbp,,0.00,1490.00,2026-04-26
112319,69,2026-04-24,delivered,card,,0.00,15247.00,2026-04-26
112320,2579,2026-04-24,delivered,card,,0.00,5890.00,2026-05-04
112321,1999,2026-04-24,delivered,sbp,,0.00,7527.00,2026-05-01
112322,1151,2026-04-24,delivered,sbp,,0.00,6660.00,2026-04-27
112323,2192,2026-04-24,delivered,card,,0.00,24690.00,2026-04-27
112324,2716,2026-04-25,delivered,card,,0.00,8890.00,2026-05-05
112325,706,2026-04-25,delivered,cash,,0.00,10317.00,2026-05-05
112326,1992,2026-04-25,delivered,sbp,,0.00,5270.00,2026-04-28
112327,196,2026-04-25,delivered,sbp,,0.00,13527.00,2026-05-01
112328,2382,2026-04-25,delivered,card,,0.00,4208.00,2026-04-26
112329,2322,2026-04-25,delivered,cash,SPRING500,500.00,8437.00,2026-05-01
112330,129,2026-04-25,delivered,sbp,,0.00,4990.00,2026-04-28
112331,1042,2026-04-25,delivered,card,,0.00,20980.00,2026-04-30
112332,14,2026-04-25,cancelled,card,,0.00,22280.00,
112333,2446,2026-04-25,delivered,card,SPRING500,500.00,12390.00,2026-04-28
112334,2112,2026-04-25,delivered,sbp,,0.00,24770.00,2026-04-26
112335,838,2026-04-25,delivered,card,,0.00,17790.00,2026-04-27
112336,1083,2026-04-25,delivered,card,,0.00,49490.00,2026-04-29
112337,2582,2026-04-25,delivered,card,,0.00,15270.00,2026-04-29
112338,1955,2026-04-25,delivered,card,,0.00,399.00,2026-04-28
112339,1426,2026-04-25,delivered,sbp,,0.00,879.00,2026-04-27
112340,2451,2026-04-25,delivered,card,,0.00,5980.00,2026-04-28
112341,2689,2026-04-25,delivered,sbp,,0.00,5390.00,2026-04-27
112342,774,2026-04-25,delivered,sbp,,0.00,2290.00,2026-05-02
112343,1201,2026-04-25,delivered,card,,0.00,4390.00,2026-04-30
112344,1098,2026-04-25,delivered,card,,0.00,4179.00,2026-04-26
112345,563,2026-04-25,cancelled,card,,0.00,39590.00,
112346,2446,2026-04-25,delivered,cash,,0.00,7890.00,2026-04-28
112347,2479,2026-04-25,cancelled,card,,0.00,2490.00,
112348,2113,2026-04-25,delivered,sbp,,0.00,27278.00,2026-04-27
112349,1459,2026-04-25,delivered,card,,0.00,7280.00,2026-04-26
112350,1567,2026-04-25,delivered,card,,0.00,3290.00,2026-04-30
112351,278,2026-04-25,delivered,card,,0.00,2290.00,2026-04-28
112352,2725,2026-04-25,delivered,card,,0.00,898.00,2026-05-04
112353,2554,2026-04-25,delivered,sbp,,0.00,9848.00,2026-04-30
112354,2598,2026-04-25,delivered,card,,0.00,3190.00,2026-04-29
112355,2622,2026-04-25,delivered,sbp,,0.00,1890.00,2026-04-28
112356,1263,2026-04-25,delivered,sbp,,0.00,4479.00,2026-04-27
112357,278,2026-04-25,delivered,card,,0.00,2980.00,2026-04-27
112358,1106,2026-04-25,delivered,card,SPRING500,500.00,11170.00,2026-04-29
112359,2247,2026-04-25,delivered,card,,0.00,10648.00,2026-05-02
112360,1601,2026-04-25,delivered,card,,0.00,11080.00,2026-05-01
112361,2367,2026-04-25,delivered,card,,0.00,989.00,2026-04-27
112362,2383,2026-04-25,cancelled,sbp,,0.00,489.00,
112363,2552,2026-04-25,delivered,card,,0.00,2980.00,2026-04-28
112364,2113,2026-04-25,delivered,card,,0.00,1290.00,2026-04-29
112365,1710,2026-04-26,delivered,sbp,,0.00,68780.00,2026-05-05
112366,2368,2026-04-26,delivered,cash,,0.00,38669.00,2026-05-02
112367,2582,2026-04-26,cancelled,card,,0.00,4890.00,
112368,375,2026-04-26,delivered,card,,0.00,88570.00,2026-05-06
112369,1984,2026-04-26,delivered,card,,0.00,1290.00,2026-04-28
112370,1572,2026-04-26,delivered,sbp,,0.00,798.00,2026-05-05
112371,1518,2026-04-26,delivered,sbp,,0.00,1890.00,2026-04-28
112372,2281,2026-04-26,delivered,card,SPRING500,500.00,6879.00,2026-04-27
112373,808,2026-04-26,delivered,cash,SPRING500,500.00,11449.00,2026-04-29
112374,570,2026-04-26,delivered,card,,0.00,4390.00,2026-04-30
112375,1893,2026-04-26,delivered,card,,0.00,1790.00,2026-04-27
112376,2184,2026-04-26,delivered,card,,0.00,779.00,2026-04-30
112377,620,2026-04-26,delivered,card,,0.00,14170.00,2026-04-28
112378,1297,2026-04-26,delivered,sbp,,0.00,11137.00,2026-04-29
112379,2727,2026-04-26,delivered,card,WELCOME10,967.00,8703.00,2026-05-01
112380,2426,2026-04-26,delivered,card,,0.00,1990.00,2026-04-28
112381,2030,2026-04-26,delivered,card,,0.00,3859.00,2026-05-01
112382,2699,2026-04-26,delivered,sbp,,0.00,10380.00,2026-05-01
112383,2367,2026-04-26,delivered,sbp,,0.00,679.00,2026-04-27
112384,2696,2026-04-26,delivered,card,,0.00,20780.00,2026-05-04
112385,2722,2026-04-26,delivered,sbp,,0.00,879.00,2026-05-01
112386,2137,2026-04-26,delivered,cash,,0.00,42590.00,2026-05-02
112387,1175,2026-04-26,delivered,card,,0.00,6260.00,2026-04-27
112388,1603,2026-04-26,delivered,sbp,,0.00,1490.00,2026-05-01
112389,72,2026-04-26,delivered,sbp,,0.00,15858.00,2026-05-02
112390,698,2026-04-26,delivered,card,,0.00,7769.00,2026-05-02
112391,2428,2026-04-26,delivered,card,,0.00,4580.00,2026-05-06
112392,1522,2026-04-26,delivered,cash,,0.00,3290.00,2026-05-01
112393,309,2026-04-26,delivered,card,,0.00,13259.00,2026-04-30
112394,665,2026-04-26,delivered,sbp,,0.00,5748.00,2026-05-02
112395,2702,2026-04-26,cancelled,card,,0.00,1990.00,
112396,943,2026-04-26,delivered,sbp,,0.00,27690.00,2026-05-02
112397,1133,2026-04-26,cancelled,card,,0.00,14280.00,
112398,1992,2026-04-26,delivered,card,SPRING500,500.00,4280.00,2026-04-27
112399,2422,2026-04-26,returned,card,,0.00,4890.00,2026-04-27
112400,2726,2026-04-26,delivered,card,,0.00,4559.00,2026-04-29
112401,891,2026-04-26,delivered,card,,0.00,1990.00,2026-04-29
112402,83,2026-04-26,delivered,card,SPRING500,500.00,7390.00,2026-04-27
112403,2109,2026-04-26,delivered,card,,0.00,1377.00,2026-04-29
112404,2699,2026-04-26,delivered,card,,0.00,2490.00,2026-05-03
112405,639,2026-04-26,delivered,sbp,,0.00,4268.00,2026-05-02
112406,1402,2026-04-26,delivered,sbp,,0.00,2637.00,2026-05-02
112407,1326,2026-04-26,delivered,card,,0.00,1490.00,2026-05-01
112408,49,2026-04-26,delivered,card,,0.00,94090.00,2026-05-04
112409,20,2026-04-27,delivered,card,,0.00,8470.00,2026-05-02
112410,2000,2026-04-27,delivered,card,,0.00,8380.00,2026-04-30
112411,356,2026-04-27,delivered,card,SPRING500,500.00,31690.00,2026-05-05
112412,2710,2026-04-27,delivered,card,,0.00,489.00,2026-05-02
112413,547,2026-04-27,delivered,card,,0.00,2990.00,2026-05-03
112414,1148,2026-04-27,delivered,card,,0.00,489.00,2026-05-01
112415,201,2026-04-27,delivered,card,,0.00,2890.00,2026-04-29
112416,1954,2026-04-27,cancelled,sbp,,0.00,4490.00,
112417,788,2026-04-27,delivered,card,,0.00,6390.00,2026-04-30
112418,1722,2026-04-27,delivered,card,,0.00,3769.00,2026-04-30
112419,578,2026-04-27,delivered,card,,0.00,44590.00,2026-05-02
112420,705,2026-04-27,delivered,sbp,,0.00,1990.00,2026-05-02
112421,294,2026-04-27,delivered,card,,0.00,2990.00,2026-05-01
112422,2568,2026-04-27,delivered,sbp,SPRING500,500.00,12750.00,2026-05-01
112423,1362,2026-04-27,delivered,cash,,0.00,8980.00,2026-05-01
112424,206,2026-04-27,delivered,card,SPRING500,500.00,2990.00,2026-05-07
112425,2387,2026-04-27,delivered,card,,0.00,2979.00,2026-05-03
112426,796,2026-04-27,delivered,card,,0.00,7390.00,2026-04-28
112427,2604,2026-04-27,delivered,sbp,SPRING500,500.00,10948.00,2026-04-30
112428,2728,2026-04-27,delivered,sbp,,0.00,8128.00,2026-04-30
112429,2721,2026-04-27,delivered,card,WELCOME10,1000.00,11890.00,2026-05-01
112430,2733,2026-04-27,delivered,sbp,WELCOME10,618.00,5562.00,2026-04-28
112431,1274,2026-04-27,delivered,card,,0.00,7890.00,2026-05-01
112432,2355,2026-04-27,delivered,cash,,0.00,4959.00,2026-04-30
112433,840,2026-04-27,delivered,sbp,,0.00,3290.00,2026-04-30
112434,1186,2026-04-27,cancelled,card,SPRING500,500.00,5269.00,
112435,796,2026-04-27,delivered,card,,0.00,2637.00,2026-04-29
112436,626,2026-04-27,delivered,sbp,SPRING500,500.00,36090.00,2026-05-03
112437,1217,2026-04-27,delivered,sbp,,0.00,489.00,2026-05-02
112438,1955,2026-04-27,delivered,card,,0.00,36980.00,2026-04-29
112439,538,2026-04-27,delivered,card,,0.00,5790.00,2026-05-01
112440,2358,2026-04-27,returned,sbp,,0.00,8169.00,2026-04-30
112441,2422,2026-04-27,delivered,sbp,SPRING500,500.00,5868.00,2026-04-30
112442,2526,2026-04-27,delivered,sbp,,0.00,2190.00,2026-04-30
112443,2138,2026-04-27,cancelled,card,,0.00,22770.00,
112444,949,2026-04-27,delivered,sbp,,0.00,3190.00,2026-04-30
112445,1628,2026-04-27,delivered,card,,0.00,9928.00,2026-04-30
112446,1201,2026-04-27,delivered,card,,0.00,4890.00,2026-05-05
112447,1217,2026-04-27,delivered,card,SPRING500,500.00,129679.00,2026-05-01
112448,1088,2026-04-28,cancelled,card,,0.00,5390.00,
112449,2730,2026-04-28,delivered,card,WELCOME10,157.80,1420.20,2026-05-08
112450,126,2026-04-28,delivered,card,,0.00,1990.00,2026-05-05
112451,1306,2026-04-28,delivered,card,,0.00,22060.00,2026-04-29
112452,796,2026-04-28,delivered,cash,,0.00,16350.00,2026-05-01
112453,2134,2026-04-28,delivered,sbp,,0.00,3190.00,2026-04-30
112454,1535,2026-04-28,delivered,card,,0.00,978.00,2026-05-03
112455,1459,2026-04-28,delivered,card,,0.00,3658.00,2026-05-01
112456,894,2026-04-28,delivered,cash,,0.00,5980.00,2026-04-30
112457,2715,2026-04-28,delivered,card,SPRING500,500.00,6890.00,2026-05-03
112458,1525,2026-04-28,delivered,card,,0.00,128790.00,2026-05-01
112459,879,2026-04-28,delivered,card,,0.00,10179.00,2026-05-05
112460,1823,2026-04-28,delivered,sbp,,0.00,1358.00,2026-05-04
112461,1000,2026-04-28,delivered,cash,,0.00,10270.00,2026-05-01
112462,2199,2026-04-28,delivered,card,,0.00,1290.00,2026-05-01
112463,1041,2026-04-28,delivered,cash,,0.00,879.00,2026-05-03
112464,844,2026-04-28,delivered,card,,0.00,779.00,2026-05-01
112465,1150,2026-04-28,returned,card,,0.00,64390.00,2026-05-03
112466,2609,2026-04-28,delivered,sbp,,0.00,10380.00,2026-04-30
112467,1459,2026-04-28,delivered,sbp,,0.00,2490.00,2026-04-29
112468,2185,2026-04-28,delivered,card,FRIEND300,300.00,2690.00,2026-05-08
112469,2706,2026-04-28,delivered,cash,,0.00,15339.00,2026-05-06
112470,2512,2026-04-28,delivered,card,,0.00,11660.00,2026-04-29
112471,2556,2026-04-28,delivered,sbp,,0.00,4890.00,2026-05-03
112472,133,2026-04-28,delivered,card,,0.00,27690.00,2026-05-04
112473,2064,2026-04-28,delivered,card,SPRING500,500.00,38727.00,2026-05-01
112474,2362,2026-04-28,cancelled,sbp,,0.00,9380.00,
112475,1702,2026-04-28,delivered,card,,0.00,7390.00,2026-05-01
112476,837,2026-04-28,delivered,cash,,0.00,24860.00,2026-05-01
112477,1784,2026-04-28,delivered,sbp,,0.00,6580.00,2026-05-08
112478,1955,2026-04-28,delivered,sbp,,0.00,2290.00,2026-05-02
112479,897,2026-04-28,delivered,card,,0.00,798.00,2026-05-04
112480,252,2026-04-28,delivered,card,,0.00,13180.00,2026-05-07
112481,351,2026-04-28,delivered,card,,0.00,5780.00,2026-05-01
112482,2256,2026-04-28,delivered,card,,0.00,20797.00,2026-05-01
112483,2695,2026-04-28,delivered,card,,0.00,54278.00,2026-04-30
112484,756,2026-04-28,delivered,card,,0.00,8639.00,2026-05-04
112485,2609,2026-04-28,delivered,sbp,,0.00,45080.00,2026-04-30
112486,2539,2026-04-28,delivered,sbp,WELCOME10,299.00,2691.00,2026-04-30
112487,1794,2026-04-29,delivered,sbp,,0.00,19148.00,2026-05-03
112488,611,2026-04-29,delivered,card,,0.00,9890.00,2026-05-08
112489,2372,2026-04-29,delivered,card,,0.00,23070.00,2026-05-05
112490,838,2026-04-29,delivered,sbp,,0.00,10780.00,2026-05-01
112491,2203,2026-04-29,delivered,sbp,,0.00,3290.00,2026-05-01
112492,2740,2026-04-29,delivered,card,WELCOME10,224.70,2022.30,2026-05-03
112493,628,2026-04-29,delivered,card,,0.00,1990.00,2026-04-30
112494,196,2026-04-29,delivered,sbp,,0.00,4980.00,2026-05-08
112495,2022,2026-04-29,delivered,card,,0.00,8890.00,2026-05-03
112496,1309,2026-04-29,delivered,card,,0.00,5480.00,2026-05-02
112497,2241,2026-04-29,delivered,sbp,,0.00,978.00,2026-05-03
112498,2739,2026-04-29,delivered,cash,,0.00,789.00,2026-05-03
112499,1131,2026-04-29,delivered,card,,0.00,1290.00,2026-05-04
112500,1319,2026-04-29,delivered,card,,0.00,1990.00,2026-05-07
112501,2282,2026-04-29,delivered,sbp,,0.00,9680.00,2026-05-02
112502,2579,2026-04-29,delivered,cash,SPRING500,500.00,35439.00,2026-05-07
112503,2036,2026-04-29,delivered,sbp,,0.00,2490.00,2026-05-02
112504,2357,2026-04-29,returned,sbp,,0.00,989.00,2026-05-06
112505,465,2026-04-29,delivered,card,,0.00,41359.00,2026-05-07
112506,1182,2026-04-29,delivered,card,,0.00,66080.00,2026-05-02
112507,1708,2026-04-29,delivered,sbp,,0.00,49490.00,2026-05-09
112508,2450,2026-04-29,delivered,cash,,0.00,6069.00,2026-05-09
112509,2703,2026-04-29,delivered,cash,,0.00,2490.00,2026-05-02
112510,1580,2026-04-29,delivered,sbp,,0.00,19170.00,2026-05-02
112511,2512,2026-04-29,delivered,sbp,,0.00,1758.00,2026-05-02
112512,1081,2026-04-29,delivered,card,SPRING500,500.00,86428.00,2026-05-03
112513,1839,2026-04-29,delivered,cash,,0.00,84979.00,2026-05-01
112514,706,2026-04-29,delivered,sbp,,0.00,5890.00,2026-05-05
112515,2322,2026-04-29,delivered,card,,0.00,7980.00,2026-05-04
112516,1330,2026-04-29,delivered,card,,0.00,1197.00,2026-05-01
112517,1778,2026-04-29,delivered,card,,0.00,1737.00,2026-04-30
112518,615,2026-04-29,delivered,card,,0.00,15260.00,2026-04-30
112519,2526,2026-04-29,delivered,card,,0.00,10875.00,2026-05-03
112520,747,2026-04-29,delivered,sbp,,0.00,39980.00,2026-05-05
112521,812,2026-04-29,delivered,card,,0.00,5790.00,2026-05-03
112522,2284,2026-04-29,delivered,sbp,,0.00,579.00,2026-05-02
112523,2562,2026-04-29,delivered,card,,0.00,3980.00,2026-05-06
112524,2391,2026-04-29,delivered,card,,0.00,2279.00,2026-05-07
112525,2696,2026-04-29,delivered,card,,0.00,1490.00,2026-05-05
112526,596,2026-04-30,delivered,card,,0.00,42648.00,2026-05-04
112527,1049,2026-04-30,delivered,card,,0.00,1690.00,2026-05-03
112528,473,2026-04-30,delivered,card,,0.00,1290.00,2026-05-03
112529,326,2026-04-30,delivered,card,,0.00,15647.00,2026-05-03
112530,1042,2026-04-30,delivered,cash,,0.00,38597.00,2026-05-06
112531,402,2026-04-30,delivered,card,,0.00,17790.00,2026-05-08
112532,2090,2026-04-30,delivered,sbp,,0.00,39580.00,2026-05-05
112533,1702,2026-04-30,delivered,sbp,,0.00,3490.00,2026-05-06
112534,2747,2026-04-30,delivered,card,,0.00,3980.00,2026-05-03
112535,955,2026-04-30,delivered,sbp,,0.00,1347.00,2026-05-05
112536,2501,2026-04-30,delivered,cash,,0.00,8760.00,2026-05-05
112537,802,2026-04-30,delivered,card,,0.00,1758.00,2026-05-03
112538,2117,2026-04-30,delivered,card,,0.00,7160.00,2026-05-05
112539,2741,2026-04-30,delivered,card,WELCOME10,1000.00,13428.00,2026-05-05
112540,2712,2026-04-30,delivered,sbp,FRIEND300,300.00,8159.00,2026-05-04
112541,566,2026-04-30,returned,sbp,SPRING500,500.00,5759.00,2026-05-04
112542,2745,2026-04-30,delivered,sbp,,0.00,1758.00,2026-05-05
112543,2532,2026-04-30,delivered,sbp,WELCOME10,579.00,5211.00,2026-05-04
112544,2240,2026-04-30,delivered,card,,0.00,1158.00,2026-05-02
112545,1618,2026-04-30,delivered,card,,0.00,32670.00,2026-05-02
112546,312,2026-04-30,cancelled,card,,0.00,36460.00,
112547,967,2026-04-30,cancelled,sbp,,0.00,25780.00,
112548,1738,2026-04-30,delivered,sbp,,0.00,6680.00,2026-05-03
112549,1274,2026-04-30,delivered,cash,,0.00,2490.00,2026-05-04
112550,1007,2026-04-30,delivered,cash,,0.00,30170.00,2026-05-02
112551,2621,2026-05-01,returned,cash,,0.00,3490.00,2026-05-11
112552,1865,2026-05-01,delivered,card,,0.00,9780.00,2026-05-07
112553,1283,2026-05-01,delivered,sbp,,0.00,4580.00,2026-05-05
112554,2126,2026-05-01,delivered,cash,,0.00,6890.00,2026-05-04
112555,2090,2026-05-01,delivered,card,,0.00,64390.00,2026-05-06
112556,1745,2026-05-01,delivered,cash,,0.00,399.00,2026-05-04
112557,2744,2026-05-01,delivered,sbp,SPRING500,500.00,11380.00,2026-05-03
112558,2154,2026-05-01,returned,cash,,0.00,1978.00,2026-05-03
112559,1144,2026-05-01,delivered,sbp,,0.00,1779.00,2026-05-02
112560,991,2026-05-01,delivered,card,SPRING500,500.00,24290.00,2026-05-04
112561,882,2026-05-01,delivered,card,SPRING500,500.00,47380.00,2026-05-04
112562,1151,2026-05-01,delivered,card,,0.00,879.00,2026-05-04
112563,774,2026-05-01,delivered,card,,0.00,5980.00,2026-05-08
112564,392,2026-05-01,delivered,sbp,,0.00,1690.00,2026-05-11
112565,2182,2026-05-01,delivered,card,,0.00,1558.00,2026-05-04
112566,942,2026-05-01,delivered,sbp,,0.00,19859.00,2026-05-04
112567,2630,2026-05-01,delivered,cash,SPRING500,500.00,3490.00,2026-05-05
112568,2618,2026-05-01,delivered,card,,0.00,2990.00,2026-05-03
112569,2714,2026-05-01,delivered,sbp,WELCOME10,674.90,6074.10,2026-05-07
112570,1263,2026-05-01,returned,card,,0.00,2490.00,2026-05-04
112571,1152,2026-05-01,delivered,sbp,,0.00,2226.00,2026-05-04
112572,1549,2026-05-01,delivered,card,,0.00,579.00,2026-05-10
112573,2616,2026-05-01,delivered,sbp,,0.00,3327.00,2026-05-04
112574,1774,2026-05-01,delivered,card,,0.00,6880.00,2026-05-07
112575,167,2026-05-01,delivered,sbp,,0.00,1978.00,2026-05-03
112576,1830,2026-05-01,delivered,sbp,,0.00,979.00,2026-05-03
112577,264,2026-05-01,delivered,card,,0.00,9048.00,2026-05-05
112578,1216,2026-05-01,delivered,sbp,,0.00,12758.00,2026-05-11
112579,2300,2026-05-01,delivered,sbp,,0.00,125960.00,2026-05-04
112580,2732,2026-05-01,delivered,sbp,,0.00,2980.00,2026-05-04
112581,2748,2026-05-01,delivered,sbp,,0.00,7890.00,2026-05-06
112582,2738,2026-05-01,delivered,card,WELCOME10,1000.00,83190.00,2026-05-07
112583,2378,2026-05-01,returned,sbp,,0.00,10559.00,2026-05-10
112584,180,2026-05-01,delivered,sbp,SPRING500,500.00,2690.00,2026-05-05
112585,1181,2026-05-01,delivered,cash,,0.00,7138.00,2026-05-03
112586,1305,2026-05-02,delivered,card,,0.00,13228.00,2026-05-05
112587,1350,2026-05-02,delivered,sbp,,0.00,3990.00,2026-05-07
112588,2103,2026-05-02,delivered,card,,0.00,7280.00,2026-05-10
112589,1654,2026-05-02,delivered,card,,0.00,8727.00,2026-05-05
112590,2432,2026-05-02,delivered,card,,0.00,14928.00,2026-05-07
112591,1322,2026-05-02,delivered,card,,0.00,11890.00,2026-05-03
112592,2749,2026-05-02,delivered,sbp,,0.00,2490.00,2026-05-07
112593,2662,2026-05-02,delivered,sbp,,0.00,3990.00,2026-05-04
112594,702,2026-05-02,delivered,card,,0.00,6390.00,2026-05-05
112595,231,2026-05-02,delivered,sbp,,0.00,6627.00,2026-05-04
112596,1920,2026-05-02,delivered,card,,0.00,1290.00,2026-05-03
112597,1000,2026-05-02,delivered,sbp,,0.00,3290.00,2026-05-04
112598,2282,2026-05-02,delivered,card,,0.00,39590.00,2026-05-05
112599,1447,2026-05-02,delivered,card,,0.00,2990.00,2026-05-08
112600,557,2026-05-02,delivered,sbp,,0.00,24960.00,2026-05-07
112601,1782,2026-05-02,delivered,card,,0.00,3869.00,2026-05-06
112602,2266,2026-05-02,delivered,card,,0.00,3290.00,2026-05-12
112603,728,2026-05-02,delivered,card,,0.00,36570.00,2026-05-06
112604,2071,2026-05-02,delivered,sbp,,0.00,4680.00,2026-05-03
112605,1569,2026-05-02,delivered,sbp,,0.00,5980.00,2026-05-09
112606,1450,2026-05-02,delivered,card,,0.00,879.00,2026-05-04
112607,702,2026-05-02,delivered,card,,0.00,4490.00,2026-05-05
112608,812,2026-05-02,delivered,sbp,,0.00,2990.00,2026-05-06
112609,2532,2026-05-02,delivered,card,,0.00,918.00,2026-05-10
112610,2240,2026-05-02,delivered,sbp,,0.00,17760.00,2026-05-03
112611,1115,2026-05-02,delivered,sbp,,0.00,70460.00,2026-05-05
112612,1936,2026-05-02,delivered,card,,0.00,1158.00,2026-05-05
112613,1284,2026-05-02,delivered,card,SPRING500,500.00,5290.00,2026-05-07
112614,538,2026-05-02,delivered,card,,0.00,4569.00,2026-05-06
112615,87,2026-05-02,cancelled,cash,,0.00,24790.00,
112616,1152,2026-05-02,delivered,sbp,SPRING500,500.00,5368.00,2026-05-07
112617,802,2026-05-02,delivered,sbp,,0.00,4890.00,2026-05-04
112618,1167,2026-05-02,returned,card,,0.00,9970.00,2026-05-05
112619,278,2026-05-02,delivered,card,,0.00,1290.00,2026-05-06
112620,1985,2026-05-02,delivered,sbp,,0.00,5158.00,2026-05-05
112621,2394,2026-05-02,delivered,sbp,,0.00,4869.00,2026-05-05
112622,195,2026-05-02,cancelled,card,,0.00,7390.00,
112623,2277,2026-05-02,delivered,sbp,,0.00,2290.00,2026-05-04
112624,680,2026-05-03,delivered,cash,,0.00,6360.00,2026-05-04
112625,2529,2026-05-03,delivered,sbp,,0.00,3290.00,2026-05-07
112626,1569,2026-05-03,delivered,card,,0.00,4980.00,2026-05-13
112627,1820,2026-05-03,returned,card,,0.00,10739.00,2026-05-04
112628,81,2026-05-03,delivered,card,,0.00,798.00,2026-05-06
112629,608,2026-05-03,delivered,card,,0.00,3490.00,2026-05-09
112630,2584,2026-05-03,delivered,card,,0.00,489.00,2026-05-09
112631,2018,2026-05-03,delivered,sbp,,0.00,3490.00,2026-05-08
112632,2574,2026-05-03,delivered,card,,0.00,879.00,2026-05-05
112633,1263,2026-05-03,delivered,sbp,,0.00,7390.00,2026-05-05
112634,1371,2026-05-03,delivered,card,,0.00,5390.00,2026-05-08
112635,1513,2026-05-03,delivered,card,,0.00,8380.00,2026-05-04
112636,1939,2026-05-03,delivered,card,,0.00,4968.00,2026-05-08
112637,2562,2026-05-03,delivered,card,,0.00,4990.00,2026-05-10
112638,87,2026-05-03,cancelled,card,,0.00,6890.00,
112639,2369,2026-05-03,delivered,card,,0.00,4979.00,2026-05-10
112640,2666,2026-05-03,delivered,sbp,,0.00,2290.00,2026-05-07
112641,2586,2026-05-03,delivered,sbp,,0.00,1490.00,2026-05-07
112642,2240,2026-05-03,cancelled,sbp,,0.00,879.00,
112643,1340,2026-05-03,delivered,card,,0.00,6390.00,2026-05-06
112644,1873,2026-05-03,delivered,sbp,,0.00,4890.00,2026-05-05
112645,2021,2026-05-03,delivered,card,,0.00,4890.00,2026-05-09
112646,2697,2026-05-03,delivered,sbp,WELCOME10,963.70,8673.30,2026-05-08
112647,143,2026-05-03,delivered,card,,0.00,2290.00,2026-05-05
112648,2755,2026-05-03,delivered,card,,0.00,5390.00,2026-05-09
112649,2268,2026-05-03,delivered,card,,0.00,579.00,2026-05-09
112650,1139,2026-05-03,delivered,card,,0.00,2869.00,2026-05-05
112651,2378,2026-05-03,delivered,sbp,,0.00,2490.00,2026-05-08
112652,1513,2026-05-03,delivered,card,,0.00,1158.00,2026-05-05
112653,5,2026-05-03,delivered,card,,0.00,11180.00,2026-05-06
112654,1268,2026-05-03,delivered,card,,0.00,11160.00,2026-05-04
112655,796,2026-05-03,delivered,card,,0.00,8470.00,2026-05-06
112656,97,2026-05-03,delivered,card,,0.00,6269.00,2026-05-05
112657,827,2026-05-03,delivered,card,,0.00,8890.00,2026-05-07
112658,2341,2026-05-03,delivered,sbp,,0.00,4490.00,2026-05-05
112659,1423,2026-05-03,delivered,sbp,,0.00,3990.00,2026-05-04
112660,20,2026-05-03,delivered,cash,,0.00,55980.00,2026-05-06
112661,2529,2026-05-03,delivered,sbp,,0.00,9380.00,2026-05-07
112662,502,2026-05-03,delivered,sbp,,0.00,5390.00,2026-05-08
112663,341,2026-05-03,delivered,card,,0.00,2290.00,2026-05-09
112664,307,2026-05-03,cancelled,card,,0.00,1158.00,
112665,1725,2026-05-03,delivered,cash,,0.00,9958.00,2026-05-06
112666,2582,2026-05-04,delivered,card,,0.00,2190.00,2026-05-09
112667,967,2026-05-04,delivered,card,,0.00,2990.00,2026-05-11
112668,1966,2026-05-04,delivered,card,,0.00,9868.00,2026-05-05
112669,2750,2026-05-04,delivered,sbp,SPRING500,500.00,3490.00,2026-05-07
112670,2734,2026-05-04,delivered,card,,0.00,879.00,2026-05-14
112671,2300,2026-05-04,delivered,card,,0.00,6890.00,2026-05-07
112672,1513,2026-05-04,delivered,cash,,0.00,1090.00,2026-05-07
112673,2535,2026-05-04,delivered,card,SPRING500,500.00,7469.00,2026-05-09
112674,2753,2026-05-04,delivered,card,WELCOME10,97.90,881.10,2026-05-11
112675,1477,2026-05-04,delivered,sbp,,0.00,4858.00,2026-05-09
112676,1939,2026-05-04,delivered,card,,0.00,52490.00,2026-05-09
112677,241,2026-05-04,delivered,sbp,,0.00,1590.00,2026-05-09
112678,102,2026-05-04,delivered,sbp,,0.00,10267.00,2026-05-05
112679,2457,2026-05-04,delivered,sbp,,0.00,3990.00,2026-05-06
112680,1346,2026-05-04,delivered,card,,0.00,2990.00,2026-05-05
112681,1,2026-05-04,delivered,card,,0.00,87069.00,2026-05-07
112682,1735,2026-05-04,delivered,card,,0.00,4579.00,2026-05-07
112683,1296,2026-05-04,delivered,card,,0.00,14269.00,2026-05-07
112684,2208,2026-05-04,delivered,card,,0.00,3990.00,2026-05-07
112685,2739,2026-05-04,delivered,card,,0.00,8648.00,2026-05-06
112686,1783,2026-05-04,delivered,card,,0.00,5349.00,2026-05-06
112687,2613,2026-05-04,delivered,card,WELCOME10,349.00,3141.00,2026-05-13
112688,2238,2026-05-04,delivered,card,SPRING500,500.00,24290.00,2026-05-10
112689,2426,2026-05-04,delivered,cash,,0.00,10370.00,2026-05-06
112690,2608,2026-05-04,cancelled,card,FRIEND300,300.00,4590.00,
112691,1241,2026-05-04,delivered,sbp,,0.00,2990.00,2026-05-06
112692,1142,2026-05-04,delivered,card,,0.00,489.00,2026-05-08
112693,631,2026-05-04,delivered,card,,0.00,1358.00,2026-05-10
112694,1274,2026-05-04,delivered,card,,0.00,6580.00,2026-05-09
112695,2397,2026-05-04,delivered,card,,0.00,1758.00,2026-05-09
112696,625,2026-05-04,delivered,card,,0.00,20047.00,2026-05-14
112697,583,2026-05-04,delivered,sbp,,0.00,94190.00,2026-05-08
112698,356,2026-05-04,delivered,card,,0.00,6890.00,2026-05-10
112699,2095,2026-05-04,delivered,card,,0.00,2377.00,2026-05-08
112700,300,2026-05-04,delivered,cash,,0.00,3290.00,2026-05-07
112701,2711,2026-05-04,delivered,card,,0.00,49590.00,2026-05-12
112702,1857,2026-05-04,delivered,cash,,0.00,459.00,2026-05-07
112703,2544,2026-05-04,delivered,card,,0.00,918.00,2026-05-08
112704,1865,2026-05-04,delivered,card,,0.00,3779.00,2026-05-08
112705,2098,2026-05-04,delivered,cash,,0.00,14368.00,2026-05-08
112706,211,2026-05-05,delivered,sbp,,0.00,7890.00,2026-05-08
112707,2198,2026-05-05,delivered,card,,0.00,9379.00,2026-05-07
112708,2605,2026-05-05,delivered,card,SPRING500,500.00,75460.00,2026-05-06
112709,1000,2026-05-05,delivered,sbp,,0.00,2490.00,2026-05-08
112710,2324,2026-05-05,delivered,card,,0.00,16560.00,2026-05-08
112711,1658,2026-05-05,delivered,card,SPRING500,500.00,10390.00,2026-05-09
112712,2241,2026-05-05,delivered,sbp,,0.00,6659.00,2026-05-08
112713,343,2026-05-05,cancelled,card,,0.00,6890.00,
112714,1396,2026-05-05,delivered,card,,0.00,3490.00,2026-05-11
112715,2573,2026-05-05,delivered,card,,0.00,489.00,2026-05-08
112716,916,2026-05-05,delivered,sbp,,0.00,2980.00,2026-05-10
112717,361,2026-05-05,delivered,card,,0.00,3290.00,2026-05-11
112718,2758,2026-05-05,delivered,cash,WELCOME10,497.90,4481.10,2026-05-09
112719,1920,2026-05-05,delivered,sbp,,0.00,589.00,2026-05-08
112720,498,2026-05-05,delivered,sbp,,0.00,14017.00,2026-05-09
112721,1654,2026-05-05,delivered,card,,0.00,2990.00,2026-05-08
112722,1433,2026-05-05,delivered,sbp,,0.00,5979.00,2026-05-09
112723,2522,2026-05-05,delivered,card,,0.00,1090.00,2026-05-08
112724,1806,2026-05-05,delivered,card,,0.00,13938.00,2026-05-07
112725,1823,2026-05-05,delivered,sbp,,0.00,6890.00,2026-05-10
112726,812,2026-05-05,delivered,card,,0.00,5870.00,2026-05-10
112727,1401,2026-05-05,delivered,sbp,,0.00,10890.00,2026-05-08
112728,2018,2026-05-05,delivered,card,,0.00,3579.00,2026-05-08
112729,680,2026-05-05,delivered,sbp,,0.00,15858.00,2026-05-06
112730,854,2026-05-05,delivered,card,,0.00,8890.00,2026-05-09
112731,278,2026-05-05,delivered,card,,0.00,8217.00,2026-05-08
112732,2646,2026-05-05,delivered,sbp,,0.00,14450.00,2026-05-14
112733,1460,2026-05-05,delivered,card,,0.00,1990.00,2026-05-07
112734,195,2026-05-05,delivered,card,,0.00,5980.00,2026-05-07
112735,2579,2026-05-05,delivered,card,,0.00,5390.00,2026-05-15
112736,1111,2026-05-05,delivered,cash,,0.00,9348.00,2026-05-10
112737,2438,2026-05-05,delivered,card,,0.00,589.00,2026-05-11
112738,448,2026-05-05,delivered,sbp,,0.00,4680.00,2026-05-10
112739,1545,2026-05-05,delivered,sbp,,0.00,6270.00,2026-05-09
112740,1336,2026-05-05,delivered,card,,0.00,19360.00,2026-05-08
112741,993,2026-05-05,cancelled,card,,0.00,7070.00,
112742,428,2026-05-05,delivered,sbp,,0.00,2290.00,2026-05-09
112743,661,2026-05-05,delivered,sbp,,0.00,1290.00,2026-05-09
112744,1580,2026-05-05,delivered,card,,0.00,2990.00,2026-05-09
112745,495,2026-05-05,delivered,cash,,0.00,24790.00,2026-05-07
112746,1993,2026-05-05,delivered,sbp,,0.00,19080.00,2026-05-09
112747,967,2026-05-05,delivered,card,,0.00,7390.00,2026-05-13
112748,2378,2026-05-05,delivered,card,SPRING500,500.00,12890.00,2026-05-09
112749,2666,2026-05-06,delivered,sbp,,0.00,9890.00,2026-05-10
112750,581,2026-05-06,delivered,card,,0.00,1990.00,2026-05-11
112751,2529,2026-05-06,delivered,card,,0.00,40580.00,2026-05-08
112752,241,2026-05-06,delivered,card,,0.00,75248.00,2026-05-11
112753,2743,2026-05-06,delivered,cash,WELCOME10,197.80,1780.20,2026-05-11
112754,665,2026-05-06,delivered,cash,,0.00,8890.00,2026-05-10
112755,2378,2026-05-06,delivered,sbp,,0.00,14880.00,2026-05-14
112756,2596,2026-05-06,delivered,card,,0.00,29369.00,2026-05-08
112757,1397,2026-05-06,cancelled,sbp,,0.00,44590.00,
112758,1563,2026-05-06,delivered,card,,0.00,589.00,2026-05-12
112759,2156,2026-05-06,delivered,card,,0.00,11780.00,2026-05-10
112760,1027,2026-05-06,delivered,card,,0.00,5480.00,2026-05-09
112761,200,2026-05-06,delivered,card,,0.00,43270.00,2026-05-10
112762,2185,2026-05-06,delivered,sbp,,0.00,1490.00,2026-05-16
112763,725,2026-05-06,delivered,card,,0.00,3290.00,2026-05-08
112764,1283,2026-05-06,delivered,card,,0.00,11890.00,2026-05-08
112765,909,2026-05-06,delivered,card,,0.00,36690.00,2026-05-16
112766,2759,2026-05-06,delivered,card,,0.00,8880.00,2026-05-12
112767,2435,2026-05-06,returned,card,,0.00,13390.00,2026-05-12
112768,1084,2026-05-06,delivered,card,,0.00,13380.00,2026-05-12
112769,1738,2026-05-06,delivered,sbp,,0.00,3490.00,2026-05-07
112770,1407,2026-05-06,delivered,card,,0.00,3290.00,2026-05-13
112771,1997,2026-05-06,delivered,card,,0.00,2490.00,2026-05-14
112772,335,2026-05-06,delivered,card,,0.00,1178.00,2026-05-07
112773,168,2026-05-06,delivered,sbp,,0.00,17879.00,2026-05-07
112774,2756,2026-05-06,delivered,card,,0.00,589.00,2026-05-08
112775,2484,2026-05-06,delivered,sbp,,0.00,8890.00,2026-05-08
112776,77,2026-05-06,returned,sbp,,0.00,2479.00,2026-05-08
112777,1457,2026-05-06,delivered,card,,0.00,2990.00,2026-05-09
112778,2552,2026-05-06,delivered,cash,,0.00,3290.00,2026-05-12
112779,1241,2026-05-06,delivered,cash,,0.00,2490.00,2026-05-08
112780,2505,2026-05-06,delivered,sbp,,0.00,19870.00,2026-05-09
112781,1091,2026-05-06,delivered,card,,0.00,24790.00,2026-05-07
112782,754,2026-05-06,delivered,sbp,,0.00,5390.00,2026-05-10
112783,180,2026-05-07,delivered,sbp,,0.00,8580.00,2026-05-11
112784,201,2026-05-07,delivered,card,,0.00,40460.00,2026-05-09
112785,2751,2026-05-07,delivered,card,,0.00,17780.00,2026-05-14
112786,2050,2026-05-07,delivered,card,,0.00,13760.00,2026-05-09
112787,20,2026-05-07,delivered,sbp,SPRING500,500.00,17290.00,2026-05-10
112788,2632,2026-05-07,cancelled,card,,0.00,8890.00,
112789,1756,2026-05-07,delivered,card,SPRING500,500.00,31690.00,2026-05-11
112790,465,2026-05-07,delivered,sbp,,0.00,6580.00,2026-05-12
112791,1795,2026-05-07,delivered,card,,0.00,24790.00,2026-05-16
112792,827,2026-05-07,cancelled,card,,0.00,1890.00,
112793,20,2026-05-07,delivered,card,,0.00,5489.00,2026-05-11
112794,1735,2026-05-07,cancelled,card,,0.00,1490.00,
112795,2739,2026-05-07,delivered,card,,0.00,3490.00,2026-05-10
112796,1563,2026-05-07,delivered,card,,0.00,20749.00,2026-05-12
112797,552,2026-05-07,delivered,card,,0.00,2279.00,2026-05-13
112798,508,2026-05-07,delivered,card,,0.00,36180.00,2026-05-11
112799,185,2026-05-07,delivered,card,,0.00,589.00,2026-05-11
112800,25,2026-05-07,returned,card,,0.00,21069.00,2026-05-12
112801,2484,2026-05-07,delivered,sbp,,0.00,10328.00,2026-05-09
112802,2451,2026-05-07,delivered,card,,0.00,589.00,2026-05-10
112803,252,2026-05-07,delivered,card,,0.00,1758.00,2026-05-13
112804,2730,2026-05-07,delivered,cash,,0.00,18858.00,2026-05-16
112805,2593,2026-05-07,delivered,card,,0.00,9980.00,2026-05-09
112806,982,2026-05-07,cancelled,cash,,0.00,989.00,
112807,300,2026-05-07,delivered,card,,0.00,8569.00,2026-05-08
112808,2198,2026-05-07,delivered,sbp,SPRING500,500.00,7390.00,2026-05-10
112809,1895,2026-05-07,delivered,card,,0.00,21149.00,2026-05-15
112810,1042,2026-05-07,delivered,sbp,,0.00,9680.00,2026-05-13
112811,1328,2026-05-07,cancelled,card,,0.00,1490.00,
112812,756,2026-05-07,delivered,card,,0.00,2490.00,2026-05-10
112813,220,2026-05-07,delivered,card,,0.00,7980.00,2026-05-09
112814,2763,2026-05-07,delivered,sbp,FRIEND300,300.00,49080.00,2026-05-13
112815,756,2026-05-08,delivered,sbp,,0.00,18859.00,2026-05-14
112816,2766,2026-05-08,delivered,sbp,SPRING500,500.00,10380.00,2026-05-10
112817,2461,2026-05-08,delivered,card,,0.00,8890.00,2026-05-11
112818,467,2026-05-08,delivered,sbp,,0.00,5390.00,2026-05-18
112819,1470,2026-05-08,delivered,sbp,,0.00,7280.00,2026-05-10
112820,2455,2026-05-08,delivered,sbp,,0.00,1890.00,2026-05-09
112821,1250,2026-05-08,delivered,sbp,,0.00,5980.00,2026-05-12
112822,364,2026-05-08,cancelled,card,,0.00,4857.00,
112823,1929,2026-05-08,delivered,card,,0.00,879.00,2026-05-14
112824,1436,2026-05-08,delivered,sbp,SPRING500,500.00,9770.00,2026-05-10
112825,2394,2026-05-08,delivered,card,,0.00,4590.00,2026-05-09
112826,2322,2026-05-08,delivered,sbp,,0.00,879.00,2026-05-11
112827,2632,2026-05-08,delivered,card,,0.00,8280.00,2026-05-10
112828,742,2026-05-08,delivered,sbp,,0.00,39690.00,2026-05-13
112829,326,2026-05-08,delivered,card,,0.00,5770.00,2026-05-13
112830,2293,2026-05-08,returned,card,FRIEND300,300.00,1458.00,2026-05-09
112831,2257,2026-05-08,delivered,sbp,,0.00,9890.00,2026-05-12
112832,2735,2026-05-08,delivered,card,WELCOME10,1000.00,15660.00,2026-05-11
112833,2761,2026-05-08,delivered,card,,0.00,879.00,2026-05-13
112834,1171,2026-05-08,delivered,sbp,,0.00,1890.00,2026-05-11
112835,2482,2026-05-08,returned,card,,0.00,6436.00,2026-05-13
112836,2671,2026-05-08,delivered,card,,0.00,14280.00,2026-05-12
112837,1305,2026-05-08,delivered,sbp,,0.00,39880.00,2026-05-12
112838,1446,2026-05-08,delivered,cash,,0.00,589.00,2026-05-14
112839,1528,2026-05-08,delivered,sbp,,0.00,2580.00,2026-05-14
112840,1980,2026-05-08,delivered,cash,,0.00,5790.00,2026-05-09
112841,2208,2026-05-08,delivered,card,,0.00,2490.00,2026-05-12
112842,2263,2026-05-08,delivered,card,,0.00,4479.00,2026-05-13
112843,419,2026-05-08,delivered,card,SPRING500,500.00,21290.00,2026-05-12
112844,1865,2026-05-08,delivered,card,,0.00,8890.00,2026-05-12
112845,2328,2026-05-08,delivered,sbp,WELCOME10,199.00,1791.00,2026-05-11
112846,2449,2026-05-08,delivered,sbp,,0.00,40250.00,2026-05-12
112847,1610,2026-05-08,delivered,sbp,,0.00,13390.00,2026-05-10
112848,2773,2026-05-08,delivered,sbp,,0.00,43269.00,2026-05-11
112849,135,2026-05-08,delivered,card,,0.00,44748.00,2026-05-10
112850,2705,2026-05-08,delivered,card,,0.00,13479.00,2026-05-11
112851,1470,2026-05-08,delivered,sbp,,0.00,1978.00,2026-05-10
112852,1052,2026-05-08,delivered,card,,0.00,7770.00,2026-05-13
112853,2760,2026-05-09,delivered,card,SPRING500,500.00,10390.00,2026-05-19
112854,2616,2026-05-09,returned,card,,0.00,3290.00,2026-05-11
112855,1784,2026-05-09,delivered,sbp,,0.00,14280.00,2026-05-15
112856,623,2026-05-09,delivered,card,,0.00,7890.00,2026-05-10
112857,832,2026-05-09,delivered,sbp,,0.00,1758.00,2026-05-12
112858,2693,2026-05-09,delivered,card,,0.00,18958.00,2026-05-10
112859,327,2026-05-09,delivered,card,,0.00,5147.00,2026-05-14
112860,1356,2026-05-09,delivered,sbp,,0.00,3990.00,2026-05-11
112861,184,2026-05-09,delivered,card,,0.00,2990.00,2026-05-16
112862,2579,2026-05-09,delivered,card,,0.00,55780.00,2026-05-14
112863,2566,2026-05-09,delivered,sbp,,0.00,2990.00,2026-05-13
112864,2134,2026-05-09,delivered,sbp,,0.00,10670.00,2026-05-11
112865,2622,2026-05-09,delivered,card,,0.00,4780.00,2026-05-11
112866,2739,2026-05-09,delivered,card,,0.00,1290.00,2026-05-14
112867,2488,2026-05-09,delivered,card,,0.00,30580.00,2026-05-13
112868,174,2026-05-09,delivered,card,,0.00,13248.00,2026-05-12
112869,756,2026-05-09,delivered,card,,0.00,3290.00,2026-05-12
112870,2479,2026-05-09,delivered,sbp,,0.00,6880.00,2026-05-11
112871,618,2026-05-09,delivered,card,,0.00,14659.00,2026-05-14
112872,2609,2026-05-09,delivered,card,SPRING500,500.00,9970.00,2026-05-11
112873,1186,2026-05-09,delivered,card,,0.00,14370.00,2026-05-11
112874,1694,2026-05-09,delivered,sbp,,0.00,1290.00,2026-05-12
112875,2682,2026-05-09,delivered,sbp,,0.00,1490.00,2026-05-15
112876,2596,2026-05-09,delivered,card,,0.00,14957.00,2026-05-12
112877,2693,2026-05-09,delivered,sbp,WELCOME10,87.90,791.10,2026-05-12
112878,1947,2026-05-09,delivered,card,,0.00,4990.00,2026-05-10
112879,998,2026-05-09,delivered,sbp,,0.00,12890.00,2026-05-14
112880,1528,2026-05-09,delivered,card,,0.00,66769.00,2026-05-14
112881,1296,2026-05-09,delivered,card,,0.00,2990.00,2026-05-11
112882,2630,2026-05-09,delivered,cash,,0.00,9338.00,2026-05-12
112883,1528,2026-05-09,delivered,card,,0.00,5980.00,2026-05-15
112884,2252,2026-05-09,delivered,sbp,,0.00,3990.00,2026-05-14
112885,1197,2026-05-09,delivered,card,,0.00,11890.00,2026-05-12
112886,2521,2026-05-09,delivered,cash,,0.00,27790.00,2026-05-17
112887,2777,2026-05-09,delivered,card,,0.00,978.00,2026-05-12
112888,2438,2026-05-09,delivered,sbp,,0.00,3990.00,2026-05-19
112889,1821,2026-05-09,returned,sbp,,0.00,1497.00,2026-05-13
112890,812,2026-05-09,cancelled,sbp,,0.00,5890.00,
112891,1988,2026-05-09,delivered,card,,0.00,4580.00,2026-05-15
112892,256,2026-05-09,delivered,sbp,,0.00,6980.00,2026-05-13
112893,2783,2026-05-10,delivered,card,WELCOME10,689.00,6201.00,2026-05-11
112894,2739,2026-05-10,delivered,sbp,,0.00,1490.00,2026-05-13
112895,165,2026-05-10,cancelled,card,,0.00,11670.00,
112896,594,2026-05-10,delivered,sbp,,0.00,31170.00,2026-05-12
112897,492,2026-05-10,delivered,card,SPRING500,500.00,49090.00,2026-05-14
112898,2781,2026-05-10,delivered,card,WELCOME10,386.90,3482.10,2026-05-12
112899,152,2026-05-10,delivered,card,,0.00,86770.00,2026-05-12
112900,2134,2026-05-10,delivered,sbp,SPRING500,500.00,9480.00,2026-05-13
112901,1967,2026-05-10,delivered,card,,0.00,15360.00,2026-05-12
112902,2383,2026-05-10,delivered,sbp,SPRING500,500.00,8390.00,2026-05-13
112903,1945,2026-05-10,delivered,card,,0.00,989.00,2026-05-11
112904,2562,2026-05-10,cancelled,card,,0.00,37950.00,
112905,1178,2026-05-10,delivered,card,,0.00,95169.00,2026-05-13
112906,2450,2026-05-10,delivered,sbp,,0.00,2990.00,2026-05-14
112907,1166,2026-05-10,delivered,card,,0.00,7390.00,2026-05-19
112908,1371,2026-05-10,delivered,card,,0.00,4990.00,2026-05-18
112909,1984,2026-05-10,delivered,card,,0.00,4490.00,2026-05-13
112910,2218,2026-05-10,delivered,cash,,0.00,4579.00,2026-05-14
112911,618,2026-05-10,delivered,card,,0.00,4580.00,2026-05-13
112912,2284,2026-05-10,returned,card,,0.00,58250.00,2026-05-12
112913,1,2026-05-10,delivered,card,,0.00,3088.00,2026-05-13
112914,402,2026-05-10,returned,sbp,SPRING500,500.00,8480.00,2026-05-15
112915,2243,2026-05-10,delivered,sbp,,0.00,2490.00,2026-05-15
112916,2113,2026-05-10,delivered,card,,0.00,5213.00,2026-05-14
112917,2582,2026-05-10,delivered,cash,,0.00,2290.00,2026-05-14
112918,2395,2026-05-10,delivered,sbp,,0.00,7390.00,2026-05-18
112919,260,2026-05-10,cancelled,card,,0.00,21050.00,
112920,433,2026-05-10,delivered,card,,0.00,3980.00,2026-05-17
112921,2627,2026-05-10,delivered,sbp,,0.00,2490.00,2026-05-13
112922,1530,2026-05-10,delivered,sbp,,0.00,4380.00,2026-05-11
112923,443,2026-05-10,delivered,card,,0.00,3290.00,2026-05-14
112924,2282,2026-05-10,delivered,sbp,,0.00,27458.00,2026-05-12
112925,2489,2026-05-10,delivered,sbp,,0.00,1290.00,2026-05-16
112926,496,2026-05-11,delivered,sbp,,0.00,9648.00,2026-05-15
112927,1947,2026-05-11,delivered,card,SPRING500,500.00,24290.00,2026-05-13
112928,1819,2026-05-11,delivered,sbp,,0.00,26280.00,2026-05-14
112929,1081,2026-05-11,delivered,card,SPRING500,500.00,4490.00,2026-05-21
112930,1648,2026-05-11,delivered,card,,0.00,2290.00,2026-05-13
112931,2776,2026-05-11,delivered,sbp,,0.00,7390.00,2026-05-13
112932,728,2026-05-11,delivered,sbp,,0.00,5389.00,2026-05-15
112933,495,2026-05-11,cancelled,card,,0.00,6480.00,
112934,2754,2026-05-11,cancelled,cash,,0.00,11759.00,
112935,1964,2026-05-11,delivered,card,,0.00,33050.00,2026-05-15
112936,2346,2026-05-11,delivered,card,,0.00,6580.00,2026-05-12
112937,2568,2026-05-11,delivered,card,,0.00,2580.00,2026-05-17
112938,798,2026-05-11,delivered,card,,0.00,3290.00,2026-05-16
112939,2778,2026-05-11,delivered,sbp,,0.00,39690.00,2026-05-13
112940,326,2026-05-11,delivered,card,,0.00,879.00,2026-05-16
112941,1131,2026-05-11,delivered,sbp,,0.00,5790.00,2026-05-14
112942,2579,2026-05-11,delivered,card,,0.00,4990.00,2026-05-15
112943,2362,2026-05-11,delivered,sbp,,0.00,6980.00,2026-05-20
112944,54,2026-05-11,returned,sbp,SPRING500,500.00,14528.00,2026-05-15
112945,2322,2026-05-11,delivered,card,,0.00,7359.00,2026-05-14
112946,1778,2026-05-11,delivered,card,,0.00,4590.00,2026-05-13
112947,994,2026-05-11,delivered,card,,0.00,32290.00,2026-05-14
112948,2257,2026-05-11,returned,sbp,,0.00,2990.00,2026-05-21
112949,1821,2026-05-11,delivered,sbp,,0.00,11180.00,2026-05-13
112950,1131,2026-05-11,delivered,cash,,0.00,3990.00,2026-05-17
112951,2154,2026-05-11,delivered,sbp,,0.00,2290.00,2026-05-14
112952,2426,2026-05-11,delivered,sbp,,0.00,459.00,2026-05-15
112953,812,2026-05-11,delivered,card,,0.00,22707.00,2026-05-16
112954,2786,2026-05-12,delivered,card,WELCOME10,1000.00,43690.00,2026-05-16
112955,1676,2026-05-12,delivered,card,,0.00,4990.00,2026-05-13
112956,264,2026-05-12,delivered,card,,0.00,13670.00,2026-05-17
112957,1973,2026-05-12,delivered,sbp,,0.00,12470.00,2026-05-16
112958,2521,2026-05-12,delivered,sbp,SPRING500,500.00,5480.00,2026-05-18
112959,1271,2026-05-12,delivered,sbp,,0.00,1178.00,2026-05-18
112960,1414,2026-05-12,delivered,card,,0.00,1490.00,2026-05-17
112961,775,2026-05-12,delivered,sbp,,0.00,1490.00,2026-05-14
112962,2651,2026-05-12,delivered,card,WELCOME10,1000.00,20150.00,2026-05-17
112963,1940,2026-05-12,returned,card,,0.00,1758.00,2026-05-16
112964,2790,2026-05-12,delivered,card,WELCOME10,1000.00,75457.00,2026-05-15
112965,2722,2026-05-12,delivered,sbp,,0.00,2067.00,2026-05-18
112966,133,2026-05-12,returned,sbp,,0.00,2580.00,2026-05-16
112967,623,2026-05-12,delivered,card,,0.00,12890.00,2026-05-14
112968,2706,2026-05-12,delivered,card,,0.00,2990.00,2026-05-17
112969,274,2026-05-12,delivered,card,,0.00,120380.00,2026-05-16
112970,1746,2026-05-12,delivered,card,,0.00,4480.00,2026-05-14
112971,737,2026-05-12,cancelled,cash,,0.00,19770.00,
112972,2341,2026-05-12,delivered,card,,0.00,7569.00,2026-05-14
112973,783,2026-05-12,returned,card,,0.00,3490.00,2026-05-17
112974,2282,2026-05-12,delivered,sbp,SPRING500,500.00,6380.00,2026-05-13
112975,2793,2026-05-12,delivered,card,,0.00,4490.00,2026-05-15
112976,1778,2026-05-12,returned,cash,,0.00,15060.00,2026-05-15
112977,2789,2026-05-12,delivered,card,WELCOME10,98.90,890.10,2026-05-18
112978,2505,2026-05-12,delivered,cash,,0.00,5980.00,2026-05-17
112979,2426,2026-05-12,delivered,card,,0.00,1490.00,2026-05-16
112980,1636,2026-05-13,delivered,card,,0.00,11846.00,2026-05-14
112981,1088,2026-05-13,cancelled,card,,0.00,689.00,
112982,1083,2026-05-13,delivered,card,SPRING500,500.00,44670.00,2026-05-16
112983,1849,2026-05-13,delivered,sbp,,0.00,879.00,2026-05-14
112984,1421,2026-05-13,delivered,card,,0.00,7670.00,2026-05-15
112985,985,2026-05-13,delivered,cash,,0.00,27790.00,2026-05-17
112986,902,2026-05-13,delivered,sbp,,0.00,64150.00,2026-05-21
112987,1592,2026-05-13,delivered,sbp,WELCOME10,1000.00,20870.00,2026-05-16
112988,594,2026-05-13,delivered,card,,0.00,17890.00,2026-05-15
112989,1130,2026-05-13,delivered,card,,0.00,6668.00,2026-05-19
112990,1985,2026-05-13,delivered,sbp,,0.00,44690.00,2026-05-16
112991,2208,2026-05-13,delivered,card,,0.00,10769.00,2026-05-19
112992,2521,2026-05-13,delivered,sbp,,0.00,1490.00,2026-05-22
112993,922,2026-05-13,returned,sbp,,0.00,2990.00,2026-05-16
112994,268,2026-05-13,delivered,card,,0.00,499.00,2026-05-17
112995,56,2026-05-13,delivered,card,,0.00,2490.00,2026-05-19
112996,25,2026-05-13,delivered,sbp,,0.00,3490.00,2026-05-15
112997,1603,2026-05-13,delivered,card,SPRING500,500.00,3490.00,2026-05-17
112998,388,2026-05-13,delivered,card,,0.00,1290.00,2026-05-19
112999,810,2026-05-13,delivered,card,,0.00,4990.00,2026-05-18
113000,2576,2026-05-13,delivered,card,,0.00,9470.00,2026-05-15
113001,1216,2026-05-13,delivered,sbp,,0.00,15760.00,2026-05-21
113002,1268,2026-05-13,delivered,sbp,,0.00,5490.00,2026-05-16
113003,264,2026-05-13,delivered,card,,0.00,1758.00,2026-05-17
113004,399,2026-05-13,delivered,card,,0.00,6980.00,2026-05-14
113005,616,2026-05-13,delivered,card,,0.00,6890.00,2026-05-14
113006,594,2026-05-13,delivered,card,,0.00,3490.00,2026-05-16
113007,2152,2026-05-13,delivered,card,,0.00,4770.00,2026-05-15
113008,2566,2026-05-13,delivered,sbp,SPRING500,500.00,43559.00,2026-05-23
113009,2739,2026-05-13,delivered,sbp,,0.00,2990.00,2026-05-18
113010,196,2026-05-13,delivered,cash,,0.00,36269.00,2026-05-18
113011,2666,2026-05-13,delivered,card,,0.00,8890.00,2026-05-17
113012,590,2026-05-13,delivered,sbp,,0.00,3290.00,2026-05-19
113013,1055,2026-05-14,delivered,cash,,0.00,42690.00,2026-05-16
113014,2479,2026-05-14,delivered,card,,0.00,2990.00,2026-05-15
113015,268,2026-05-14,delivered,cash,,0.00,9890.00,2026-05-17
113016,649,2026-05-14,delivered,card,,0.00,4790.00,2026-05-19
113017,2654,2026-05-14,cancelled,sbp,,0.00,27790.00,
113018,1959,2026-05-14,delivered,card,,0.00,9450.00,2026-05-18
113019,557,2026-05-14,delivered,card,,0.00,879.00,2026-05-23
113020,2355,2026-05-14,delivered,sbp,,0.00,879.00,2026-05-16
113021,1457,2026-05-14,delivered,card,,0.00,9080.00,2026-05-16
113022,2562,2026-05-14,delivered,card,,0.00,11880.00,2026-05-23
113023,175,2026-05-14,delivered,card,,0.00,6890.00,2026-05-18
113024,501,2026-05-14,delivered,card,,0.00,6880.00,2026-05-18
113025,2593,2026-05-14,delivered,sbp,,0.00,2490.00,2026-05-17
113026,200,2026-05-14,delivered,card,,0.00,1178.00,2026-05-18
113027,2646,2026-05-14,delivered,sbp,,0.00,3989.00,2026-05-22
113028,1027,2026-05-14,delivered,card,,0.00,15180.00,2026-05-18
113029,196,2026-05-14,delivered,card,,0.00,2869.00,2026-05-24
113030,977,2026-05-14,delivered,card,,0.00,6257.00,2026-05-18
113031,1636,2026-05-14,cancelled,sbp,,0.00,1290.00,
113032,496,2026-05-14,delivered,card,SPRING500,500.00,4479.00,2026-05-16
113033,1749,2026-05-14,delivered,card,,0.00,9980.00,2026-05-17
113034,1988,2026-05-14,delivered,card,,0.00,2990.00,2026-05-19
113035,2256,2026-05-14,delivered,sbp,,0.00,879.00,2026-05-17
113036,1839,2026-05-14,delivered,card,SPRING500,500.00,59090.00,2026-05-16
113037,594,2026-05-14,delivered,card,,0.00,13470.00,2026-05-17
113038,611,2026-05-14,cancelled,card,SPRING500,500.00,13260.00,
113039,1371,2026-05-14,delivered,sbp,,0.00,10680.00,2026-05-18
113040,341,2026-05-14,delivered,sbp,,0.00,4990.00,2026-05-20
113041,2358,2026-05-14,cancelled,sbp,,0.00,4990.00,
113042,1175,2026-05-14,returned,card,,0.00,1378.00,2026-05-16
113043,1784,2026-05-14,delivered,sbp,,0.00,6669.00,2026-05-21
113044,2780,2026-05-14,delivered,sbp,,0.00,879.00,2026-05-15
113045,473,2026-05-14,delivered,card,,0.00,15559.00,2026-05-17
113046,2718,2026-05-14,delivered,card,,0.00,7890.00,2026-05-17
113047,2250,2026-05-14,delivered,card,,0.00,45078.00,2026-05-22
113048,1778,2026-05-14,delivered,card,,0.00,2490.00,2026-05-15
113049,734,2026-05-14,delivered,card,,0.00,4357.00,2026-05-15
113050,2218,2026-05-14,delivered,card,,0.00,1090.00,2026-05-21
113051,383,2026-05-14,delivered,card,,0.00,49870.00,2026-05-18
113052,465,2026-05-14,delivered,cash,,0.00,5580.00,2026-05-18
113053,2521,2026-05-14,delivered,card,,0.00,1290.00,2026-05-20
113054,1749,2026-05-14,delivered,card,,0.00,1490.00,2026-05-20
113055,516,2026-05-14,returned,sbp,,0.00,6390.00,2026-05-17
113056,1784,2026-05-15,delivered,sbp,,0.00,7890.00,2026-05-22
113057,473,2026-05-15,cancelled,sbp,,0.00,57080.00,
113058,423,2026-05-15,delivered,card,,0.00,40070.00,2026-05-23
113059,1645,2026-05-15,delivered,card,SPRING500,500.00,12390.00,2026-05-19
113060,1545,2026-05-15,delivered,card,,0.00,21180.00,2026-05-17
113061,2800,2026-05-15,delivered,sbp,,0.00,989.00,2026-05-19
113062,1080,2026-05-15,delivered,sbp,SPRING500,500.00,7390.00,2026-05-18
113063,2722,2026-05-15,delivered,sbp,,0.00,879.00,2026-05-20
113064,2542,2026-05-15,cancelled,sbp,,0.00,2579.00,
113065,2479,2026-05-15,delivered,card,SPRING500,500.00,7390.00,2026-05-18
113066,621,2026-05-15,delivered,sbp,SPRING500,500.00,10770.00,2026-05-18
113067,203,2026-05-15,delivered,card,,0.00,1978.00,2026-05-16
113068,448,2026-05-15,delivered,sbp,,0.00,19070.00,2026-05-21
113069,2758,2026-05-15,delivered,cash,SPRING500,500.00,4780.00,2026-05-20
113070,2154,2026-05-15,delivered,card,,0.00,6580.00,2026-05-18
113071,2795,2026-05-15,delivered,sbp,WELCOME10,149.70,1347.30,2026-05-21
113072,702,2026-05-15,delivered,sbp,SPRING500,500.00,36190.00,2026-05-18
113073,2030,2026-05-15,delivered,sbp,,0.00,1976.00,2026-05-25
113074,511,2026-05-15,delivered,card,SPRING500,500.00,17889.00,2026-05-18
113075,1283,2026-05-15,delivered,card,,0.00,9980.00,2026-05-19
113076,2744,2026-05-15,delivered,sbp,,0.00,17390.00,2026-05-20
113077,2631,2026-05-15,delivered,card,SPRING500,500.00,3490.00,2026-05-19
113078,2788,2026-05-15,delivered,card,,0.00,18860.00,2026-05-18
113079,1615,2026-05-15,delivered,cash,,0.00,589.00,2026-05-17
113080,338,2026-05-15,delivered,card,,0.00,5980.00,2026-05-18
113081,2329,2026-05-15,delivered,card,,0.00,57580.00,2026-05-21
113082,418,2026-05-15,delivered,card,,0.00,10207.00,2026-05-17
113083,264,2026-05-15,delivered,cash,,0.00,1368.00,2026-05-18
113084,514,2026-05-15,delivered,card,,0.00,9890.00,2026-05-19
113085,1241,2026-05-15,delivered,sbp,SPRING500,500.00,4990.00,2026-05-17
113086,1091,2026-05-15,delivered,card,,0.00,1758.00,2026-05-17
113087,971,2026-05-15,cancelled,card,,0.00,499.00,
113088,454,2026-05-15,delivered,card,,0.00,3290.00,2026-05-22
113089,1649,2026-05-15,delivered,sbp,,0.00,7390.00,2026-05-18
113090,2397,2026-05-15,delivered,card,,0.00,589.00,2026-05-24
113091,2109,2026-05-15,delivered,card,,0.00,6580.00,2026-05-21
113092,2439,2026-05-15,delivered,sbp,,0.00,20270.00,2026-05-19
113093,2580,2026-05-15,delivered,cash,,0.00,2990.00,2026-05-17
113094,1181,2026-05-15,delivered,card,,0.00,13390.00,2026-05-18
113095,184,2026-05-15,delivered,card,,0.00,34790.00,2026-05-21
113096,752,2026-05-15,delivered,card,,0.00,4280.00,2026-05-18
113097,2782,2026-05-15,delivered,sbp,,0.00,1578.00,2026-05-16
113098,1865,2026-05-15,delivered,sbp,,0.00,1978.00,2026-05-18
113099,1491,2026-05-15,delivered,sbp,,0.00,4990.00,2026-05-18
113100,2484,2026-05-15,delivered,card,,0.00,1990.00,2026-05-19
113101,1782,2026-05-16,delivered,card,,0.00,8848.00,2026-05-20
113102,20,2026-05-16,delivered,sbp,,0.00,3990.00,2026-05-20
113103,2810,2026-05-16,delivered,sbp,WELCOME10,1000.00,46657.00,2026-05-19
113104,2277,2026-05-16,delivered,card,,0.00,13390.00,2026-05-18
113105,728,2026-05-16,delivered,sbp,,0.00,10660.00,2026-05-21
113106,1421,2026-05-16,delivered,sbp,,0.00,3576.00,2026-05-19
113107,193,2026-05-16,delivered,card,,0.00,14380.00,2026-05-17
113108,2219,2026-05-16,delivered,sbp,,0.00,10627.00,2026-05-18
113109,2192,2026-05-16,delivered,card,,0.00,77370.00,2026-05-21
113110,2505,2026-05-16,delivered,cash,,0.00,589.00,2026-05-22
113111,2637,2026-05-16,delivered,card,,0.00,2489.00,2026-05-20
113112,967,2026-05-16,delivered,sbp,,0.00,19249.00,2026-05-22
113113,1426,2026-05-16,delivered,card,,0.00,5980.00,2026-05-19
113114,1522,2026-05-16,delivered,card,,0.00,5980.00,2026-05-22
113115,1159,2026-05-16,delivered,card,,0.00,8980.00,2026-05-21
113116,153,2026-05-16,delivered,sbp,,0.00,3757.00,2026-05-19
113117,2807,2026-05-16,delivered,card,WELCOME10,1000.00,11380.00,2026-05-20
113118,2666,2026-05-16,delivered,sbp,,0.00,4369.00,2026-05-18
113119,1130,2026-05-16,delivered,card,,0.00,36690.00,2026-05-20
113120,1118,2026-05-16,delivered,card,,0.00,459.00,2026-05-18
113121,1,2026-05-16,delivered,card,,0.00,1490.00,2026-05-17
113122,1738,2026-05-16,cancelled,card,,0.00,10180.00,
113123,2432,2026-05-16,delivered,card,,0.00,4468.00,2026-05-19
113124,1378,2026-05-16,delivered,card,,0.00,2367.00,2026-05-18
113125,1118,2026-05-16,delivered,sbp,,0.00,2180.00,2026-05-18
113126,1610,2026-05-16,delivered,sbp,,0.00,7680.00,2026-05-20
113127,82,2026-05-16,delivered,card,,0.00,3680.00,2026-05-22
113128,2573,2026-05-16,delivered,cash,,0.00,879.00,2026-05-22
113129,1356,2026-05-16,delivered,card,,0.00,1890.00,2026-05-18
113130,2346,2026-05-16,delivered,sbp,,0.00,2879.00,2026-05-17
113131,465,2026-05-16,delivered,card,,0.00,3990.00,2026-05-23
113132,1463,2026-05-16,delivered,card,,0.00,2637.00,2026-05-22
113133,1217,2026-05-16,delivered,card,,0.00,16880.00,2026-05-19
113134,2368,2026-05-16,delivered,card,,0.00,2580.00,2026-05-22
113135,2803,2026-05-16,delivered,sbp,,0.00,8890.00,2026-05-20
113136,313,2026-05-16,delivered,card,,0.00,8068.00,2026-05-20
113137,288,2026-05-16,delivered,card,,0.00,589.00,2026-05-19
113138,1431,2026-05-16,delivered,sbp,SPRING500,500.00,2880.00,2026-05-20
113139,1446,2026-05-16,delivered,sbp,,0.00,489.00,2026-05-25
113140,417,2026-05-16,cancelled,card,,0.00,499.00,
113141,2148,2026-05-16,delivered,sbp,,0.00,2990.00,2026-05-20
113142,1390,2026-05-16,delivered,card,SPRING500,500.00,4490.00,2026-05-20
113143,742,2026-05-16,returned,card,,0.00,6928.00,2026-05-22
113144,1597,2026-05-16,delivered,sbp,,0.00,5780.00,2026-05-21
113145,2720,2026-05-16,delivered,card,WELCOME10,549.00,4941.00,2026-05-17
113146,1769,2026-05-17,delivered,card,,0.00,2290.00,2026-05-23
113147,1467,2026-05-17,delivered,card,,0.00,10380.00,2026-05-20
113148,1182,2026-05-17,delivered,card,SPRING500,500.00,5480.00,2026-05-20
113149,473,2026-05-17,delivered,card,,0.00,6890.00,2026-05-19
113150,2208,2026-05-17,delivered,sbp,SPRING500,500.00,3488.00,2026-05-20
113151,201,2026-05-17,delivered,cash,,0.00,3490.00,2026-05-19
113152,87,2026-05-17,delivered,card,,0.00,5990.00,2026-05-23
113153,1137,2026-05-17,delivered,card,,0.00,33680.00,2026-05-23
113154,2816,2026-05-17,delivered,card,WELCOME10,599.00,5391.00,2026-05-21
113155,2277,2026-05-17,delivered,card,SPRING500,500.00,9770.00,2026-05-19
113156,1124,2026-05-17,delivered,card,,0.00,48580.00,2026-05-22
113157,2039,2026-05-17,delivered,card,SPRING500,500.00,17390.00,2026-05-23
113158,1115,2026-05-17,delivered,sbp,,0.00,2990.00,2026-05-19
113159,594,2026-05-17,returned,sbp,,0.00,1290.00,2026-05-18
113160,1749,2026-05-17,delivered,sbp,,0.00,5417.00,2026-05-21
113161,1756,2026-05-17,delivered,card,SPRING500,500.00,19747.00,2026-05-20
113162,2468,2026-05-17,cancelled,sbp,,0.00,2180.00,
113163,1849,2026-05-17,delivered,card,,0.00,17390.00,2026-05-19
113164,1144,2026-05-17,delivered,card,,0.00,1467.00,2026-05-19
113165,1957,2026-05-17,delivered,card,,0.00,989.00,2026-05-19
113166,1954,2026-05-17,delivered,card,,0.00,2990.00,2026-05-22
113167,836,2026-05-17,delivered,sbp,,0.00,7379.00,2026-05-20
113168,1821,2026-05-17,delivered,card,SPRING500,500.00,6660.00,2026-05-20
113169,774,2026-05-17,delivered,sbp,,0.00,3990.00,2026-05-26
113170,1042,2026-05-17,delivered,card,,0.00,1290.00,2026-05-23
113171,2646,2026-05-17,cancelled,cash,,0.00,13657.00,
113172,957,2026-05-17,returned,card,,0.00,998.00,2026-05-21
113173,1920,2026-05-17,delivered,card,,0.00,10890.00,2026-05-20
113174,2422,2026-05-17,delivered,card,,0.00,1558.00,2026-05-20
113175,113,2026-05-17,delivered,card,,0.00,459.00,2026-05-23
113176,1,2026-05-17,delivered,sbp,,0.00,5890.00,2026-05-18
113177,2378,2026-05-17,delivered,card,,0.00,2990.00,2026-05-21
113178,184,2026-05-17,delivered,sbp,,0.00,5990.00,2026-05-26
113179,465,2026-05-17,delivered,card,,0.00,6389.00,2026-05-21
113180,20,2026-05-17,delivered,card,,0.00,41280.00,2026-05-20
113181,1400,2026-05-17,delivered,card,,0.00,20350.00,2026-05-27
113182,2813,2026-05-17,delivered,card,SPRING500,500.00,27280.00,2026-05-20
113183,2794,2026-05-18,delivered,card,,0.00,589.00,2026-05-20
113184,2269,2026-05-18,delivered,card,,0.00,1088.00,2026-05-21
113185,1372,2026-05-18,delivered,sbp,,0.00,28669.00,2026-05-20
113186,2718,2026-05-18,delivered,card,,0.00,16339.00,2026-05-21
113187,618,2026-05-18,delivered,card,,0.00,32290.00,2026-05-21
113188,2718,2026-05-18,delivered,card,,0.00,9370.00,2026-05-22
113189,2818,2026-05-18,delivered,card,,0.00,7890.00,2026-05-19
113190,2542,2026-05-18,delivered,card,,0.00,1290.00,2026-05-20
113191,1285,2026-05-18,cancelled,card,,0.00,13180.00,
113192,362,2026-05-18,delivered,cash,,0.00,4990.00,2026-05-20
113193,1183,2026-05-18,delivered,card,,0.00,2637.00,2026-05-23
113194,2450,2026-05-18,delivered,card,,0.00,28669.00,2026-05-26
113195,2461,2026-05-18,delivered,cash,,0.00,499.00,2026-05-20
113196,2484,2026-05-18,delivered,card,,0.00,3990.00,2026-05-20
113197,625,2026-05-18,delivered,card,SPRING500,500.00,9470.00,2026-05-28
113198,1433,2026-05-18,delivered,cash,,0.00,8890.00,2026-05-22
113199,2669,2026-05-18,delivered,sbp,,0.00,3490.00,2026-05-24
113200,185,2026-05-18,delivered,card,,0.00,8758.00,2026-05-20
113201,1738,2026-05-18,delivered,card,,0.00,399.00,2026-05-20
113202,27,2026-05-18,delivered,card,,0.00,2749.00,2026-05-24
113203,1669,2026-05-18,delivered,card,,0.00,3990.00,2026-05-19
113204,352,2026-05-18,delivered,sbp,SPRING500,500.00,3990.00,2026-05-19
113205,2815,2026-05-18,delivered,sbp,,0.00,17479.00,2026-05-22
113206,1468,2026-05-18,delivered,sbp,,0.00,2868.00,2026-05-22
113207,1887,2026-05-18,delivered,card,,0.00,2580.00,2026-05-20
113208,557,2026-05-18,delivered,cash,,0.00,3190.00,2026-05-27
113209,1007,2026-05-18,delivered,card,,0.00,2980.00,2026-05-21
113210,2797,2026-05-19,delivered,card,,0.00,106160.00,2026-05-25
113211,2158,2026-05-19,delivered,sbp,,0.00,879.00,2026-05-21
113212,2456,2026-05-19,delivered,card,,0.00,1178.00,2026-05-22
113213,2821,2026-05-19,delivered,card,WELCOME10,45.90,413.10,2026-05-21
113214,30,2026-05-19,delivered,sbp,,0.00,49170.00,2026-05-22
113215,388,2026-05-19,delivered,card,SPRING500,500.00,90860.00,2026-05-25
113216,2630,2026-05-19,delivered,sbp,,0.00,4990.00,2026-05-23
113217,1778,2026-05-19,delivered,sbp,,0.00,12679.00,2026-05-20
113218,419,2026-05-19,cancelled,sbp,SPRING500,500.00,4280.00,
113219,1151,2026-05-19,delivered,card,,0.00,3290.00,2026-05-22
113220,2772,2026-05-19,delivered,card,,0.00,5890.00,2026-05-20
113221,796,2026-05-19,delivered,sbp,,0.00,4279.00,2026-05-20
113222,2666,2026-05-19,delivered,sbp,,0.00,43980.00,2026-05-22
113223,1463,2026-05-19,delivered,card,,0.00,3190.00,2026-05-23
113224,1061,2026-05-19,delivered,card,,0.00,8890.00,2026-05-22
113225,741,2026-05-19,delivered,card,,0.00,8280.00,2026-05-22
113226,1924,2026-05-19,delivered,cash,,0.00,5490.00,2026-05-23
113227,1836,2026-05-19,delivered,sbp,,0.00,8070.00,2026-05-24
113228,909,2026-05-19,delivered,cash,,0.00,52690.00,2026-05-25
113229,392,2026-05-19,cancelled,sbp,,0.00,8890.00,
113230,2808,2026-05-19,delivered,card,WELCOME10,299.00,2691.00,2026-05-25
113231,2670,2026-05-19,delivered,cash,,0.00,1978.00,2026-05-22
113232,87,2026-05-20,delivered,card,,0.00,1490.00,2026-05-25
113233,2826,2026-05-20,delivered,card,FRIEND300,300.00,2690.00,2026-05-23
113234,2819,2026-05-20,delivered,card,,0.00,2468.00,2026-05-23
113235,1101,2026-05-20,delivered,card,,0.00,140160.00,2026-05-23
113236,2471,2026-05-20,delivered,sbp,,0.00,4990.00,2026-05-25
113237,1743,2026-05-20,cancelled,sbp,,0.00,3490.00,
113238,452,2026-05-20,delivered,card,,0.00,11970.00,2026-05-26
113239,672,2026-05-20,delivered,card,,0.00,499.00,2026-05-26
113240,812,2026-05-20,delivered,card,,0.00,32290.00,2026-05-26
113241,1007,2026-05-20,delivered,card,,0.00,1290.00,2026-05-24
113242,2808,2026-05-20,delivered,sbp,,0.00,10670.00,2026-05-26
113243,1594,2026-05-20,delivered,card,,0.00,4827.00,2026-05-23
113244,803,2026-05-20,delivered,card,,0.00,11959.00,2026-05-29
113245,2281,2026-05-20,delivered,sbp,,0.00,3990.00,2026-05-22
113246,2552,2026-05-20,delivered,card,,0.00,10890.00,2026-05-25
113247,2822,2026-05-20,returned,card,WELCOME10,98.90,890.10,2026-05-25
113248,2113,2026-05-20,delivered,sbp,,0.00,5487.00,2026-05-23
113249,1942,2026-05-20,delivered,card,,0.00,459.00,2026-05-25
113250,584,2026-05-20,cancelled,card,,0.00,7668.00,
113251,821,2026-05-20,delivered,card,,0.00,17890.00,2026-05-29
113252,97,2026-05-20,delivered,sbp,SPRING500,500.00,2990.00,2026-05-22
113253,950,2026-05-20,delivered,sbp,,0.00,4990.00,2026-05-22
113254,1400,2026-05-20,returned,sbp,,0.00,7157.00,2026-05-30
113255,313,2026-05-20,returned,sbp,,0.00,879.00,2026-05-22
113256,2526,2026-05-20,delivered,sbp,,0.00,18380.00,2026-05-22
113257,25,2026-05-20,delivered,card,,0.00,7890.00,2026-05-24
113258,1271,2026-05-20,delivered,card,,0.00,3990.00,2026-05-26
113259,1636,2026-05-20,delivered,sbp,,0.00,7170.00,2026-05-21
113260,2241,2026-05-20,delivered,sbp,,0.00,2567.00,2026-05-22
113261,4,2026-05-20,delivered,cash,,0.00,88480.00,2026-05-26
113262,2823,2026-05-20,delivered,card,,0.00,979.00,2026-05-27
113263,591,2026-05-20,delivered,sbp,,0.00,7970.00,2026-05-26
113264,1893,2026-05-20,delivered,card,,0.00,1290.00,2026-05-23
113265,2067,2026-05-20,delivered,card,,0.00,1290.00,2026-05-23
113266,2414,2026-05-20,delivered,card,,0.00,489.00,2026-05-27
113267,2169,2026-05-20,delivered,sbp,,0.00,10880.00,2026-05-23
113268,1767,2026-05-20,delivered,sbp,,0.00,1290.00,2026-05-24
113269,503,2026-05-20,delivered,card,SPRING500,500.00,5558.00,2026-05-23
113270,1207,2026-05-20,delivered,card,,0.00,6890.00,2026-05-25
113271,2449,2026-05-20,delivered,card,,0.00,10648.00,2026-05-22
113272,454,2026-05-21,delivered,card,,0.00,7390.00,2026-05-27
113273,188,2026-05-21,returned,card,,0.00,10870.00,2026-05-25
113274,2479,2026-05-21,cancelled,card,SPRING500,500.00,24870.00,
113275,2544,2026-05-21,delivered,cash,,0.00,689.00,2026-05-26
113276,1782,2026-05-21,delivered,sbp,,0.00,1290.00,2026-05-24
113277,1945,2026-05-21,delivered,card,SPRING500,500.00,8390.00,2026-05-24
113278,2831,2026-05-21,delivered,sbp,,0.00,5768.00,2026-05-25
113279,2247,2026-05-21,delivered,sbp,,0.00,2990.00,2026-05-26
113280,2682,2026-05-21,cancelled,cash,,0.00,7890.00,
113281,1511,2026-05-21,cancelled,card,,0.00,5080.00,
113282,1442,2026-05-21,delivered,sbp,,0.00,7748.00,2026-05-25
113283,2012,2026-05-21,delivered,card,,0.00,4080.00,2026-05-23
113284,2804,2026-05-21,delivered,card,FRIEND300,300.00,4690.00,2026-05-25
113285,1452,2026-05-21,delivered,card,,0.00,64590.00,2026-05-31
113286,2249,2026-05-21,delivered,card,SPRING500,500.00,3490.00,2026-05-25
113287,1117,2026-05-21,delivered,card,SPRING500,500.00,19857.00,2026-05-30
113288,1049,2026-05-21,delivered,sbp,,0.00,1290.00,2026-05-24
113289,191,2026-05-21,delivered,sbp,,0.00,1190.00,2026-05-22
113290,2038,2026-05-21,delivered,card,,0.00,19648.00,2026-05-25
113291,1943,2026-05-21,delivered,card,SPRING500,500.00,4490.00,2026-05-24
113292,1,2026-05-21,delivered,card,,0.00,1290.00,2026-05-22
113293,2071,2026-05-21,delivered,sbp,,0.00,27870.00,2026-05-24
113294,1567,2026-05-21,returned,sbp,,0.00,7969.00,2026-05-26
113295,1111,2026-05-21,delivered,sbp,,0.00,589.00,2026-05-27
113296,776,2026-05-21,delivered,sbp,,0.00,12758.00,2026-05-26
113297,364,2026-05-21,delivered,card,,0.00,8680.00,2026-05-26
113298,827,2026-05-21,delivered,sbp,,0.00,1467.00,2026-05-23
113299,184,2026-05-21,delivered,cash,,0.00,21870.00,2026-05-30
113300,1780,2026-05-21,delivered,card,,0.00,6380.00,2026-05-26
113301,1052,2026-05-21,returned,sbp,,0.00,1497.00,2026-05-27
113302,2426,2026-05-21,delivered,card,,0.00,4990.00,2026-05-23
113303,1754,2026-05-22,delivered,card,,0.00,14058.00,2026-05-26
113304,1433,2026-05-22,delivered,card,,0.00,4980.00,2026-05-25
113305,2688,2026-05-22,delivered,card,,0.00,1758.00,2026-05-26
113306,2580,2026-05-22,delivered,card,SPRING500,500.00,11518.00,2026-05-26
113307,473,2026-05-22,delivered,sbp,,0.00,5389.00,2026-05-25
113308,1759,2026-05-22,returned,card,,0.00,8859.00,2026-05-26
113309,1414,2026-05-22,delivered,cash,,0.00,5635.00,2026-05-25
113310,1968,2026-05-22,delivered,sbp,,0.00,19548.00,2026-05-23
113311,153,2026-05-22,delivered,card,,0.00,30828.00,2026-05-27
113312,2437,2026-05-22,delivered,card,SPRING500,500.00,3490.00,2026-05-26
113313,2277,2026-05-22,delivered,cash,,0.00,16959.00,2026-05-26
113314,1467,2026-05-22,delivered,card,,0.00,3990.00,2026-05-23
113315,1956,2026-05-22,delivered,cash,,0.00,2990.00,2026-05-28
113316,2827,2026-05-22,delivered,cash,WELCOME10,129.00,1161.00,2026-05-25
113317,1111,2026-05-22,delivered,card,,0.00,1490.00,2026-05-31
113318,167,2026-05-22,delivered,card,,0.00,3369.00,2026-05-23
113319,2394,2026-05-22,returned,card,,0.00,26287.00,2026-05-25
113320,1549,2026-05-22,delivered,card,,0.00,1789.00,2026-06-01
113321,2338,2026-05-22,delivered,card,WELCOME10,404.80,3643.20,2026-05-26
113322,741,2026-05-22,delivered,card,,0.00,44460.00,2026-05-28
113323,725,2026-05-22,delivered,sbp,,0.00,5070.00,2026-05-23
113324,1000,2026-05-22,delivered,card,,0.00,13670.00,2026-05-24
113325,278,2026-05-22,delivered,sbp,,0.00,3290.00,2026-05-26
113326,680,2026-05-22,returned,sbp,,0.00,50928.00,2026-05-23
113327,779,2026-05-22,delivered,sbp,,0.00,3290.00,2026-05-27
113328,1968,2026-05-22,delivered,card,,0.00,3990.00,2026-05-23
113329,1052,2026-05-22,delivered,card,,0.00,6368.00,2026-05-30
113330,2576,2026-05-22,delivered,card,,0.00,8890.00,2026-05-24
113331,2599,2026-05-22,delivered,card,WELCOME10,357.90,3221.10,2026-05-30
113332,1319,2026-05-22,delivered,card,,0.00,2490.00,2026-05-27
113333,1849,2026-05-22,delivered,card,,0.00,5480.00,2026-05-24
113334,2737,2026-05-22,delivered,card,,0.00,2380.00,2026-05-25
113335,1634,2026-05-22,cancelled,sbp,,0.00,99860.00,
113336,2472,2026-05-22,cancelled,sbp,,0.00,7980.00,
113337,195,2026-05-22,delivered,card,,0.00,7480.00,2026-05-26
113338,2287,2026-05-22,returned,card,,0.00,4990.00,2026-05-25
113339,1675,2026-05-22,cancelled,card,,0.00,5490.00,
113340,1973,2026-05-22,delivered,sbp,,0.00,1178.00,2026-05-25
113341,2067,2026-05-22,delivered,card,,0.00,589.00,2026-05-28
113342,559,2026-05-22,delivered,sbp,SPRING500,500.00,6890.00,2026-05-28
113343,2582,2026-05-22,delivered,card,,0.00,17390.00,2026-05-27
113344,1178,2026-05-22,delivered,card,,0.00,5990.00,2026-05-25
113345,2583,2026-05-22,delivered,sbp,,0.00,5627.00,2026-05-26
113346,1535,2026-05-23,delivered,cash,,0.00,9980.00,2026-05-26
113347,2718,2026-05-23,cancelled,sbp,,0.00,6990.00,
113348,1636,2026-05-23,delivered,sbp,,0.00,10958.00,2026-05-24
113349,2840,2026-05-23,delivered,card,WELCOME10,1000.00,9958.00,2026-05-28
113350,2399,2026-05-23,delivered,cash,,0.00,4379.00,2026-06-02
113351,1787,2026-05-23,delivered,card,,0.00,5280.00,2026-05-28
113352,1379,2026-05-23,delivered,cash,SPRING500,500.00,6480.00,2026-05-28
113353,2166,2026-05-23,delivered,sbp,WELCOME10,88.90,800.10,2026-05-28
113354,1372,2026-05-23,delivered,card,,0.00,5880.00,2026-05-26
113355,150,2026-05-23,delivered,card,,0.00,1290.00,2026-05-26
113356,2666,2026-05-23,delivered,card,SPRING500,500.00,24390.00,2026-05-26
113357,2833,2026-05-23,delivered,card,,0.00,2180.00,2026-05-30
113358,608,2026-05-23,delivered,sbp,,0.00,24880.00,2026-05-26
113359,1208,2026-05-23,delivered,card,,0.00,4990.00,2026-05-28
113360,1782,2026-05-23,delivered,sbp,,0.00,589.00,2026-05-27
113361,1101,2026-05-23,delivered,card,,0.00,54960.00,2026-05-26
113362,892,2026-05-23,delivered,card,,0.00,11970.00,2026-05-25
113363,335,2026-05-23,delivered,cash,,0.00,6990.00,2026-05-26
113364,728,2026-05-23,delivered,sbp,,0.00,9958.00,2026-05-28
113365,1090,2026-05-23,delivered,card,,0.00,3990.00,2026-05-31
113366,1450,2026-05-23,delivered,card,SPRING500,500.00,14660.00,2026-05-24
113367,2839,2026-05-23,delivered,sbp,,0.00,6070.00,2026-05-28
113368,2277,2026-05-23,delivered,card,,0.00,13470.00,2026-05-26
113369,864,2026-05-23,delivered,sbp,,0.00,2490.00,2026-05-25
113370,2526,2026-05-23,delivered,sbp,,0.00,55880.00,2026-05-26
113371,20,2026-05-23,delivered,card,,0.00,489.00,2026-05-28
113372,46,2026-05-23,delivered,card,,0.00,24890.00,2026-05-25
113373,957,2026-05-23,delivered,sbp,,0.00,11270.00,2026-05-28
113374,2828,2026-05-23,delivered,card,,0.00,2490.00,2026-05-25
113375,2236,2026-05-23,delivered,card,,0.00,6990.00,2026-05-26
113376,1103,2026-05-23,delivered,card,,0.00,14759.00,2026-05-24
113377,2247,2026-05-23,delivered,card,,0.00,14780.00,2026-05-31
113378,2484,2026-05-23,delivered,card,SPRING500,500.00,54360.00,2026-05-25
113379,315,2026-05-23,delivered,card,SPRING500,500.00,45160.00,2026-05-28
113380,1694,2026-05-23,delivered,card,,0.00,12890.00,2026-05-24
113381,2113,2026-05-23,delivered,sbp,,0.00,3290.00,2026-05-26
113382,2841,2026-05-23,delivered,sbp,,0.00,989.00,2026-06-02
113383,1401,2026-05-23,delivered,sbp,,0.00,1767.00,2026-05-24
113384,618,2026-05-23,delivered,card,SPRING500,500.00,2990.00,2026-05-25
113385,2731,2026-05-23,delivered,cash,,0.00,5870.00,2026-05-26
113386,1427,2026-05-23,delivered,card,,0.00,9980.00,2026-05-30
113387,1430,2026-05-23,delivered,sbp,,0.00,7980.00,2026-05-24
113388,50,2026-05-24,delivered,card,,0.00,47180.00,2026-05-31
113389,2666,2026-05-24,cancelled,card,,0.00,889.00,
113390,559,2026-05-24,delivered,sbp,,0.00,12560.00,2026-05-29
113391,2844,2026-05-24,delivered,card,FRIEND300,300.00,5590.00,2026-05-26
113392,1975,2026-05-24,delivered,sbp,,0.00,64590.00,2026-05-29
113393,233,2026-05-24,delivered,card,,0.00,489.00,2026-05-30
113394,2724,2026-05-24,delivered,card,SPRING500,500.00,8379.00,2026-05-25
113395,1753,2026-05-24,returned,card,,0.00,6990.00,2026-06-02
113396,1822,2026-05-24,delivered,cash,,0.00,67580.00,2026-05-28
113397,494,2026-05-24,cancelled,sbp,,0.00,1490.00,
113398,2834,2026-05-24,delivered,card,SPRING500,500.00,4480.00,2026-05-25
113399,1442,2026-05-24,delivered,card,,0.00,5280.00,2026-05-30
113400,241,2026-05-24,delivered,sbp,,0.00,2990.00,2026-05-30
113401,1271,2026-05-24,delivered,card,,0.00,4858.00,2026-05-30
113402,2722,2026-05-24,delivered,card,,0.00,39790.00,2026-05-29
113403,608,2026-05-24,delivered,sbp,,0.00,44180.00,2026-05-28
113404,1857,2026-05-24,delivered,card,,0.00,35280.00,2026-05-29
113405,605,2026-05-24,delivered,sbp,,0.00,46468.00,2026-06-03
113406,2830,2026-05-24,delivered,sbp,,0.00,1190.00,2026-05-26
113407,2743,2026-05-24,delivered,sbp,,0.00,798.00,2026-05-28
113408,2342,2026-05-24,delivered,card,SPRING500,500.00,97560.00,2026-05-26
113409,2479,2026-05-24,returned,sbp,,0.00,3190.00,2026-05-25
113410,2610,2026-05-24,delivered,card,,0.00,10869.00,2026-05-26
113411,937,2026-05-24,delivered,card,,0.00,1178.00,2026-06-01
113412,364,2026-05-24,delivered,card,,0.00,499.00,2026-05-29
113413,1090,2026-05-24,delivered,sbp,,0.00,1978.00,2026-05-30
113414,836,2026-05-24,delivered,card,,0.00,29840.00,2026-05-27
113415,1250,2026-05-24,delivered,sbp,,0.00,8890.00,2026-05-30
113416,2819,2026-05-24,delivered,sbp,,0.00,1878.00,2026-05-27
113417,1217,2026-05-24,delivered,sbp,,0.00,20880.00,2026-05-27
113418,937,2026-05-24,delivered,cash,,0.00,6779.00,2026-05-28
113419,2300,2026-05-24,delivered,sbp,,0.00,2490.00,2026-05-26
113420,638,2026-05-24,delivered,card,,0.00,998.00,2026-05-26
113421,1549,2026-05-24,delivered,card,SPRING500,500.00,4488.00,2026-06-01
113422,1808,2026-05-24,delivered,card,,0.00,9480.00,2026-05-26
113423,286,2026-05-24,cancelled,card,,0.00,5980.00,
113424,2622,2026-05-24,delivered,card,,0.00,9680.00,2026-05-26
113425,974,2026-05-24,delivered,sbp,,0.00,6070.00,2026-05-28
113426,547,2026-05-24,delivered,card,,0.00,11739.00,2026-05-27
113427,2185,2026-05-24,delivered,sbp,,0.00,2490.00,2026-05-29
113428,56,2026-05-24,delivered,card,,0.00,2490.00,2026-05-29
113429,101,2026-05-24,delivered,card,SPRING500,500.00,17149.00,2026-05-30
113430,1944,2026-05-24,delivered,card,,0.00,3179.00,2026-05-26
113431,326,2026-05-24,delivered,card,,0.00,3980.00,2026-05-30
113432,2067,2026-05-24,cancelled,sbp,,0.00,39790.00,
113433,2480,2026-05-24,delivered,card,,0.00,2990.00,2026-05-30
113434,148,2026-05-24,returned,card,,0.00,8780.00,2026-05-29
113435,2418,2026-05-24,delivered,card,FRIEND300,300.00,7090.00,2026-05-29
113436,1839,2026-05-24,delivered,card,,0.00,5268.00,2026-05-26
113437,2722,2026-05-24,delivered,sbp,,0.00,3268.00,2026-05-28
113438,1511,2026-05-24,delivered,card,,0.00,989.00,2026-05-28
113439,97,2026-05-25,delivered,card,,0.00,3980.00,2026-05-29
113440,82,2026-05-25,delivered,cash,,0.00,1990.00,2026-05-29
113441,1400,2026-05-25,delivered,cash,,0.00,5856.00,2026-06-02
113442,1217,2026-05-25,returned,card,SPRING500,500.00,7390.00,2026-05-31
113443,2847,2026-05-25,delivered,sbp,WELCOME10,546.90,4922.10,2026-05-28
113444,2790,2026-05-25,delivered,card,,0.00,5757.00,2026-05-27
113445,2580,2026-05-25,delivered,sbp,SPRING500,500.00,21328.00,2026-05-29
113446,2446,2026-05-25,delivered,card,,0.00,1790.00,2026-05-27
113447,2130,2026-05-25,delivered,card,,0.00,10079.00,2026-05-27
113448,220,2026-05-25,delivered,card,,0.00,489.00,2026-05-28
113449,2447,2026-05-25,delivered,sbp,,0.00,1957.00,2026-05-27
113450,1090,2026-05-25,delivered,card,,0.00,2490.00,2026-06-03
113451,1448,2026-05-25,delivered,card,,0.00,46760.00,2026-06-04
113452,2630,2026-05-25,delivered,sbp,SPRING500,500.00,8390.00,2026-05-28
113453,200,2026-05-25,delivered,cash,,0.00,5169.00,2026-05-28
113454,1860,2026-05-25,delivered,card,,0.00,129290.00,2026-05-27
113455,2787,2026-05-25,delivered,card,WELCOME10,1000.00,17160.00,2026-05-26
113456,269,2026-05-25,returned,card,,0.00,11180.00,2026-05-30
113457,2843,2026-05-25,delivered,card,WELCOME10,447.90,4031.10,2026-05-31
113458,1241,2026-05-25,delivered,sbp,,0.00,12890.00,2026-05-29
113459,689,2026-05-25,returned,card,,0.00,6580.00,2026-06-04
113460,701,2026-05-25,delivered,sbp,SPRING500,500.00,9390.00,2026-05-29
113461,967,2026-05-25,delivered,card,,0.00,6990.00,2026-06-04
113462,1735,2026-05-25,delivered,card,,0.00,2990.00,2026-05-27
113463,1125,2026-05-25,delivered,card,,0.00,12890.00,2026-06-03
113464,278,2026-05-25,delivered,card,,0.00,11580.00,2026-05-27
113465,1738,2026-05-25,delivered,card,,0.00,5370.00,2026-05-27
113466,2636,2026-05-25,delivered,sbp,,0.00,14770.00,2026-05-29
113467,880,2026-05-25,delivered,sbp,,0.00,2580.00,2026-05-27
113468,304,2026-05-25,delivered,card,,0.00,459.00,2026-05-29
113469,1372,2026-05-25,delivered,card,,0.00,11380.00,2026-05-26
113470,1819,2026-05-25,delivered,sbp,SPRING500,500.00,7668.00,2026-05-28
113471,2241,2026-05-25,delivered,sbp,,0.00,5490.00,2026-05-29
113472,1394,2026-05-26,delivered,card,,0.00,5990.00,2026-05-29
113473,2805,2026-05-26,delivered,card,,0.00,88370.00,2026-05-28
113474,2562,2026-05-26,delivered,card,,0.00,3290.00,2026-06-02
113475,121,2026-05-26,delivered,sbp,,0.00,8890.00,2026-06-01
113476,2846,2026-05-26,delivered,card,,0.00,7890.00,2026-05-30
113477,1710,2026-05-26,returned,card,,0.00,136170.00,2026-06-05
113478,1236,2026-05-26,delivered,card,SPRING500,500.00,5280.00,2026-05-31
113479,540,2026-05-26,cancelled,cash,,0.00,8890.00,
113480,2367,2026-05-26,delivered,card,,0.00,15348.00,2026-05-28
113481,873,2026-05-26,delivered,card,,0.00,2490.00,2026-05-29
113482,1465,2026-05-26,delivered,card,SPRING500,500.00,3490.00,2026-05-29
113483,771,2026-05-26,delivered,card,,0.00,4590.00,2026-06-04
113484,168,2026-05-26,delivered,sbp,,0.00,1490.00,2026-05-27
113485,1132,2026-05-26,delivered,card,,0.00,5490.00,2026-05-29
113486,423,2026-05-26,delivered,sbp,,0.00,1978.00,2026-06-03
113487,2422,2026-05-26,delivered,sbp,,0.00,3190.00,2026-05-29
113488,1657,2026-05-26,delivered,sbp,,0.00,2490.00,2026-05-29
113489,419,2026-05-26,delivered,card,,0.00,6580.00,2026-05-30
113490,2244,2026-05-26,delivered,card,,0.00,1978.00,2026-05-28
113491,2526,2026-05-26,delivered,card,,0.00,15250.00,2026-05-30
113492,2316,2026-05-26,delivered,sbp,,0.00,4580.00,2026-05-30
113493,1151,2026-05-26,delivered,sbp,,0.00,9880.00,2026-05-27
113494,2832,2026-05-26,delivered,sbp,WELCOME10,99.80,898.20,2026-05-29
113495,2839,2026-05-26,returned,card,,0.00,6557.00,2026-06-02
113496,2479,2026-05-26,delivered,cash,,0.00,11869.00,2026-05-28
113497,1955,2026-05-26,delivered,sbp,,0.00,2490.00,2026-05-29
113498,1111,2026-05-26,delivered,card,,0.00,979.00,2026-06-02
113499,2705,2026-05-26,returned,card,,0.00,12147.00,2026-05-31
113500,1142,2026-05-26,delivered,card,,0.00,50770.00,2026-05-29
113501,1167,2026-05-26,delivered,card,,0.00,33438.00,2026-05-30
113502,2806,2026-05-26,delivered,card,,0.00,54358.00,2026-05-29
113503,2300,2026-05-26,delivered,card,,0.00,2667.00,2026-05-29
113504,2582,2026-05-26,delivered,sbp,,0.00,11660.00,2026-05-30
113505,1144,2026-05-26,delivered,card,,0.00,17870.00,2026-05-29
113506,783,2026-05-26,delivered,card,,0.00,7578.00,2026-05-28
113507,1549,2026-05-26,delivered,card,,0.00,70680.00,2026-06-02
113508,1394,2026-05-26,delivered,card,,0.00,35980.00,2026-05-28
113509,97,2026-05-26,delivered,card,,0.00,4990.00,2026-05-30
113510,97,2026-05-26,returned,cash,,0.00,1290.00,2026-05-28
113511,2582,2026-05-26,delivered,card,,0.00,10270.00,2026-05-28
113512,365,2026-05-26,delivered,sbp,,0.00,2290.00,2026-05-31
113513,1026,2026-05-26,delivered,sbp,,0.00,5490.00,2026-05-31
113514,1106,2026-05-26,delivered,card,,0.00,589.00,2026-06-01
113515,2646,2026-05-27,delivered,card,,0.00,53379.00,2026-06-02
113516,677,2026-05-27,returned,card,,0.00,6479.00,2026-06-02
113517,417,2026-05-27,delivered,card,,0.00,7889.00,2026-05-29
113518,2739,2026-05-27,delivered,sbp,,0.00,8980.00,2026-05-31
113519,169,2026-05-27,cancelled,sbp,,0.00,4990.00,
113520,2849,2026-05-27,delivered,card,,0.00,4990.00,2026-05-29
113521,2126,2026-05-27,delivered,card,,0.00,9270.00,2026-06-01
113522,1522,2026-05-27,delivered,card,,0.00,16747.00,2026-06-02
113523,950,2026-05-27,cancelled,card,,0.00,2290.00,
113524,2479,2026-05-27,delivered,sbp,,0.00,5490.00,2026-05-28
113525,2854,2026-05-27,delivered,cash,,0.00,2780.00,2026-05-29
113526,974,2026-05-27,delivered,cash,,0.00,6257.00,2026-05-29
113527,661,2026-05-27,cancelled,card,,0.00,978.00,
113528,802,2026-05-27,delivered,card,,0.00,399.00,2026-05-29
113529,392,2026-05-27,delivered,sbp,,0.00,2290.00,2026-06-01
113530,2682,2026-05-27,delivered,card,,0.00,12890.00,2026-06-02
113531,2836,2026-05-27,delivered,card,WELCOME10,377.90,3401.10,2026-05-30
113532,2722,2026-05-27,delivered,card,,0.00,11280.00,2026-06-01
113533,334,2026-05-27,delivered,sbp,,0.00,11480.00,2026-05-29
113534,2670,2026-05-27,delivered,card,,0.00,2580.00,2026-05-30
113535,2240,2026-05-27,delivered,card,,0.00,889.00,2026-05-28
113536,837,2026-05-27,cancelled,card,,0.00,7990.00,
113537,2607,2026-05-27,delivered,sbp,,0.00,689.00,2026-05-29
113538,2475,2026-05-27,delivered,card,,0.00,6636.00,2026-05-29
113539,2516,2026-05-27,delivered,card,SPRING500,500.00,6480.00,2026-05-31
113540,580,2026-05-27,delivered,sbp,,0.00,1778.00,2026-05-28
113541,640,2026-05-27,delivered,sbp,,0.00,7048.00,2026-05-30
113542,2451,2026-05-27,delivered,sbp,SPRING500,500.00,4490.00,2026-05-30
113543,2018,2026-05-27,delivered,sbp,,0.00,17870.00,2026-05-30
113544,1328,2026-05-27,returned,card,,0.00,1290.00,2026-05-29
113545,2835,2026-05-27,delivered,card,,0.00,889.00,2026-06-02
113546,2814,2026-05-27,delivered,card,,0.00,2990.00,2026-06-01
113547,1137,2026-05-27,delivered,card,,0.00,989.00,2026-05-30
113548,984,2026-05-27,delivered,card,,0.00,4590.00,2026-06-01
113549,2451,2026-05-27,delivered,sbp,,0.00,1890.00,2026-05-30
113550,2397,2026-05-27,returned,card,,0.00,2190.00,2026-05-31
113551,2203,2026-05-27,delivered,sbp,,0.00,2967.00,2026-05-28
113552,2091,2026-05-27,delivered,card,,0.00,6480.00,2026-06-01
113553,1985,2026-05-27,delivered,card,,0.00,3290.00,2026-05-29
113554,2799,2026-05-27,delivered,sbp,,0.00,5990.00,2026-05-29
113555,1316,2026-05-27,delivered,card,,0.00,3449.00,2026-05-30
113556,1769,2026-05-28,delivered,card,,0.00,32290.00,2026-05-31
113557,1930,2026-05-28,delivered,card,,0.00,4768.00,2026-06-02
113558,1216,2026-05-28,delivered,card,,0.00,1990.00,2026-06-04
113559,159,2026-05-28,delivered,card,,0.00,1490.00,2026-06-02
113560,2285,2026-05-28,cancelled,card,,0.00,5490.00,
113561,2809,2026-05-28,delivered,card,FRIEND300,300.00,129090.00,2026-06-01
113562,557,2026-05-28,delivered,sbp,,0.00,12170.00,2026-06-02
113563,1823,2026-05-28,delivered,sbp,,0.00,2290.00,2026-06-02
113564,1964,2026-05-28,delivered,sbp,SPRING500,500.00,12560.00,2026-06-01
113565,404,2026-05-28,delivered,card,SPRING500,500.00,8758.00,2026-06-01
113566,547,2026-05-28,delivered,sbp,,0.00,3180.00,2026-06-02
113567,2853,2026-05-28,delivered,card,,0.00,3190.00,2026-06-02
113568,912,2026-05-28,delivered,card,,0.00,1978.00,2026-06-01
113569,1034,2026-05-28,delivered,sbp,,0.00,8489.00,2026-05-30
113570,2596,2026-05-28,delivered,sbp,,0.00,42790.00,2026-05-30
113571,631,2026-05-28,delivered,sbp,,0.00,1178.00,2026-06-02
113572,2281,2026-05-28,delivered,card,,0.00,36790.00,2026-05-30
113573,1767,2026-05-28,delivered,card,SPRING500,500.00,2790.00,2026-05-31
113574,1628,2026-05-28,delivered,card,,0.00,489.00,2026-06-03
113575,832,2026-05-28,delivered,card,,0.00,17748.00,2026-05-31
113576,2626,2026-05-28,delivered,sbp,,0.00,6980.00,2026-06-04
113577,428,2026-05-28,delivered,sbp,,0.00,1378.00,2026-06-04
113578,1893,2026-05-28,delivered,card,,0.00,44080.00,2026-05-30
113579,2208,2026-05-28,delivered,cash,SPRING500,500.00,6480.00,2026-05-31
113580,1679,2026-05-28,returned,card,,0.00,35625.00,2026-06-01
113581,1375,2026-05-28,delivered,card,WELCOME10,149.00,1341.00,2026-05-30
113582,1984,2026-05-28,delivered,card,,0.00,3290.00,2026-05-30
113583,2630,2026-05-28,delivered,card,,0.00,27058.00,2026-06-01
113584,1511,2026-05-28,delivered,card,,0.00,7990.00,2026-06-02
113585,133,2026-05-28,delivered,sbp,,0.00,4590.00,2026-06-01
113586,2346,2026-05-28,cancelled,sbp,SPRING500,500.00,14547.00,
113587,274,2026-05-28,delivered,card,,0.00,2689.00,2026-06-05
113588,2774,2026-05-29,delivered,card,WELCOME10,88.90,800.10,2026-06-05
113589,87,2026-05-29,delivered,sbp,,0.00,5490.00,2026-06-05
113590,508,2026-05-29,delivered,card,,0.00,12269.00,2026-05-31
113591,628,2026-05-29,delivered,card,,0.00,2990.00,2026-05-31
113592,403,2026-05-29,delivered,card,,0.00,32790.00,2026-05-31
113593,1980,2026-05-29,delivered,sbp,,0.00,1490.00,2026-05-31
113594,1271,2026-05-29,delivered,sbp,,0.00,589.00,2026-06-02
113595,195,2026-05-29,delivered,sbp,,0.00,4990.00,2026-06-02
113596,2022,2026-05-29,delivered,card,,0.00,4990.00,2026-05-31
113597,2842,2026-05-29,delivered,cash,SPRING500,500.00,10569.00,2026-06-02
113598,1511,2026-05-29,delivered,card,,0.00,12786.00,2026-06-04
113599,2811,2026-05-29,delivered,card,,0.00,11570.00,2026-06-04
113600,1144,2026-05-29,delivered,sbp,,0.00,1767.00,2026-06-01
113601,1207,2026-05-29,delivered,card,SPRING500,500.00,4990.00,2026-06-03
113602,2706,2026-05-29,delivered,sbp,,0.00,3990.00,2026-06-02
113603,1507,2026-05-29,delivered,card,,0.00,11148.00,2026-06-01
113604,1028,2026-05-29,delivered,card,,0.00,1890.00,2026-05-30
113605,483,2026-05-29,delivered,sbp,,0.00,1778.00,2026-06-02
113606,2819,2026-05-29,delivered,card,,0.00,6990.00,2026-05-31
113607,443,2026-05-29,delivered,card,,0.00,3990.00,2026-06-01
113608,1241,2026-05-29,delivered,card,,0.00,9880.00,2026-05-31
113609,2436,2026-05-29,delivered,card,,0.00,11480.00,2026-05-31
113610,1654,2026-05-29,cancelled,sbp,,0.00,2990.00,
113611,2292,2026-05-29,delivered,card,,0.00,6168.00,2026-06-01
113612,2836,2026-05-29,delivered,cash,,0.00,26950.00,2026-06-01
113613,2594,2026-05-29,delivered,card,SPRING500,500.00,7480.00,2026-06-02
113614,2291,2026-05-29,delivered,sbp,,0.00,4180.00,2026-06-02
113615,1401,2026-05-29,delivered,sbp,,0.00,64690.00,2026-06-01
113616,1263,2026-05-29,delivered,sbp,,0.00,12980.00,2026-05-31
113617,489,2026-05-29,cancelled,sbp,,0.00,4590.00,
113618,1955,2026-05-29,delivered,sbp,,0.00,1490.00,2026-06-01
113619,2724,2026-05-29,delivered,card,,0.00,38780.00,2026-05-31
113620,2838,2026-05-29,delivered,card,,0.00,1690.00,2026-06-08
113621,1845,2026-05-29,delivered,cash,,0.00,1290.00,2026-06-01
113622,808,2026-05-29,delivered,cash,SPRING500,500.00,8390.00,2026-06-04
113623,1310,2026-05-29,delivered,card,,0.00,2479.00,2026-06-03
113624,2845,2026-05-29,delivered,sbp,WELCOME10,777.00,6993.00,2026-06-07
113625,664,2026-05-29,delivered,sbp,,0.00,1990.00,2026-06-01
113626,664,2026-05-29,delivered,sbp,,0.00,489.00,2026-06-01
113627,1075,2026-05-29,delivered,sbp,,0.00,2990.00,2026-06-01
113628,2864,2026-05-29,delivered,card,WELCOME10,45.90,413.10,2026-05-30
113629,1258,2026-05-29,delivered,cash,,0.00,4757.00,2026-05-30
113630,755,2026-05-29,delivered,card,,0.00,5990.00,2026-06-01
113631,231,2026-05-29,delivered,cash,,0.00,4979.00,2026-06-01
113632,2718,2026-05-29,delivered,cash,,0.00,1490.00,2026-06-03
113633,1636,2026-05-30,delivered,card,,0.00,1990.00,2026-05-31
113634,1325,2026-05-30,delivered,card,,0.00,6680.00,2026-06-02
113635,2378,2026-05-30,delivered,card,,0.00,3990.00,2026-06-08
113636,1414,2026-05-30,delivered,sbp,SPRING500,500.00,42290.00,2026-06-04
113637,2857,2026-05-30,delivered,sbp,,0.00,6990.00,2026-05-31
113638,231,2026-05-30,delivered,card,,0.00,2990.00,2026-06-02
113639,2285,2026-05-30,delivered,sbp,,0.00,24890.00,2026-06-01
113640,451,2026-05-30,cancelled,sbp,,0.00,10479.00,
113641,1552,2026-05-30,delivered,card,,0.00,13268.00,2026-06-01
113642,1112,2026-05-30,delivered,card,,0.00,2990.00,2026-06-04
113643,2634,2026-05-30,delivered,cash,,0.00,8980.00,2026-06-06
113644,1532,2026-05-30,delivered,sbp,SPRING500,500.00,3169.00,2026-06-01
113645,728,2026-05-30,delivered,card,,0.00,9370.00,2026-06-08
113646,1917,2026-05-30,delivered,card,,0.00,889.00,2026-06-01
113647,2312,2026-05-30,delivered,card,,0.00,5380.00,2026-06-03
113648,1217,2026-05-30,delivered,card,,0.00,3290.00,2026-06-03
113649,1159,2026-05-30,delivered,sbp,,0.00,7659.00,2026-06-02
113650,1090,2026-05-30,delivered,card,,0.00,978.00,2026-06-07
113651,1467,2026-05-30,delivered,cash,,0.00,1378.00,2026-06-02
113652,2582,2026-05-30,delivered,card,,0.00,1990.00,2026-06-01
113653,1400,2026-05-30,delivered,sbp,SPRING500,500.00,2790.00,2026-06-05
113654,1255,2026-05-30,delivered,sbp,,0.00,489.00,2026-06-03
113655,1947,2026-05-30,delivered,sbp,,0.00,2556.00,2026-05-31
113656,2050,2026-05-30,delivered,card,,0.00,889.00,2026-06-03
113657,2863,2026-05-30,delivered,card,FRIEND300,300.00,32490.00,2026-06-02
113658,2475,2026-05-30,returned,card,,0.00,3379.00,2026-06-02
113659,1182,2026-05-30,delivered,card,,0.00,2990.00,2026-05-31
113660,508,2026-05-30,delivered,card,,0.00,7990.00,2026-06-01
113661,83,2026-05-30,delivered,card,,0.00,50770.00,2026-06-01
113662,1124,2026-05-30,delivered,sbp,,0.00,4870.00,2026-06-02
113663,2247,2026-05-30,delivered,sbp,,0.00,25180.00,2026-06-07
113664,2066,2026-05-30,cancelled,cash,,0.00,1290.00,
113665,1819,2026-05-30,delivered,sbp,,0.00,15370.00,2026-05-31
113666,2332,2026-05-30,delivered,card,SPRING500,500.00,64190.00,2026-06-02
113667,2376,2026-05-30,returned,card,,0.00,21870.00,2026-06-02
113668,238,2026-05-30,delivered,card,,0.00,2880.00,2026-06-03
113669,2324,2026-05-30,delivered,card,,0.00,12950.00,2026-05-31
113670,2342,2026-05-30,delivered,card,,0.00,49760.00,2026-05-31
113671,2830,2026-05-30,delivered,sbp,,0.00,3280.00,2026-06-01
113672,1610,2026-05-30,delivered,card,,0.00,1490.00,2026-06-01
113673,992,2026-05-30,delivered,sbp,,0.00,1490.00,2026-05-31
113674,241,2026-05-30,delivered,card,,0.00,978.00,2026-06-04
113675,69,2026-05-30,cancelled,cash,,0.00,589.00,
113676,376,2026-05-30,cancelled,cash,,0.00,989.00,
113677,269,2026-05-30,returned,sbp,,0.00,889.00,2026-06-01
113678,2532,2026-05-30,delivered,card,,0.00,9980.00,2026-06-03
113679,1734,2026-05-31,delivered,card,,0.00,2990.00,2026-06-07
113680,2875,2026-05-31,delivered,sbp,WELCOME10,1000.00,43790.00,2026-06-07
113681,362,2026-05-31,delivered,card,SPRING500,500.00,6490.00,2026-06-01
113682,2864,2026-05-31,returned,sbp,,0.00,15480.00,2026-06-03
113683,162,2026-05-31,delivered,card,,0.00,6079.00,2026-06-04
113684,133,2026-05-31,cancelled,sbp,SPRING500,500.00,13279.00,
113685,1613,2026-05-31,delivered,sbp,,0.00,1388.00,2026-06-03
113686,993,2026-05-31,delivered,card,,0.00,3490.00,2026-06-10
113687,2312,2026-05-31,delivered,sbp,,0.00,1778.00,2026-06-10
113688,513,2026-05-31,delivered,card,,0.00,26557.00,2026-06-08
113689,1511,2026-05-31,delivered,card,,0.00,44790.00,2026-06-06
113690,119,2026-05-31,cancelled,sbp,,0.00,8990.00,
113691,2277,2026-05-31,delivered,card,SPRING500,500.00,24390.00,2026-06-04
113692,1274,2026-05-31,delivered,sbp,,0.00,6980.00,2026-06-02
113693,2410,2026-05-31,delivered,sbp,,0.00,3576.00,2026-06-04
113694,2776,2026-05-31,delivered,card,,0.00,5490.00,2026-06-02
113695,1426,2026-05-31,delivered,sbp,,0.00,1178.00,2026-06-02
113696,2869,2026-05-31,delivered,card,WELCOME10,1000.00,43790.00,2026-06-02
113697,581,2026-05-31,delivered,card,,0.00,2490.00,2026-06-05
113698,2203,2026-05-31,delivered,card,,0.00,3290.00,2026-06-01
113699,2410,2026-05-31,delivered,sbp,,0.00,6990.00,2026-06-02
113700,2358,2026-05-31,delivered,sbp,,0.00,459.00,2026-06-01
113701,2582,2026-05-31,delivered,card,,0.00,1490.00,2026-06-03
113702,2468,2026-05-31,delivered,sbp,,0.00,10657.00,2026-06-04
113703,1421,2026-05-31,delivered,card,,0.00,8990.00,2026-06-02
113704,1201,2026-05-31,delivered,card,,0.00,9859.00,2026-06-10
113705,2449,2026-05-31,delivered,sbp,,0.00,26359.00,2026-06-04
113706,1649,2026-05-31,delivered,card,,0.00,1490.00,2026-06-03
113707,205,2026-05-31,delivered,card,,0.00,2990.00,2026-06-07
113708,1832,2026-05-31,delivered,card,,0.00,5980.00,2026-06-02
113709,429,2026-05-31,delivered,cash,,0.00,8990.00,2026-06-09
113710,1414,2026-05-31,delivered,sbp,,0.00,589.00,2026-06-05
113711,2021,2026-05-31,delivered,card,,0.00,8317.00,2026-06-05
113712,2874,2026-05-31,delivered,card,,0.00,1926.00,2026-06-01
113713,1542,2026-05-31,delivered,cash,,0.00,8147.00,2026-06-04
113714,388,2026-05-31,delivered,card,,0.00,24890.00,2026-06-03
113715,2873,2026-05-31,delivered,card,WELCOME10,1000.00,12479.00,2026-06-04
113716,2113,2026-05-31,delivered,card,,0.00,978.00,2026-06-02
113717,2634,2026-05-31,delivered,card,,0.00,4490.00,2026-06-10
113718,2871,2026-05-31,delivered,card,SPRING500,500.00,10980.00,2026-06-02
113719,2368,2026-05-31,delivered,sbp,,0.00,4879.00,2026-06-09
113720,376,2026-05-31,delivered,card,,0.00,2990.00,2026-06-06
113721,2249,2026-05-31,delivered,card,,0.00,25879.00,2026-06-09
113722,393,2026-05-31,delivered,sbp,,0.00,69080.00,2026-06-01
113723,2552,2026-05-31,delivered,sbp,,0.00,15970.00,2026-06-06
113724,2702,2026-05-31,delivered,sbp,,0.00,10890.00,2026-06-05
113725,775,2026-05-31,delivered,card,,0.00,27890.00,2026-06-02
113726,1427,2026-05-31,delivered,sbp,,0.00,1490.00,2026-06-04
113727,1316,2026-06-01,returned,cash,,0.00,7490.00,2026-06-03
113728,2458,2026-06-01,delivered,card,,0.00,37238.00,2026-06-02
113729,1465,2026-06-01,delivered,card,,0.00,3408.00,2026-06-03
113730,2354,2026-06-01,cancelled,card,,0.00,36790.00,
113731,1744,2026-06-01,delivered,card,,0.00,889.00,2026-06-05
113732,2750,2026-06-01,delivered,card,,0.00,4490.00,2026-06-04
113733,1142,2026-06-01,delivered,card,,0.00,10890.00,2026-06-06
113734,802,2026-06-01,delivered,card,,0.00,689.00,2026-06-02
113735,2320,2026-06-01,delivered,cash,,0.00,16890.00,2026-06-04
113736,2544,2026-06-01,delivered,sbp,,0.00,7458.00,2026-06-03
113737,2598,2026-06-01,cancelled,card,,0.00,119490.00,
113738,1335,2026-06-01,delivered,card,,0.00,2188.00,2026-06-09
113739,2682,2026-06-01,delivered,card,,0.00,9180.00,2026-06-06
113740,1119,2026-06-01,delivered,sbp,,0.00,11770.00,2026-06-02
113741,2865,2026-06-01,delivered,card,,0.00,1590.00,2026-06-04
113742,528,2026-06-01,delivered,card,,0.00,10768.00,2026-06-04
113743,2882,2026-06-01,delivered,card,FRIEND300,300.00,7168.00,2026-06-06
113744,2867,2026-06-01,delivered,sbp,WELCOME10,899.00,8091.00,2026-06-06
113745,1955,2026-06-01,delivered,sbp,,0.00,1490.00,2026-06-04
113746,352,2026-06-01,delivered,sbp,,0.00,5979.00,2026-06-04
113747,2530,2026-06-01,delivered,cash,,0.00,1890.00,2026-06-04
113748,894,2026-06-01,delivered,sbp,,0.00,2290.00,2026-06-04
113749,2219,2026-06-01,delivered,card,,0.00,50379.00,2026-06-05
113750,820,2026-06-01,delivered,cash,,0.00,5370.00,2026-06-03
113751,812,2026-06-01,delivered,card,,0.00,7268.00,2026-06-05
113752,1782,2026-06-01,cancelled,sbp,,0.00,7079.00,
113753,2860,2026-06-01,delivered,card,FRIEND300,300.00,5180.00,2026-06-04
113754,599,2026-06-01,delivered,sbp,,0.00,3957.00,2026-06-04
113755,2322,2026-06-01,delivered,sbp,,0.00,12480.00,2026-06-05
113756,2774,2026-06-01,delivered,card,,0.00,5490.00,2026-06-10
113757,1747,2026-06-02,returned,card,,0.00,8270.00,2026-06-04
113758,2120,2026-06-02,delivered,sbp,,0.00,1767.00,2026-06-03
113759,2858,2026-06-02,delivered,card,,0.00,7980.00,2026-06-08
113760,967,2026-06-02,delivered,card,,0.00,6990.00,2026-06-08
113761,1686,2026-06-02,delivered,card,,0.00,2990.00,2026-06-11
113762,1925,2026-06-02,delivered,card,,0.00,5890.00,2026-06-05
113763,1004,2026-06-02,delivered,cash,,0.00,11960.00,2026-06-08
113764,215,2026-06-02,delivered,sbp,,0.00,7980.00,2026-06-09
113765,51,2026-06-02,delivered,sbp,,0.00,2490.00,2026-06-04
113766,1967,2026-06-02,delivered,sbp,,0.00,489.00,2026-06-06
113767,970,2026-06-02,cancelled,card,,0.00,2290.00,
113768,2680,2026-06-02,delivered,card,,0.00,17960.00,2026-06-05
113769,2484,2026-06-02,delivered,card,,0.00,6480.00,2026-06-07
113770,1963,2026-06-02,delivered,sbp,,0.00,1879.00,2026-06-04
113771,470,2026-06-02,delivered,sbp,,0.00,3990.00,2026-06-04
113772,628,2026-06-02,delivered,card,,0.00,6580.00,2026-06-04
113773,984,2026-06-02,delivered,sbp,,0.00,7990.00,2026-06-08
113774,222,2026-06-02,delivered,card,,0.00,1690.00,2026-06-06
113775,2488,2026-06-02,delivered,card,,0.00,5990.00,2026-06-07
113776,2346,2026-06-02,delivered,card,,0.00,44790.00,2026-06-05
113777,1963,2026-06-02,delivered,sbp,,0.00,22380.00,2026-06-04
113778,2613,2026-06-02,delivered,card,,0.00,3290.00,2026-06-06
113779,2865,2026-06-02,delivered,card,,0.00,3290.00,2026-06-03
113780,2298,2026-06-02,delivered,card,,0.00,22688.00,2026-06-04
113781,921,2026-06-02,delivered,card,,0.00,57270.00,2026-06-06
113782,2881,2026-06-02,delivered,sbp,WELCOME10,45.90,413.10,2026-06-04
113783,2775,2026-06-02,delivered,card,,0.00,7579.00,2026-06-08
113784,772,2026-06-02,delivered,card,,0.00,18308.00,2026-06-05
113785,2067,2026-06-02,delivered,card,,0.00,9879.00,2026-06-06
113786,1271,2026-06-02,delivered,card,,0.00,36790.00,2026-06-07
113787,1444,2026-06-02,delivered,sbp,,0.00,6369.00,2026-06-07
113788,135,2026-06-02,cancelled,card,,0.00,2667.00,
113789,1466,2026-06-02,delivered,card,,0.00,8990.00,2026-06-06
113790,1081,2026-06-02,delivered,card,,0.00,10890.00,2026-06-06
113791,1336,2026-06-02,delivered,card,,0.00,499.00,2026-06-05
113792,2878,2026-06-02,delivered,card,WELCOME10,699.00,6291.00,2026-06-12
113793,2808,2026-06-02,delivered,sbp,,0.00,918.00,2026-06-05
113794,2327,2026-06-03,delivered,card,,0.00,16559.00,2026-06-06
113795,232,2026-06-03,delivered,sbp,,0.00,14368.00,2026-06-13
113796,2765,2026-06-03,delivered,card,,0.00,1490.00,2026-06-06
113797,1975,2026-06-03,delivered,sbp,,0.00,17890.00,2026-06-12
113798,826,2026-06-03,returned,card,,0.00,1378.00,2026-06-04
113799,2791,2026-06-03,delivered,cash,WELCOME10,149.00,1341.00,2026-06-06
113800,728,2026-06-03,delivered,sbp,,0.00,43379.00,2026-06-10
113801,2228,2026-06-03,delivered,sbp,,0.00,10890.00,2026-06-07
113802,1407,2026-06-03,delivered,card,,0.00,16364.00,2026-06-09
113803,2583,2026-06-03,delivered,sbp,,0.00,10980.00,2026-06-05
113804,968,2026-06-03,delivered,card,,0.00,5470.00,2026-06-13
113805,1654,2026-06-03,delivered,card,,0.00,13359.00,2026-06-06
113806,1387,2026-06-03,delivered,card,,0.00,4490.00,2026-06-04
113807,967,2026-06-03,delivered,card,,0.00,8990.00,2026-06-10
113808,2403,2026-06-03,delivered,sbp,,0.00,6990.00,2026-06-06
113809,815,2026-06-03,delivered,sbp,,0.00,4990.00,2026-06-05
113810,2630,2026-06-03,delivered,sbp,,0.00,2990.00,2026-06-05
113811,580,2026-06-03,cancelled,card,,0.00,7490.00,
113812,2304,2026-06-03,delivered,sbp,,0.00,1778.00,2026-06-08
113813,1316,2026-06-03,delivered,card,,0.00,24890.00,2026-06-07
113814,169,2026-06-03,delivered,sbp,,0.00,4289.00,2026-06-05
113815,993,2026-06-03,delivered,card,,0.00,1926.00,2026-06-13
113816,499,2026-06-03,delivered,card,,0.00,19170.00,2026-06-12
113817,1764,2026-06-03,cancelled,card,,0.00,589.00,
113818,1710,2026-06-03,delivered,sbp,,0.00,71660.00,2026-06-08
113819,2138,2026-06-03,delivered,sbp,,0.00,1779.00,2026-06-06
113820,2262,2026-06-03,delivered,card,,0.00,989.00,2026-06-06
113821,1935,2026-06-03,delivered,card,,0.00,2990.00,2026-06-08
113822,570,2026-06-03,returned,card,,0.00,1778.00,2026-06-07
113823,1511,2026-06-03,delivered,card,,0.00,1178.00,2026-06-06
113824,1725,2026-06-04,delivered,sbp,,0.00,889.00,2026-06-05
113825,802,2026-06-04,delivered,card,,0.00,8990.00,2026-06-05
113826,2880,2026-06-04,delivered,cash,,0.00,22770.00,2026-06-09
113827,2409,2026-06-04,delivered,card,,0.00,2990.00,2026-06-11
113828,2446,2026-06-04,delivered,cash,,0.00,64670.00,2026-06-09
113829,2426,2026-06-04,delivered,card,,0.00,13870.00,2026-06-07
113830,2057,2026-06-04,delivered,card,,0.00,3190.00,2026-06-05
113831,2244,2026-06-04,delivered,card,,0.00,5490.00,2026-06-07
113832,496,2026-06-04,delivered,card,,0.00,9070.00,2026-06-08
113833,388,2026-06-04,delivered,sbp,,0.00,7869.00,2026-06-10
113834,2682,2026-06-04,delivered,sbp,,0.00,7970.00,2026-06-09
113835,2532,2026-06-04,delivered,card,,0.00,5980.00,2026-06-10
113836,2138,2026-06-04,delivered,card,,0.00,6990.00,2026-06-07
113837,1605,2026-06-04,delivered,card,,0.00,6980.00,2026-06-07
113838,2367,2026-06-04,delivered,card,,0.00,3580.00,2026-06-05
113839,2322,2026-06-04,delivered,sbp,,0.00,499.00,2026-06-10
113840,705,2026-06-04,delivered,sbp,,0.00,6490.00,2026-06-07
113841,185,2026-06-04,delivered,card,,0.00,4068.00,2026-06-09
113842,939,2026-06-04,delivered,card,,0.00,2397.00,2026-06-10
113843,2666,2026-06-04,delivered,sbp,,0.00,2490.00,2026-06-07
113844,1748,2026-06-04,delivered,card,,0.00,6780.00,2026-06-08
113845,1155,2026-06-04,delivered,card,,0.00,889.00,2026-06-08
113846,2879,2026-06-04,delivered,card,,0.00,789.00,2026-06-08
113847,1098,2026-06-04,delivered,sbp,,0.00,16890.00,2026-06-05
113848,1152,2026-06-04,delivered,sbp,,0.00,7280.00,2026-06-09
113849,2154,2026-06-04,delivered,sbp,,0.00,489.00,2026-06-06
113850,819,2026-06-04,delivered,sbp,,0.00,2490.00,2026-06-06
113851,2138,2026-06-04,delivered,sbp,,0.00,25888.00,2026-06-08
113852,1335,2026-06-04,delivered,card,,0.00,4490.00,2026-06-09
113853,383,2026-06-04,delivered,card,,0.00,1377.00,2026-06-13
113854,2865,2026-06-04,cancelled,card,,0.00,3679.00,
113855,2632,2026-06-04,delivered,card,,0.00,4379.00,2026-06-05
113856,1774,2026-06-04,delivered,card,,0.00,4990.00,2026-06-12
113857,1869,2026-06-04,delivered,sbp,,0.00,84690.00,2026-06-05
113858,2554,2026-06-04,delivered,card,,0.00,11890.00,2026-06-11
113859,580,2026-06-05,delivered,sbp,,0.00,2490.00,2026-06-06
113860,565,2026-06-05,delivered,card,,0.00,8980.00,2026-06-14
113861,2783,2026-06-05,delivered,card,,0.00,18940.00,2026-06-08
113862,812,2026-06-05,delivered,card,,0.00,1090.00,2026-06-08
113863,2888,2026-06-05,delivered,card,,0.00,9159.00,2026-06-10
113864,1112,2026-06-05,returned,card,,0.00,4289.00,2026-06-09
113865,2458,2026-06-05,delivered,card,,0.00,9579.00,2026-06-07
113866,1008,2026-06-05,delivered,card,,0.00,10268.00,2026-06-08
113867,349,2026-06-05,delivered,card,,0.00,1388.00,2026-06-10
113868,2021,2026-06-05,delivered,card,,0.00,17890.00,2026-06-15
113869,800,2026-06-05,delivered,card,,0.00,1290.00,2026-06-14
113870,1863,2026-06-05,delivered,sbp,,0.00,2067.00,2026-06-06
113871,1821,2026-06-05,delivered,cash,,0.00,889.00,2026-06-08
113872,838,2026-06-05,delivered,sbp,,0.00,11890.00,2026-06-07
113873,1390,2026-06-05,delivered,card,,0.00,7168.00,2026-06-08
113874,499,2026-06-05,delivered,card,,0.00,64790.00,2026-06-13
113875,2844,2026-06-05,delivered,sbp,,0.00,4280.00,2026-06-08
113876,812,2026-06-05,delivered,card,,0.00,1378.00,2026-06-08
113877,2886,2026-06-05,delivered,sbp,WELCOME10,458.00,4122.00,2026-06-13
113878,2580,2026-06-05,delivered,sbp,,0.00,32390.00,2026-06-08
113879,555,2026-06-05,delivered,cash,,0.00,798.00,2026-06-13
113880,608,2026-06-05,delivered,card,,0.00,1998.00,2026-06-08
113881,937,2026-06-05,delivered,sbp,,0.00,4990.00,2026-06-11
113882,1409,2026-06-05,delivered,card,,0.00,3990.00,2026-06-08
113883,2890,2026-06-05,delivered,card,WELCOME10,258.00,2322.00,2026-06-11
113884,2739,2026-06-05,delivered,sbp,,0.00,4980.00,2026-06-09
113885,2894,2026-06-05,delivered,sbp,WELCOME10,877.00,7893.00,2026-06-10
113886,2627,2026-06-05,delivered,card,,0.00,798.00,2026-06-08
113887,1984,2026-06-05,delivered,card,,0.00,6990.00,2026-06-07
113888,796,2026-06-06,delivered,card,,0.00,24890.00,2026-06-07
113889,361,2026-06-06,delivered,sbp,,0.00,10990.00,2026-06-09
113890,2872,2026-06-06,delivered,card,,0.00,689.00,2026-06-08
113891,1111,2026-06-06,delivered,sbp,,0.00,13069.00,2026-06-14
113892,2256,2026-06-06,delivered,sbp,,0.00,5990.00,2026-06-11
113893,1601,2026-06-06,delivered,card,,0.00,10479.00,2026-06-11
113894,2240,2026-06-06,delivered,sbp,,0.00,18568.00,2026-06-09
113895,547,2026-06-06,delivered,cash,,0.00,1290.00,2026-06-11
113896,2791,2026-06-06,delivered,sbp,,0.00,3290.00,2026-06-08
113897,2451,2026-06-06,delivered,sbp,,0.00,3290.00,2026-06-09
113898,2895,2026-06-06,delivered,card,,0.00,399.00,2026-06-11
113899,2521,2026-06-06,returned,sbp,,0.00,10568.00,2026-06-15
113900,231,2026-06-06,delivered,card,,0.00,7990.00,2026-06-10
113901,2808,2026-06-06,delivered,cash,,0.00,1690.00,2026-06-12
113902,188,2026-06-06,delivered,card,,0.00,13280.00,2026-06-08
113903,1657,2026-06-06,delivered,sbp,,0.00,1388.00,2026-06-07
113904,2582,2026-06-06,cancelled,sbp,,0.00,12560.00,
113905,1535,2026-06-06,delivered,cash,,0.00,3190.00,2026-06-12
113906,394,2026-06-06,delivered,sbp,,0.00,1178.00,2026-06-08
113907,796,2026-06-06,delivered,card,,0.00,7169.00,2026-06-08
113908,2221,2026-06-06,delivered,sbp,,0.00,17890.00,2026-06-15
113909,608,2026-06-06,delivered,card,,0.00,34890.00,2026-06-11
113910,2874,2026-06-06,delivered,card,,0.00,11970.00,2026-06-08
113911,2269,2026-06-06,delivered,card,,0.00,36890.00,2026-06-09
113912,2518,2026-06-06,delivered,sbp,,0.00,1889.00,2026-06-10
113913,133,2026-06-06,delivered,cash,,0.00,77660.00,2026-06-10
113914,1610,2026-06-06,delivered,card,,0.00,1290.00,2026-06-08
113915,1111,2026-06-06,delivered,card,,0.00,7658.00,2026-06-13
113916,1953,2026-06-06,delivered,sbp,,0.00,4990.00,2026-06-08
113917,1636,2026-06-06,delivered,card,,0.00,4990.00,2026-06-08
113918,2220,2026-06-06,delivered,card,,0.00,29659.00,2026-06-07
113919,364,2026-06-06,delivered,cash,,0.00,64790.00,2026-06-16
113920,135,2026-06-06,delivered,card,,0.00,104770.00,2026-06-08
113921,772,2026-06-06,delivered,card,,0.00,2887.00,2026-06-09
113922,419,2026-06-06,delivered,card,,0.00,13980.00,2026-06-08
113923,133,2026-06-06,delivered,sbp,,0.00,3980.00,2026-06-12
113924,2380,2026-06-06,delivered,card,,0.00,2490.00,2026-06-07
113925,1887,2026-06-06,delivered,card,,0.00,1779.00,2026-06-09
113926,1142,2026-06-06,delivered,card,,0.00,5490.00,2026-06-09
113927,369,2026-06-07,delivered,sbp,,0.00,5580.00,2026-06-09
113928,1491,2026-06-07,delivered,card,,0.00,689.00,2026-06-10
113929,2624,2026-06-07,delivered,card,,0.00,3879.00,2026-06-09
113930,1111,2026-06-07,delivered,card,,0.00,10480.00,2026-06-14
113931,2206,2026-06-07,delivered,card,,0.00,489.00,2026-06-12
113932,2646,2026-06-07,delivered,card,,0.00,4780.00,2026-06-17
113933,2889,2026-06-07,delivered,sbp,,0.00,7990.00,2026-06-13
113934,1675,2026-06-07,cancelled,card,,0.00,7990.00,
113935,2630,2026-06-07,returned,sbp,,0.00,2890.00,2026-06-09
113936,2579,2026-06-07,delivered,card,,0.00,3190.00,2026-06-13
113937,2739,2026-06-07,delivered,sbp,,0.00,5908.00,2026-06-10
113938,1305,2026-06-07,delivered,card,,0.00,2490.00,2026-06-11
113939,511,2026-06-07,delivered,cash,,0.00,10369.00,2026-06-12
113940,581,2026-06-07,delivered,sbp,,0.00,8579.00,2026-06-11
113941,1615,2026-06-07,delivered,sbp,,0.00,5480.00,2026-06-10
113942,2300,2026-06-07,cancelled,sbp,,0.00,4990.00,
113943,399,2026-06-07,cancelled,card,,0.00,7490.00,
113944,349,2026-06-07,delivered,sbp,,0.00,4990.00,2026-06-09
113945,1610,2026-06-07,delivered,card,,0.00,4580.00,2026-06-09
113946,1908,2026-06-07,delivered,sbp,,0.00,5370.00,2026-06-15
113947,2834,2026-06-07,delivered,sbp,,0.00,8990.00,2026-06-09
113948,1339,2026-06-07,delivered,card,,0.00,8480.00,2026-06-11
113949,1444,2026-06-07,delivered,sbp,,0.00,3979.00,2026-06-11
113950,1245,2026-06-07,delivered,cash,,0.00,12980.00,2026-06-11
113951,286,2026-06-07,delivered,card,,0.00,3545.00,2026-06-11
113952,511,2026-06-07,delivered,card,,0.00,2490.00,2026-06-11
113953,1132,2026-06-07,cancelled,card,,0.00,55369.00,
113954,760,2026-06-07,delivered,card,,0.00,43180.00,2026-06-16
113955,334,2026-06-07,delivered,sbp,,0.00,3490.00,2026-06-10
113956,2408,2026-06-07,delivered,sbp,WELCOME10,548.80,4939.20,2026-06-09
113957,950,2026-06-07,delivered,card,,0.00,69469.00,2026-06-09
113958,2892,2026-06-07,delivered,sbp,,0.00,3990.00,2026-06-08
113959,2022,2026-06-07,delivered,cash,,0.00,889.00,2026-06-09
113960,1543,2026-06-07,delivered,card,,0.00,6180.00,2026-06-11
113961,1042,2026-06-07,returned,card,,0.00,3290.00,2026-06-11
113962,2117,2026-06-07,delivered,card,,0.00,11980.00,2026-06-11
113963,496,2026-06-07,delivered,sbp,,0.00,9480.00,2026-06-11
113964,179,2026-06-07,returned,card,,0.00,2990.00,2026-06-11
113965,2247,2026-06-07,delivered,card,,0.00,6990.00,2026-06-13
113966,1955,2026-06-07,delivered,card,,0.00,1290.00,2026-06-11
113967,2824,2026-06-07,delivered,sbp,WELCOME10,1000.00,33880.00,2026-06-10
113968,970,2026-06-07,delivered,card,,0.00,50360.00,2026-06-12
113969,264,2026-06-07,delivered,sbp,,0.00,2990.00,2026-06-13
113970,2479,2026-06-07,delivered,card,,0.00,6258.00,2026-06-08
113971,1326,2026-06-08,delivered,sbp,,0.00,42890.00,2026-06-14
113972,716,2026-06-08,delivered,card,,0.00,889.00,2026-06-11
113973,2682,2026-06-08,delivered,card,,0.00,3990.00,2026-06-13
113974,2212,2026-06-08,delivered,card,,0.00,3180.00,2026-06-12
113975,967,2026-06-08,delivered,card,,0.00,19060.00,2026-06-12
113976,1446,2026-06-08,delivered,card,,0.00,48870.00,2026-06-18
113977,2376,2026-06-08,delivered,card,,0.00,6780.00,2026-06-11
113978,418,2026-06-08,delivered,sbp,,0.00,5788.00,2026-06-12
113979,2808,2026-06-08,delivered,sbp,,0.00,2990.00,2026-06-13
113980,2739,2026-06-08,delivered,sbp,,0.00,1290.00,2026-06-13
113981,2451,2026-06-08,delivered,cash,,0.00,589.00,2026-06-10
113982,2664,2026-06-08,delivered,sbp,,0.00,5270.00,2026-06-12
113983,2544,2026-06-08,delivered,sbp,,0.00,2490.00,2026-06-10
113984,1296,2026-06-08,delivered,card,,0.00,8457.00,2026-06-10
113985,1274,2026-06-08,delivered,card,,0.00,5490.00,2026-06-13
113986,2071,2026-06-08,delivered,card,,0.00,5980.00,2026-06-09
113987,1738,2026-06-08,delivered,card,,0.00,5557.00,2026-06-10
113988,2421,2026-06-08,delivered,sbp,,0.00,3290.00,2026-06-12
113989,979,2026-06-08,delivered,cash,,0.00,399.00,2026-06-09
113990,1890,2026-06-08,delivered,sbp,,0.00,1490.00,2026-06-14
113991,2739,2026-06-08,returned,sbp,,0.00,3489.00,2026-06-11
113992,568,2026-06-08,delivered,card,,0.00,2990.00,2026-06-10
113993,1448,2026-06-08,delivered,sbp,,0.00,2990.00,2026-06-16
113994,1893,2026-06-08,delivered,card,,0.00,14948.00,2026-06-10
113995,2212,2026-06-08,returned,card,,0.00,1998.00,2026-06-10
113996,1642,2026-06-08,delivered,card,,0.00,1490.00,2026-06-13
113997,605,2026-06-08,delivered,cash,,0.00,6580.00,2026-06-15
113998,2322,2026-06-08,delivered,cash,,0.00,5968.00,2026-06-12
113999,1144,2026-06-08,delivered,card,,0.00,3190.00,2026-06-11
114000,2018,2026-06-08,delivered,sbp,,0.00,1290.00,2026-06-12
114001,1645,2026-06-08,delivered,sbp,,0.00,7569.00,2026-06-10
114002,1325,2026-06-08,delivered,card,,0.00,23870.00,2026-06-09
114003,1207,2026-06-08,delivered,card,,0.00,12890.00,2026-06-11
114004,2011,2026-06-08,delivered,card,,0.00,2490.00,2026-06-10
114005,728,2026-06-08,delivered,sbp,,0.00,52660.00,2026-06-18
114006,1371,2026-06-08,cancelled,sbp,,0.00,1178.00,
114007,448,2026-06-08,delivered,sbp,,0.00,1790.00,2026-06-14
114008,2899,2026-06-08,delivered,card,,0.00,1789.00,2026-06-12
114009,362,2026-06-08,delivered,sbp,,0.00,4869.00,2026-06-11
114010,557,2026-06-08,delivered,sbp,,0.00,2290.00,2026-06-17
114011,2268,2026-06-08,delivered,card,,0.00,4790.00,2026-06-17
114012,2739,2026-06-08,delivered,sbp,,0.00,1490.00,2026-06-10
114013,2782,2026-06-08,delivered,card,,0.00,1796.00,2026-06-10
114014,1873,2026-06-08,delivered,card,,0.00,47260.00,2026-06-09
114015,2376,2026-06-08,delivered,card,,0.00,94690.00,2026-06-09
114016,2900,2026-06-08,delivered,card,,0.00,58950.00,2026-06-12
114017,2653,2026-06-09,delivered,card,WELCOME10,749.00,6741.00,2026-06-13
114018,2247,2026-06-09,delivered,sbp,,0.00,889.00,2026-06-13
114019,2907,2026-06-09,delivered,card,,0.00,6069.00,2026-06-15
114020,1165,2026-06-09,delivered,card,,0.00,9970.00,2026-06-12
114021,538,2026-06-09,delivered,sbp,,0.00,8270.00,2026-06-15
114022,480,2026-06-09,delivered,card,,0.00,36890.00,2026-06-12
114023,2380,2026-06-09,delivered,sbp,,0.00,44890.00,2026-06-12
114024,2693,2026-06-09,delivered,card,,0.00,36890.00,2026-06-10
114025,2876,2026-06-09,delivered,sbp,WELCOME10,1000.00,16390.00,2026-06-14
114026,495,2026-06-09,delivered,sbp,,0.00,3990.00,2026-06-11
114027,169,2026-06-09,delivered,card,,0.00,489.00,2026-06-11
114028,1530,2026-06-09,delivered,card,,0.00,889.00,2026-06-10
114029,1390,2026-06-09,delivered,sbp,,0.00,2290.00,2026-06-12
114030,2512,2026-06-09,cancelled,sbp,,0.00,6580.00,
114031,1973,2026-06-09,delivered,card,,0.00,399.00,2026-06-11
114032,2900,2026-06-09,delivered,card,,0.00,26380.00,2026-06-15
114033,599,2026-06-09,delivered,card,,0.00,1890.00,2026-06-13
114034,2906,2026-06-09,delivered,sbp,WELCOME10,499.00,4491.00,2026-06-16
114035,2526,2026-06-09,delivered,card,,0.00,7990.00,2026-06-11
114036,2910,2026-06-09,delivered,card,WELCOME10,1000.00,9970.00,2026-06-11
114037,2538,2026-06-09,delivered,card,WELCOME10,329.00,2961.00,2026-06-14
114038,2722,2026-06-09,delivered,sbp,,0.00,10880.00,2026-06-14
114039,1738,2026-06-09,delivered,card,,0.00,1490.00,2026-06-12
114040,2317,2026-06-09,delivered,sbp,,0.00,1490.00,2026-06-13
114041,914,2026-06-09,delivered,card,,0.00,2990.00,2026-06-11
114042,993,2026-06-09,delivered,card,,0.00,8990.00,2026-06-16
114043,153,2026-06-09,delivered,card,,0.00,32390.00,2026-06-14
114044,2432,2026-06-09,cancelled,card,,0.00,153758.00,
114045,840,2026-06-09,delivered,sbp,,0.00,11990.00,2026-06-11
114046,1152,2026-06-09,delivered,sbp,,0.00,8579.00,2026-06-15
114047,1167,2026-06-09,delivered,card,,0.00,16669.00,2026-06-12
114048,602,2026-06-09,delivered,card,,0.00,17890.00,2026-06-11
114049,2472,2026-06-09,delivered,card,,0.00,8990.00,2026-06-19
114050,1448,2026-06-09,delivered,card,,0.00,3290.00,2026-06-19
114051,97,2026-06-10,delivered,card,,0.00,489.00,2026-06-15
114052,2449,2026-06-10,delivered,card,,0.00,26470.00,2026-06-14
114053,2724,2026-06-10,delivered,card,,0.00,3490.00,2026-06-12
114054,741,2026-06-10,delivered,card,,0.00,18540.00,2026-06-13
114055,1352,2026-06-10,delivered,card,,0.00,46879.00,2026-06-19
114056,352,2026-06-10,delivered,sbp,,0.00,20648.00,2026-06-11
114057,380,2026-06-10,delivered,sbp,,0.00,1490.00,2026-06-13
114058,1346,2026-06-10,delivered,sbp,,0.00,6990.00,2026-06-11
114059,2208,2026-06-10,delivered,card,,0.00,7780.00,2026-06-15
114060,1217,2026-06-10,delivered,card,,0.00,1290.00,2026-06-14
114061,2426,2026-06-10,delivered,card,,0.00,23880.00,2026-06-12
114062,1955,2026-06-10,delivered,card,,0.00,3066.00,2026-06-14
114063,1394,2026-06-10,delivered,card,,0.00,17877.00,2026-06-11
114064,1346,2026-06-10,cancelled,cash,,0.00,5990.00,
114065,566,2026-06-10,delivered,card,,0.00,27380.00,2026-06-14
114066,2391,2026-06-10,delivered,cash,,0.00,4990.00,2026-06-14
114067,2562,2026-06-10,delivered,sbp,,0.00,9458.00,2026-06-14
114068,1039,2026-06-10,delivered,sbp,,0.00,3290.00,2026-06-15
114069,1106,2026-06-10,delivered,card,,0.00,1790.00,2026-06-13
114070,2522,2026-06-10,delivered,sbp,,0.00,5490.00,2026-06-13
114071,2269,2026-06-10,delivered,card,,0.00,25978.00,2026-06-12
114072,2066,2026-06-10,delivered,card,,0.00,2990.00,2026-06-12
114073,256,2026-06-10,delivered,sbp,,0.00,2990.00,2026-06-16
114074,1026,2026-06-10,delivered,cash,,0.00,13970.00,2026-06-13
114075,2905,2026-06-10,delivered,card,WELCOME10,249.00,2241.00,2026-06-14
114076,1954,2026-06-10,delivered,card,,0.00,3990.00,2026-06-15
114077,1523,2026-06-10,delivered,sbp,,0.00,28180.00,2026-06-12
114078,1208,2026-06-10,delivered,sbp,,0.00,3290.00,2026-06-17
114079,620,2026-06-10,delivered,sbp,,0.00,12990.00,2026-06-13
114080,1237,2026-06-10,delivered,sbp,,0.00,5580.00,2026-06-15
114081,1217,2026-06-10,delivered,sbp,,0.00,8480.00,2026-06-15
114082,2569,2026-06-10,delivered,sbp,,0.00,26129.00,2026-06-12
114083,2064,2026-06-11,delivered,card,,0.00,3990.00,2026-06-12
114084,2775,2026-06-11,delivered,sbp,,0.00,32390.00,2026-06-15
114085,2719,2026-06-11,delivered,card,,0.00,589.00,2026-06-21
114086,2876,2026-06-11,cancelled,card,,0.00,689.00,
114087,931,2026-06-11,delivered,sbp,,0.00,13490.00,2026-06-16
114088,1241,2026-06-11,delivered,card,,0.00,60880.00,2026-06-13
114089,570,2026-06-11,delivered,sbp,,0.00,2990.00,2026-06-17
114090,2458,2026-06-11,delivered,card,,0.00,4790.00,2026-06-14
114091,684,2026-06-11,delivered,sbp,,0.00,24890.00,2026-06-14
114092,540,2026-06-11,delivered,card,,0.00,889.00,2026-06-14
114093,211,2026-06-11,delivered,card,,0.00,4990.00,2026-06-14
114094,1836,2026-06-11,delivered,card,,0.00,889.00,2026-06-16
114095,528,2026-06-11,delivered,card,,0.00,10158.00,2026-06-14
114096,2885,2026-06-11,delivered,card,WELCOME10,258.00,2322.00,2026-06-13
114097,722,2026-06-11,delivered,card,,0.00,889.00,2026-06-12
114098,2341,2026-06-11,delivered,sbp,,0.00,59360.00,2026-06-13
114099,2856,2026-06-11,delivered,sbp,WELCOME10,99.90,899.10,2026-06-15
114100,2332,2026-06-11,delivered,sbp,,0.00,11648.00,2026-06-14
114101,2574,2026-06-11,delivered,cash,,0.00,5890.00,2026-06-13
114102,350,2026-06-11,delivered,card,,0.00,14280.00,2026-06-14
114103,2461,2026-06-11,delivered,sbp,,0.00,3990.00,2026-06-14
114104,201,2026-06-11,delivered,card,,0.00,1490.00,2026-06-14
114105,428,2026-06-11,delivered,card,,0.00,7879.00,2026-06-20
114106,1507,2026-06-11,delivered,card,,0.00,84790.00,2026-06-16
114107,742,2026-06-11,delivered,sbp,,0.00,25170.00,2026-06-17
114108,152,2026-06-11,delivered,card,,0.00,4079.00,2026-06-13
114109,2897,2026-06-11,delivered,sbp,,0.00,2490.00,2026-06-17
114110,2913,2026-06-11,delivered,sbp,WELCOME10,499.00,4491.00,2026-06-16
114111,1511,2026-06-11,cancelled,card,,0.00,2990.00,
114112,2874,2026-06-12,delivered,sbp,,0.00,4990.00,2026-06-15
114113,2390,2026-06-12,delivered,card,,0.00,48880.00,2026-06-15
114114,705,2026-06-12,delivered,card,,0.00,2490.00,2026-06-17
114115,2209,2026-06-12,delivered,sbp,,0.00,9759.00,2026-06-15
114116,1284,2026-06-12,delivered,card,,0.00,2880.00,2026-06-18
114117,1873,2026-06-12,delivered,card,,0.00,3490.00,2026-06-13
114118,1315,2026-06-12,delivered,card,,0.00,5890.00,2026-06-19
114119,2791,2026-06-12,delivered,sbp,,0.00,129590.00,2026-06-13
114120,2921,2026-06-12,delivered,sbp,WELCOME10,699.00,6291.00,2026-06-18
114121,1567,2026-06-12,cancelled,card,,0.00,44880.00,
114122,1416,2026-06-12,delivered,sbp,,0.00,7679.00,2026-06-15
114123,1026,2026-06-12,delivered,sbp,,0.00,18888.00,2026-06-16
114124,215,2026-06-12,delivered,cash,,0.00,13169.00,2026-06-22
114125,349,2026-06-12,delivered,card,,0.00,7990.00,2026-06-16
114126,499,2026-06-12,delivered,sbp,,0.00,5069.00,2026-06-20
114127,1645,2026-06-12,delivered,sbp,,0.00,84790.00,2026-06-15
114128,2118,2026-06-12,delivered,card,,0.00,13770.00,2026-06-13
114129,2920,2026-06-12,delivered,sbp,,0.00,8080.00,2026-06-16
114130,1955,2026-06-12,delivered,sbp,,0.00,13490.00,2026-06-15
114131,364,2026-06-12,delivered,card,,0.00,5890.00,2026-06-21
114132,161,2026-06-12,delivered,card,,0.00,889.00,2026-06-18
114133,2022,2026-06-12,delivered,card,,0.00,5490.00,2026-06-15
114134,1305,2026-06-12,delivered,card,,0.00,2990.00,2026-06-17
114135,780,2026-06-12,delivered,card,,0.00,3780.00,2026-06-22
114136,2790,2026-06-12,returned,sbp,,0.00,6990.00,2026-06-14
114137,2391,2026-06-12,delivered,card,,0.00,4980.00,2026-06-20
114138,1346,2026-06-12,delivered,card,,0.00,127670.00,2026-06-14
114139,2885,2026-06-12,delivered,sbp,,0.00,7990.00,2026-06-15
114140,1049,2026-06-12,delivered,sbp,,0.00,3079.00,2026-06-13
114141,1115,2026-06-12,delivered,card,,0.00,5980.00,2026-06-16
114142,998,2026-06-12,delivered,cash,,0.00,5990.00,2026-06-18
114143,2585,2026-06-13,delivered,cash,,0.00,22880.00,2026-06-16
114144,725,2026-06-13,delivered,card,,0.00,1990.00,2026-06-15
114145,1849,2026-06-13,delivered,cash,,0.00,10470.00,2026-06-14
114146,1708,2026-06-13,delivered,card,,0.00,6768.00,2026-06-23
114147,1594,2026-06-13,delivered,sbp,,0.00,14770.00,2026-06-18
114148,2693,2026-06-13,delivered,card,,0.00,5280.00,2026-06-15
114149,2045,2026-06-13,delivered,sbp,,0.00,6990.00,2026-06-19
114150,2272,2026-06-13,delivered,sbp,,0.00,999.00,2026-06-18
114151,1288,2026-06-13,delivered,card,,0.00,1290.00,2026-06-18
114152,1115,2026-06-13,delivered,sbp,,0.00,1778.00,2026-06-16
114153,1634,2026-06-13,delivered,card,,0.00,71739.00,2026-06-16
114154,2112,2026-06-13,delivered,sbp,,0.00,1490.00,2026-06-15
114155,264,2026-06-13,delivered,card,,0.00,589.00,2026-06-18
114156,755,2026-06-13,returned,card,,0.00,2490.00,2026-06-16
114157,967,2026-06-13,delivered,card,,0.00,2379.00,2026-06-18
114158,496,2026-06-13,delivered,card,,0.00,3290.00,2026-06-15
114159,985,2026-06-13,delivered,sbp,,0.00,1690.00,2026-06-19
114160,861,2026-06-13,delivered,cash,,0.00,21240.00,2026-06-21
114161,1147,2026-06-13,delivered,sbp,,0.00,1990.00,2026-06-15
114162,406,2026-06-13,delivered,card,,0.00,3490.00,2026-06-16
114163,1187,2026-06-13,delivered,sbp,,0.00,11969.00,2026-06-17
114164,2918,2026-06-13,delivered,card,WELCOME10,88.90,800.10,2026-06-18
114165,755,2026-06-13,delivered,card,,0.00,7978.00,2026-06-15
114166,2924,2026-06-13,delivered,card,,0.00,8170.00,2026-06-17
114167,2922,2026-06-13,delivered,card,,0.00,54159.00,2026-06-16
114168,1297,2026-06-13,delivered,card,,0.00,4880.00,2026-06-16
114169,1350,2026-06-13,delivered,card,,0.00,1778.00,2026-06-18
114170,2864,2026-06-13,delivered,card,,0.00,6569.00,2026-06-15
114171,196,2026-06-13,delivered,sbp,,0.00,56060.00,2026-06-21
114172,2355,2026-06-13,delivered,card,,0.00,999.00,2026-06-16
114173,2156,2026-06-13,delivered,card,,0.00,2277.00,2026-06-17
114174,1081,2026-06-13,delivered,cash,,0.00,7490.00,2026-06-21
114175,1855,2026-06-13,delivered,card,,0.00,2990.00,2026-06-15
114176,1346,2026-06-13,delivered,card,,0.00,689.00,2026-06-14
114177,1414,2026-06-13,delivered,sbp,,0.00,49890.00,2026-06-19
114178,2908,2026-06-13,delivered,cash,,0.00,9280.00,2026-06-16
114179,2929,2026-06-13,delivered,card,WELCOME10,1000.00,58749.00,2026-06-18
114180,1747,2026-06-13,delivered,card,,0.00,26369.00,2026-06-16
114181,2783,2026-06-13,delivered,card,,0.00,1998.00,2026-06-16
114182,753,2026-06-13,delivered,card,,0.00,131680.00,2026-06-20
114183,211,2026-06-14,delivered,card,,0.00,71768.00,2026-06-17
114184,2240,2026-06-14,delivered,card,,0.00,889.00,2026-06-15
114185,2325,2026-06-14,delivered,sbp,,0.00,25760.00,2026-06-18
114186,2917,2026-06-14,delivered,card,,0.00,21470.00,2026-06-16
114187,468,2026-06-14,delivered,card,,0.00,39890.00,2026-06-17
114188,2221,2026-06-14,delivered,sbp,,0.00,17480.00,2026-06-18
114189,1285,2026-06-14,delivered,card,,0.00,11968.00,2026-06-17
114190,1923,2026-06-14,delivered,sbp,,0.00,589.00,2026-06-17
114191,2666,2026-06-14,delivered,card,,0.00,9869.00,2026-06-18
114192,2718,2026-06-14,delivered,card,,0.00,889.00,2026-06-18
114193,206,2026-06-14,delivered,sbp,,0.00,47887.00,2026-06-24
114194,832,2026-06-14,delivered,card,,0.00,1467.00,2026-06-17
114195,2247,2026-06-14,delivered,card,,0.00,1879.00,2026-06-23
114196,1936,2026-06-14,delivered,card,,0.00,1490.00,2026-06-17
114197,399,2026-06-14,delivered,card,,0.00,5490.00,2026-06-16
114198,747,2026-06-14,delivered,card,,0.00,42548.00,2026-06-18
114199,121,2026-06-14,delivered,card,,0.00,2349.00,2026-06-20
114200,1476,2026-06-14,delivered,card,,0.00,3990.00,2026-06-17
114201,1679,2026-06-14,delivered,sbp,,0.00,7490.00,2026-06-18
114202,1152,2026-06-14,cancelled,sbp,,0.00,2967.00,
114203,2928,2026-06-14,delivered,sbp,FRIEND300,300.00,1890.00,2026-06-19
114204,2906,2026-06-14,delivered,sbp,,0.00,7990.00,2026-06-19
114205,97,2026-06-14,delivered,sbp,,0.00,46359.00,2026-06-16
114206,2912,2026-06-14,returned,card,,0.00,9980.00,2026-06-18
114207,706,2026-06-14,returned,card,,0.00,2667.00,2026-06-24
114208,788,2026-06-14,delivered,cash,,0.00,4490.00,2026-06-18
114209,1184,2026-06-14,delivered,card,,0.00,3879.00,2026-06-19
114210,162,2026-06-14,delivered,card,,0.00,6490.00,2026-06-18
114211,2484,2026-06-14,delivered,card,,0.00,8866.00,2026-06-17
114212,706,2026-06-14,delivered,card,,0.00,11990.00,2026-06-20
114213,734,2026-06-14,delivered,card,,0.00,2890.00,2026-06-15
114214,604,2026-06-14,delivered,card,,0.00,84790.00,2026-06-16
114215,982,2026-06-14,delivered,cash,,0.00,999.00,2026-06-18
114216,69,2026-06-14,delivered,sbp,,0.00,3290.00,2026-06-19
114217,2933,2026-06-14,delivered,card,,0.00,5480.00,2026-06-18
114218,2241,2026-06-14,delivered,sbp,,0.00,1998.00,2026-06-17
114219,85,2026-06-14,delivered,sbp,,0.00,17890.00,2026-06-16
114220,1090,2026-06-14,returned,sbp,,0.00,6069.00,2026-06-22
114221,2913,2026-06-14,delivered,card,,0.00,22980.00,2026-06-17
114222,1812,2026-06-15,delivered,cash,,0.00,23760.00,2026-06-17
114223,1943,2026-06-15,delivered,sbp,,0.00,589.00,2026-06-20
114224,2938,2026-06-15,delivered,card,,0.00,27890.00,2026-06-19
114225,2376,2026-06-15,delivered,sbp,,0.00,7980.00,2026-06-16
114226,1115,2026-06-15,delivered,card,,0.00,55559.00,2026-06-17
114227,1367,2026-06-15,delivered,card,,0.00,8187.00,2026-06-20
114228,1350,2026-06-15,delivered,card,,0.00,13980.00,2026-06-18
114229,1830,2026-06-15,delivered,card,,0.00,4580.00,2026-06-18
114230,498,2026-06-15,delivered,sbp,,0.00,65380.00,2026-06-18
114231,352,2026-06-15,delivered,card,,0.00,2990.00,2026-06-18
114232,2581,2026-06-15,delivered,sbp,,0.00,5490.00,2026-06-18
114233,495,2026-06-15,delivered,sbp,,0.00,14560.00,2026-06-19
114234,618,2026-06-15,cancelled,card,,0.00,3980.00,
114235,1305,2026-06-15,delivered,sbp,,0.00,17360.00,2026-06-18
114236,2898,2026-06-15,returned,card,WELCOME10,499.00,4491.00,2026-06-18
114237,1133,2026-06-15,returned,card,,0.00,499.00,2026-06-16
114238,982,2026-06-15,delivered,sbp,,0.00,10980.00,2026-06-17
114239,499,2026-06-15,delivered,sbp,,0.00,25460.00,2026-06-23
114240,168,2026-06-15,cancelled,card,,0.00,399.00,
114241,2906,2026-06-15,delivered,card,,0.00,5879.00,2026-06-19
114242,1518,2026-06-15,delivered,card,,0.00,10757.00,2026-06-18
114243,206,2026-06-15,delivered,sbp,,0.00,5368.00,2026-06-22
114244,2582,2026-06-15,delivered,card,,0.00,6990.00,2026-06-18
114245,2243,2026-06-15,delivered,card,,0.00,6968.00,2026-06-20
114246,2906,2026-06-15,delivered,card,,0.00,399.00,2026-06-23
114247,2646,2026-06-15,delivered,sbp,,0.00,28080.00,2026-06-19
114248,1973,2026-06-15,delivered,card,,0.00,2490.00,2026-06-19
114249,326,2026-06-15,delivered,sbp,,0.00,20769.00,2026-06-20
114250,2752,2026-06-15,delivered,card,,0.00,2990.00,2026-06-19
114251,1636,2026-06-15,delivered,card,,0.00,3980.00,2026-06-16
114252,69,2026-06-15,delivered,card,,0.00,3068.00,2026-06-18
114253,2428,2026-06-15,delivered,sbp,,0.00,39890.00,2026-06-21
114254,1947,2026-06-15,delivered,sbp,,0.00,1690.00,2026-06-18
114255,2385,2026-06-15,delivered,sbp,,0.00,29460.00,2026-06-24
114256,72,2026-06-16,delivered,sbp,,0.00,1578.00,2026-06-22
114257,2666,2026-06-16,delivered,sbp,,0.00,20169.00,2026-06-20
114258,1452,2026-06-16,returned,card,,0.00,24360.00,2026-06-22
114259,350,2026-06-16,delivered,sbp,,0.00,3990.00,2026-06-17
114260,2205,2026-06-16,delivered,card,,0.00,24569.00,2026-06-19
114261,2784,2026-06-16,delivered,card,FRIEND300,300.00,2788.00,2026-06-25
114262,309,2026-06-16,delivered,card,,0.00,3490.00,2026-06-22
114263,1917,2026-06-16,cancelled,card,,0.00,499.00,
114264,2940,2026-06-16,delivered,sbp,WELCOME10,466.80,4201.20,2026-06-19
114265,278,2026-06-16,delivered,card,,0.00,1290.00,2026-06-19
114266,754,2026-06-16,delivered,sbp,,0.00,13260.00,2026-06-18
114267,891,2026-06-16,delivered,sbp,,0.00,7490.00,2026-06-19
114268,1756,2026-06-16,delivered,card,,0.00,2290.00,2026-06-20
114269,2439,2026-06-16,delivered,card,,0.00,12480.00,2026-06-19
114270,608,2026-06-16,delivered,card,,0.00,11858.00,2026-06-19
114271,540,2026-06-16,delivered,card,,0.00,889.00,2026-06-18
114272,2718,2026-06-16,delivered,sbp,,0.00,24890.00,2026-06-21
114273,796,2026-06-16,cancelled,card,,0.00,589.00,
114274,2429,2026-06-16,delivered,sbp,,0.00,69880.00,2026-06-21
114275,2484,2026-06-16,delivered,card,,0.00,3990.00,2026-06-20
114276,2397,2026-06-16,delivered,card,,0.00,3290.00,2026-06-24
114277,2942,2026-06-16,delivered,sbp,,0.00,24890.00,2026-06-21
114278,49,2026-06-16,delivered,sbp,,0.00,20280.00,2026-06-22
114279,1423,2026-06-16,delivered,card,,0.00,2490.00,2026-06-18
114280,196,2026-06-16,delivered,card,,0.00,1690.00,2026-06-20
114281,1772,2026-06-16,delivered,card,,0.00,5969.00,2026-06-20
114282,2711,2026-06-16,cancelled,card,,0.00,6990.00,
114283,991,2026-06-16,delivered,sbp,,0.00,1778.00,2026-06-17
114284,2719,2026-06-16,delivered,sbp,,0.00,1890.00,2026-06-26
114285,2931,2026-06-16,delivered,card,WELCOME10,88.90,800.10,2026-06-19
114286,499,2026-06-16,delivered,sbp,,0.00,106680.00,2026-06-20
114287,2709,2026-06-16,delivered,sbp,,0.00,137750.00,2026-06-19
114288,406,2026-06-16,delivered,sbp,,0.00,7980.00,2026-06-21
114289,1967,2026-06-17,delivered,sbp,,0.00,73160.00,2026-06-21
114290,1263,2026-06-17,delivered,card,,0.00,5890.00,2026-06-18
114291,1530,2026-06-17,delivered,card,,0.00,5490.00,2026-06-19
114292,1611,2026-06-17,delivered,sbp,,0.00,2290.00,2026-06-21
114293,352,2026-06-17,delivered,card,,0.00,5570.00,2026-06-20
114294,2039,2026-06-17,delivered,sbp,,0.00,62879.00,2026-06-24
114295,1448,2026-06-17,cancelled,cash,,0.00,589.00,
114296,2719,2026-06-17,delivered,card,,0.00,3268.00,2026-06-27
114297,338,2026-06-17,returned,sbp,,0.00,2190.00,2026-06-19
114298,1436,2026-06-17,delivered,sbp,,0.00,789.00,2026-06-20
114299,2930,2026-06-17,delivered,card,FRIEND300,300.00,8298.00,2026-06-26
114300,2210,2026-06-17,delivered,card,,0.00,19970.00,2026-06-19
114301,2757,2026-06-17,delivered,card,,0.00,6490.00,2026-06-19
114302,894,2026-06-17,delivered,sbp,,0.00,15769.00,2026-06-18
114303,913,2026-06-17,delivered,card,,0.00,2990.00,2026-06-20
114304,1849,2026-06-17,delivered,card,,0.00,2490.00,2026-06-19
114305,725,2026-06-17,delivered,cash,,0.00,10980.00,2026-06-20
114306,2864,2026-06-17,delivered,card,,0.00,36890.00,2026-06-19
114307,2022,2026-06-17,delivered,card,,0.00,7780.00,2026-06-19
114308,334,2026-06-17,delivered,sbp,,0.00,2990.00,2026-06-20
114309,1449,2026-06-17,delivered,sbp,,0.00,5490.00,2026-06-18
114310,2887,2026-06-17,delivered,card,FRIEND300,300.00,8570.00,2026-06-23
114311,1084,2026-06-17,returned,sbp,,0.00,5979.00,2026-06-23
114312,580,2026-06-17,delivered,sbp,,0.00,1890.00,2026-06-20
114313,639,2026-06-17,delivered,sbp,,0.00,889.00,2026-06-20
114314,2941,2026-06-17,delivered,card,WELCOME10,999.00,8991.00,2026-06-21
114315,423,2026-06-17,delivered,card,,0.00,27890.00,2026-06-27
114316,2852,2026-06-18,delivered,card,FRIEND300,300.00,10468.00,2026-06-20
114317,54,2026-06-18,delivered,card,,0.00,8470.00,2026-06-21
114318,292,2026-06-18,delivered,cash,,0.00,7265.00,2026-06-23
114319,23,2026-06-18,delivered,sbp,,0.00,5070.00,2026-06-24
114320,2292,2026-06-18,delivered,card,,0.00,1767.00,2026-06-22
114321,1587,2026-06-18,delivered,card,,0.00,18980.00,2026-06-22
114322,2945,2026-06-18,delivered,cash,WELCOME10,1000.00,16490.00,2026-06-20
114323,2346,2026-06-18,delivered,card,,0.00,3989.00,2026-06-20
114324,803,2026-06-18,returned,card,,0.00,3879.00,2026-06-25
114325,2342,2026-06-18,cancelled,cash,,0.00,3490.00,
114326,2906,2026-06-18,delivered,card,,0.00,399.00,2026-06-24
114327,810,2026-06-18,delivered,card,,0.00,3990.00,2026-06-21
114328,1920,2026-06-18,delivered,card,,0.00,39890.00,2026-06-21
114329,1823,2026-06-18,cancelled,sbp,,0.00,4490.00,
114330,921,2026-06-18,delivered,sbp,,0.00,2890.00,2026-06-21
114331,605,2026-06-18,delivered,sbp,,0.00,38378.00,2026-06-23
114332,1444,2026-06-18,delivered,sbp,,0.00,6069.00,2026-06-23
114333,1380,2026-06-18,delivered,card,,0.00,4379.00,2026-06-21
114334,1615,2026-06-18,delivered,sbp,,0.00,10559.00,2026-06-20
114335,1013,2026-06-18,delivered,sbp,,0.00,13480.00,2026-06-22
114336,2383,2026-06-18,delivered,card,,0.00,589.00,2026-06-21
114337,1230,2026-06-18,delivered,card,,0.00,124370.00,2026-06-22
114338,1144,2026-06-18,delivered,card,,0.00,36890.00,2026-06-19
114339,2761,2026-06-18,delivered,card,,0.00,4580.00,2026-06-21
114340,2534,2026-06-18,delivered,card,,0.00,30780.00,2026-06-20
114341,2927,2026-06-18,delivered,cash,,0.00,12198.00,2026-06-22
114342,2785,2026-06-18,delivered,sbp,,0.00,4668.00,2026-06-20
114343,1374,2026-06-18,delivered,sbp,,0.00,2990.00,2026-06-22
114344,1999,2026-06-18,delivered,sbp,,0.00,34890.00,2026-06-26
114345,232,2026-06-18,delivered,sbp,,0.00,8180.00,2026-06-22
114346,420,2026-06-18,delivered,sbp,,0.00,7980.00,2026-06-23
114347,2666,2026-06-18,delivered,card,,0.00,589.00,2026-06-22
114348,2594,2026-06-18,delivered,card,,0.00,13980.00,2026-06-20
114349,1396,2026-06-18,delivered,card,,0.00,106780.00,2026-06-27
114350,2825,2026-06-18,delivered,card,,0.00,134747.00,2026-06-20
114351,1595,2026-06-18,delivered,sbp,,0.00,8990.00,2026-06-21
114352,2350,2026-06-18,delivered,sbp,,0.00,5980.00,2026-06-24
114353,832,2026-06-18,delivered,card,,0.00,2079.00,2026-06-21
114354,911,2026-06-18,delivered,card,,0.00,10068.00,2026-06-20
114355,598,2026-06-18,delivered,card,,0.00,71260.00,2026-06-19
114356,2322,2026-06-18,delivered,sbp,,0.00,1790.00,2026-06-23
114357,2328,2026-06-18,delivered,card,,0.00,8780.00,2026-06-23
114358,2458,2026-06-18,delivered,sbp,,0.00,11480.00,2026-06-21
114359,2526,2026-06-18,delivered,sbp,,0.00,12768.00,2026-06-22
114360,82,2026-06-18,delivered,sbp,,0.00,4780.00,2026-06-22
114361,2891,2026-06-18,delivered,card,WELCOME10,1000.00,44380.00,2026-06-20
114362,2866,2026-06-18,delivered,card,,0.00,889.00,2026-06-22
114363,1992,2026-06-18,delivered,sbp,,0.00,3879.00,2026-06-21
114364,2630,2026-06-18,delivered,sbp,,0.00,9270.00,2026-06-21
114365,349,2026-06-19,delivered,sbp,,0.00,889.00,2026-06-22
114366,2291,2026-06-19,delivered,sbp,,0.00,8480.00,2026-06-26
114367,2902,2026-06-19,delivered,card,WELCOME10,575.90,5183.10,2026-06-28
114368,2951,2026-06-19,cancelled,sbp,WELCOME10,307.90,2771.10,
114369,1080,2026-06-19,returned,sbp,,0.00,7490.00,2026-06-24
114370,2582,2026-06-19,delivered,sbp,,0.00,12758.00,2026-06-21
114371,2718,2026-06-19,delivered,card,,0.00,7777.00,2026-06-22
114372,2446,2026-06-19,delivered,card,,0.00,4990.00,2026-06-23
114373,1511,2026-06-19,delivered,card,,0.00,36890.00,2026-06-25
114374,563,2026-06-19,delivered,card,,0.00,10480.00,2026-06-22
114375,2463,2026-06-19,cancelled,card,,0.00,5890.00,
114376,2954,2026-06-19,delivered,card,WELCOME10,1000.00,118790.00,2026-06-25
114377,2301,2026-06-19,delivered,card,WELCOME10,1000.00,126049.00,2026-06-21
114378,179,2026-06-19,delivered,sbp,,0.00,5890.00,2026-06-24
114379,1567,2026-06-19,delivered,cash,,0.00,18260.00,2026-06-22
114380,2784,2026-06-19,delivered,card,,0.00,16990.00,2026-06-29
114381,1274,2026-06-19,delivered,sbp,,0.00,1290.00,2026-06-24
114382,2948,2026-06-19,delivered,card,,0.00,10990.00,2026-06-24
114383,299,2026-06-19,delivered,card,,0.00,15260.00,2026-06-21
114384,1567,2026-06-19,delivered,sbp,,0.00,8468.00,2026-06-24
114385,1263,2026-06-19,delivered,sbp,,0.00,5059.00,2026-06-22
114386,2730,2026-06-19,delivered,sbp,,0.00,24948.00,2026-06-26
114387,628,2026-06-19,delivered,card,,0.00,2490.00,2026-06-21
114388,465,2026-06-19,returned,card,,0.00,7086.00,2026-06-24
114389,2468,2026-06-19,cancelled,sbp,,0.00,10479.00,
114390,449,2026-06-19,delivered,sbp,,0.00,37380.00,2026-06-22
114391,2208,2026-06-19,returned,card,,0.00,5989.00,2026-06-23
114392,921,2026-06-19,delivered,card,,0.00,20369.00,2026-06-21
114393,164,2026-06-19,delivered,card,,0.00,499.00,2026-06-20
114394,1034,2026-06-19,delivered,card,,0.00,49769.00,2026-06-21
114395,1149,2026-06-19,delivered,card,,0.00,8480.00,2026-06-24
114396,2109,2026-06-19,delivered,cash,,0.00,889.00,2026-06-24
114397,2537,2026-06-19,delivered,card,,0.00,10389.00,2026-06-23
114398,77,2026-06-19,returned,card,,0.00,4990.00,2026-06-20
114399,480,2026-06-19,delivered,card,,0.00,3079.00,2026-06-21
114400,1822,2026-06-19,cancelled,sbp,,0.00,3990.00,
114401,2865,2026-06-19,delivered,sbp,,0.00,9788.00,2026-06-20
114402,418,2026-06-19,delivered,card,,0.00,4990.00,2026-06-21
114403,1722,2026-06-19,delivered,sbp,,0.00,1290.00,2026-06-20
114404,2731,2026-06-19,delivered,sbp,,0.00,3068.00,2026-06-24
114405,2317,2026-06-19,delivered,card,,0.00,889.00,2026-06-23
114406,2798,2026-06-19,delivered,card,,0.00,13490.00,2026-06-29
114407,1610,2026-06-20,delivered,sbp,,0.00,5490.00,2026-06-24
114408,1042,2026-06-20,delivered,card,,0.00,16990.00,2026-06-26
114409,1448,2026-06-20,delivered,cash,,0.00,5168.00,2026-06-25
114410,1117,2026-06-20,delivered,card,,0.00,9980.00,2026-06-29
114411,1147,2026-06-20,delivered,sbp,,0.00,20980.00,2026-06-21
114412,2447,2026-06-20,delivered,card,,0.00,1998.00,2026-06-22
114413,2479,2026-06-20,delivered,card,,0.00,34890.00,2026-06-23
114414,827,2026-06-20,delivered,card,,0.00,59890.00,2026-06-23
114415,2021,2026-06-20,returned,card,,0.00,999.00,2026-06-29
114416,2761,2026-06-20,delivered,sbp,,0.00,64890.00,2026-06-23
114417,1736,2026-06-20,delivered,card,,0.00,6668.00,2026-06-22
114418,2739,2026-06-20,delivered,card,,0.00,10457.00,2026-06-24
114419,2240,2026-06-20,delivered,card,,0.00,2290.00,2026-06-23
114420,2322,2026-06-20,delivered,card,,0.00,889.00,2026-06-23
114421,1448,2026-06-20,delivered,card,,0.00,4990.00,2026-06-25
114422,2292,2026-06-20,delivered,sbp,,0.00,3990.00,2026-06-22
114423,699,2026-06-20,cancelled,card,,0.00,9980.00,
114424,2906,2026-06-20,delivered,cash,,0.00,1490.00,2026-06-25
114425,1208,2026-06-20,delivered,card,,0.00,8990.00,2026-06-28
114426,272,2026-06-20,delivered,cash,,0.00,2990.00,2026-06-28
114427,361,2026-06-20,delivered,card,,0.00,7980.00,2026-06-25
114428,2479,2026-06-20,delivered,sbp,,0.00,28379.00,2026-06-23
114429,2445,2026-06-20,delivered,card,,0.00,16158.00,2026-06-23
114430,2739,2026-06-20,delivered,sbp,,0.00,2667.00,2026-06-25
114431,503,2026-06-20,delivered,card,,0.00,72459.00,2026-06-23
114432,1830,2026-06-20,delivered,sbp,,0.00,7480.00,2026-06-23
114433,2579,2026-06-20,delivered,sbp,,0.00,21990.00,2026-06-30
114434,148,2026-06-20,delivered,card,,0.00,589.00,2026-06-23
114435,1091,2026-06-20,delivered,card,,0.00,63560.00,2026-06-22
114436,1181,2026-06-20,delivered,card,,0.00,17990.00,2026-06-22
114437,1448,2026-06-20,delivered,sbp,,0.00,3990.00,2026-06-27
114438,1966,2026-06-20,delivered,sbp,,0.00,889.00,2026-06-21
114439,1263,2026-06-20,delivered,sbp,,0.00,4990.00,2026-06-22
114440,1306,2026-06-20,delivered,card,,0.00,3290.00,2026-06-22
114441,2946,2026-06-20,delivered,sbp,,0.00,1290.00,2026-06-29
114442,2739,2026-06-20,delivered,card,,0.00,1690.00,2026-06-22
114443,206,2026-06-20,delivered,sbp,,0.00,1778.00,2026-06-25
114444,1676,2026-06-20,delivered,cash,,0.00,16158.00,2026-06-23
114445,2739,2026-06-20,delivered,card,,0.00,13770.00,2026-06-23
114446,2240,2026-06-20,delivered,cash,,0.00,13069.00,2026-06-21
114447,756,2026-06-20,delivered,card,,0.00,1090.00,2026-06-26
114448,1767,2026-06-21,delivered,sbp,,0.00,5490.00,2026-06-26
114449,1444,2026-06-21,delivered,sbp,,0.00,5990.00,2026-06-23
114450,2372,2026-06-21,delivered,card,,0.00,25480.00,2026-06-30
114451,2148,2026-06-21,delivered,sbp,,0.00,6580.00,2026-06-25
114452,1602,2026-06-21,delivered,sbp,,0.00,8989.00,2026-06-22
114453,2064,2026-06-21,delivered,card,,0.00,7879.00,2026-06-23
114454,2904,2026-06-21,delivered,card,,0.00,3668.00,2026-06-24
114455,1298,2026-06-21,delivered,card,,0.00,10480.00,2026-06-26
114456,211,2026-06-21,delivered,card,,0.00,17990.00,2026-06-24
114457,2362,2026-06-21,delivered,card,,0.00,4990.00,2026-06-25
114458,2808,2026-06-21,delivered,sbp,,0.00,9035.00,2026-06-24
114459,1452,2026-06-21,delivered,sbp,,0.00,889.00,2026-06-26
114460,286,2026-06-21,cancelled,card,,0.00,25049.00,
114461,1027,2026-06-21,delivered,sbp,,0.00,51880.00,2026-06-25
114462,2534,2026-06-21,delivered,sbp,,0.00,1290.00,2026-06-23
114463,618,2026-06-21,delivered,sbp,,0.00,54960.00,2026-06-26
114464,479,2026-06-21,delivered,sbp,,0.00,6489.00,2026-06-24
114465,873,2026-06-21,delivered,card,,0.00,5288.00,2026-06-27
114466,184,2026-06-21,delivered,card,,0.00,9478.00,2026-06-25
114467,2916,2026-06-21,delivered,card,WELCOME10,149.00,1341.00,2026-06-23
114468,219,2026-06-21,delivered,card,,0.00,589.00,2026-06-28
114469,2809,2026-06-21,delivered,card,,0.00,4590.00,2026-06-23
114470,2556,2026-06-21,delivered,card,,0.00,4790.00,2026-06-27
114471,2830,2026-06-21,delivered,card,,0.00,12970.00,2026-06-24
114472,2591,2026-06-21,delivered,sbp,,0.00,39968.00,2026-06-22
114473,1323,2026-06-21,delivered,sbp,,0.00,1549.00,2026-06-26
114474,361,2026-06-21,delivered,card,,0.00,3379.00,2026-06-25
114475,832,2026-06-21,delivered,card,,0.00,2490.00,2026-06-24
114476,894,2026-06-21,delivered,card,,0.00,918.00,2026-06-24
114477,2666,2026-06-21,delivered,sbp,,0.00,5490.00,2026-06-24
114478,812,2026-06-21,delivered,sbp,,0.00,53380.00,2026-06-25
114479,1408,2026-06-21,delivered,sbp,,0.00,39890.00,2026-06-23
114480,232,2026-06-21,delivered,card,,0.00,6980.00,2026-06-25
114481,760,2026-06-21,delivered,sbp,,0.00,1490.00,2026-06-28
114482,403,2026-06-21,delivered,card,,0.00,6680.00,2026-06-25
114483,986,2026-06-21,delivered,card,,0.00,589.00,2026-06-24
114484,2758,2026-06-21,delivered,card,,0.00,1290.00,2026-06-24
114485,2451,2026-06-21,cancelled,card,,0.00,6490.00,
114486,1218,2026-06-21,delivered,sbp,,0.00,589.00,2026-06-27
114487,2212,2026-06-21,delivered,card,,0.00,589.00,2026-06-24
114488,195,2026-06-21,delivered,card,,0.00,8990.00,2026-06-25
114489,725,2026-06-21,delivered,card,,0.00,5989.00,2026-06-22
114490,581,2026-06-21,delivered,card,,0.00,2079.00,2026-06-24
114491,195,2026-06-21,delivered,card,,0.00,3290.00,2026-06-26
114492,2091,2026-06-21,returned,card,,0.00,7490.00,2026-06-25
114493,937,2026-06-21,delivered,sbp,,0.00,2990.00,2026-06-26
114494,27,2026-06-21,delivered,card,,0.00,5089.00,2026-06-24
114495,1055,2026-06-21,delivered,sbp,,0.00,10168.00,2026-06-23
114496,2819,2026-06-21,delivered,card,,0.00,4590.00,2026-06-25
114497,2591,2026-06-21,delivered,sbp,,0.00,8990.00,2026-06-22
114498,580,2026-06-22,delivered,sbp,,0.00,2290.00,2026-06-23
114499,1427,2026-06-22,shipped,card,,0.00,8449.00,
114500,1241,2026-06-22,delivered,card,,0.00,14760.00,2026-06-25
114501,1446,2026-06-22,delivered,cash,,0.00,44890.00,2026-06-27
114502,2091,2026-06-22,delivered,card,,0.00,60050.00,2026-06-27
114503,1142,2026-06-22,delivered,sbp,,0.00,42890.00,2026-06-26
114504,902,2026-06-22,shipped,sbp,,0.00,3488.00,
114505,1819,2026-06-22,delivered,card,,0.00,59560.00,2026-06-25
114506,2365,2026-06-22,delivered,card,,0.00,1090.00,2026-06-23
114507,168,2026-06-22,delivered,cash,,0.00,998.00,2026-06-25
114508,2864,2026-06-22,delivered,card,,0.00,4079.00,2026-06-25
114509,313,2026-06-22,delivered,card,,0.00,2990.00,2026-06-26
114510,359,2026-06-22,delivered,sbp,,0.00,12989.00,2026-06-25
114511,1878,2026-06-22,delivered,sbp,,0.00,21280.00,2026-06-25
114512,706,2026-06-22,shipped,card,,0.00,125269.00,
114513,2472,2026-06-22,shipped,sbp,,0.00,889.00,
114514,2095,2026-06-22,delivered,sbp,,0.00,8990.00,2026-06-25
114515,2870,2026-06-22,delivered,card,WELCOME10,834.60,7511.40,2026-06-23
114516,2761,2026-06-22,delivered,card,,0.00,2990.00,2026-06-28
114517,264,2026-06-22,delivered,card,,0.00,3190.00,2026-06-28
114518,1511,2026-06-22,delivered,card,,0.00,24440.00,2026-06-27
114519,119,2026-06-22,delivered,cash,,0.00,13470.00,2026-06-24
114520,388,2026-06-22,delivered,cash,,0.00,5990.00,2026-06-26
114521,371,2026-06-22,delivered,sbp,,0.00,71658.00,2026-06-26
114522,1895,2026-06-22,shipped,card,,0.00,7757.00,
114523,475,2026-06-22,returned,sbp,,0.00,40779.00,2026-06-25
114524,2244,2026-06-22,delivered,card,,0.00,8389.00,2026-06-24
114525,479,2026-06-22,delivered,sbp,,0.00,17990.00,2026-06-24
114526,2552,2026-06-22,delivered,card,,0.00,7469.00,2026-06-26
114527,1942,2026-06-22,delivered,sbp,,0.00,7980.00,2026-06-26
114528,1285,2026-06-22,delivered,card,,0.00,13746.00,2026-06-23
114529,2969,2026-06-23,delivered,card,WELCOME10,79.80,718.20,2026-06-24
114530,2566,2026-06-23,delivered,card,,0.00,10060.00,2026-06-27
114531,1132,2026-06-23,delivered,sbp,,0.00,8447.00,2026-06-27
114532,2220,2026-06-23,delivered,sbp,,0.00,14480.00,2026-06-26
114533,2850,2026-06-23,cancelled,cash,,0.00,4279.00,
114534,531,2026-06-23,cancelled,cash,,0.00,87780.00,
114535,469,2026-06-23,delivered,card,,0.00,489.00,2026-06-26
114536,993,2026-06-23,delivered,card,,0.00,2490.00,2026-06-28
114537,2666,2026-06-23,delivered,sbp,,0.00,6570.00,2026-06-27
114538,2972,2026-06-23,delivered,card,,0.00,15570.00,2026-06-24
114539,2148,2026-06-23,delivered,card,,0.00,5370.00,2026-06-29
114540,2460,2026-06-23,delivered,card,,0.00,12990.00,2026-06-26
114541,2961,2026-06-23,returned,card,WELCOME10,557.80,5020.20,2026-06-26
114542,2512,2026-06-23,delivered,card,,0.00,1778.00,2026-06-24
114543,2953,2026-06-23,cancelled,sbp,,0.00,989.00,
114544,2955,2026-06-23,cancelled,sbp,,0.00,8990.00,
114545,1956,2026-06-23,delivered,sbp,,0.00,7180.00,2026-06-27
114546,1297,2026-06-23,delivered,card,,0.00,24990.00,2026-06-26
114547,2369,2026-06-23,delivered,card,,0.00,8990.00,2026-06-27
114548,2322,2026-06-23,delivered,card,,0.00,889.00,2026-06-26
114549,776,2026-06-23,shipped,card,,0.00,29980.00,
114550,77,2026-06-23,delivered,card,,0.00,1598.00,2026-06-26
114551,2678,2026-06-23,delivered,card,FRIEND300,300.00,17190.00,2026-06-24
114552,2561,2026-06-23,delivered,card,,0.00,131068.00,2026-06-27
114553,1315,2026-06-23,delivered,card,,0.00,10270.00,2026-06-28
114554,812,2026-06-23,delivered,card,,0.00,1090.00,2026-06-29
114555,1159,2026-06-23,delivered,sbp,,0.00,6980.00,2026-06-27
114556,1111,2026-06-23,shipped,card,,0.00,7879.00,
114557,1178,2026-06-23,delivered,card,,0.00,889.00,2026-06-26
114558,241,2026-06-23,delivered,card,,0.00,6479.00,2026-06-29
114559,837,2026-06-23,delivered,cash,,0.00,10780.00,2026-06-26
114560,2964,2026-06-23,returned,sbp,FRIEND300,300.00,2697.00,2026-06-25
114561,264,2026-06-23,delivered,card,,0.00,3190.00,2026-06-29
114562,1888,2026-06-23,cancelled,card,,0.00,16980.00,
114563,995,2026-06-23,delivered,sbp,,0.00,4389.00,2026-06-25
114564,105,2026-06-23,delivered,sbp,,0.00,3290.00,2026-06-29
114565,747,2026-06-23,shipped,sbp,,0.00,2490.00,
114566,2322,2026-06-24,delivered,sbp,,0.00,13758.00,2026-06-30
114567,2773,2026-06-24,delivered,card,,0.00,4990.00,2026-06-26
114568,1296,2026-06-24,cancelled,card,,0.00,5490.00,
114569,159,2026-06-24,delivered,card,,0.00,8990.00,2026-06-28
114570,2064,2026-06-24,delivered,card,,0.00,3989.00,2026-06-27
114571,1669,2026-06-24,delivered,card,,0.00,5069.00,2026-06-27
114572,1091,2026-06-24,delivered,card,,0.00,5268.00,2026-06-27
114573,2865,2026-06-24,delivered,sbp,,0.00,51339.00,2026-06-26
114574,2552,2026-06-24,delivered,sbp,,0.00,31180.00,2026-06-28
114575,1992,2026-06-24,delivered,sbp,,0.00,1490.00,2026-06-27
114576,967,2026-06-24,delivered,sbp,,0.00,1797.00,2026-06-30
114577,1041,2026-06-24,delivered,card,,0.00,459.00,2026-06-28
114578,263,2026-06-24,delivered,sbp,,0.00,17990.00,2026-06-26
114579,2479,2026-06-24,delivered,card,,0.00,8680.00,2026-06-27
114580,69,2026-06-24,delivered,cash,,0.00,39990.00,2026-06-29
114581,1955,2026-06-24,delivered,sbp,,0.00,10980.00,2026-06-27
114582,2073,2026-06-24,delivered,cash,,0.00,42480.00,2026-06-27
114583,763,2026-06-24,delivered,card,,0.00,3490.00,2026-06-29
114584,2971,2026-06-24,shipped,sbp,WELCOME10,1000.00,9548.00,
114585,490,2026-06-24,delivered,card,,0.00,8570.00,2026-06-26
114586,2916,2026-06-24,delivered,card,,0.00,689.00,2026-06-26
114587,1819,2026-06-24,delivered,card,,0.00,4990.00,2026-06-27
114588,278,2026-06-24,delivered,card,,0.00,4490.00,2026-06-27
114589,2868,2026-06-24,delivered,card,WELCOME10,229.00,2061.00,2026-06-27
114590,1545,2026-06-24,delivered,card,,0.00,21970.00,2026-06-28
114591,2783,2026-06-24,returned,card,,0.00,1290.00,2026-06-26
114592,1489,2026-06-24,delivered,cash,,0.00,5490.00,2026-06-25
114593,1421,2026-06-24,delivered,sbp,,0.00,23469.00,2026-06-26
114594,1,2026-06-24,delivered,sbp,,0.00,6990.00,2026-06-26
114595,2673,2026-06-24,shipped,card,,0.00,489.00,
114596,1567,2026-06-24,delivered,card,,0.00,1990.00,2026-06-26
114597,442,2026-06-25,shipped,sbp,,0.00,2990.00,
114598,2351,2026-06-25,cancelled,card,,0.00,14880.00,
114599,2479,2026-06-25,delivered,card,,0.00,10990.00,2026-06-28
114600,950,2026-06-25,delivered,card,,0.00,6580.00,2026-06-27
114601,2972,2026-06-25,delivered,sbp,,0.00,7658.00,2026-06-28
114602,2901,2026-06-25,delivered,card,WELCOME10,749.00,6741.00,2026-06-29
114603,1350,2026-06-25,delivered,card,,0.00,589.00,2026-06-28
114604,2966,2026-06-25,cancelled,card,WELCOME10,499.00,4491.00,
114605,1545,2026-06-25,delivered,card,,0.00,15467.00,2026-06-27
114606,196,2026-06-25,shipped,sbp,,0.00,4480.00,
114607,1554,2026-06-25,shipped,card,,0.00,7490.00,
114608,2292,2026-06-25,delivered,sbp,,0.00,2290.00,2026-06-27
114609,2722,2026-06-25,delivered,card,,0.00,5280.00,2026-06-30
114610,1064,2026-06-25,delivered,card,,0.00,589.00,2026-06-28
114611,538,2026-06-25,delivered,sbp,,0.00,110060.00,2026-06-28
114612,2979,2026-06-25,delivered,sbp,WELCOME10,449.00,4041.00,2026-06-27
114613,52,2026-06-25,shipped,sbp,,0.00,5280.00,
114614,1859,2026-06-25,returned,card,,0.00,129890.00,2026-06-28
114615,2667,2026-06-25,delivered,card,,0.00,3780.00,2026-06-27
114616,1465,2026-06-25,delivered,card,,0.00,2990.00,2026-06-29
114617,2458,2026-06-25,delivered,card,,0.00,4990.00,2026-06-27
114618,2963,2026-06-25,delivered,card,,0.00,16170.00,2026-06-26
114619,2982,2026-06-25,delivered,card,WELCOME10,479.00,4311.00,2026-06-28
114620,2562,2026-06-25,shipped,card,,0.00,3479.00,
114621,2808,2026-06-25,delivered,sbp,,0.00,24990.00,2026-06-28
114622,2123,2026-06-25,shipped,cash,,0.00,6470.00,
114623,492,2026-06-25,shipped,sbp,,0.00,10859.00,
114624,2182,2026-06-25,shipped,card,,0.00,32490.00,
114625,2144,2026-06-25,delivered,card,,0.00,90370.00,2026-06-30
114626,2974,2026-06-25,delivered,sbp,WELCOME10,459.00,4131.00,2026-06-26
114627,763,2026-06-25,delivered,card,,0.00,9680.00,2026-06-30
114628,2516,2026-06-25,delivered,cash,,0.00,889.00,2026-06-28
114629,127,2026-06-25,shipped,sbp,,0.00,4480.00,
114630,2368,2026-06-25,shipped,card,,0.00,6980.00,
114631,2957,2026-06-26,shipped,card,,0.00,889.00,
114632,2812,2026-06-26,cancelled,card,WELCOME10,1000.00,34280.00,
114633,802,2026-06-26,cancelled,cash,,0.00,1290.00,
114634,1819,2026-06-26,cancelled,cash,,0.00,2290.00,
114635,2984,2026-06-26,delivered,card,WELCOME10,798.00,7182.00,2026-06-29
114636,838,2026-06-26,delivered,sbp,,0.00,589.00,2026-06-29
114637,2432,2026-06-26,delivered,card,,0.00,4980.00,2026-06-30
114638,2950,2026-06-26,delivered,card,,0.00,51140.00,2026-06-27
114639,547,2026-06-26,shipped,sbp,,0.00,7867.00,
114640,752,2026-06-26,delivered,cash,,0.00,5490.00,2026-06-27
114641,2446,2026-06-26,delivered,sbp,,0.00,27990.00,2026-06-28
114642,2450,2026-06-26,shipped,sbp,,0.00,3469.00,
114643,2666,2026-06-26,delivered,sbp,,0.00,3290.00,2026-06-28
114644,2985,2026-06-26,delivered,card,,0.00,2490.00,2026-06-28
114645,762,2026-06-26,cancelled,card,,0.00,25249.00,
114646,2556,2026-06-26,shipped,card,,0.00,3490.00,
114647,2959,2026-06-26,delivered,sbp,,0.00,5490.00,2026-06-27
114648,2152,2026-06-26,delivered,card,,0.00,8990.00,2026-06-28
114649,675,2026-06-26,cancelled,card,,0.00,3490.00,
114650,1144,2026-06-26,delivered,sbp,,0.00,10970.00,2026-06-28
114651,2923,2026-06-26,shipped,card,WELCOME10,378.00,3402.00,
114652,211,2026-06-26,shipped,sbp,,0.00,17867.00,
114653,2903,2026-06-26,delivered,card,,0.00,43480.00,2026-06-27
114654,362,2026-06-26,delivered,card,,0.00,1090.00,2026-06-27
114655,2761,2026-06-26,delivered,sbp,,0.00,24990.00,2026-06-30
114656,369,2026-06-26,delivered,card,,0.00,4968.00,2026-06-28
114657,161,2026-06-26,delivered,card,,0.00,4990.00,2026-06-30
114658,2414,2026-06-26,shipped,sbp,,0.00,7069.00,
114659,644,2026-06-26,shipped,card,,0.00,36980.00,
114660,2472,2026-06-26,shipped,sbp,,0.00,16990.00,
114661,1855,2026-06-26,delivered,sbp,,0.00,96049.00,2026-06-28
114662,2397,2026-06-26,shipped,card,,0.00,3080.00,
114663,2627,2026-06-26,delivered,sbp,,0.00,889.00,2026-06-28
114664,1984,2026-06-26,delivered,sbp,,0.00,889.00,2026-06-28
114665,511,2026-06-26,returned,card,,0.00,6980.00,2026-06-29
114666,2584,2026-06-26,shipped,sbp,,0.00,459.00,
114667,1601,2026-06-27,shipped,sbp,,0.00,46660.00,
114668,581,2026-06-27,shipped,card,,0.00,95779.00,
114669,1806,2026-06-27,delivered,sbp,,0.00,1490.00,2026-06-29
114670,1656,2026-06-27,delivered,card,,0.00,1890.00,2026-06-28
114671,832,2026-06-27,delivered,sbp,,0.00,689.00,2026-06-29
114672,909,2026-06-27,shipped,sbp,,0.00,49990.00,
114673,2120,2026-06-27,delivered,card,,0.00,15350.00,2026-06-30
114674,1217,2026-06-27,shipped,sbp,,0.00,23017.00,
114675,2786,2026-06-27,delivered,card,,0.00,12980.00,2026-06-29
114676,305,2026-06-27,shipped,card,,0.00,3990.00,
114677,2935,2026-06-27,shipped,card,,0.00,1490.00,
114678,1511,2026-06-27,shipped,card,,0.00,62968.00,
114679,2834,2026-06-27,delivered,sbp,,0.00,84990.00,2026-06-28
114680,2605,2026-06-27,delivered,card,,0.00,3980.00,2026-06-29
114681,2980,2026-06-27,delivered,card,,0.00,11380.00,2026-06-30
114682,269,2026-06-27,shipped,card,,0.00,10990.00,
114683,1658,2026-06-27,delivered,sbp,,0.00,1778.00,2026-06-29
114684,2981,2026-06-27,shipped,sbp,FRIEND300,300.00,7980.00,
114685,950,2026-06-27,delivered,card,,0.00,10990.00,2026-06-29
114686,1133,2026-06-27,delivered,sbp,,0.00,10990.00,2026-06-30
114687,771,2026-06-27,shipped,sbp,,0.00,1490.00,
114688,2057,2026-06-27,delivered,card,,0.00,9980.00,2026-06-29
114689,417,2026-06-27,delivered,sbp,,0.00,6570.00,2026-06-30
114690,827,2026-06-27,delivered,card,,0.00,1990.00,2026-06-30
114691,2608,2026-06-27,shipped,sbp,,0.00,6990.00,
114692,2942,2026-06-27,shipped,card,,0.00,17670.00,
114693,2970,2026-06-27,delivered,sbp,,0.00,9268.00,2026-06-29
114694,2050,2026-06-28,cancelled,sbp,,0.00,11459.00,
114695,2967,2026-06-28,shipped,cash,,0.00,2490.00,
114696,665,2026-06-28,shipped,sbp,,0.00,2990.00,
114697,1167,2026-06-28,shipped,sbp,,0.00,6990.00,
114698,2936,2026-06-28,shipped,card,,0.00,4280.00,
114699,2628,2026-06-28,delivered,card,,0.00,119990.00,2026-06-30
114700,502,2026-06-28,shipped,card,,0.00,2580.00,
114701,1006,2026-06-28,shipped,card,,0.00,3886.00,
114702,2985,2026-06-28,delivered,card,,0.00,15180.00,2026-06-30
114703,2596,2026-06-28,shipped,card,,0.00,55647.00,
114704,1297,2026-06-28,cancelled,card,,0.00,1488.00,
114705,232,2026-06-28,shipped,card,,0.00,7990.00,
114706,2376,2026-06-28,delivered,card,,0.00,13470.00,2026-06-30
114707,415,2026-06-28,shipped,card,,0.00,6157.00,
114708,2479,2026-06-28,delivered,card,,0.00,63369.00,2026-06-29
114709,1628,2026-06-28,shipped,card,,0.00,1767.00,
114710,2365,2026-06-28,delivered,card,,0.00,6280.00,2026-06-29
114711,2990,2026-06-28,shipped,sbp,,0.00,44990.00,
114712,2610,2026-06-28,shipped,card,,0.00,14980.00,
114713,2362,2026-06-28,shipped,card,,0.00,11768.00,
114714,2490,2026-06-28,delivered,sbp,,0.00,51758.00,2026-06-29
114715,1175,2026-06-28,returned,card,,0.00,2997.00,2026-06-30
114716,2790,2026-06-28,delivered,card,,0.00,8990.00,2026-06-29
114717,827,2026-06-28,shipped,sbp,,0.00,6580.00,
114718,380,2026-06-28,shipped,card,,0.00,1290.00,
114719,2951,2026-06-28,shipped,sbp,,0.00,24670.00,
114720,2653,2026-06-28,shipped,sbp,,0.00,2967.00,
114721,2284,2026-06-28,delivered,card,,0.00,4380.00,2026-06-30
114722,2342,2026-06-28,shipped,sbp,,0.00,2990.00,
114723,2809,2026-06-28,delivered,sbp,,0.00,3479.00,2026-06-30
114724,2988,2026-06-28,shipped,card,FRIEND300,300.00,6280.00,
114725,2973,2026-06-28,shipped,card,,0.00,1998.00,
114726,1061,2026-06-28,shipped,sbp,,0.00,49470.00,
114727,475,2026-06-28,delivered,card,,0.00,1090.00,2026-06-30
114728,2576,2026-06-28,delivered,sbp,,0.00,3867.00,2026-06-30
114729,2783,2026-06-28,shipped,card,,0.00,20460.00,
114730,1218,2026-06-28,shipped,sbp,,0.00,7990.00,
114731,2521,2026-06-28,shipped,card,,0.00,3990.00,
114732,2544,2026-06-28,shipped,sbp,,0.00,6580.00,
114733,419,2026-06-28,shipped,sbp,,0.00,1778.00,
114734,1111,2026-06-28,shipped,card,,0.00,3490.00,
114735,1823,2026-06-29,shipped,card,,0.00,17990.00,
114736,2985,2026-06-29,shipped,cash,,0.00,3290.00,
114737,2438,2026-06-29,shipped,sbp,,0.00,49990.00,
114738,2582,2026-06-29,processing,card,,0.00,5039.00,
114739,2522,2026-06-29,cancelled,sbp,,0.00,34990.00,
114740,1,2026-06-29,cancelled,card,,0.00,9560.00,
114741,1601,2026-06-29,processing,card,,0.00,9570.00,
114742,832,2026-06-29,processing,card,,0.00,7980.00,
114743,2664,2026-06-29,shipped,card,,0.00,11990.00,
114744,1421,2026-06-29,processing,sbp,,0.00,3290.00,
114745,819,2026-06-29,shipped,sbp,,0.00,9257.00,
114746,783,2026-06-29,shipped,sbp,,0.00,589.00,
114747,72,2026-06-29,shipped,card,,0.00,12058.00,
114748,1144,2026-06-29,delivered,card,,0.00,17470.00,2026-06-30
114749,99,2026-06-29,shipped,card,,0.00,1890.00,
114750,2544,2026-06-29,shipped,sbp,,0.00,6980.00,
114751,2731,2026-06-29,processing,card,,0.00,44990.00,
114752,2437,2026-06-29,shipped,card,,0.00,3490.00,
114753,2972,2026-06-29,delivered,card,,0.00,4490.00,2026-06-30
114754,1616,2026-06-29,shipped,card,,0.00,17990.00,
114755,2598,2026-06-29,cancelled,card,,0.00,13148.00,
114756,1806,2026-06-29,processing,sbp,,0.00,7968.00,
114757,1042,2026-06-29,processing,card,,0.00,11470.00,
114758,640,2026-06-29,shipped,card,,0.00,6480.00,
114759,1226,2026-06-29,processing,card,,0.00,2990.00,
114760,2991,2026-06-29,processing,card,,0.00,998.00,
114761,1806,2026-06-29,processing,sbp,,0.00,24990.00,
114762,1350,2026-06-29,shipped,sbp,,0.00,21570.00,
114763,2341,2026-06-29,cancelled,sbp,,0.00,2290.00,
114764,115,2026-06-29,shipped,card,,0.00,87280.00,
114765,1784,2026-06-29,shipped,card,,0.00,2779.00,
114766,2073,2026-06-29,processing,card,,0.00,1490.00,
114767,1923,2026-06-29,shipped,card,,0.00,1490.00,
114768,2986,2026-06-29,cancelled,card,,0.00,4056.00,
114769,2291,2026-06-29,shipped,card,,0.00,889.00,
114770,1151,2026-06-29,processing,cash,,0.00,7670.00,
114771,380,2026-06-29,shipped,card,,0.00,10168.00,
114772,912,2026-06-29,shipped,sbp,,0.00,2997.00,
114773,2989,2026-06-29,processing,sbp,WELCOME10,604.80,5443.20,
114774,2785,2026-06-29,processing,card,,0.00,15840.00,
114775,2579,2026-06-29,shipped,card,,0.00,7990.00,
114776,594,2026-06-29,processing,sbp,,0.00,40180.00,
114777,2974,2026-06-30,shipped,sbp,,0.00,2290.00,
114778,2991,2026-06-30,shipped,card,,0.00,499.00,
114779,2977,2026-06-30,shipped,card,WELCOME10,1000.00,11990.00,
114780,2944,2026-06-30,processing,card,WELCOME10,798.00,7182.00,
114781,680,2026-06-30,shipped,card,,0.00,5890.00,
114782,2936,2026-06-30,processing,sbp,,0.00,5280.00,
114783,1305,2026-06-30,processing,sbp,,0.00,6948.00,
114784,1491,2026-06-30,shipped,card,,0.00,39980.00,
114785,2999,2026-06-30,processing,card,,0.00,6747.00,
114786,1778,2026-06-30,cancelled,card,,0.00,4990.00,
114787,2484,2026-06-30,processing,card,,0.00,6490.00,
114788,836,2026-06-30,processing,card,,0.00,133480.00,
114789,2432,2026-06-30,cancelled,card,,0.00,8788.00,
114790,14,2026-06-30,shipped,sbp,,0.00,1990.00,
114791,689,2026-06-30,shipped,card,,0.00,50860.00,
114792,2985,2026-06-30,processing,card,,0.00,5480.00,
114793,2975,2026-06-30,processing,card,FRIEND300,300.00,6655.00,
114794,417,2026-06-30,processing,sbp,,0.00,8990.00,
114795,836,2026-06-30,shipped,card,,0.00,214980.00,
114796,193,2026-06-30,shipped,cash,,0.00,6990.00,
114797,2996,2026-06-30,processing,card,WELCOME10,515.80,4642.20,
114798,238,2026-06-30,shipped,cash,,0.00,11346.00,
114799,2896,2026-06-30,shipped,card,WELCOME10,1000.00,25558.00,
114800,2902,2026-06-30,processing,sbp,,0.00,9980.00,
114801,419,2026-06-30,shipped,card,,0.00,49990.00,
114802,499,2026-06-30,shipped,card,,0.00,7490.00,
114803,2987,2026-06-30,processing,sbp,,0.00,44980.00,
114804,2998,2026-06-30,shipped,card,,0.00,1890.00,
114805,2956,2026-06-30,processing,card,,0.00,6990.00,
114806,286,2026-06-30,shipped,card,,0.00,11389.00,
114807,2641,2026-06-30,processing,cash,,0.00,34869.00,
114808,631,2026-06-30,shipped,sbp,,0.00,49990.00,
114809,2993,2026-06-30,cancelled,card,,0.00,3290.00,
114810,2995,2026-06-30,processing,card,,0.00,3768.00,
114811,157,2026-06-30,shipped,card,,0.00,28180.00,
114812,2983,2026-06-30,shipped,card,,0.00,9747.00,
114813,2992,2026-06-30,processing,sbp,WELCOME10,828.00,7452.00,
114814,912,2026-06-30,cancelled,card,,0.00,6987.00,
114815,2771,2026-06-30,processing,card,,0.00,8990.00,
