item_id,order_id,product_id,quantity,price
1,100001,86,1,819.00
2,100002,95,1,990.00
3,100002,79,1,5090.00
4,100002,11,1,4590.00
5,100002,38,2,2790.00
6,100003,80,1,5490.00
7,100004,49,1,9190.00
8,100004,89,2,369.00
9,100005,110,2,3690.00
10,100005,117,1,2790.00
11,100005,86,1,819.00
12,100005,90,1,2690.00
13,100006,63,1,5390.00
14,100006,89,2,369.00
15,100007,68,1,2290.00
16,100008,97,3,449.00
17,100008,85,1,2290.00
18,100008,47,1,11990.00
19,100009,38,1,2790.00
20,100009,86,1,819.00
21,100010,68,1,2290.00
22,100011,15,1,16090.00
23,100011,40,1,29890.00
24,100012,42,1,919.00
25,100013,116,1,1790.00
26,100013,67,1,1190.00
27,100014,42,2,919.00
28,100014,99,2,1190.00
29,100015,30,1,2890.00
30,100015,86,1,819.00
31,100016,115,1,15590.00
32,100016,42,1,919.00
33,100017,59,2,1790.00
34,100018,65,2,4090.00
35,100019,55,1,5490.00
36,100020,76,2,419.00
37,100020,42,2,919.00
38,100021,97,1,449.00
39,100021,86,1,819.00
40,100022,78,1,1690.00
41,100023,42,1,919.00
42,100023,117,1,2790.00
43,100023,58,1,4590.00
44,100023,31,1,41390.00
45,100024,56,1,739.00
46,100025,79,1,5090.00
47,100026,3,1,78190.00
48,100026,46,1,2990.00
49,100027,30,1,2890.00
50,100028,66,1,1390.00
51,100029,104,1,4590.00
52,100030,59,1,1790.00
53,100030,53,1,10590.00
54,100030,111,2,539.00
55,100031,23,1,3190.00
56,100031,116,1,1790.00
57,100032,73,2,449.00
58,100032,19,1,110390.00
59,100033,89,2,369.00
60,100033,83,1,6390.00
61,100033,90,1,2690.00
62,100034,29,1,2090.00
63,100035,9,1,2990.00
64,100036,56,1,739.00
65,100036,42,1,919.00
66,100037,86,1,819.00
67,100038,74,2,639.00
68,100038,29,2,2090.00
69,100039,38,2,2790.00
70,100040,86,2,819.00
71,100040,95,1,990.00
72,100041,54,1,3190.00
73,100041,46,1,2990.00
74,100042,86,1,819.00
75,100042,95,1,990.00
76,100042,1,1,20190.00
77,100042,94,1,1090.00
78,100043,81,1,4590.00
79,100044,49,1,9190.00
80,100045,86,1,819.00
81,100045,49,1,9190.00
82,100046,92,1,909.00
83,100046,67,1,1190.00
84,100046,96,1,539.00
85,100046,32,1,5090.00
86,100047,55,1,5490.00
87,100047,81,1,4590.00
88,100047,76,2,419.00
89,100048,17,1,59790.00
90,100048,49,1,9190.00
91,100049,71,1,2790.00
92,100049,67,2,1190.00
93,100049,97,1,449.00
94,100049,12,2,3690.00
95,100050,110,1,3690.00
96,100051,62,1,4190.00
97,100052,76,2,419.00
98,100053,71,1,2790.00
99,100053,97,2,449.00
100,100054,21,1,7390.00
101,100055,99,1,1190.00
102,100056,73,3,449.00
103,100057,38,1,2790.00
104,100058,10,1,11990.00
105,100058,90,1,2690.00
106,100058,23,2,3190.00
107,100059,36,1,7390.00
108,100060,45,1,6390.00
109,100060,17,1,59790.00
110,100061,71,1,2790.00
111,100061,123,1,1590.00
112,100061,78,1,1690.00
113,100062,9,1,2990.00
114,100063,31,1,41390.00
115,100064,129,1,8290.00
116,100065,95,1,990.00
117,100066,111,2,539.00
118,100066,50,1,7390.00
119,100067,58,1,4590.00
120,100068,98,2,819.00
121,100069,123,3,1590.00
122,100070,55,1,5490.00
123,100071,121,1,2290.00
124,100071,38,1,2790.00
125,100072,86,3,819.00
126,100072,20,1,10090.00
127,100072,121,2,2290.00
128,100072,10,1,11990.00
129,100073,116,1,1790.00
130,100074,53,1,10590.00
131,100075,85,2,2290.00
132,100076,104,1,4590.00
133,100077,47,1,11990.00
134,100078,120,1,1390.00
135,100079,57,2,459.00
136,100080,53,1,10590.00
137,100081,23,1,3190.00
138,100082,70,1,8290.00
139,100082,16,1,39590.00
140,100083,66,1,1390.00
141,100084,23,1,3190.00
142,100084,67,1,1190.00
143,100084,89,1,369.00
144,100084,12,1,3690.00
145,100085,56,1,739.00
146,100086,104,2,4590.00
147,100087,99,1,1190.00
148,100088,56,1,739.00
149,100089,86,1,819.00
150,100090,56,1,739.00
151,100090,30,1,2890.00
152,100091,19,1,110490.00
153,100091,111,1,539.00
154,100092,115,1,15590.00
155,100092,109,1,8290.00
156,100092,111,3,539.00
157,100093,40,1,29890.00
158,100093,66,1,1390.00
159,100094,67,1,1190.00
160,100095,88,1,6890.00
161,100096,131,1,1590.00
162,100096,90,1,2690.00
163,100096,89,2,369.00
164,100096,80,1,5490.00
165,100097,53,1,10590.00
166,100098,38,1,2790.00
167,100099,30,1,2890.00
168,100099,66,2,1390.00
169,100100,111,3,539.00
170,100100,43,1,1190.00
171,100100,118,1,9190.00
172,100100,56,1,739.00
173,100101,42,1,919.00
174,100101,90,1,2690.00
175,100102,9,1,2990.00
176,100102,111,3,539.00
177,100102,46,1,2990.00
178,100102,47,1,11990.00
179,100103,23,1,3190.00
180,100103,73,2,449.00
181,100103,131,1,1590.00
182,100104,63,1,5390.00
183,100104,55,1,5490.00
184,100104,58,1,4590.00
185,100105,10,1,11990.00
186,100106,43,1,1190.00
187,100107,98,3,819.00
188,100108,123,2,1590.00
189,100108,47,1,11990.00
190,100109,95,1,990.00
191,100109,30,1,2890.00
192,100110,97,1,449.00
193,100110,39,1,5490.00
194,100111,91,1,1390.00
195,100111,43,1,1190.00
196,100112,27,1,55290.00
197,100112,75,1,2090.00
198,100112,120,1,1390.00
199,100113,6,1,12390.00
200,100113,119,1,3190.00
201,100114,86,3,819.00
202,100114,17,1,59890.00
203,100114,91,2,1390.00
204,100115,12,1,3690.00
205,100115,15,1,16090.00
206,100115,47,1,11990.00
207,100116,94,1,1090.00
208,100116,12,1,3690.00
209,100116,34,1,5990.00
210,100116,115,1,15690.00
211,100117,131,2,1590.00
212,100117,12,1,3690.00
213,100118,86,1,819.00
214,100118,98,2,819.00
215,100119,16,1,39590.00
216,100120,29,1,2090.00
217,100120,4,1,87490.00
218,100120,38,1,2790.00
219,100120,45,1,6390.00
220,100121,104,1,4590.00
221,100121,19,1,110490.00
222,100121,42,2,919.00
223,100121,21,1,7390.00
224,100122,131,1,1590.00
225,100122,86,1,819.00
226,100123,91,1,1390.00
227,100123,56,2,739.00
228,100124,123,1,1590.00
229,100124,67,1,1190.00
230,100125,96,1,539.00
231,100126,57,2,459.00
232,100126,85,1,2290.00
233,100126,118,1,9190.00
234,100127,20,1,10090.00
235,100128,109,1,8290.00
236,100129,8,1,16590.00
237,100130,51,1,5990.00
238,100131,86,2,819.00
239,100132,23,1,3190.00
240,100132,112,2,819.00
241,100132,78,1,1690.00
242,100133,44,1,2790.00
243,100134,127,1,6390.00
244,100134,48,1,4590.00
245,100135,53,1,10590.00
246,100135,94,1,1090.00
247,100135,91,1,1390.00
248,100136,42,1,919.00
249,100137,85,1,2290.00
250,100138,29,2,2090.00
251,100139,12,1,3690.00
252,100139,14,1,10990.00
253,100139,3,1,78290.00
254,100139,56,1,739.00
255,100140,112,1,819.00
256,100141,53,1,10590.00
257,100142,48,1,4590.00
258,100143,38,1,2790.00
259,100144,3,1,78290.00
260,100145,97,1,449.00
261,100146,86,3,819.00
262,100146,38,1,2790.00
263,100146,36,1,7390.00
264,100147,12,1,3690.00
265,100147,47,1,11990.00
266,100148,9,2,2990.00
267,100149,13,1,25790.00
268,100150,58,1,4590.00
269,100150,60,1,3190.00
270,100151,13,1,25790.00
271,100151,6,1,12390.00
272,100151,86,2,819.00
273,100152,12,2,3690.00
274,100153,12,1,3690.00
275,100154,46,1,2990.00
276,100154,96,1,539.00
277,100154,16,1,39590.00
278,100154,32,1,5090.00
279,100155,60,1,3190.00
280,100156,131,1,1590.00
281,100157,93,2,729.00
282,100157,92,2,909.00
283,100157,69,1,819.00
284,100157,42,2,919.00
285,100158,14,1,10990.00
286,100158,86,3,819.00
287,100159,89,2,369.00
288,100159,76,1,419.00
289,100160,131,1,1590.00
290,100161,60,1,3190.00
291,100161,43,1,1190.00
292,100162,56,2,739.00
293,100163,85,1,2290.00
294,100164,38,1,2790.00
295,100165,74,2,639.00
296,100165,81,2,4590.00
297,100165,47,1,11990.00
298,100166,36,1,7390.00
299,100167,84,1,639.00
300,100167,97,1,449.00
301,100168,97,1,449.00
302,100168,29,1,2090.00
303,100169,91,1,1390.00
304,100169,23,1,3190.00
305,100170,78,1,1690.00
306,100171,83,1,6390.00
307,100171,76,1,419.00
308,100172,42,2,919.00
309,100173,14,1,11090.00
310,100173,78,1,1690.00
311,100174,38,1,2790.00
312,100175,62,2,4190.00
313,100176,80,1,5490.00
314,100176,89,1,369.00
315,100177,77,1,1990.00
316,100178,111,1,539.00
317,100179,12,2,3690.00
318,100180,115,1,15690.00
319,100180,80,1,5490.00
320,100181,62,1,4190.00
321,100182,29,1,2090.00
322,100182,116,1,1790.00
323,100183,31,1,41490.00
324,100183,75,1,2090.00
325,100184,29,1,2090.00
326,100184,8,1,16590.00
327,100185,56,1,739.00
328,100186,86,1,819.00
329,100186,68,1,2290.00
330,100187,65,2,4090.00
331,100187,42,1,919.00
332,100187,116,2,1790.00
333,100187,26,1,46090.00
334,100188,116,1,1790.00
335,100188,47,1,11990.00
336,100189,85,2,2290.00
337,100189,56,1,739.00
338,100189,10,1,11990.00
339,100189,46,1,2990.00
340,100190,89,1,369.00
341,100191,99,1,1190.00
342,100192,119,1,3190.00
343,100192,11,1,4590.00
344,100193,91,1,1390.00
345,100194,20,1,10090.00
346,100194,38,1,2790.00
347,100195,67,1,1190.00
348,100196,74,1,639.00
349,100197,57,1,459.00
350,100197,83,1,6390.00
351,100197,120,1,1390.00
352,100198,111,1,539.00
353,100198,123,3,1690.00
354,100199,23,1,3190.00
355,100199,115,1,15690.00
356,100200,68,1,2290.00
357,100201,79,1,5090.00
358,100201,20,1,10090.00
359,100202,42,1,919.00
360,100202,95,1,990.00
361,100203,88,1,6890.00
362,100203,86,1,819.00
363,100204,66,1,1390.00
364,100205,57,2,459.00
365,100206,42,1,919.00
366,100206,92,2,909.00
367,100206,40,1,29990.00
368,100207,116,1,1790.00
369,100208,14,1,11090.00
370,100208,63,1,5390.00
371,100209,30,1,2890.00
372,100210,86,2,819.00
373,100210,19,1,110590.00
374,100211,56,1,739.00
375,100212,66,1,1390.00
376,100213,11,1,4590.00
377,100214,26,1,46090.00
378,100215,20,1,10090.00
379,100216,115,1,15690.00
380,100217,86,3,819.00
381,100218,65,2,4090.00
382,100219,24,1,15690.00
383,100220,38,1,2790.00
384,100221,47,1,11990.00
385,100221,43,1,1190.00
386,100221,86,2,819.00
387,100221,81,1,4590.00
388,100222,40,1,29990.00
389,100222,97,1,449.00
390,100222,30,1,2890.00
391,100223,57,1,459.00
392,100224,43,1,1190.00
393,100225,74,1,639.00
394,100226,59,1,1790.00
395,100227,67,1,1190.00
396,100227,60,2,3190.00
397,100227,86,1,819.00
398,100228,95,1,990.00
399,100229,97,2,449.00
400,100230,12,1,3690.00
401,100231,20,1,10090.00
402,100231,75,1,2090.00
403,100232,1,1,20290.00
404,100232,116,1,1790.00
405,100233,123,2,1690.00
406,100234,99,1,1190.00
407,100235,94,1,1090.00
408,100235,86,2,819.00
409,100235,111,1,539.00
410,100235,97,1,449.00
411,100236,43,1,1190.00
412,100236,8,1,16590.00
413,100236,39,1,5490.00
414,100236,111,3,539.00
415,100237,111,2,539.00
416,100237,93,1,729.00
417,100237,77,1,1990.00
418,100237,120,2,1390.00
419,100238,42,1,919.00
420,100239,128,1,16590.00
421,100240,34,1,5990.00
422,100240,23,1,3190.00
423,100241,42,1,919.00
424,100242,56,1,739.00
425,100242,23,1,3190.00
426,100243,68,1,2290.00
427,100243,76,1,419.00
428,100244,86,3,819.00
429,100245,111,2,539.00
430,100246,90,1,2690.00
431,100247,38,1,2790.00
432,100248,52,1,6890.00
433,100249,30,1,2890.00
434,100250,120,1,1390.00
435,100250,10,1,11990.00
436,100251,42,2,919.00
437,100252,85,1,2290.00
438,100253,116,1,1790.00
439,100253,74,1,639.00
440,100253,12,1,3690.00
441,100254,75,1,2090.00
442,100255,55,1,5490.00
443,100256,76,1,419.00
444,100257,54,1,3190.00
445,100257,30,1,2890.00
446,100258,56,2,739.00
447,100259,65,1,4090.00
448,100260,56,1,739.00
449,100261,123,2,1690.00
450,100261,57,1,459.00
451,100261,58,1,4590.00
452,100262,57,2,459.00
453,100263,79,1,5090.00
454,100263,97,1,449.00
455,100264,111,1,539.00
456,100264,14,1,11090.00
457,100265,43,1,1190.00
458,100265,123,2,1690.00
459,100266,89,1,369.00
460,100267,56,3,739.00
461,100268,42,2,919.00
462,100269,56,1,739.00
463,100270,43,1,1190.00
464,100270,56,1,739.00
465,100270,45,1,6390.00
466,100271,67,1,1190.00
467,100271,124,2,1490.00
468,100272,111,1,539.00
469,100272,29,1,2090.00
470,100272,56,1,739.00
471,100273,131,1,1590.00
472,100273,20,1,10090.00
473,100274,62,1,4190.00
474,100275,35,1,4390.00
475,100276,68,1,2290.00
476,100277,51,1,5990.00
477,100278,74,3,639.00
478,100279,68,1,2290.00
479,100279,82,1,7390.00
480,100280,22,1,2290.00
481,100280,29,1,2090.00
482,100281,20,1,10090.00
483,100282,42,1,919.00
484,100282,28,1,20290.00
485,100283,58,1,4590.00
486,100283,56,1,739.00
487,100284,6,1,12390.00
488,100284,8,1,16590.00
489,100285,9,2,2990.00
490,100285,101,1,1490.00
491,100286,66,1,1390.00
492,100286,84,2,639.00
493,100287,11,1,4590.00
494,100288,91,2,1390.00
495,100289,12,1,3690.00
496,100290,89,1,369.00
497,100290,86,3,819.00
498,100290,82,1,7390.00
499,100291,64,1,3690.00
500,100291,10,1,11990.00
501,100291,41,1,25790.00
502,100292,95,2,990.00
503,100293,55,1,5490.00
504,100294,74,1,639.00
505,100294,95,1,990.00
506,100295,91,1,1390.00
507,100295,74,1,639.00
508,100296,60,1,3190.00
509,100296,10,1,11990.00
510,100297,23,1,3190.00
511,100297,11,1,4590.00
512,100297,83,1,6490.00
513,100297,42,1,919.00
514,100298,122,1,2090.00
515,100298,11,2,4590.00
516,100299,9,1,2990.00
517,100299,75,1,2090.00
518,100300,66,2,1390.00
519,100300,38,1,2790.00
520,100301,43,2,1190.00
521,100302,53,1,10590.00
522,100303,92,1,909.00
523,100304,85,1,2290.00
524,100305,91,2,1390.00
525,100305,78,1,1690.00
526,100305,74,1,639.00
527,100305,83,1,6490.00
528,100306,42,2,919.00
529,100306,56,2,739.00
530,100307,86,2,819.00
531,100308,21,1,7390.00
532,100309,44,2,2790.00
533,100309,34,1,5990.00
534,100310,11,1,4590.00
535,100310,51,1,5990.00
536,100311,57,1,459.00
537,100311,76,2,419.00
538,100312,46,1,2990.00
539,100313,117,1,2790.00
540,100313,84,2,639.00
541,100314,68,1,2290.00
542,100315,50,1,7390.00
543,100316,65,1,4090.00
544,100316,56,1,739.00
545,100316,51,1,5990.00
546,100317,78,2,1690.00
547,100318,96,1,539.00
548,100318,93,1,729.00
549,100318,42,1,919.00
550,100318,68,1,2290.00
551,100319,30,1,2890.00
552,100319,55,1,5490.00
553,100320,8,1,16590.00
554,100320,67,1,1190.00
555,100321,58,1,4590.00
556,100321,105,1,1390.00
557,100321,30,1,2890.00
558,100321,116,1,1790.00
559,100322,52,1,6890.00
560,100322,76,1,419.00
561,100323,98,1,819.00
562,100324,9,1,2990.00
563,100324,111,1,539.00
564,100324,47,1,11990.00
565,100325,67,1,1190.00
566,100326,13,1,25790.00
567,100327,75,2,2090.00
568,100328,68,1,2290.00
569,100329,78,1,1690.00
570,100330,11,1,4590.00
571,100331,91,1,1390.00
572,100331,67,1,1190.00
573,100332,92,1,909.00
574,100332,76,1,419.00
575,100333,67,1,1190.00
576,100333,42,1,919.00
577,100334,86,2,819.00
578,100335,87,1,2790.00
579,100335,36,1,7390.00
580,100336,49,1,9190.00
581,100337,58,1,4590.00
582,100337,84,1,639.00
583,100338,91,1,1390.00
584,100338,43,2,1190.00
585,100339,63,1,5390.00
586,100340,93,2,729.00
587,100341,81,2,4590.00
588,100342,66,1,1390.00
589,100342,21,1,7390.00
590,100342,56,1,739.00
591,100343,115,1,15690.00
592,100344,98,1,819.00
593,100344,5,1,119990.00
594,100345,45,1,6490.00
595,100345,94,1,1090.00
596,100345,5,1,119990.00
597,100346,38,1,2790.00
598,100347,36,1,7390.00
599,100348,126,1,2990.00
600,100349,120,1,1390.00
601,100349,66,1,1390.00
602,100350,35,1,4390.00
603,100350,126,2,2990.00
604,100350,119,1,3190.00
605,100351,118,1,9190.00
606,100352,116,1,1790.00
607,100353,46,2,2990.00
608,100354,11,1,4590.00
609,100355,23,1,3190.00
610,100356,95,1,990.00
611,100357,33,1,11090.00
612,100358,55,1,5490.00
613,100358,69,1,819.00
614,100359,38,1,2790.00
615,100360,86,1,819.00
616,100361,2,1,34190.00
617,100362,17,1,59990.00
618,100362,9,2,2990.00
619,100362,76,1,419.00
620,100363,63,1,5390.00
621,100364,21,1,7390.00
622,100365,1,1,20290.00
623,100365,23,2,3190.00
624,100365,21,1,7390.00
625,100366,14,1,11090.00
626,100366,57,1,459.00
627,100367,66,2,1390.00
628,100368,97,1,449.00
629,100368,11,1,4590.00
630,100368,56,1,739.00
631,100368,60,1,3190.00
632,100369,92,1,909.00
633,100370,9,1,2990.00
634,100370,56,1,739.00
635,100371,56,1,739.00
636,100371,38,2,2790.00
637,100371,93,2,729.00
638,100372,63,1,5390.00
639,100372,11,1,4590.00
640,100373,58,2,4590.00
641,100374,35,1,4390.00
642,100375,97,2,449.00
643,100376,47,1,11990.00
644,100376,16,1,39690.00
645,100377,17,1,59990.00
646,100377,77,1,1990.00
647,100377,86,1,819.00
648,100377,30,1,2890.00
649,100378,75,2,2090.00
650,100379,44,1,2790.00
651,100379,93,3,729.00
652,100379,29,1,2090.00
653,100380,58,1,4590.00
654,100381,77,1,1990.00
655,100381,71,1,2790.00
656,100382,97,1,449.00
657,100383,61,1,6890.00
658,100383,17,1,59990.00
659,100383,42,1,919.00
660,100384,45,1,6490.00
661,100385,20,1,10090.00
662,100386,86,1,819.00
663,100386,12,1,3690.00
664,100386,49,1,9190.00
665,100387,38,1,2790.00
666,100388,73,3,449.00
667,100388,111,1,539.00
668,100389,11,1,4590.00
669,100390,52,1,6890.00
670,100390,80,1,5490.00
671,100390,42,3,919.00
672,100391,56,1,739.00
673,100391,9,2,2990.00
674,100391,109,1,8290.00
675,100392,58,1,4590.00
676,100392,115,1,15690.00
677,100393,33,1,11090.00
678,100393,71,1,2790.00
679,100394,45,1,6490.00
680,100394,22,1,2290.00
681,100394,8,1,16590.00
682,100395,75,1,2090.00
683,100396,68,1,2290.00
684,100397,78,1,1690.00
685,100398,21,1,7390.00
686,100399,42,1,919.00
687,100399,38,1,2790.00
688,100400,40,1,29990.00
689,100401,31,1,41590.00
690,100401,40,1,29990.00
691,100402,66,1,1390.00
692,100403,46,2,2990.00
693,100404,78,1,1690.00
694,100404,86,1,819.00
695,100404,95,2,990.00
696,100405,30,1,2890.00
697,100406,111,2,539.00
698,100407,99,1,1190.00
699,100408,11,1,4590.00
700,100408,23,2,3190.00
701,100408,43,1,1190.00
702,100408,74,2,639.00
703,100409,116,1,1790.00
704,100410,86,3,819.00
705,100410,131,1,1590.00
706,100411,96,2,539.00
707,100412,8,1,16590.00
708,100412,111,1,539.00
709,100413,81,2,4590.00
710,100413,16,1,39690.00
711,100413,56,1,739.00
712,100414,56,1,739.00
713,100415,61,1,6890.00
714,100416,97,2,449.00
715,100416,79,1,5090.00
716,100416,10,1,11990.00
717,100416,29,1,2090.00
718,100417,25,1,23090.00
719,100418,95,1,990.00
720,100419,42,1,919.00
721,100420,16,1,39690.00
722,100421,21,1,7390.00
723,100421,86,1,819.00
724,100421,112,1,819.00
725,100422,76,1,419.00
726,100422,122,2,2090.00
727,100422,86,1,819.00
728,100422,41,1,25890.00
729,100423,24,1,15690.00
730,100424,131,1,1590.00
731,100424,8,1,16590.00
732,100425,65,1,4090.00
733,100425,77,2,1990.00
734,100426,2,1,34190.00
735,100427,93,1,729.00
736,100427,26,1,46190.00
737,100428,57,1,459.00
738,100429,63,1,5390.00
739,100430,12,1,3690.00
740,100431,9,1,2990.00
741,100432,61,1,6890.00
742,100433,14,1,11090.00
743,100433,94,1,1090.00
744,100433,78,1,1690.00
745,100434,12,2,3690.00
746,100435,61,1,6890.00
747,100436,17,1,59990.00
748,100437,59,1,1790.00
749,100437,90,2,2690.00
750,100438,29,2,2090.00
751,100439,116,1,1790.00
752,100439,51,1,5990.00
753,100439,79,1,5090.00
754,100440,30,1,2890.00
755,100440,32,1,5090.00
756,100441,46,1,2990.00
757,100442,104,1,4590.00
758,100443,95,1,990.00
759,100444,86,2,819.00
760,100444,57,2,459.00
761,100445,26,1,46190.00
762,100446,101,1,1490.00
763,100446,115,1,15690.00
764,100446,91,2,1390.00
765,100447,111,3,549.00
766,100448,86,1,819.00
767,100448,87,2,2790.00
768,100449,57,1,459.00
769,100450,111,1,549.00
770,100451,121,1,2290.00
771,100452,79,1,5090.00
772,100452,99,1,1190.00
773,100452,59,1,1790.00
774,100453,105,1,1390.00
775,100453,71,1,2790.00
776,100453,118,1,9190.00
777,100454,29,1,2090.00
778,100455,58,1,4590.00
779,100456,29,1,2090.00
780,100456,38,1,2790.00
781,100456,114,1,32290.00
782,100456,131,1,1590.00
783,100457,17,1,60090.00
784,100458,83,1,6490.00
785,100458,96,1,549.00
786,100458,77,1,1990.00
787,100458,22,1,2290.00
788,100459,86,1,819.00
789,100459,114,1,32290.00
790,100460,111,1,549.00
791,100461,92,2,909.00
792,100461,21,1,7390.00
793,100462,12,1,3690.00
794,100462,56,1,739.00
795,100463,111,1,549.00
796,100464,38,1,2790.00
797,100465,97,2,449.00
798,100466,97,2,449.00
799,100466,53,1,10590.00
800,100467,69,1,819.00
801,100467,86,1,819.00
802,100468,116,1,1790.00
803,100469,86,3,819.00
804,100469,34,1,5990.00
805,100469,50,1,7390.00
806,100470,56,1,739.00
807,100470,75,1,2090.00
808,100471,111,1,549.00
809,100472,51,1,5990.00
810,100473,83,1,6490.00
811,100474,97,3,449.00
812,100474,54,2,3190.00
813,100475,56,2,739.00
814,100476,58,1,4590.00
815,100477,12,2,3690.00
816,100478,42,1,919.00
817,100479,76,2,419.00
818,100480,86,1,819.00
819,100481,10,1,11990.00
820,100481,51,1,5990.00
821,100481,64,2,3690.00
822,100481,123,1,1690.00
823,100482,58,2,4590.00
824,100483,95,1,990.00
825,100484,8,1,16590.00
826,100484,111,2,549.00
827,100485,48,2,4590.00
828,100485,83,1,6490.00
829,100486,23,1,3190.00
830,100486,63,1,5390.00
831,100486,36,1,7390.00
832,100486,92,1,919.00
833,100487,89,1,369.00
834,100488,1,1,20290.00
835,100489,14,1,11090.00
836,100490,122,1,2090.00
837,100491,84,2,639.00
838,100492,85,1,2290.00
839,100493,73,1,449.00
840,100494,20,1,10190.00
841,100495,56,2,739.00
842,100496,17,1,60090.00
843,100497,4,1,87790.00
844,100498,56,2,739.00
845,100499,75,1,2090.00
846,100500,86,1,819.00
847,100500,21,1,7390.00
848,100500,65,1,4190.00
849,100501,68,2,2290.00
850,100501,65,1,4190.00
851,100502,67,1,1190.00
852,100502,91,1,1390.00
853,100502,86,2,819.00
854,100502,62,1,4190.00
855,100503,20,1,10190.00
856,100504,84,1,639.00
857,100505,11,1,4590.00
858,100506,40,1,29990.00
859,100506,67,1,1190.00
860,100507,98,2,819.00
861,100508,93,2,729.00
862,100509,67,1,1190.00
863,100509,16,1,39690.00
864,100509,86,1,819.00
865,100509,40,1,29990.00
866,100510,36,1,7390.00
867,100510,57,3,459.00
868,100511,84,1,639.00
869,100511,86,2,819.00
870,100511,67,1,1190.00
871,100512,56,1,739.00
872,100512,26,1,46190.00
873,100513,91,1,1390.00
874,100514,1,1,20290.00
875,100515,91,2,1390.00
876,100515,71,1,2790.00
877,100516,98,1,819.00
878,100517,85,2,2290.00
879,100517,76,1,419.00
880,100518,79,1,5090.00
881,100518,102,1,1790.00
882,100518,117,1,2790.00
883,100518,78,1,1690.00
884,100519,12,2,3690.00
885,100519,23,1,3190.00
886,100520,65,1,4190.00
887,100520,91,1,1390.00
888,100520,52,1,6890.00
889,100521,12,1,3690.00
890,100521,34,1,5990.00
891,100522,66,1,1390.00
892,100523,65,2,4190.00
893,100523,42,2,919.00
894,100523,115,1,15690.00
895,100524,95,1,990.00
896,100524,79,1,5090.00
897,100524,3,1,78590.00
898,100525,112,1,819.00
899,100526,91,1,1390.00
900,100526,38,2,2790.00
901,100527,111,2,549.00
902,100528,35,2,4390.00
903,100528,46,1,3090.00
904,100529,57,2,459.00
905,100529,94,1,1090.00
906,100530,89,1,369.00
907,100530,9,1,2990.00
908,100531,86,1,819.00
909,100532,65,2,4190.00
910,100533,88,1,6890.00
911,100534,67,1,1190.00
912,100535,41,1,25890.00
913,100536,90,2,2690.00
914,100537,84,1,639.00
915,100538,86,2,819.00
916,100539,8,1,16590.00
917,100540,74,1,639.00
918,100541,84,1,639.00
919,100542,42,1,919.00
920,100543,9,1,2990.00
921,100543,31,1,41590.00
922,100543,53,1,10590.00
923,100543,76,1,419.00
924,100544,76,1,419.00
925,100544,73,1,449.00
926,100545,86,2,819.00
927,100546,114,1,32390.00
928,100546,5,1,120190.00
929,100547,23,2,3190.00
930,100548,86,3,819.00
931,100549,87,1,2790.00
932,100550,30,1,2990.00
933,100551,61,1,6890.00
934,100552,86,2,819.00
935,100552,32,1,5090.00
936,100552,14,1,11090.00
937,100553,54,1,3190.00
938,100554,57,1,459.00
939,100554,96,1,549.00
940,100554,98,2,819.00
941,100554,30,2,2990.00
942,100555,76,1,419.00
943,100556,2,1,34190.00
944,100557,87,1,2790.00
945,100558,23,1,3190.00
946,100559,15,1,16190.00
947,100559,86,1,819.00
948,100560,53,1,10590.00
949,100561,48,1,4590.00
950,100562,58,1,4590.00
951,100562,76,3,419.00
952,100563,57,3,459.00
953,100563,71,1,2790.00
954,100563,94,1,1090.00
955,100563,91,2,1390.00
956,100564,29,1,2090.00
957,100565,12,2,3690.00
958,100566,15,1,16190.00
959,100567,42,2,919.00
960,100568,88,1,6890.00
961,100569,29,1,2090.00
962,100569,129,1,8290.00
963,100569,38,1,2790.00
964,100570,45,1,6490.00
965,100571,58,1,4590.00
966,100571,11,2,4590.00
967,100572,68,1,2290.00
968,100573,68,1,2290.00
969,100573,76,1,419.00
970,100574,54,1,3190.00
971,100575,76,1,419.00
972,100575,46,1,3090.00
973,100575,29,1,2090.00
974,100576,16,1,39790.00
975,100576,57,1,459.00
976,100577,53,1,10590.00
977,100578,123,1,1690.00
978,100579,111,2,549.00
979,100579,42,3,919.00
980,100579,65,1,4190.00
981,100579,23,1,3190.00
982,100580,86,3,819.00
983,100581,84,1,639.00
984,100582,86,2,819.00
985,100583,10,1,11990.00
986,100584,9,1,2990.00
987,100584,81,1,4590.00
988,100584,111,2,549.00
989,100585,66,1,1390.00
990,100586,81,1,4590.00
991,100586,66,1,1390.00
992,100587,77,1,1990.00
993,100588,127,1,6490.00
994,100588,53,1,10590.00
995,100588,126,1,2990.00
996,100589,122,1,2090.00
997,100589,84,2,639.00
998,100590,112,2,819.00
999,100590,99,1,1190.00
1000,100591,42,1,919.00
1001,100591,58,2,4590.00
1002,100592,125,1,1790.00
1003,100593,10,1,11990.00
1004,100593,29,1,2090.00
1005,100593,45,1,6490.00
1006,100594,75,1,2090.00
1007,100594,17,1,60090.00
1008,100595,131,1,1590.00
1009,100595,43,1,1190.00
1010,100595,42,2,919.00
1011,100595,89,1,369.00
1012,100596,84,3,639.00
1013,100597,28,1,20390.00
1014,100597,71,1,2790.00
1015,100598,68,1,2290.00
1016,100598,67,1,1190.00
1017,100598,20,1,10190.00
1018,100598,42,1,919.00
1019,100599,12,1,3690.00
1020,100600,11,1,4590.00
1021,100600,112,2,819.00
1022,100600,74,2,639.00
1023,100601,89,1,369.00
1024,100602,96,1,549.00
1025,100602,51,1,5990.00
1026,100603,47,1,11990.00
1027,100603,74,2,639.00
1028,100604,74,1,639.00
1029,100605,64,2,3690.00
1030,100605,68,1,2290.00
1031,100606,81,1,4590.00
1032,100606,42,1,919.00
1033,100606,10,1,11990.00
1034,100607,76,1,419.00
1035,100607,20,1,10190.00
1036,100608,11,1,4590.00
1037,100609,86,2,819.00
1038,100609,57,2,459.00
1039,100610,86,2,819.00
1040,100611,29,1,2090.00
1041,100612,91,1,1390.00
1042,100613,89,2,369.00
1043,100614,12,1,3690.00
1044,100614,48,1,4590.00
1045,100614,43,1,1190.00
1046,100615,16,1,39790.00
1047,100615,86,1,819.00
1048,100615,17,1,60190.00
1049,100615,91,1,1390.00
1050,100616,93,1,729.00
1051,100616,85,1,2290.00
1052,100617,89,1,369.00
1053,100617,38,1,2790.00
1054,100618,86,1,819.00
1055,100618,29,1,2090.00
1056,100619,74,1,639.00
1057,100619,66,1,1390.00
1058,100619,11,1,4590.00
1059,100620,30,1,2990.00
1060,100621,81,1,4590.00
1061,100621,109,1,8290.00
1062,100622,65,2,4190.00
1063,100622,86,1,819.00
1064,100623,68,1,2290.00
1065,100624,46,1,3090.00
1066,100624,29,1,2090.00
1067,100624,41,1,25890.00
1068,100625,42,3,919.00
1069,100626,65,1,4190.00
1070,100626,2,1,34190.00
1071,100626,75,1,2090.00
1072,100627,14,1,11090.00
1073,100628,16,1,39790.00
1074,100628,86,1,819.00
1075,100629,14,1,11090.00
1076,100630,50,1,7390.00
1077,100631,89,1,369.00
1078,100632,2,1,34190.00
1079,100633,46,1,3090.00
1080,100634,30,1,2990.00
1081,100634,123,2,1690.00
1082,100634,8,1,16690.00
1083,100634,108,1,5090.00
1084,100635,81,2,4590.00
1085,100635,58,1,4590.00
1086,100636,51,1,5990.00
1087,100637,3,1,78690.00
1088,100637,23,1,3190.00
1089,100637,86,3,819.00
1090,100637,76,2,419.00
1091,100638,86,2,819.00
1092,100638,79,1,5090.00
1093,100639,85,1,2290.00
1094,100640,38,1,2790.00
1095,100640,120,1,1390.00
1096,100640,54,1,3190.00
1097,100641,57,2,459.00
1098,100642,56,2,739.00
1099,100643,66,2,1390.00
1100,100644,91,1,1390.00
1101,100645,12,1,3690.00
1102,100645,6,1,12490.00
1103,100645,57,1,459.00
1104,100645,121,1,2290.00
1105,100646,94,1,1090.00
1106,100646,51,1,5990.00
1107,100646,15,1,16190.00
1108,100646,87,1,2790.00
1109,100647,38,1,2790.00
1110,100648,41,1,25890.00
1111,100649,42,2,929.00
1112,100649,62,1,4290.00
1113,100650,76,3,429.00
1114,100651,86,2,819.00
1115,100652,9,2,2990.00
1116,100652,58,2,4590.00
1117,100652,111,2,549.00
1118,100653,43,1,1190.00
1119,100653,51,1,5990.00
1120,100654,81,1,4590.00
1121,100654,58,1,4590.00
1122,100654,46,1,3090.00
1123,100655,86,2,819.00
1124,100655,75,1,2090.00
1125,100655,20,1,10190.00
1126,100655,87,1,2790.00
1127,100656,40,1,30090.00
1128,100657,30,1,2990.00
1129,100657,24,1,15690.00
1130,100658,42,1,929.00
1131,100658,82,1,7390.00
1132,100659,9,2,2990.00
1133,100659,64,1,3690.00
1134,100659,43,1,1190.00
1135,100659,1,1,20390.00
1136,100660,24,1,15690.00
1137,100660,86,1,819.00
1138,100661,118,1,9290.00
1139,100662,86,2,819.00
1140,100663,47,1,11990.00
1141,100664,86,2,819.00
1142,100665,30,1,2990.00
1143,100665,53,1,10590.00
1144,100666,4,1,87990.00
1145,100666,86,3,819.00
1146,100666,57,1,459.00
1147,100666,91,1,1390.00
1148,100667,58,1,4590.00
1149,100668,99,1,1190.00
1150,100668,36,1,7390.00
1151,100668,78,1,1790.00
1152,100668,8,1,16690.00
1153,100669,64,1,3690.00
1154,100670,86,1,819.00
1155,100670,32,1,5090.00
1156,100670,75,2,2090.00
1157,100671,65,2,4190.00
1158,100672,76,1,429.00
1159,100672,30,1,2990.00
1160,100672,29,1,2090.00
1161,100672,14,1,11090.00
1162,100673,86,1,819.00
1163,100673,68,1,2290.00
1164,100674,67,2,1190.00
1165,100674,95,1,990.00
1166,100675,86,2,819.00
1167,100676,4,1,87990.00
1168,100677,23,2,3190.00
1169,100677,84,1,639.00
1170,100678,61,1,6890.00
1171,100679,76,2,429.00
1172,100680,9,1,2990.00
1173,100680,128,1,16690.00
1174,100681,1,1,20390.00
1175,100682,38,1,2790.00
1176,100683,61,1,6890.00
1177,100683,81,2,4590.00
1178,100683,27,1,55590.00
1179,100684,6,1,12490.00
1180,100685,54,1,3190.00
1181,100685,111,3,549.00
1182,100686,79,1,5090.00
1183,100687,61,1,6890.00
1184,100687,111,2,549.00
1185,100687,80,1,5490.00
1186,100687,24,1,15690.00
1187,100688,44,1,2790.00
1188,100689,39,1,5490.00
1189,100689,34,1,5990.00
1190,100689,126,1,2990.00
1191,100690,105,2,1390.00
1192,100690,58,1,4590.00
1193,100691,86,1,819.00
1194,100692,65,1,4190.00
1195,100693,95,1,990.00
1196,100694,26,1,46290.00
1197,100695,11,1,4590.00
1198,100695,36,1,7390.00
1199,100696,110,1,3690.00
1200,100696,14,1,11090.00
1201,100697,56,1,739.00
1202,100698,23,1,3190.00
1203,100698,63,1,5490.00
1204,100699,131,2,1590.00
1205,100699,66,1,1390.00
1206,100700,24,1,15690.00
1207,100701,42,1,929.00
1208,100702,91,1,1390.00
1209,100703,20,1,10190.00
1210,100704,38,1,2790.00
1211,100705,64,1,3690.00
1212,100705,86,1,819.00
1213,100705,58,2,4590.00
1214,100706,86,1,819.00
1215,100706,23,1,3190.00
1216,100706,11,1,4590.00
1217,100707,33,1,11090.00
1218,100707,42,1,929.00
1219,100707,84,1,639.00
1220,100708,95,1,990.00
1221,100708,6,1,12490.00
1222,100709,118,1,9290.00
1223,100709,96,1,549.00
1224,100710,32,1,5090.00
1225,100711,75,1,2090.00
1226,100712,81,1,4590.00
1227,100713,46,1,3090.00
1228,100714,8,1,16690.00
1229,100715,109,1,8290.00
1230,100716,54,1,3190.00
1231,100716,89,2,369.00
1232,100717,23,1,3190.00
1233,100718,116,1,1790.00
1234,100718,87,1,2790.00
1235,100718,77,1,1990.00
1236,100719,63,1,5490.00
1237,100720,12,1,3690.00
1238,100721,57,2,459.00
1239,100722,33,1,11090.00
1240,100722,86,2,819.00
1241,100723,38,1,2790.00
1242,100724,126,1,2990.00
1243,100724,10,1,11990.00
1244,100725,20,1,10190.00
1245,100725,87,1,2790.00
1246,100725,9,1,2990.00
1247,100726,66,1,1390.00
1248,100727,92,1,919.00
1249,100728,25,1,23190.00
1250,100729,42,1,929.00
1251,100729,68,1,2290.00
1252,100729,77,1,1990.00
1253,100730,56,2,739.00
1254,100730,22,1,2290.00
1255,100731,86,1,819.00
1256,100732,79,1,5090.00
1257,100733,86,1,829.00
1258,100733,18,1,49090.00
1259,100734,76,1,429.00
1260,100735,57,1,459.00
1261,100736,60,1,3190.00
1262,100737,111,1,549.00
1263,100738,22,1,2290.00
1264,100738,79,1,5090.00
1265,100738,80,1,5590.00
1266,100739,82,1,7390.00
1267,100740,56,3,739.00
1268,100740,76,1,429.00
1269,100740,2,1,34290.00
1270,100741,90,1,2690.00
1271,100742,8,1,16690.00
1272,100743,67,1,1190.00
1273,100743,29,1,2090.00
1274,100743,43,1,1190.00
1275,100744,21,1,7390.00
1276,100744,75,1,2090.00
1277,100745,58,1,4590.00
1278,100745,89,3,369.00
1279,100745,111,1,549.00
1280,100746,57,1,459.00
1281,100747,75,1,2090.00
1282,100748,45,1,6490.00
1283,100749,25,1,23190.00
1284,100750,63,1,5490.00
1285,100751,77,1,1990.00
1286,100752,63,1,5490.00
1287,100752,68,2,2290.00
1288,100753,87,1,2790.00
1289,100753,71,1,2790.00
1290,100754,43,2,1190.00
1291,100754,81,1,4590.00
1292,100755,118,1,9290.00
1293,100755,38,1,2790.00
1294,100756,46,1,3090.00
1295,100757,28,1,20390.00
1296,100758,30,1,2990.00
1297,100759,76,2,429.00
1298,100760,29,1,2090.00
1299,100760,86,1,829.00
1300,100760,117,1,2790.00
1301,100761,77,1,1990.00
1302,100762,59,2,1890.00
1303,100763,67,1,1190.00
1304,100763,8,1,16690.00
1305,100764,42,2,929.00
1306,100765,74,2,639.00
1307,100765,12,1,3690.00
1308,100765,86,3,829.00
1309,100765,85,1,2290.00
1310,100766,20,1,10190.00
1311,100767,43,1,1190.00
1312,100767,12,1,3690.00
1313,100768,55,1,5590.00
1314,100769,38,1,2790.00
1315,100770,6,1,12490.00
1316,100771,88,1,6890.00
1317,100771,76,3,429.00
1318,100772,12,2,3690.00
1319,100773,29,1,2090.00
1320,100774,86,1,829.00
1321,100775,54,1,3190.00
1322,100775,97,1,449.00
1323,100776,56,1,739.00
1324,100777,23,1,3190.00
1325,100778,124,2,1490.00
1326,100778,59,1,1890.00
1327,100779,16,1,39890.00
1328,100779,86,1,829.00
1329,100780,89,1,369.00
1330,100781,64,2,3690.00
1331,100782,67,1,1190.00
1332,100783,23,1,3190.00
1333,100783,46,1,3090.00
1334,100784,81,1,4590.00
1335,100785,97,1,449.00
1336,100786,22,2,2290.00
1337,100786,86,1,829.00
1338,100787,88,1,6890.00
1339,100788,88,1,6890.00
1340,100789,59,2,1890.00
1341,100790,22,1,2290.00
1342,100790,62,1,4290.00
1343,100791,12,1,3690.00
1344,100791,61,1,6890.00
1345,100791,56,3,739.00
1346,100792,29,1,2090.00
1347,100793,86,1,829.00
1348,100794,67,2,1190.00
1349,100795,97,1,449.00
1350,100796,78,2,1790.00
1351,100797,9,1,3090.00
1352,100798,59,1,1890.00
1353,100798,48,1,4590.00
1354,100798,66,1,1390.00
1355,100799,56,1,739.00
1356,100799,66,2,1390.00
1357,100800,82,1,7390.00
1358,100800,96,1,549.00
1359,100801,89,2,369.00
1360,100801,96,1,549.00
1361,100802,121,1,2290.00
1362,100803,56,1,739.00
1363,100804,17,1,60290.00
1364,100805,56,2,739.00
1365,100805,43,1,1190.00
1366,100806,56,1,739.00
1367,100807,17,1,60290.00
1368,100807,29,1,2090.00
1369,100808,76,1,429.00
1370,100809,67,1,1190.00
1371,100809,81,1,4590.00
1372,100809,11,1,4590.00
1373,100809,41,1,25990.00
1374,100810,3,1,78890.00
1375,100810,80,1,5590.00
1376,100811,42,1,929.00
1377,100812,9,1,3090.00
1378,100813,30,1,2990.00
1379,100813,86,2,829.00
1380,100813,51,1,5990.00
1381,100814,111,1,549.00
1382,100815,78,1,1790.00
1383,100816,10,1,12090.00
1384,100816,101,1,1490.00
1385,100817,46,2,3090.00
1386,100818,89,1,369.00
1387,100818,46,1,3090.00
1388,100819,92,1,919.00
1389,100820,93,1,729.00
1390,100821,86,1,829.00
1391,100822,95,1,990.00
1392,100822,48,1,4590.00
1393,100823,86,1,829.00
1394,100823,12,1,3690.00
1395,100824,97,2,449.00
1396,100824,38,1,2790.00
1397,100824,52,1,6890.00
1398,100824,60,1,3190.00
1399,100825,3,1,78890.00
1400,100826,86,2,829.00
1401,100826,91,1,1390.00
1402,100826,126,1,3090.00
1403,100827,6,1,12490.00
1404,100828,77,2,1990.00
1405,100828,129,1,8290.00
1406,100829,31,1,41690.00
1407,100830,90,1,2690.00
1408,100831,32,1,5090.00
1409,100832,86,1,829.00
1410,100833,42,1,929.00
1411,100833,11,1,4590.00
1412,100834,85,2,2290.00
1413,100835,76,2,429.00
1414,100836,42,1,929.00
1415,100837,46,1,3090.00
1416,100838,56,3,739.00
1417,100838,46,1,3090.00
1418,100839,85,1,2290.00
1419,100839,89,2,369.00
1420,100840,86,1,829.00
1421,100840,81,1,4590.00
1422,100841,67,1,1190.00
1423,100841,121,1,2290.00
1424,100841,76,1,429.00
1425,100841,123,1,1690.00
1426,100842,24,1,15790.00
1427,100843,91,2,1390.00
1428,100844,56,2,739.00
1429,100845,9,1,3090.00
1430,100846,116,1,1790.00
1431,100846,2,1,34290.00
1432,100846,87,1,2790.00
1433,100847,37,1,45890.00
1434,100848,74,1,639.00
1435,100849,118,1,9290.00
1436,100849,59,1,1890.00
1437,100849,93,3,729.00
1438,100850,68,1,2290.00
1439,100851,56,1,739.00
1440,100851,9,1,3090.00
1441,100852,115,1,15790.00
1442,100853,90,2,2690.00
1443,100853,111,1,549.00
1444,100853,3,1,78890.00
1445,100854,8,1,16690.00
1446,100855,43,1,1190.00
1447,100855,97,1,449.00
1448,100856,122,1,2090.00
1449,100856,86,1,829.00
1450,100857,86,1,829.00
1451,100857,13,1,25990.00
1452,100857,63,1,5490.00
1453,100858,14,1,11090.00
1454,100859,86,2,829.00
1455,100859,123,1,1690.00
1456,100859,104,1,4590.00
1457,100860,91,1,1390.00
1458,100860,30,1,2990.00
1459,100861,87,2,2790.00
1460,100862,11,1,4590.00
1461,100863,45,1,6490.00
1462,100863,111,2,549.00
1463,100863,62,2,4290.00
1464,100864,65,1,4190.00
1465,100865,22,1,2290.00
1466,100865,78,1,1790.00
1467,100866,126,1,3090.00
1468,100867,29,2,2090.00
1469,100868,26,1,46390.00
1470,100868,42,2,929.00
1471,100869,86,2,829.00
1472,100870,87,2,2790.00
1473,100870,74,1,639.00
1474,100870,46,1,3090.00
1475,100871,57,3,459.00
1476,100871,86,3,829.00
1477,100872,18,1,49190.00
1478,100873,36,1,7390.00
1479,100874,42,1,929.00
1480,100874,25,1,23190.00
1481,100875,67,1,1190.00
1482,100875,8,1,16690.00
1483,100875,115,1,15790.00
1484,100876,38,1,2790.00
1485,100877,123,3,1690.00
1486,100878,86,1,829.00
1487,100879,88,1,6990.00
1488,100879,65,2,4190.00
1489,100880,86,2,829.00
1490,100880,32,1,5090.00
1491,100881,87,1,2790.00
1492,100882,78,1,1790.00
1493,100883,97,1,449.00
1494,100884,121,1,2290.00
1495,100885,45,1,6490.00
1496,100886,55,1,5590.00
1497,100887,85,1,2290.00
1498,100887,89,1,369.00
1499,100888,86,1,829.00
1500,100889,22,1,2290.00
1501,100890,92,1,919.00
1502,100890,30,1,2990.00
1503,100890,66,1,1390.00
1504,100891,91,1,1390.00
1505,100892,53,1,10690.00
1506,100893,44,2,2790.00
1507,100893,81,2,4590.00
1508,100894,74,1,639.00
1509,100895,17,1,60290.00
1510,100896,119,1,3190.00
1511,100897,9,1,3090.00
1512,100898,86,1,829.00
1513,100899,26,1,46390.00
1514,100900,16,1,39890.00
1515,100901,86,3,829.00
1516,100901,71,1,2790.00
1517,100901,22,1,2290.00
1518,100902,29,2,2090.00
1519,100902,78,2,1790.00
1520,100903,86,1,829.00
1521,100903,99,2,1190.00
1522,100903,97,2,459.00
1523,100903,43,1,1190.00
1524,100904,75,1,2090.00
1525,100904,82,1,7390.00
1526,100905,3,1,78890.00
1527,100905,86,2,829.00
1528,100905,29,1,2090.00
1529,100906,76,2,429.00
1530,100907,99,1,1190.00
1531,100907,1,1,20390.00
1532,100908,45,1,6490.00
1533,100909,75,2,2090.00
1534,100910,131,1,1590.00
1535,100910,57,1,459.00
1536,100911,25,1,23190.00
1537,100912,35,1,4390.00
1538,100912,95,2,990.00
1539,100913,98,1,829.00
1540,100914,5,1,120690.00
1541,100915,63,1,5490.00
1542,100916,89,1,369.00
1543,100916,123,2,1690.00
1544,100917,95,1,990.00
1545,100918,14,1,11090.00
1546,100919,58,1,4590.00
1547,100920,12,1,3690.00
1548,100921,17,1,60390.00
1549,100921,58,1,4590.00
1550,100922,68,1,2290.00
1551,100922,11,1,4590.00
1552,100923,110,1,3690.00
1553,100924,43,1,1190.00
1554,100925,29,1,2090.00
1555,100926,94,1,1090.00
1556,100927,85,2,2290.00
1557,100928,42,1,929.00
1558,100928,54,1,3190.00
1559,100928,86,1,829.00
1560,100929,95,1,990.00
1561,100929,22,1,2290.00
1562,100929,46,1,3090.00
1563,100930,32,1,5090.00
1564,100930,105,1,1390.00
1565,100931,61,1,6990.00
1566,100932,85,1,2290.00
1567,100932,82,1,7390.00
1568,100933,85,1,2290.00
1569,100934,79,1,5090.00
1570,100934,104,2,4590.00
1571,100934,89,2,369.00
1572,100935,59,1,1890.00
1573,100936,78,1,1790.00
1574,100937,29,1,2090.00
1575,100937,75,2,2090.00
1576,100937,42,2,929.00
1577,100938,86,1,829.00
1578,100938,45,1,6490.00
1579,100939,67,1,1190.00
1580,100939,86,1,829.00
1581,100939,34,1,5990.00
1582,100940,46,1,3090.00
1583,100941,44,1,2790.00
1584,100941,45,1,6490.00
1585,100942,69,1,829.00
1586,100943,80,1,5590.00
1587,100943,86,1,829.00
1588,100944,8,1,16690.00
1589,100945,97,1,459.00
1590,100945,48,1,4590.00
1591,100945,53,1,10690.00
1592,100945,90,1,2690.00
1593,100946,57,1,459.00
1594,100946,19,1,111390.00
1595,100946,131,1,1590.00
1596,100946,59,1,1890.00
1597,100947,9,1,3090.00
1598,100948,105,1,1390.00
1599,100948,78,1,1790.00
1600,100949,86,1,829.00
1601,100950,57,1,459.00
1602,100951,57,2,459.00
1603,100951,117,1,2790.00
1604,100952,65,2,4190.00
1605,100952,43,1,1190.00
1606,100953,12,1,3690.00
1607,100953,86,3,829.00
1608,100954,42,1,929.00
1609,100955,52,1,6990.00
1610,100956,21,1,7390.00
1611,100956,84,1,639.00
1612,100956,2,1,34390.00
1613,100957,86,1,829.00
1614,100957,32,1,5090.00
1615,100957,50,1,7390.00
1616,100957,87,2,2790.00
1617,100958,17,1,60390.00
1618,100959,38,1,2790.00
1619,100959,86,3,829.00
1620,100959,123,1,1690.00
1621,100960,46,1,3090.00
1622,100961,96,1,549.00
1623,100961,15,1,16190.00
1624,100961,122,1,2090.00
1625,100961,98,2,829.00
1626,100962,86,2,829.00
1627,100963,65,2,4190.00
1628,100964,38,1,2790.00
1629,100965,22,1,2290.00
1630,100966,61,1,6990.00
1631,100967,24,1,15790.00
1632,100968,67,1,1190.00
1633,100968,53,1,10690.00
1634,100969,101,1,1490.00
1635,100970,36,1,7390.00
1636,100970,34,1,5990.00
1637,100971,6,1,12490.00
1638,100972,86,3,829.00
1639,100973,24,1,15790.00
1640,100974,111,2,549.00
1641,100974,66,1,1390.00
1642,100974,75,1,2090.00
1643,100975,38,1,2790.00
1644,100975,31,1,41790.00
1645,100976,62,1,4290.00
1646,100977,33,1,11090.00
1647,100977,75,1,2090.00
1648,100977,111,2,549.00
1649,100978,21,1,7390.00
1650,100978,86,1,829.00
1651,100979,65,1,4190.00
1652,100979,40,1,30190.00
1653,100980,86,2,829.00
1654,100981,86,1,829.00
1655,100982,114,1,32490.00
1656,100983,123,1,1690.00
1657,100984,14,1,11090.00
1658,100985,9,1,3090.00
1659,100986,71,1,2790.00
1660,100986,22,1,2290.00
1661,100986,38,1,2790.00
1662,100986,68,1,2290.00
1663,100987,83,1,6490.00
1664,100987,110,1,3690.00
1665,100988,69,2,829.00
1666,100988,83,1,6490.00
1667,100989,36,1,7390.00
1668,100989,22,1,2290.00
1669,100990,119,1,3190.00
1670,100990,85,1,2290.00
1671,100991,85,2,2290.00
1672,100992,86,2,829.00
1673,100992,12,2,3690.00
1674,100993,56,1,739.00
1675,100994,12,1,3690.00
1676,100995,112,1,829.00
1677,100995,42,2,929.00
1678,100995,76,1,429.00
1679,100996,30,1,2990.00
1680,100997,35,1,4490.00
1681,100998,86,1,829.00
1682,100998,122,1,2090.00
1683,100998,28,1,20390.00
1684,100999,112,2,829.00
1685,100999,42,1,929.00
1686,100999,49,1,9290.00
1687,100999,89,1,369.00
1688,101000,43,1,1190.00
1689,101001,15,1,16290.00
1690,101002,56,1,739.00
1691,101003,38,1,2790.00
1692,101004,93,2,729.00
1693,101004,15,1,16290.00
1694,101004,110,1,3690.00
1695,101005,86,1,829.00
1696,101006,95,1,990.00
1697,101006,58,1,4590.00
1698,101006,118,1,9290.00
1699,101007,63,1,5490.00
1700,101008,65,1,4190.00
1701,101009,96,1,549.00
1702,101010,20,1,10190.00
1703,101010,88,1,6990.00
1704,101010,86,1,829.00
1705,101011,20,1,10190.00
1706,101011,107,1,37190.00
1707,101012,23,1,3190.00
1708,101013,86,2,829.00
1709,101013,83,1,6490.00
1710,101014,87,1,2790.00
1711,101014,123,3,1690.00
1712,101015,13,1,25990.00
1713,101016,86,1,829.00
1714,101016,91,1,1390.00
1715,101017,42,3,929.00
1716,101018,38,1,2790.00
1717,101019,55,1,5590.00
1718,101019,50,1,7390.00
1719,101019,9,1,3090.00
1720,101020,48,1,4590.00
1721,101021,122,1,2090.00
1722,101022,43,2,1190.00
1723,101023,23,1,3190.00
1724,101023,51,1,5990.00
1725,101024,87,1,2790.00
1726,101024,43,1,1190.00
1727,101024,56,2,739.00
1728,101025,6,1,12490.00
1729,101026,8,1,16690.00
1730,101026,38,1,2790.00
1731,101027,117,2,2790.00
1732,101028,46,1,3090.00
1733,101029,76,1,429.00
1734,101030,82,1,7390.00
1735,101031,73,1,459.00
1736,101032,71,1,2790.00
1737,101033,61,1,6990.00
1738,101033,97,2,459.00
1739,101034,111,1,549.00
1740,101034,54,1,3290.00
1741,101035,29,2,2090.00
1742,101035,59,2,1890.00
1743,101036,38,1,2790.00
1744,101036,84,1,639.00
1745,101037,78,1,1790.00
1746,101038,81,1,4590.00
1747,101039,81,2,4590.00
1748,101039,98,2,829.00
1749,101040,73,2,459.00
1750,101040,66,2,1390.00
1751,101041,59,1,1890.00
1752,101041,86,1,829.00
1753,101041,38,1,2790.00
1754,101042,63,1,5490.00
1755,101043,74,1,639.00
1756,101043,14,1,11090.00
1757,101043,75,1,2090.00
1758,101044,63,1,5490.00
1759,101044,52,1,6990.00
1760,101044,23,2,3190.00
1761,101045,86,1,829.00
1762,101046,93,1,729.00
1763,101046,43,1,1190.00
1764,101047,102,1,1790.00
1765,101048,86,1,829.00
1766,101049,23,1,3190.00
1767,101050,56,1,739.00
1768,101051,65,1,4190.00
1769,101052,36,1,7390.00
1770,101053,29,1,2090.00
1771,101053,86,1,829.00
1772,101054,43,1,1190.00
1773,101054,14,1,11090.00
1774,101054,95,1,990.00
1775,101055,80,1,5590.00
1776,101056,119,1,3190.00
1777,101056,62,1,4290.00
1778,101056,43,1,1190.00
1779,101057,67,1,1190.00
1780,101057,38,1,2790.00
1781,101057,77,2,1990.00
1782,101057,86,1,829.00
1783,101058,87,1,2790.00
1784,101058,63,1,5490.00
1785,101059,79,1,5090.00
1786,101060,30,1,2990.00
1787,101061,63,1,5490.00
1788,101061,86,1,829.00
1789,101062,81,1,4590.00
1790,101063,65,1,4190.00
1791,101063,77,1,1990.00
1792,101063,68,1,2290.00
1793,101064,59,1,1890.00
1794,101064,55,1,5590.00
1795,101064,45,1,6490.00
1796,101065,42,2,929.00
1797,101065,86,1,829.00
1798,101065,98,2,829.00
1799,101065,65,1,4190.00
1800,101066,59,2,1890.00
1801,101066,33,1,11090.00
1802,101066,89,3,369.00
1803,101067,49,1,9290.00
1804,101067,10,1,12090.00
1805,101068,77,1,1990.00
1806,101068,73,2,459.00
1807,101068,57,3,459.00
1808,101069,86,1,829.00
1809,101070,46,1,3090.00
1810,101071,51,1,5990.00
1811,101071,46,1,3090.00
1812,101072,86,2,829.00
1813,101072,42,1,929.00
1814,101073,99,1,1190.00
1815,101074,77,1,1990.00
1816,101074,20,1,10190.00
1817,101075,62,2,4290.00
1818,101075,38,1,2790.00
1819,101075,86,1,829.00
1820,101075,55,1,5590.00
1821,101076,63,1,5490.00
1822,101076,66,1,1390.00
1823,101076,46,1,3090.00
1824,101076,45,1,6490.00
1825,101077,24,1,15790.00
1826,101077,131,1,1590.00
1827,101078,93,1,729.00
1828,101078,56,1,739.00
1829,101079,46,1,3090.00
1830,101079,122,1,2090.00
1831,101080,102,1,1890.00
1832,101081,12,1,3690.00
1833,101081,126,1,3090.00
1834,101081,38,1,2790.00
1835,101082,82,1,7390.00
1836,101083,35,1,4490.00
1837,101083,38,1,2790.00
1838,101083,65,1,4190.00
1839,101083,59,2,1890.00
1840,101084,89,2,369.00
1841,101084,65,2,4190.00
1842,101085,125,2,1890.00
1843,101086,57,3,459.00
1844,101087,111,2,549.00
1845,101087,14,1,11090.00
1846,101088,64,2,3690.00
1847,101089,126,1,3090.00
1848,101090,42,2,929.00
1849,101090,9,1,3090.00
1850,101091,122,1,2090.00
1851,101091,79,1,5090.00
1852,101092,45,1,6490.00
1853,101093,23,1,3190.00
1854,101094,30,1,2990.00
1855,101095,78,1,1790.00
1856,101096,91,1,1390.00
1857,101097,42,3,929.00
1858,101097,110,2,3690.00
1859,101098,91,2,1390.00
1860,101099,86,1,829.00
1861,101100,85,1,2290.00
1862,101101,43,2,1190.00
1863,101102,38,1,2790.00
1864,101102,116,1,1890.00
1865,101102,65,1,4190.00
1866,101103,73,1,459.00
1867,101104,34,1,5990.00
1868,101105,85,1,2290.00
1869,101106,56,1,739.00
1870,101107,45,1,6490.00
1871,101107,85,1,2290.00
1872,101108,66,1,1390.00
1873,101109,104,2,4590.00
1874,101109,30,2,2990.00
1875,101109,42,2,929.00
1876,101110,83,1,6490.00
1877,101110,91,1,1390.00
1878,101111,89,1,369.00
1879,101112,42,2,929.00
1880,101113,78,1,1790.00
1881,101114,39,1,5590.00
1882,101114,87,1,2790.00
1883,101114,10,1,12090.00
1884,101115,125,1,1890.00
1885,101115,66,2,1390.00
1886,101115,79,1,5090.00
1887,101116,43,1,1190.00
1888,101117,67,1,1190.00
1889,101117,20,1,10190.00
1890,101117,86,1,829.00
1891,101118,63,1,5490.00
1892,101119,57,3,459.00
1893,101120,43,2,1190.00
1894,101121,67,1,1190.00
1895,101121,38,1,2790.00
1896,101121,73,2,459.00
1897,101121,6,1,12490.00
1898,101122,38,1,2790.00
1899,101123,63,1,5490.00
1900,101123,42,1,929.00
1901,101124,57,1,459.00
1902,101124,45,1,6490.00
1903,101125,42,1,929.00
1904,101126,128,1,16690.00
1905,101126,63,1,5490.00
1906,101127,99,1,1190.00
1907,101127,74,2,639.00
1908,101128,65,1,4190.00
1909,101129,56,3,739.00
1910,101130,63,1,5490.00
1911,101131,101,1,1490.00
1912,101132,40,1,30190.00
1913,101133,105,1,1390.00
1914,101134,59,1,1890.00
1915,101135,126,1,3090.00
1916,101135,56,3,739.00
1917,101136,51,1,5990.00
1918,101136,120,1,1390.00
1919,101136,93,1,729.00
1920,101136,38,1,2790.00
1921,101137,86,1,829.00
1922,101137,73,1,459.00
1923,101137,10,1,12090.00
1924,101138,86,3,829.00
1925,101139,67,1,1190.00
1926,101139,9,2,3090.00
1927,101139,30,1,2990.00
1928,101140,58,1,4590.00
1929,101140,2,1,34390.00
1930,101140,59,1,1890.00
1931,101141,46,1,3090.00
1932,101142,111,1,549.00
1933,101142,43,1,1190.00
1934,101143,63,1,5490.00
1935,101144,57,1,459.00
1936,101144,125,2,1890.00
1937,101145,118,1,9290.00
1938,101145,86,1,829.00
1939,101146,74,1,639.00
1940,101147,9,1,3090.00
1941,101148,21,1,7390.00
1942,101149,66,1,1390.00
1943,101150,86,1,829.00
1944,101151,111,1,549.00
1945,101152,26,1,46490.00
1946,101152,57,3,459.00
1947,101153,86,1,829.00
1948,101154,13,1,25990.00
1949,101154,74,2,639.00
1950,101154,91,1,1390.00
1951,101155,43,1,1190.00
1952,101156,46,1,3090.00
1953,101157,14,1,11190.00
1954,101158,46,1,3090.00
1955,101158,125,1,1890.00
1956,101159,79,1,5090.00
1957,101159,84,1,639.00
1958,101159,104,1,4590.00
1959,101159,36,1,7390.00
1960,101160,114,1,32590.00
1961,101161,131,1,1590.00
1962,101161,86,1,829.00
1963,101162,86,1,829.00
1964,101163,9,1,3090.00
1965,101163,89,1,369.00
1966,101164,64,1,3690.00
1967,101165,108,1,5090.00
1968,101166,123,1,1690.00
1969,101166,111,1,549.00
1970,101167,89,1,369.00
1971,101168,40,1,30190.00
1972,101169,44,2,2790.00
1973,101170,49,1,9290.00
1974,101170,9,1,3090.00
1975,101171,99,1,1190.00
1976,101172,46,1,3090.00
1977,101173,96,1,549.00
1978,101173,74,1,639.00
1979,101173,97,3,459.00
1980,101174,97,3,459.00
1981,101175,76,3,429.00
1982,101176,91,1,1390.00
1983,101176,63,1,5490.00
1984,101177,86,1,829.00
1985,101178,46,1,3090.00
1986,101178,89,1,369.00
1987,101179,58,1,4590.00
1988,101179,12,2,3690.00
1989,101180,12,1,3690.00
1990,101180,82,1,7390.00
1991,101180,68,1,2290.00
1992,101181,126,1,3090.00
1993,101182,66,1,1390.00
1994,101182,86,1,829.00
1995,101182,50,1,7390.00
1996,101183,86,1,829.00
1997,101184,131,2,1590.00
1998,101185,43,1,1190.00
1999,101185,14,1,11190.00
2000,101186,86,3,829.00
2001,101186,59,1,1890.00
2002,101187,65,1,4190.00
2003,101187,44,1,2790.00
2004,101187,86,2,829.00
2005,101188,29,1,2090.00
2006,101189,91,1,1390.00
2007,101189,8,1,16690.00
2008,101190,45,1,6490.00
2009,101191,78,1,1790.00
2010,101192,12,1,3690.00
2011,101193,23,1,3190.00
2012,101193,29,2,2090.00
2013,101194,91,1,1390.00
2014,101195,78,1,1790.00
2015,101196,2,1,34390.00
2016,101197,76,3,429.00
2017,101197,12,1,3690.00
2018,101198,105,2,1390.00
2019,101198,86,1,829.00
2020,101198,38,1,2790.00
2021,101198,83,1,6490.00
2022,101199,61,1,6990.00
2023,101200,57,3,459.00
2024,101201,45,1,6490.00
2025,101202,42,1,929.00
2026,101202,75,1,2090.00
2027,101203,12,1,3690.00
2028,101204,48,1,4690.00
2029,101205,97,1,459.00
2030,101206,86,1,829.00
2031,101207,54,1,3290.00
2032,101207,79,1,5090.00
2033,101207,20,1,10190.00
2034,101207,88,1,6990.00
2035,101208,54,1,3290.00
2036,101209,54,1,3290.00
2037,101209,50,1,7390.00
2038,101210,131,1,1590.00
2039,101211,66,1,1390.00
2040,101212,97,1,459.00
2041,101213,6,1,12590.00
2042,101214,85,1,2290.00
2043,101214,19,1,111690.00
2044,101215,94,2,1090.00
2045,101216,79,1,5090.00
2046,101216,40,1,30190.00
2047,101217,97,2,459.00
2048,101218,62,1,4290.00
2049,101218,22,1,2290.00
2050,101219,86,1,829.00
2051,101220,38,1,2790.00
2052,101220,109,1,8390.00
2053,101220,67,1,1190.00
2054,101220,88,1,6990.00
2055,101221,67,1,1190.00
2056,101221,58,1,4590.00
2057,101222,120,1,1390.00
2058,101223,81,1,4590.00
2059,101223,84,2,639.00
2060,101224,85,1,2290.00
2061,101224,93,1,739.00
2062,101224,56,1,739.00
2063,101225,36,1,7390.00
2064,101225,64,1,3690.00
2065,101226,45,1,6490.00
2066,101227,86,2,829.00
2067,101228,42,2,929.00
2068,101229,30,1,2990.00
2069,101229,111,2,549.00
2070,101229,46,2,3090.00
2071,101230,88,1,6990.00
2072,101231,85,2,2290.00
2073,101231,30,1,2990.00
2074,101231,78,1,1790.00
2075,101232,91,1,1390.00
2076,101232,42,1,929.00
2077,101233,116,1,1890.00
2078,101234,3,1,79090.00
2079,101235,65,1,4190.00
2080,101235,45,1,6490.00
2081,101236,81,2,4590.00
2082,101237,89,3,369.00
2083,101238,12,1,3690.00
2084,101238,46,1,3090.00
2085,101238,59,1,1890.00
2086,101238,95,1,990.00
2087,101239,6,1,12590.00
2088,101240,65,2,4190.00
2089,101241,12,1,3690.00
2090,101241,87,1,2790.00
2091,101241,9,1,3090.00
2092,101242,6,1,12590.00
2093,101243,61,1,6990.00
2094,101243,58,1,4590.00
2095,101244,42,1,929.00
2096,101245,96,1,549.00
2097,101246,46,1,3090.00
2098,101246,59,1,1890.00
2099,101247,77,1,1990.00
2100,101247,65,1,4190.00
2101,101248,121,2,2290.00
2102,101248,23,1,3190.00
2103,101249,48,2,4690.00
2104,101249,89,1,369.00
2105,101250,63,1,5490.00
2106,101250,86,1,829.00
2107,101251,63,1,5490.00
2108,101251,46,1,3090.00
2109,101251,90,1,2690.00
2110,101252,46,1,3090.00
2111,101252,86,2,829.00
2112,101253,88,1,6990.00
2113,101253,41,1,26090.00
2114,101254,44,1,2790.00
2115,101255,66,2,1390.00
2116,101255,64,1,3690.00
2117,101256,57,2,459.00
2118,101257,12,1,3690.00
2119,101257,125,1,1890.00
2120,101257,31,1,41890.00
2121,101257,82,1,7390.00
2122,101258,89,1,369.00
2123,101258,14,1,11190.00
2124,101258,57,3,459.00
2125,101259,2,1,34390.00
2126,101260,30,1,2990.00
2127,101261,66,1,1390.00
2128,101261,57,1,459.00
2129,101262,81,1,4590.00
2130,101263,89,1,369.00
2131,101264,20,1,10190.00
2132,101264,63,1,5490.00
2133,101265,78,1,1790.00
2134,101266,48,1,4690.00
2135,101267,57,3,459.00
2136,101268,81,1,4590.00
2137,101269,18,1,49290.00
2138,101269,62,2,4290.00
2139,101270,36,1,7390.00
2140,101271,88,1,6990.00
2141,101272,82,1,7390.00
2142,101273,58,1,4590.00
2143,101274,45,1,6490.00
2144,101275,86,1,829.00
2145,101276,81,1,4590.00
2146,101277,11,1,4590.00
2147,101278,24,1,15790.00
2148,101279,86,2,829.00
2149,101279,8,1,16790.00
2150,101279,58,1,4590.00
2151,101280,122,1,2090.00
2152,101280,86,1,829.00
2153,101280,101,1,1490.00
2154,101281,56,3,739.00
2155,101281,87,1,2790.00
2156,101282,75,1,2090.00
2157,101282,89,2,369.00
2158,101283,129,1,8390.00
2159,101284,38,1,2790.00
2160,101284,125,1,1890.00
2161,101285,88,1,6990.00
2162,101285,6,1,12590.00
2163,101286,9,1,3090.00
2164,101286,121,1,2290.00
2165,101286,111,1,549.00
2166,101286,126,1,3090.00
2167,101287,116,1,1890.00
2168,101288,42,1,929.00
2169,101288,21,1,7390.00
2170,101288,71,1,2790.00
2171,101288,93,1,739.00
2172,101289,125,1,1890.00
2173,101289,51,1,5990.00
2174,101289,12,2,3690.00
2175,101289,102,1,1890.00
2176,101290,17,1,60490.00
2177,101290,121,1,2290.00
2178,101291,109,1,8390.00
2179,101292,66,1,1390.00
2180,101292,56,2,739.00
2181,101293,89,1,369.00
2182,101294,112,1,829.00
2183,101294,40,1,30290.00
2184,101295,131,1,1590.00
2185,101296,76,1,429.00
2186,101297,17,1,60490.00
2187,101298,7,1,30690.00
2188,101299,43,1,1190.00
2189,101300,9,2,3090.00
2190,101300,84,2,639.00
2191,101300,85,1,2290.00
2192,101301,45,1,6490.00
2193,101301,64,1,3690.00
2194,101302,71,1,2790.00
2195,101302,43,1,1190.00
2196,101302,79,1,5090.00
2197,101302,20,1,10190.00
2198,101303,26,1,46590.00
2199,101303,86,1,829.00
2200,101304,57,2,459.00
2201,101304,89,2,369.00
2202,101305,28,1,20490.00
2203,101305,75,1,2090.00
2204,101305,57,1,459.00
2205,101306,32,1,5090.00
2206,101306,99,1,1190.00
2207,101307,111,1,549.00
2208,101308,109,1,8390.00
2209,101308,94,1,1090.00
2210,101309,67,1,1190.00
2211,101309,65,1,4190.00
2212,101310,85,2,2290.00
2213,101310,86,1,829.00
2214,101310,9,1,3090.00
2215,101311,131,1,1590.00
2216,101312,87,1,2790.00
2217,101313,43,1,1190.00
2218,101314,32,1,5090.00
2219,101314,56,1,739.00
2220,101315,68,1,2290.00
2221,101315,42,1,929.00
2222,101316,63,1,5490.00
2223,101316,93,2,739.00
2224,101317,79,1,5090.00
2225,101317,15,1,16290.00
2226,101318,42,1,929.00
2227,101319,86,1,829.00
2228,101320,11,1,4590.00
2229,101321,68,1,2290.00
2230,101321,86,1,829.00
2231,101322,86,1,829.00
2232,101323,30,2,2990.00
2233,101324,91,1,1390.00
2234,101324,86,1,829.00
2235,101325,78,2,1790.00
2236,101325,118,1,9290.00
2237,101326,8,1,16790.00
2238,101327,123,2,1690.00
2239,101328,8,1,16790.00
2240,101329,81,1,4690.00
2241,101329,66,1,1390.00
2242,101330,81,1,4690.00
2243,101331,31,1,41890.00
2244,101331,63,1,5490.00
2245,101331,12,1,3690.00
2246,101332,42,1,929.00
2247,101332,111,1,549.00
2248,101333,75,1,2090.00
2249,101334,86,2,829.00
2250,101334,95,2,990.00
2251,101334,42,1,929.00
2252,101334,43,1,1190.00
2253,101335,9,1,3090.00
2254,101336,89,1,369.00
2255,101337,42,1,929.00
2256,101337,12,1,3690.00
2257,101338,84,1,639.00
2258,101338,19,1,111790.00
2259,101339,77,1,1990.00
2260,101340,61,1,6990.00
2261,101340,12,2,3690.00
2262,101341,42,2,929.00
2263,101342,9,1,3090.00
2264,101342,11,1,4690.00
2265,101343,58,1,4690.00
2266,101344,25,1,23290.00
2267,101345,77,1,1990.00
2268,101345,43,1,1190.00
2269,101346,46,2,3090.00
2270,101346,23,1,3290.00
2271,101347,25,1,23290.00
2272,101347,38,1,2790.00
2273,101347,87,1,2790.00
2274,101348,82,1,7390.00
2275,101348,86,3,829.00
2276,101349,93,1,739.00
2277,101349,46,1,3090.00
2278,101350,23,2,3290.00
2279,101350,73,2,459.00
2280,101350,26,1,46590.00
2281,101351,42,1,929.00
2282,101352,86,2,829.00
2283,101353,65,1,4190.00
2284,101354,36,1,7390.00
2285,101354,90,1,2690.00
2286,101355,10,1,12090.00
2287,101356,86,1,829.00
2288,101356,68,2,2290.00
2289,101356,90,1,2690.00
2290,101357,30,1,2990.00
2291,101357,29,1,2090.00
2292,101358,117,1,2790.00
2293,101359,85,1,2290.00
2294,101359,92,1,919.00
2295,101360,102,1,1890.00
2296,101360,86,1,829.00
2297,101360,73,1,459.00
2298,101361,20,1,10190.00
2299,101361,87,1,2790.00
2300,101362,65,2,4190.00
2301,101362,111,3,549.00
2302,101363,86,1,829.00
2303,101363,91,1,1390.00
2304,101364,46,2,3090.00
2305,101365,111,3,549.00
2306,101366,86,1,829.00
2307,101367,95,1,990.00
2308,101367,97,1,459.00
2309,101367,67,1,1190.00
2310,101367,78,1,1790.00
2311,101368,3,1,79190.00
2312,101368,86,1,829.00
2313,101369,29,1,2090.00
2314,101369,111,1,549.00
2315,101370,63,1,5490.00
2316,101370,67,1,1190.00
2317,101371,42,1,929.00
2318,101371,52,1,6990.00
2319,101372,23,1,3290.00
2320,101373,67,1,1190.00
2321,101374,48,1,4690.00
2322,101374,98,2,829.00
2323,101374,117,1,2790.00
2324,101374,18,1,49390.00
2325,101375,46,1,3090.00
2326,101375,108,1,5090.00
2327,101376,46,1,3090.00
2328,101377,55,1,5590.00
2329,101377,14,1,11190.00
2330,101378,131,1,1590.00
2331,101379,45,1,6490.00
2332,101379,38,1,2790.00
2333,101380,58,1,4690.00
2334,101380,39,1,5590.00
2335,101380,99,1,1190.00
2336,101380,85,1,2290.00
2337,101381,81,1,4690.00
2338,101381,9,2,3090.00
2339,101382,14,1,11190.00
2340,101382,84,1,639.00
2341,101382,123,1,1690.00
2342,101383,23,1,3290.00
2343,101383,12,1,3690.00
2344,101384,42,1,929.00
2345,101385,78,1,1790.00
2346,101385,11,1,4690.00
2347,101385,21,1,7390.00
2348,101386,58,1,4690.00
2349,101386,86,2,829.00
2350,101387,77,1,1990.00
2351,101388,34,1,6090.00
2352,101388,42,1,929.00
2353,101389,85,1,2290.00
2354,101389,26,1,46590.00
2355,101390,86,2,829.00
2356,101390,131,1,1590.00
2357,101390,111,2,549.00
2358,101390,85,1,2290.00
2359,101391,42,2,929.00
2360,101392,59,2,1890.00
2361,101393,56,1,739.00
2362,101394,102,1,1890.00
2363,101394,32,1,5090.00
2364,101394,75,1,2090.00
2365,101395,85,1,2290.00
2366,101395,81,2,4690.00
2367,101395,47,1,12090.00
2368,101396,86,2,829.00
2369,101397,65,2,4190.00
2370,101398,89,2,369.00
2371,101399,90,1,2690.00
2372,101400,24,1,15790.00
2373,101401,131,1,1590.00
2374,101402,38,1,2790.00
2375,101402,84,2,639.00
2376,101402,57,1,469.00
2377,101403,86,1,829.00
2378,101404,78,1,1790.00
2379,101404,31,1,41990.00
2380,101405,56,2,749.00
2381,101406,89,2,369.00
2382,101406,1,1,20490.00
2383,101407,32,1,5090.00
2384,101408,5,1,121190.00
2385,101408,98,1,829.00
2386,101408,81,1,4690.00
2387,101408,87,2,2790.00
2388,101409,57,1,469.00
2389,101410,91,1,1390.00
2390,101411,91,1,1390.00
2391,101411,86,2,829.00
2392,101412,36,1,7490.00
2393,101413,86,1,829.00
2394,101414,9,1,3090.00
2395,101415,76,1,429.00
2396,101416,76,1,429.00
2397,101417,59,2,1890.00
2398,101418,87,1,2790.00
2399,101419,68,1,2290.00
2400,101420,57,1,469.00
2401,101421,112,2,829.00
2402,101421,62,2,4290.00
2403,101422,76,1,429.00
2404,101423,126,1,3090.00
2405,101423,45,1,6490.00
2406,101423,76,1,429.00
2407,101424,64,1,3690.00
2408,101424,59,2,1890.00
2409,101425,94,2,1090.00
2410,101425,45,1,6490.00
2411,101426,110,1,3690.00
2412,101427,46,1,3090.00
2413,101428,60,1,3290.00
2414,101428,87,2,2790.00
2415,101428,84,2,639.00
2416,101429,86,2,829.00
2417,101429,48,1,4690.00
2418,101430,42,1,929.00
2419,101431,13,1,26090.00
2420,101432,30,1,2990.00
2421,101433,66,1,1390.00
2422,101434,11,1,4690.00
2423,101435,20,1,10290.00
2424,101435,63,1,5490.00
2425,101435,67,2,1190.00
2426,101436,36,1,7490.00
2427,101437,23,1,3290.00
2428,101438,29,1,2090.00
2429,101438,119,1,3290.00
2430,101439,54,1,3290.00
2431,101439,65,2,4190.00
2432,101440,54,1,3290.00
2433,101441,62,1,4290.00
2434,101441,82,1,7490.00
2435,101442,81,1,4690.00
2436,101443,94,1,1090.00
2437,101444,44,1,2790.00
2438,101444,35,1,4490.00
2439,101444,84,2,639.00
2440,101445,38,1,2790.00
2441,101446,126,1,3090.00
2442,101447,46,1,3090.00
2443,101448,11,1,4690.00
2444,101448,86,3,829.00
2445,101448,45,1,6490.00
2446,101449,86,1,829.00
2447,101450,86,2,829.00
2448,101451,75,1,2090.00
2449,101452,86,1,829.00
2450,101452,79,1,5090.00
2451,101453,35,1,4490.00
2452,101453,38,1,2790.00
2453,101454,51,1,6090.00
2454,101454,84,1,639.00
2455,101454,15,1,16290.00
2456,101454,86,1,829.00
2457,101455,9,1,3090.00
2458,101455,76,3,429.00
2459,101456,91,1,1390.00
2460,101456,53,1,10690.00
2461,101457,112,1,829.00
2462,101458,86,2,829.00
2463,101459,37,1,46190.00
2464,101459,86,1,829.00
2465,101459,64,2,3690.00
2466,101460,86,2,829.00
2467,101461,17,1,60590.00
2468,101461,16,1,40090.00
2469,101462,85,1,2290.00
2470,101463,120,1,1390.00
2471,101464,67,1,1190.00
2472,101465,65,1,4190.00
2473,101465,63,1,5490.00
2474,101465,42,2,929.00
2475,101465,75,2,2090.00
2476,101466,42,2,929.00
2477,101467,40,1,30290.00
2478,101468,66,1,1390.00
2479,101469,45,1,6490.00
2480,101470,120,1,1390.00
2481,101470,63,1,5490.00
2482,101470,74,2,639.00
2483,101471,10,1,12090.00
2484,101472,65,1,4190.00
2485,101473,48,1,4690.00
2486,101474,22,1,2290.00
2487,101475,66,1,1390.00
2488,101475,68,1,2290.00
2489,101476,65,1,4190.00
2490,101477,66,1,1390.00
2491,101477,46,1,3090.00
2492,101477,81,1,4690.00
2493,101478,46,1,3090.00
2494,101479,78,1,1790.00
2495,101479,32,1,5090.00
2496,101480,111,3,549.00
2497,101480,12,1,3690.00
2498,101481,57,2,469.00
2499,101481,84,2,639.00
2500,101481,98,2,829.00
2501,101481,86,1,829.00
2502,101482,131,1,1590.00
2503,101483,51,1,6090.00
2504,101484,17,1,60590.00
2505,101485,127,1,6490.00
2506,101485,61,1,6990.00
2507,101485,77,1,1990.00
2508,101486,57,2,469.00
2509,101487,15,1,16290.00
2510,101487,62,1,4290.00
2511,101487,111,2,549.00
2512,101487,68,1,2290.00
2513,101488,99,1,1190.00
2514,101489,126,1,3090.00
2515,101490,87,1,2790.00
2516,101491,74,1,639.00
2517,101492,6,1,12590.00
2518,101492,68,1,2290.00
2519,101493,38,1,2790.00
2520,101493,54,1,3290.00
2521,101493,75,1,2090.00
2522,101494,86,1,829.00
2523,101495,14,1,11190.00
2524,101495,16,1,40090.00
2525,101495,117,2,2790.00
2526,101495,11,1,4690.00
2527,101496,58,1,4690.00
2528,101497,74,1,639.00
2529,101497,9,2,3090.00
2530,101498,82,1,7490.00
2531,101499,19,1,111990.00
2532,101500,126,1,3090.00
2533,101501,101,1,1490.00
2534,101501,126,2,3090.00
2535,101501,16,1,40090.00
2536,101502,19,1,111990.00
2537,101503,30,1,2990.00
2538,101504,98,2,829.00
2539,101504,131,1,1590.00
2540,101505,2,1,34490.00
2541,101506,109,1,8390.00
2542,101506,112,1,829.00
2543,101506,93,1,739.00
2544,101506,67,2,1190.00
2545,101507,109,1,8390.00
2546,101508,131,1,1590.00
2547,101508,9,1,3090.00
2548,101509,11,2,4690.00
2549,101509,86,3,829.00
2550,101510,46,1,3090.00
2551,101510,96,2,549.00
2552,101510,79,1,5090.00
2553,101511,45,1,6490.00
2554,101512,86,1,829.00
2555,101513,65,1,4190.00
2556,101513,89,2,369.00
2557,101513,86,1,829.00
2558,101513,122,1,2090.00
2559,101514,73,1,459.00
2560,101515,74,2,639.00
2561,101515,75,1,2090.00
2562,101516,42,1,929.00
2563,101517,86,2,829.00
2564,101518,95,2,990.00
2565,101519,54,1,3290.00
2566,101520,31,1,41990.00
2567,101520,48,1,4690.00
2568,101521,107,1,37290.00
2569,101522,54,1,3290.00
2570,101522,45,1,6490.00
2571,101522,14,1,11190.00
2572,101523,106,1,23290.00
2573,101523,110,2,3690.00
2574,101524,76,1,429.00
2575,101525,16,1,40090.00
2576,101526,8,1,16790.00
2577,101526,74,1,639.00
2578,101527,42,1,929.00
2579,101527,86,2,829.00
2580,101527,12,1,3690.00
2581,101528,4,1,88690.00
2582,101529,11,1,4690.00
2583,101529,80,1,5590.00
2584,101530,91,2,1390.00
2585,101531,117,1,2790.00
2586,101531,82,1,7490.00
2587,101531,29,1,2090.00
2588,101532,57,1,469.00
2589,101533,85,1,2290.00
2590,101533,73,1,459.00
2591,101533,29,1,2090.00
2592,101533,8,1,16790.00
2593,101534,46,1,3090.00
2594,101535,45,1,6490.00
2595,101536,67,1,1190.00
2596,101537,68,1,2290.00
2597,101538,81,1,4690.00
2598,101539,93,2,739.00
2599,101540,32,1,5090.00
2600,101540,86,1,829.00
2601,101541,89,1,369.00
2602,101541,46,1,3090.00
2603,101542,63,1,5490.00
2604,101543,109,1,8390.00
2605,101544,42,3,929.00
2606,101545,57,1,469.00
2607,101545,65,1,4190.00
2608,101546,23,1,3290.00
2609,101547,11,1,4690.00
2610,101548,61,1,6990.00
2611,101548,85,1,2290.00
2612,101549,64,1,3690.00
2613,101549,35,1,4490.00
2614,101549,32,1,5090.00
2615,101550,42,2,929.00
2616,101550,97,1,459.00
2617,101551,23,1,3290.00
2618,101552,54,1,3290.00
2619,101552,96,1,549.00
2620,101553,86,2,829.00
2621,101554,59,1,1890.00
2622,101555,45,1,6490.00
2623,101556,86,3,829.00
2624,101556,58,1,4690.00
2625,101557,107,1,37290.00
2626,101557,21,1,7490.00
2627,101558,78,1,1790.00
2628,101559,21,1,7490.00
2629,101559,42,1,929.00
2630,101560,66,1,1390.00
2631,101560,46,1,3090.00
2632,101560,111,1,549.00
2633,101560,110,2,3690.00
2634,101561,94,2,1090.00
2635,101561,65,1,4190.00
2636,101562,45,1,6490.00
2637,101562,36,1,7490.00
2638,101562,95,2,990.00
2639,101563,38,1,2790.00
2640,101563,14,1,11190.00
2641,101564,73,1,459.00
2642,101565,118,1,9290.00
2643,101565,86,1,829.00
2644,101566,109,1,8390.00
2645,101567,78,1,1790.00
2646,101567,73,1,459.00
2647,101568,86,1,829.00
2648,101569,104,1,4690.00
2649,101569,65,1,4190.00
2650,101570,67,1,1190.00
2651,101571,118,1,9290.00
2652,101571,51,1,6090.00
2653,101572,94,1,1090.00
2654,101572,96,1,549.00
2655,101572,119,1,3290.00
2656,101573,12,1,3690.00
2657,101573,23,1,3290.00
2658,101574,38,2,2790.00
2659,101575,10,1,12090.00
2660,101576,76,1,429.00
2661,101576,65,1,4190.00
2662,101577,111,1,549.00
2663,101578,33,1,11190.00
2664,101579,75,1,2090.00
2665,101579,29,1,2090.00
2666,101580,111,1,549.00
2667,101581,95,2,990.00
2668,101582,82,1,7490.00
2669,101583,65,1,4190.00
2670,101583,58,2,4690.00
2671,101584,34,1,6090.00
2672,101585,68,1,2290.00
2673,101586,43,2,1190.00
2674,101587,58,1,4690.00
2675,101587,30,1,2990.00
2676,101587,109,1,8390.00
2677,101588,15,1,16290.00
2678,101589,42,2,929.00
2679,101590,10,1,12090.00
2680,101591,42,1,929.00
2681,101591,71,1,2790.00
2682,101592,63,1,5490.00
2683,101593,29,1,2090.00
2684,101593,86,3,829.00
2685,101593,25,1,23290.00
2686,101593,91,1,1390.00
2687,101594,107,1,37390.00
2688,101595,95,2,990.00
2689,101596,20,1,10290.00
2690,101596,45,1,6490.00
2691,101596,39,1,5590.00
2692,101596,76,3,429.00
2693,101597,40,1,30290.00
2694,101597,23,1,3290.00
2695,101598,11,1,4690.00
2696,101598,104,1,4690.00
2697,101598,86,1,829.00
2698,101598,8,1,16790.00
2699,101599,109,1,8390.00
2700,101599,20,1,10290.00
2701,101599,30,1,2990.00
2702,101599,84,1,639.00
2703,101600,33,1,11190.00
2704,101601,9,1,3090.00
2705,101601,91,1,1390.00
2706,101602,85,1,2290.00
2707,101603,106,1,23290.00
2708,101604,25,1,23290.00
2709,101604,88,1,6990.00
2710,101605,57,1,469.00
2711,101605,71,1,2790.00
2712,101605,86,1,829.00
2713,101606,83,1,6490.00
2714,101607,105,1,1390.00
2715,101608,108,1,5090.00
2716,101608,96,1,549.00
2717,101609,119,1,3290.00
2718,101610,29,1,2090.00
2719,101610,86,1,829.00
2720,101610,109,1,8390.00
2721,101611,86,2,829.00
2722,101611,42,1,929.00
2723,101611,122,1,2090.00
2724,101612,90,1,2690.00
2725,101612,22,1,2290.00
2726,101613,16,1,40190.00
2727,101614,38,1,2790.00
2728,101614,6,1,12590.00
2729,101614,61,1,6990.00
2730,101614,75,1,2090.00
2731,101615,12,1,3690.00
2732,101615,58,2,4690.00
2733,101615,76,2,429.00
2734,101616,56,1,749.00
2735,101617,108,1,5090.00
2736,101618,95,2,990.00
2737,101619,86,3,829.00
2738,101619,111,1,549.00
2739,101620,30,1,2990.00
2740,101620,86,1,829.00
2741,101621,66,1,1390.00
2742,101622,14,1,11190.00
2743,101623,23,1,3290.00
2744,101624,126,1,3090.00
2745,101625,16,1,40190.00
2746,101626,43,1,1190.00
2747,101627,95,1,990.00
2748,101627,81,1,4690.00
2749,101628,76,1,429.00
2750,101629,78,1,1790.00
2751,101630,101,1,1490.00
2752,101630,51,1,6090.00
2753,101631,29,1,2090.00
2754,101632,86,1,829.00
2755,101633,13,1,26190.00
2756,101634,118,1,9290.00
2757,101635,111,2,549.00
2758,101635,30,1,2990.00
2759,101635,31,1,41990.00
2760,101636,23,1,3290.00
2761,101636,109,1,8390.00
2762,101637,23,2,3290.00
2763,101638,109,1,8390.00
2764,101639,86,1,829.00
2765,101639,40,1,30390.00
2766,101639,30,2,2990.00
2767,101640,57,1,469.00
2768,101641,43,1,1190.00
2769,101642,13,1,26190.00
2770,101642,10,1,12090.00
2771,101643,111,1,549.00
2772,101643,79,1,5090.00
2773,101644,42,1,929.00
2774,101644,111,1,549.00
2775,101645,32,1,5090.00
2776,101645,63,1,5490.00
2777,101646,112,1,829.00
2778,101647,111,2,549.00
2779,101647,86,2,829.00
2780,101647,2,1,34590.00
2781,101647,91,1,1390.00
2782,101648,3,1,79390.00
2783,101649,17,1,60690.00
2784,101650,59,2,1890.00
2785,101650,54,1,3290.00
2786,101651,110,1,3690.00
2787,101651,66,1,1390.00
2788,101651,74,1,639.00
2789,101651,68,1,2290.00
2790,101652,112,1,829.00
2791,101653,2,1,34590.00
2792,101653,45,1,6490.00
2793,101654,76,1,429.00
2794,101655,66,1,1390.00
2795,101655,112,2,829.00
2796,101656,95,1,990.00
2797,101656,38,2,2790.00
2798,101656,73,1,459.00
2799,101657,19,1,112190.00
2800,101658,21,1,7490.00
2801,101659,42,1,929.00
2802,101659,52,1,6990.00
2803,101660,86,1,829.00
2804,101660,120,1,1390.00
2805,101661,65,2,4190.00
2806,101661,57,3,469.00
2807,101661,8,1,16790.00
2808,101662,96,3,549.00
2809,101663,67,1,1190.00
2810,101663,46,1,3090.00
2811,101664,57,2,469.00
2812,101665,78,1,1790.00
2813,101666,8,1,16790.00
2814,101667,32,1,5090.00
2815,101668,38,1,2790.00
2816,101669,10,1,12090.00
2817,101670,42,2,929.00
2818,101670,58,2,4690.00
2819,101670,85,2,2290.00
2820,101670,76,1,429.00
2821,101671,63,1,5490.00
2822,101671,102,1,1890.00
2823,101672,68,1,2290.00
2824,101672,99,1,1190.00
2825,101673,19,1,112190.00
2826,101674,118,1,9290.00
2827,101675,29,1,2090.00
2828,101675,28,1,20590.00
2829,101675,45,1,6490.00
2830,101676,63,1,5490.00
2831,101677,61,1,6990.00
2832,101677,86,1,829.00
2833,101677,74,2,639.00
2834,101677,46,1,3090.00
2835,101678,89,1,369.00
2836,101679,50,1,7490.00
2837,101680,26,1,46690.00
2838,101681,74,2,649.00
2839,101681,14,1,11190.00
2840,101681,28,1,20590.00
2841,101681,111,1,549.00
2842,101682,15,1,16390.00
2843,101682,8,1,16790.00
2844,101683,86,1,829.00
2845,101683,23,1,3290.00
2846,101684,50,1,7490.00
2847,101684,84,2,649.00
2848,101684,57,1,469.00
2849,101684,111,1,549.00
2850,101685,25,1,23390.00
2851,101686,16,1,40190.00
2852,101687,96,2,549.00
2853,101688,23,1,3290.00
2854,101689,88,1,6990.00
2855,101690,91,1,1390.00
2856,101690,78,1,1790.00
2857,101690,76,2,429.00
2858,101691,97,2,459.00
2859,101691,101,1,1490.00
2860,101692,58,1,4690.00
2861,101692,29,1,2090.00
2862,101693,20,1,10290.00
2863,101694,63,1,5490.00
2864,101694,61,1,6990.00
2865,101694,85,1,2290.00
2866,101695,12,1,3690.00
2867,101696,43,2,1190.00
2868,101696,74,3,649.00
2869,101697,43,2,1190.00
2870,101697,12,1,3690.00
2871,101697,66,2,1390.00
2872,101698,42,1,929.00
2873,101698,95,1,990.00
2874,101699,17,1,60790.00
2875,101699,51,1,6090.00
2876,101700,60,1,3290.00
2877,101701,67,1,1190.00
2878,101701,62,2,4290.00
2879,101702,9,1,3090.00
2880,101703,75,1,2090.00
2881,101703,101,1,1490.00
2882,101704,19,1,112190.00
2883,101704,78,1,1790.00
2884,101705,65,1,4190.00
2885,101705,108,1,5090.00
2886,101705,86,3,829.00
2887,101706,46,1,3090.00
2888,101706,86,2,829.00
2889,101707,59,2,1890.00
2890,101707,111,1,549.00
2891,101707,46,1,3090.00
2892,101708,57,1,469.00
2893,101709,46,1,3090.00
2894,101710,66,1,1390.00
2895,101711,46,2,3090.00
2896,101712,12,1,3690.00
2897,101713,86,1,829.00
2898,101714,21,1,7490.00
2899,101714,45,1,6490.00
2900,101714,76,1,429.00
2901,101714,104,1,4690.00
2902,101715,110,1,3690.00
2903,101715,59,1,1890.00
2904,101715,29,1,2090.00
2905,101716,120,1,1390.00
2906,101716,91,1,1390.00
2907,101717,38,1,2790.00
2908,101718,86,2,829.00
2909,101719,86,2,829.00
2910,101720,26,1,46690.00
2911,101721,29,1,2090.00
2912,101721,111,2,549.00
2913,101722,111,2,549.00
2914,101723,3,1,79490.00
2915,101724,33,1,11190.00
2916,101724,63,1,5490.00
2917,101724,65,1,4190.00
2918,101724,91,1,1390.00
2919,101725,91,1,1390.00
2920,101725,110,1,3690.00
2921,101725,98,1,829.00
2922,101726,86,2,829.00
2923,101727,20,1,10290.00
2924,101728,112,1,829.00
2925,101728,38,1,2790.00
2926,101729,96,1,549.00
2927,101729,65,1,4190.00
2928,101729,120,2,1390.00
2929,101730,61,1,6990.00
2930,101730,75,1,2090.00
2931,101730,42,1,929.00
2932,101731,110,1,3690.00
2933,101731,63,1,5490.00
2934,101732,131,1,1590.00
2935,101733,38,2,2790.00
2936,101734,76,1,429.00
2937,101735,109,1,8390.00
2938,101736,36,1,7490.00
2939,101737,80,1,5590.00
2940,101738,95,1,990.00
2941,101738,12,1,3690.00
2942,101738,31,1,42090.00
2943,101739,68,1,2290.00
2944,101740,11,1,4690.00
2945,101740,86,1,829.00
2946,101740,51,1,6090.00
2947,101741,38,1,2790.00
2948,101741,1,1,20590.00
2949,101741,104,1,4690.00
2950,101742,122,1,2090.00
2951,101743,111,1,549.00
2952,101743,3,1,79490.00
2953,101744,73,2,459.00
2954,101744,76,2,429.00
2955,101745,5,1,121590.00
2956,101745,127,1,6490.00
2957,101746,63,1,5490.00
2958,101747,84,1,649.00
2959,101748,58,2,4690.00
2960,101749,6,1,12590.00
2961,101749,98,2,829.00
2962,101750,119,1,3290.00
2963,101751,57,1,469.00
2964,101751,39,1,5590.00
2965,101752,12,1,3690.00
2966,101752,84,1,649.00
2967,101753,99,2,1190.00
2968,101754,16,1,40190.00
2969,101755,118,1,9290.00
2970,101755,111,1,549.00
2971,101756,9,2,3090.00
2972,101757,50,1,7490.00
2973,101757,110,1,3690.00
2974,101758,120,1,1390.00
2975,101758,125,1,1890.00
2976,101759,11,1,4690.00
2977,101760,86,3,829.00
2978,101761,111,2,549.00
2979,101762,74,1,649.00
2980,101763,57,1,469.00
2981,101763,2,1,34590.00
2982,101763,50,1,7490.00
2983,101764,39,1,5590.00
2984,101765,109,1,8390.00
2985,101766,125,1,1890.00
2986,101767,2,1,34590.00
2987,101767,82,1,7490.00
2988,101768,126,1,3090.00
2989,101769,99,1,1190.00
2990,101769,82,1,7490.00
2991,101769,86,3,829.00
2992,101770,42,1,929.00
2993,101770,77,1,1990.00
2994,101770,95,1,990.00
2995,101771,59,1,1890.00
2996,101772,66,1,1390.00
2997,101773,88,1,6990.00
2998,101774,90,2,2690.00
2999,101774,67,1,1190.00
3000,101775,75,1,2090.00
3001,101775,111,2,549.00
3002,101775,89,2,369.00
3003,101775,94,2,1090.00
3004,101776,126,1,3090.00
3005,101776,40,1,30390.00
3006,101776,108,1,5090.00
3007,101777,46,2,3090.00
3008,101778,57,1,469.00
3009,101779,74,2,649.00
3010,101780,86,2,829.00
3011,101781,109,1,8390.00
3012,101782,43,1,1190.00
3013,101782,74,2,649.00
3014,101782,9,1,3090.00
3015,101782,123,3,1690.00
3016,101783,24,1,15890.00
3017,101784,108,1,5090.00
3018,101785,5,1,121590.00
3019,101785,111,1,549.00
3020,101786,16,1,40190.00
3021,101787,56,2,749.00
3022,101787,122,1,2090.00
3023,101788,45,1,6490.00
3024,101789,61,1,6990.00
3025,101790,126,1,3090.00
3026,101791,71,1,2790.00
3027,101791,74,1,649.00
3028,101791,42,1,929.00
3029,101791,46,1,3090.00
3030,101792,78,1,1790.00
3031,101793,97,1,459.00
3032,101794,12,1,3690.00
3033,101795,67,1,1190.00
3034,101796,56,1,749.00
3035,101797,43,1,1190.00
3036,101797,21,1,7490.00
3037,101798,112,1,829.00
3038,101799,74,2,649.00
3039,101799,36,1,7490.00
3040,101799,11,1,4690.00
3041,101800,77,1,1990.00
3042,101800,46,1,3090.00
3043,101800,67,2,1190.00
3044,101800,58,2,4690.00
3045,101801,11,1,4690.00
3046,101802,44,1,2790.00
3047,101802,47,1,12190.00
3048,101803,64,1,3690.00
3049,101803,95,1,990.00
3050,101804,86,1,829.00
3051,101804,85,1,2290.00
3052,101805,86,1,829.00
3053,101805,8,1,16790.00
3054,101806,74,1,649.00
3055,101807,76,1,429.00
3056,101807,30,1,2990.00
3057,101808,40,1,30390.00
3058,101809,8,1,16790.00
3059,101809,23,1,3290.00
3060,101809,2,1,34590.00
3061,101809,74,1,649.00
3062,101810,99,1,1190.00
3063,101810,86,3,829.00
3064,101811,12,1,3690.00
3065,101812,78,1,1790.00
3066,101812,84,1,649.00
3067,101813,57,1,469.00
3068,101813,87,1,2790.00
3069,101813,76,1,429.00
3070,101813,67,1,1190.00
3071,101814,24,1,15890.00
3072,101814,63,1,5490.00
3073,101815,45,1,6490.00
3074,101816,63,1,5490.00
3075,101817,67,1,1190.00
3076,101818,122,1,2090.00
3077,101819,73,1,459.00
3078,101819,109,1,8390.00
3079,101819,29,2,2090.00
3080,101819,42,2,929.00
3081,101820,89,1,369.00
3082,101821,23,1,3290.00
3083,101822,89,2,369.00
3084,101823,43,1,1190.00
3085,101824,30,1,2990.00
3086,101824,9,1,3090.00
3087,101825,73,1,459.00
3088,101826,38,1,2790.00
3089,101827,57,1,469.00
3090,101827,30,2,2990.00
3091,101827,58,1,4690.00
3092,101828,45,1,6490.00
3093,101829,118,1,9290.00
3094,101830,110,2,3690.00
3095,101830,42,2,929.00
3096,101831,51,1,6090.00
3097,101832,46,1,3090.00
3098,101833,12,1,3690.00
3099,101833,22,1,2290.00
3100,101833,65,2,4190.00
3101,101834,112,1,829.00
3102,101835,76,2,429.00
3103,101836,58,1,4690.00
3104,101836,11,1,4690.00
3105,101837,125,1,1890.00
3106,101838,96,2,549.00
3107,101838,111,2,549.00
3108,101838,110,1,3690.00
3109,101838,89,3,369.00
3110,101839,12,2,3690.00
3111,101839,15,1,16390.00
3112,101839,7,1,30890.00
3113,101839,86,3,829.00
3114,101840,30,2,2990.00
3115,101841,56,1,749.00
3116,101842,33,1,11190.00
3117,101842,86,1,829.00
3118,101843,35,1,4490.00
3119,101843,74,1,649.00
3120,101844,89,1,369.00
3121,101844,122,1,2090.00
3122,101844,67,1,1190.00
3123,101845,86,2,829.00
3124,101846,38,1,2790.00
3125,101847,86,1,829.00
3126,101848,42,1,939.00
3127,101849,2,1,34590.00
3128,101849,31,1,42090.00
3129,101850,26,1,46790.00
3130,101851,67,1,1190.00
3131,101851,43,1,1190.00
3132,101852,52,1,6990.00
3133,101853,3,1,79590.00
3134,101854,10,1,12190.00
3135,101854,92,1,929.00
3136,101855,57,1,469.00
3137,101855,75,1,2090.00
3138,101856,67,1,1190.00
3139,101857,71,1,2790.00
3140,101857,46,2,3090.00
3141,101858,26,1,46790.00
3142,101859,20,1,10290.00
3143,101859,111,2,549.00
3144,101859,13,1,26190.00
3145,101860,128,1,16790.00
3146,101860,42,1,939.00
3147,101861,86,1,829.00
3148,101862,42,2,939.00
3149,101863,67,1,1190.00
3150,101863,16,1,40190.00
3151,101864,40,1,30390.00
3152,101864,58,1,4690.00
3153,101865,83,1,6490.00
3154,101866,66,1,1390.00
3155,101867,110,1,3690.00
3156,101868,119,1,3290.00
3157,101868,101,1,1490.00
3158,101869,46,1,3090.00
3159,101869,111,2,549.00
3160,101870,56,1,749.00
3161,101871,29,1,2090.00
3162,101872,86,2,829.00
3163,101872,89,1,369.00
3164,101873,122,1,2090.00
3165,101874,42,2,939.00
3166,101874,86,2,829.00
3167,101875,95,2,990.00
3168,101875,46,1,3090.00
3169,101875,111,2,549.00
3170,101876,76,1,429.00
3171,101877,99,1,1190.00
3172,101878,91,1,1390.00
3173,101879,66,2,1390.00
3174,101879,2,1,34590.00
3175,101880,35,1,4490.00
3176,101880,12,1,3690.00
3177,101880,58,1,4690.00
3178,101881,68,1,2290.00
3179,101882,46,1,3090.00
3180,101882,45,1,6490.00
3181,101882,109,1,8390.00
3182,101883,62,1,4290.00
3183,101884,13,1,26190.00
3184,101885,67,1,1190.00
3185,101886,82,1,7490.00
3186,101887,42,1,939.00
3187,101888,67,1,1190.00
3188,101889,46,1,3090.00
3189,101890,112,2,829.00
3190,101890,74,2,649.00
3191,101891,25,1,23390.00
3192,101892,74,2,649.00
3193,101892,125,1,1890.00
3194,101893,46,1,3090.00
3195,101893,23,1,3290.00
3196,101894,40,1,30390.00
3197,101895,105,1,1390.00
3198,101896,36,1,7490.00
3199,101896,121,1,2290.00
3200,101897,85,1,2290.00
3201,101897,38,1,2790.00
3202,101897,112,1,829.00
3203,101897,30,1,2990.00
3204,101898,85,1,2290.00
3205,101898,38,1,2790.00
3206,101899,84,1,649.00
3207,101899,63,1,5490.00
3208,101900,65,1,4190.00
3209,101900,86,1,829.00
3210,101901,100,1,1590.00
3211,101902,104,1,4690.00
3212,101902,117,1,2790.00
3213,101903,106,1,23390.00
3214,101904,58,1,4690.00
3215,101905,38,1,2790.00
3216,101906,42,1,939.00
3217,101907,111,2,549.00
3218,101908,86,3,829.00
3219,101909,9,1,3090.00
3220,101909,75,1,2090.00
3221,101909,111,1,549.00
3222,101909,89,1,369.00
3223,101910,34,1,6090.00
3224,101910,111,1,549.00
3225,101911,57,2,469.00
3226,101911,30,1,2990.00
3227,101911,52,1,6990.00
3228,101912,42,2,939.00
3229,101912,45,1,6490.00
3230,101913,56,1,749.00
3231,101913,81,1,4690.00
3232,101914,111,3,549.00
3233,101914,23,1,3290.00
3234,101915,50,1,7490.00
3235,101916,71,1,2790.00
3236,101916,43,1,1190.00
3237,101917,38,2,2790.00
3238,101917,48,1,4690.00
3239,101918,11,1,4690.00
3240,101919,57,1,469.00
3241,101919,86,2,829.00
3242,101919,48,1,4690.00
3243,101919,31,1,42090.00
3244,101920,111,2,549.00
3245,101920,67,1,1190.00
3246,101920,91,1,1390.00
3247,101921,91,1,1390.00
3248,101922,38,2,2790.00
3249,101923,57,2,469.00
3250,101924,21,1,7490.00
3251,101924,126,2,3090.00
3252,101925,31,1,42090.00
3253,101925,123,2,1690.00
3254,101925,12,1,3690.00
3255,101925,68,1,2290.00
3256,101926,83,1,6490.00
3257,101926,104,1,4690.00
3258,101927,67,1,1190.00
3259,101927,104,1,4690.00
3260,101928,40,1,30390.00
3261,101928,67,1,1190.00
3262,101929,70,1,8390.00
3263,101929,95,1,990.00
3264,101930,42,2,939.00
3265,101931,12,1,3690.00
3266,101932,12,1,3690.00
3267,101933,23,1,3290.00
3268,101934,23,1,3290.00
3269,101935,10,1,12190.00
3270,101935,46,1,3090.00
3271,101936,68,1,2290.00
3272,101937,46,1,3090.00
3273,101937,23,1,3290.00
3274,101938,83,1,6490.00
3275,101939,56,1,749.00
3276,101939,63,1,5490.00
3277,101939,44,2,2790.00
3278,101940,8,1,16790.00
3279,101941,9,2,3090.00
3280,101941,46,2,3090.00
3281,101942,91,1,1390.00
3282,101942,105,1,1390.00
3283,101942,86,1,829.00
3284,101943,57,2,469.00
3285,101944,117,1,2790.00
3286,101945,82,1,7490.00
3287,101946,2,1,34590.00
3288,101947,120,1,1390.00
3289,101947,92,1,929.00
3290,101948,67,1,1190.00
3291,101949,131,1,1590.00
3292,101949,89,3,369.00
3293,101950,32,1,5090.00
3294,101951,101,1,1490.00
3295,101952,117,1,2790.00
3296,101952,108,1,5090.00
3297,101953,36,1,7490.00
3298,101954,9,1,3090.00
3299,101954,54,1,3290.00
3300,101955,42,2,939.00
3301,101956,38,1,2790.00
3302,101957,95,1,990.00
3303,101957,82,1,7490.00
3304,101958,87,1,2790.00
3305,101958,42,1,939.00
3306,101959,11,2,4690.00
3307,101960,11,1,4690.00
3308,101961,11,1,4690.00
3309,101962,46,1,3090.00
3310,101963,59,1,1890.00
3311,101963,108,1,5090.00
3312,101963,86,1,829.00
3313,101963,2,1,34590.00
3314,101964,57,1,469.00
3315,101964,89,2,369.00
3316,101964,86,1,829.00
3317,101965,86,1,829.00
3318,101966,65,1,4190.00
3319,101967,86,1,829.00
3320,101967,9,1,3090.00
3321,101968,20,1,10290.00
3322,101969,85,1,2290.00
3323,101969,67,1,1190.00
3324,101969,74,1,649.00
3325,101970,40,1,30390.00
3326,101971,42,1,939.00
3327,101972,86,1,829.00
3328,101972,43,2,1190.00
3329,101973,86,2,829.00
3330,101974,86,1,829.00
3331,101974,126,2,3090.00
3332,101975,127,1,6490.00
3333,101975,42,3,939.00
3334,101975,58,1,4690.00
3335,101976,52,1,6990.00
3336,101977,86,1,829.00
3337,101977,91,1,1390.00
3338,101978,28,1,20590.00
3339,101979,58,1,4690.00
3340,101980,31,1,42190.00
3341,101981,21,1,7490.00
3342,101982,97,3,459.00
3343,101982,131,1,1590.00
3344,101982,6,1,12590.00
3345,101982,109,1,8390.00
3346,101983,111,1,549.00
3347,101983,67,1,1190.00
3348,101983,40,1,30390.00
3349,101984,96,1,549.00
3350,101985,97,1,459.00
3351,101985,8,1,16890.00
3352,101986,10,1,12190.00
3353,101987,112,1,829.00
3354,101988,38,1,2790.00
3355,101989,73,1,459.00
3356,101990,8,1,16890.00
3357,101990,78,1,1790.00
3358,101991,89,2,369.00
3359,101991,93,1,739.00
3360,101992,42,1,939.00
3361,101993,34,1,6090.00
3362,101993,66,2,1390.00
3363,101993,14,1,11190.00
3364,101993,42,1,939.00
3365,101994,86,1,829.00
3366,101995,13,1,26190.00
3367,101996,42,1,939.00
3368,101997,44,1,2790.00
3369,101998,67,2,1190.00
3370,101998,86,3,829.00
3371,101999,131,1,1590.00
3372,102000,28,1,20590.00
3373,102001,43,2,1190.00
3374,102002,112,2,829.00
3375,102002,46,1,3090.00
3376,102002,42,2,939.00
3377,102003,76,1,429.00
3378,102004,96,1,549.00
3379,102004,11,1,4690.00
3380,102005,31,1,42190.00
3381,102006,6,1,12590.00
3382,102007,86,2,829.00
3383,102007,57,1,469.00
3384,102008,45,1,6590.00
3385,102009,57,1,469.00
3386,102010,13,1,26190.00
3387,102011,87,1,2790.00
3388,102011,75,1,2090.00
3389,102011,25,1,23390.00
3390,102011,30,1,2990.00
3391,102012,76,1,429.00
3392,102013,119,1,3290.00
3393,102014,68,1,2290.00
3394,102014,97,1,459.00
3395,102015,96,1,549.00
3396,102016,108,1,5090.00
3397,102016,65,1,4190.00
3398,102017,58,1,4690.00
3399,102018,85,2,2290.00
3400,102019,74,1,649.00
3401,102020,74,1,649.00
3402,102020,26,1,46890.00
3403,102020,102,2,1890.00
3404,102021,29,1,2090.00
3405,102021,111,1,549.00
3406,102021,86,2,829.00
3407,102022,67,1,1190.00
3408,102022,10,1,12190.00
3409,102023,38,1,2790.00
3410,102023,84,2,649.00
3411,102024,111,2,549.00
3412,102025,42,1,939.00
3413,102025,71,1,2790.00
3414,102025,125,1,1890.00
3415,102026,108,1,5090.00
3416,102026,73,1,459.00
3417,102027,74,1,649.00
3418,102028,93,2,739.00
3419,102029,89,1,369.00
3420,102030,75,1,2090.00
3421,102031,12,1,3690.00
3422,102032,42,1,939.00
3423,102033,16,1,40290.00
3424,102034,29,1,2090.00
3425,102035,29,2,2090.00
3426,102035,109,1,8390.00
3427,102036,89,1,369.00
3428,102037,25,1,23390.00
3429,102037,24,1,15890.00
3430,102037,12,1,3690.00
3431,102037,86,1,829.00
3432,102038,81,1,4690.00
3433,102038,65,1,4190.00
3434,102039,86,1,829.00
3435,102040,38,1,2790.00
3436,102041,86,2,829.00
3437,102042,67,1,1190.00
3438,102043,30,1,2990.00
3439,102044,8,1,16890.00
3440,102045,42,1,939.00
3441,102045,86,3,829.00
3442,102045,89,1,369.00
3443,102046,98,2,829.00
3444,102047,8,1,16890.00
3445,102048,87,1,2790.00
3446,102049,76,2,429.00
3447,102049,5,1,121890.00
3448,102049,86,1,829.00
3449,102050,36,1,7490.00
3450,102051,86,2,829.00
3451,102051,54,1,3290.00
3452,102051,117,2,2790.00
3453,102052,62,1,4290.00
3454,102052,29,2,2090.00
3455,102052,27,1,56190.00
3456,102052,117,1,2790.00
3457,102053,85,1,2290.00
3458,102054,42,2,939.00
3459,102054,97,2,459.00
3460,102054,23,1,3290.00
3461,102054,38,1,2790.00
3462,102055,45,1,6590.00
3463,102056,109,1,8390.00
3464,102057,57,1,469.00
3465,102057,109,1,8390.00
3466,102058,30,1,2990.00
3467,102059,96,2,549.00
3468,102060,54,1,3290.00
3469,102060,29,1,2090.00
3470,102061,54,1,3290.00
3471,102062,65,1,4190.00
3472,102063,97,2,459.00
3473,102064,67,1,1190.00
3474,102064,75,1,2090.00
3475,102065,23,1,3290.00
3476,102065,119,1,3290.00
3477,102065,74,2,649.00
3478,102066,67,1,1190.00
3479,102066,4,1,89090.00
3480,102066,131,1,1590.00
3481,102066,46,2,3090.00
3482,102067,104,1,4690.00
3483,102067,43,1,1190.00
3484,102067,86,1,829.00
3485,102068,46,1,3090.00
3486,102069,117,1,2790.00
3487,102069,54,1,3290.00
3488,102069,74,1,649.00
3489,102069,111,1,549.00
3490,102070,86,1,829.00
3491,102070,110,1,3690.00
3492,102071,42,2,939.00
3493,102071,9,1,3090.00
3494,102071,111,2,549.00
3495,102071,15,1,16390.00
3496,102072,43,1,1190.00
3497,102072,108,1,5090.00
3498,102073,87,1,2790.00
3499,102073,46,1,3090.00
3500,102073,53,1,10790.00
3501,102074,42,2,939.00
3502,102075,57,3,469.00
3503,102075,117,1,2790.00
3504,102076,110,1,3690.00
3505,102077,86,1,829.00
3506,102077,84,2,649.00
3507,102078,86,1,829.00
3508,102078,110,2,3690.00
3509,102078,2,1,34690.00
3510,102078,9,1,3090.00
3511,102079,23,1,3290.00
3512,102080,118,1,9390.00
3513,102081,63,1,5490.00
3514,102082,126,1,3090.00
3515,102082,46,1,3090.00
3516,102083,41,1,26190.00
3517,102083,22,2,2290.00
3518,102084,122,1,2090.00
3519,102084,110,1,3690.00
3520,102085,67,1,1190.00
3521,102086,117,1,2790.00
3522,102086,64,1,3690.00
3523,102087,30,1,2990.00
3524,102088,86,1,829.00
3525,102089,110,1,3690.00
3526,102089,86,3,829.00
3527,102090,110,1,3690.00
3528,102090,98,2,829.00
3529,102091,109,1,8390.00
3530,102092,71,1,2790.00
3531,102092,61,1,6990.00
3532,102093,22,1,2290.00
3533,102094,48,1,4690.00
3534,102095,118,1,9390.00
3535,102095,65,1,4190.00
3536,102095,94,1,1090.00
3537,102096,86,3,829.00
3538,102096,12,1,3690.00
3539,102096,74,2,649.00
3540,102097,97,1,459.00
3541,102097,95,1,990.00
3542,102098,17,1,60990.00
3543,102098,42,2,939.00
3544,102099,80,1,5590.00
3545,102100,59,1,1890.00
3546,102100,26,1,46890.00
3547,102101,30,1,2990.00
3548,102101,44,1,2790.00
3549,102102,21,1,7490.00
3550,102103,11,1,4690.00
3551,102103,42,1,939.00
3552,102103,12,2,3690.00
3553,102103,14,1,11190.00
3554,102104,57,1,469.00
3555,102105,63,1,5490.00
3556,102106,82,1,7490.00
3557,102107,57,1,469.00
3558,102108,97,1,459.00
3559,102109,7,1,30890.00
3560,102109,67,1,1190.00
3561,102110,3,1,79690.00
3562,102110,66,1,1390.00
3563,102110,74,1,649.00
3564,102111,93,2,739.00
3565,102111,86,1,829.00
3566,102111,111,2,549.00
3567,102112,110,2,3690.00
3568,102113,131,1,1590.00
3569,102114,12,1,3690.00
3570,102114,75,1,2090.00
3571,102115,31,1,42190.00
3572,102116,22,2,2290.00
3573,102117,125,1,1890.00
3574,102118,12,1,3690.00
3575,102119,23,1,3290.00
3576,102119,86,1,829.00
3577,102119,57,1,469.00
3578,102119,52,1,6990.00
3579,102120,73,2,459.00
3580,102121,11,1,4690.00
3581,102122,23,1,3290.00
3582,102122,110,1,3690.00
3583,102122,86,2,829.00
3584,102123,21,1,7490.00
3585,102124,111,1,549.00
3586,102125,42,3,939.00
3587,102125,59,2,1890.00
3588,102126,30,1,2990.00
3589,102127,109,1,8390.00
3590,102128,131,1,1590.00
3591,102128,109,1,8390.00
3592,102128,63,1,5490.00
3593,102129,51,1,6090.00
3594,102130,123,2,1690.00
3595,102131,97,2,459.00
3596,102131,66,1,1390.00
3597,102132,97,2,459.00
3598,102132,125,1,1890.00
3599,102133,68,1,2290.00
3600,102134,65,1,4190.00
3601,102135,91,2,1390.00
3602,102135,109,1,8390.00
3603,102136,45,1,6590.00
3604,102137,58,2,4690.00
3605,102138,117,1,2790.00
3606,102138,110,1,3690.00
3607,102139,6,1,12690.00
3608,102139,55,1,5590.00
3609,102140,91,1,1390.00
3610,102140,3,1,79690.00
3611,102140,110,1,3690.00
3612,102140,99,1,1190.00
3613,102141,42,2,939.00
3614,102142,110,1,3690.00
3615,102142,61,1,6990.00
3616,102142,85,1,2290.00
3617,102143,40,1,30490.00
3618,102144,31,1,42190.00
3619,102144,29,2,2090.00
3620,102145,86,1,839.00
3621,102146,79,1,5190.00
3622,102146,6,1,12690.00
3623,102147,91,1,1390.00
3624,102148,109,1,8390.00
3625,102148,84,1,649.00
3626,102149,111,3,549.00
3627,102150,104,1,4690.00
3628,102151,120,1,1390.00
3629,102152,80,1,5590.00
3630,102152,108,1,5190.00
3631,102153,6,1,12690.00
3632,102153,86,3,839.00
3633,102154,21,1,7490.00
3634,102155,111,1,549.00
3635,102156,29,2,2090.00
3636,102157,66,1,1390.00
3637,102158,86,1,839.00
3638,102158,22,1,2290.00
3639,102159,57,1,469.00
3640,102159,86,1,839.00
3641,102160,38,1,2790.00
3642,102161,36,1,7490.00
3643,102161,86,2,839.00
3644,102162,102,1,1890.00
3645,102163,109,1,8390.00
3646,102164,57,1,469.00
3647,102165,75,1,2090.00
3648,102165,82,1,7490.00
3649,102166,67,2,1190.00
3650,102167,6,1,12690.00
3651,102167,20,1,10290.00
3652,102167,32,1,5190.00
3653,102167,119,2,3290.00
3654,102168,108,1,5190.00
3655,102169,8,1,16890.00
3656,102170,41,1,26290.00
3657,102171,29,1,2090.00
3658,102172,109,1,8390.00
3659,102173,108,1,5190.00
3660,102173,86,3,839.00
3661,102174,78,2,1790.00
3662,102174,11,1,4690.00
3663,102175,86,2,839.00
3664,102175,46,2,3090.00
3665,102176,89,1,369.00
3666,102176,111,2,549.00
3667,102176,12,1,3690.00
3668,102177,58,1,4690.00
3669,102177,131,2,1590.00
3670,102177,9,2,3090.00
3671,102177,75,2,2090.00
3672,102178,112,1,839.00
3673,102178,73,1,459.00
3674,102179,23,2,3290.00
3675,102179,66,1,1390.00
3676,102180,64,1,3690.00
3677,102181,85,1,2290.00
3678,102181,67,1,1190.00
3679,102181,86,2,839.00
3680,102181,89,1,369.00
3681,102182,105,1,1390.00
3682,102183,110,1,3690.00
3683,102183,73,1,459.00
3684,102184,67,2,1190.00
3685,102185,75,1,2090.00
3686,102186,16,1,40390.00
3687,102187,74,2,649.00
3688,102188,73,2,459.00
3689,102188,67,1,1190.00
3690,102189,57,1,469.00
3691,102190,65,1,4190.00
3692,102191,47,1,12190.00
3693,102191,30,1,2990.00
3694,102191,127,1,6590.00
3695,102191,11,2,4690.00
3696,102192,126,1,3090.00
3697,102192,67,1,1190.00
3698,102193,43,1,1190.00
3699,102193,112,3,839.00
3700,102193,90,1,2690.00
3701,102193,94,1,1090.00
3702,102194,12,1,3690.00
3703,102194,117,1,2790.00
3704,102195,94,1,1090.00
3705,102195,74,2,649.00
3706,102196,94,1,1090.00
3707,102197,126,1,3090.00
3708,102197,83,1,6590.00
3709,102197,38,1,2790.00
3710,102198,86,1,839.00
3711,102198,58,1,4690.00
3712,102199,93,3,739.00
3713,102200,110,1,3690.00
3714,102200,11,2,4690.00
3715,102200,109,1,8390.00
3716,102200,57,1,469.00
3717,102201,66,1,1390.00
3718,102201,94,1,1090.00
3719,102201,59,1,1890.00
3720,102201,80,1,5590.00
3721,102202,74,1,649.00
3722,102203,43,1,1190.00
3723,102203,86,2,839.00
3724,102204,86,2,839.00
3725,102205,38,1,2790.00
3726,102206,81,1,4690.00
3727,102207,93,1,739.00
3728,102208,67,2,1190.00
3729,102208,59,1,1890.00
3730,102208,76,2,429.00
3731,102208,57,1,469.00
3732,102209,117,2,2790.00
3733,102209,23,1,3290.00
3734,102209,59,1,1890.00
3735,102209,74,1,649.00
3736,102210,3,1,79790.00
3737,102210,129,1,8390.00
3738,102210,117,1,2790.00
3739,102210,74,1,649.00
3740,102211,84,2,649.00
3741,102211,58,1,4690.00
3742,102212,118,1,9390.00
3743,102212,122,1,2190.00
3744,102212,57,2,469.00
3745,102212,43,1,1190.00
3746,102213,109,1,8390.00
3747,102213,22,1,2290.00
3748,102213,86,1,839.00
3749,102213,61,1,6990.00
3750,102214,75,1,2190.00
3751,102214,1,1,20590.00
3752,102215,107,1,37490.00
3753,102216,46,1,3090.00
3754,102217,3,1,79790.00
3755,102217,65,1,4190.00
3756,102218,108,1,5190.00
3757,102218,110,1,3690.00
3758,102219,46,1,3090.00
3759,102219,62,1,4290.00
3760,102220,11,1,4690.00
3761,102220,110,1,3690.00
3762,102220,21,1,7490.00
3763,102221,50,1,7490.00
3764,102222,42,1,939.00
3765,102223,67,1,1190.00
3766,102223,51,1,6090.00
3767,102224,110,1,3690.00
3768,102224,117,2,2790.00
3769,102225,89,1,369.00
3770,102226,62,2,4290.00
3771,102227,119,1,3290.00
3772,102228,38,2,2790.00
3773,102228,86,2,839.00
3774,102228,126,1,3090.00
3775,102229,89,2,369.00
3776,102229,117,1,2790.00
3777,102230,107,1,37590.00
3778,102230,43,1,1190.00
3779,102231,82,1,7490.00
3780,102231,12,1,3690.00
3781,102231,38,1,2790.00
3782,102232,131,1,1590.00
3783,102232,67,1,1190.00
3784,102232,107,1,37590.00
3785,102233,129,1,8390.00
3786,102234,119,1,3290.00
3787,102234,11,1,4690.00
3788,102234,62,1,4290.00
3789,102235,7,1,30990.00
3790,102236,66,1,1390.00
3791,102237,42,1,939.00
3792,102237,38,1,2790.00
3793,102238,58,1,4690.00
3794,102239,119,1,3290.00
3795,102240,58,1,4690.00
3796,102240,42,3,939.00
3797,102241,27,1,56290.00
3798,102242,57,1,469.00
3799,102242,104,1,4690.00
3800,102243,112,1,839.00
3801,102243,67,1,1190.00
3802,102244,48,1,4690.00
3803,102245,121,1,2290.00
3804,102246,117,1,2790.00
3805,102247,61,1,6990.00
3806,102247,59,1,1890.00
3807,102248,131,1,1590.00
3808,102248,39,1,5590.00
3809,102249,89,2,369.00
3810,102250,110,1,3690.00
3811,102251,110,1,3690.00
3812,102252,99,1,1190.00
3813,102253,80,1,5590.00
3814,102253,42,2,939.00
3815,102253,82,1,7490.00
3816,102254,106,1,23490.00
3817,102254,9,1,3090.00
3818,102254,74,1,649.00
3819,102255,93,1,739.00
3820,102255,121,1,2290.00
3821,102256,23,1,3290.00
3822,102257,42,1,939.00
3823,102258,92,3,929.00
3824,102259,11,1,4690.00
3825,102260,54,1,3290.00
3826,102260,74,1,649.00
3827,102260,109,1,8390.00
3828,102261,74,1,649.00
3829,102262,23,1,3290.00
3830,102262,33,1,11290.00
3831,102262,86,2,839.00
3832,102263,41,1,26290.00
3833,102263,20,1,10290.00
3834,102263,110,1,3690.00
3835,102264,57,3,469.00
3836,102264,2,1,34690.00
3837,102264,22,1,2290.00
3838,102265,30,1,2990.00
3839,102266,20,1,10290.00
3840,102267,38,1,2790.00
3841,102268,57,1,469.00
3842,102268,81,1,4690.00
3843,102269,60,1,3290.00
3844,102270,38,2,2790.00
3845,102270,77,2,2090.00
3846,102271,89,1,369.00
3847,102272,46,1,3090.00
3848,102273,84,1,649.00
3849,102274,46,2,3090.00
3850,102274,108,1,5190.00
3851,102274,104,2,4690.00
3852,102275,51,1,6090.00
3853,102276,85,1,2290.00
3854,102276,61,1,6990.00
3855,102277,71,1,2790.00
3856,102277,117,1,2790.00
3857,102277,37,1,46490.00
3858,102277,57,1,469.00
3859,102278,26,1,46990.00
3860,102278,11,1,4690.00
3861,102279,68,1,2290.00
3862,102280,57,1,469.00
3863,102281,39,1,5590.00
3864,102281,98,1,839.00
3865,102282,9,1,3090.00
3866,102282,63,1,5490.00
3867,102282,122,1,2190.00
3868,102282,98,2,839.00
3869,102283,12,1,3690.00
3870,102284,59,1,1890.00
3871,102284,105,1,1390.00
3872,102284,86,1,839.00
3873,102285,21,1,7490.00
3874,102285,110,1,3690.00
3875,102286,17,1,61090.00
3876,102286,9,1,3090.00
3877,102287,112,1,839.00
3878,102287,131,1,1590.00
3879,102287,11,2,4690.00
3880,102288,22,1,2290.00
3881,102288,13,1,26290.00
3882,102288,20,1,10290.00
3883,102289,46,2,3090.00
3884,102290,111,2,549.00
3885,102291,11,2,4690.00
3886,102291,21,1,7490.00
3887,102291,110,1,3690.00
3888,102291,15,1,16390.00
3889,102292,46,1,3090.00
3890,102292,84,2,649.00
3891,102293,17,1,61090.00
3892,102294,57,3,469.00
3893,102295,46,1,3090.00
3894,102295,108,1,5190.00
3895,102296,104,1,4690.00
3896,102297,12,1,3690.00
3897,102297,76,1,429.00
3898,102298,38,1,2790.00
3899,102299,102,1,1890.00
3900,102299,29,1,2190.00
3901,102300,11,1,4690.00
3902,102301,131,1,1590.00
3903,102301,21,1,7490.00
3904,102302,38,2,2790.00
3905,102303,110,1,3690.00
3906,102304,75,1,2190.00
3907,102304,11,1,4690.00
3908,102305,117,1,2790.00
3909,102305,11,1,4690.00
3910,102306,86,1,839.00
3911,102306,109,1,8390.00
3912,102306,90,1,2690.00
3913,102307,40,1,30490.00
3914,102308,97,1,459.00
3915,102309,65,1,4190.00
3916,102310,92,2,929.00
3917,102311,46,1,3090.00
3918,102312,95,1,990.00
3919,102313,96,2,549.00
3920,102314,57,1,469.00
3921,102315,67,1,1190.00
3922,102316,81,2,4690.00
3923,102317,89,1,379.00
3924,102318,79,1,5190.00
3925,102318,29,1,2190.00
3926,102318,86,1,839.00
3927,102319,8,1,16890.00
3928,102319,15,1,16390.00
3929,102319,38,2,2790.00
3930,102320,45,1,6590.00
3931,102320,86,1,839.00
3932,102321,12,1,3790.00
3933,102321,68,1,2290.00
3934,102321,71,1,2790.00
3935,102322,99,2,1190.00
3936,102323,6,1,12690.00
3937,102323,76,1,429.00
3938,102324,111,1,549.00
3939,102325,85,1,2290.00
3940,102325,29,1,2190.00
3941,102326,51,1,6090.00
3942,102326,86,3,839.00
3943,102327,58,1,4690.00
3944,102327,6,1,12690.00
3945,102328,38,1,2790.00
3946,102328,15,1,16390.00
3947,102328,111,1,549.00
3948,102328,4,1,89290.00
3949,102329,28,1,20690.00
3950,102330,48,1,4690.00
3951,102331,39,1,5590.00
3952,102332,60,2,3290.00
3953,102333,108,1,5190.00
3954,102334,29,1,2190.00
3955,102335,86,2,839.00
3956,102336,58,1,4690.00
3957,102336,21,1,7490.00
3958,102337,86,3,839.00
3959,102338,101,1,1490.00
3960,102339,89,3,379.00
3961,102340,65,1,4190.00
3962,102340,80,1,5590.00
3963,102340,85,1,2290.00
3964,102341,117,1,2790.00
3965,102342,54,1,3290.00
3966,102343,86,1,839.00
3967,102344,58,1,4690.00
3968,102345,51,1,6090.00
3969,102345,62,1,4290.00
3970,102346,27,1,56390.00
3971,102347,11,1,4690.00
3972,102348,33,1,11290.00
3973,102349,106,1,23490.00
3974,102350,95,1,990.00
3975,102350,63,1,5490.00
3976,102350,8,1,16890.00
3977,102350,38,1,2790.00
3978,102351,120,1,1390.00
3979,102351,89,1,379.00
3980,102351,97,2,459.00
3981,102352,43,2,1190.00
3982,102353,88,1,6990.00
3983,102353,61,1,6990.00
3984,102354,10,1,12190.00
3985,102354,98,1,839.00
3986,102355,97,1,459.00
3987,102356,44,1,2790.00
3988,102357,75,2,2190.00
3989,102357,97,1,459.00
3990,102358,67,1,1190.00
3991,102358,86,1,839.00
3992,102359,22,1,2290.00
3993,102359,48,1,4690.00
3994,102359,68,1,2290.00
3995,102359,32,1,5190.00
3996,102360,67,1,1190.00
3997,102360,117,1,2790.00
3998,102360,65,2,4190.00
3999,102361,102,1,1890.00
4000,102362,66,2,1390.00
4001,102362,6,1,12690.00
4002,102363,117,1,2790.00
4003,102363,23,1,3290.00
4004,102364,118,1,9390.00
4005,102364,13,1,26290.00
4006,102364,110,1,3790.00
4007,102365,11,1,4690.00
4008,102366,65,1,4190.00
4009,102366,9,1,3090.00
4010,102367,80,1,5590.00
4011,102368,111,1,549.00
4012,102369,45,1,6590.00
4013,102369,117,1,2790.00
4014,102370,108,1,5190.00
4015,102370,7,1,30990.00
4016,102370,80,1,5590.00
4017,102370,21,1,7490.00
4018,102371,31,1,42290.00
4019,102372,34,1,6090.00
4020,102373,91,1,1390.00
4021,102373,110,1,3790.00
4022,102374,112,1,839.00
4023,102375,57,2,469.00
4024,102376,86,1,839.00
4025,102377,86,1,839.00
4026,102377,110,2,3790.00
4027,102378,66,1,1390.00
4028,102379,20,1,10290.00
4029,102380,119,1,3290.00
4030,102381,80,1,5590.00
4031,102381,108,1,5190.00
4032,102382,73,3,459.00
4033,102383,86,1,839.00
4034,102384,66,1,1390.00
4035,102384,11,1,4690.00
4036,102384,23,1,3290.00
4037,102385,104,1,4690.00
4038,102386,26,1,46990.00
4039,102387,73,1,459.00
4040,102387,90,1,2690.00
4041,102388,11,1,4690.00
4042,102389,111,1,549.00
4043,102390,123,1,1690.00
4044,102391,93,1,739.00
4045,102392,40,1,30590.00
4046,102392,109,1,8490.00
4047,102392,6,1,12690.00
4048,102392,117,1,2790.00
4049,102393,61,1,6990.00
4050,102394,43,1,1190.00
4051,102395,23,1,3290.00
4052,102395,65,1,4190.00
4053,102395,9,1,3090.00
4054,102396,114,1,32890.00
4055,102397,87,1,2790.00
4056,102397,112,1,839.00
4057,102398,76,3,429.00
4058,102398,16,1,40390.00
4059,102398,58,2,4690.00
4060,102399,43,1,1190.00
4061,102400,86,2,839.00
4062,102401,9,1,3090.00
4063,102402,86,2,839.00
4064,102403,86,2,839.00
4065,102403,51,1,6090.00
4066,102404,17,1,61090.00
4067,102405,40,1,30590.00
4068,102406,91,1,1390.00
4069,102407,67,1,1190.00
4070,102407,110,1,3790.00
4071,102408,111,1,559.00
4072,102408,65,1,4190.00
4073,102408,9,1,3090.00
4074,102408,30,1,2990.00
4075,102409,111,1,559.00
4076,102409,117,2,2790.00
4077,102410,85,2,2290.00
4078,102411,42,1,939.00
4079,102411,125,1,1890.00
4080,102412,86,1,839.00
4081,102412,30,1,2990.00
4082,102413,108,1,5190.00
4083,102414,97,2,459.00
4084,102415,118,1,9390.00
4085,102416,86,3,839.00
4086,102417,67,2,1190.00
4087,102418,15,1,16490.00
4088,102419,100,1,1590.00
4089,102419,79,1,5190.00
4090,102420,14,1,11290.00
4091,102421,117,1,2790.00
4092,102422,120,1,1390.00
4093,102422,44,1,2790.00
4094,102422,54,1,3290.00
4095,102423,88,1,6990.00
4096,102423,93,1,739.00
4097,102424,81,1,4690.00
4098,102425,99,1,1190.00
4099,102425,33,1,11290.00
4100,102426,75,1,2190.00
4101,102427,122,1,2190.00
4102,102427,54,1,3290.00
4103,102428,86,1,839.00
4104,102428,38,2,2790.00
4105,102428,109,1,8490.00
4106,102429,42,2,939.00
4107,102429,66,1,1390.00
4108,102429,97,1,459.00
4109,102429,123,1,1690.00
4110,102430,57,1,469.00
4111,102430,82,1,7490.00
4112,102431,38,1,2790.00
4113,102432,67,2,1190.00
4114,102433,8,1,16890.00
4115,102434,51,1,6090.00
4116,102434,86,2,839.00
4117,102435,81,1,4690.00
4118,102436,17,1,61090.00
4119,102437,85,1,2290.00
4120,102438,8,1,16890.00
4121,102438,22,1,2290.00
4122,102439,6,1,12690.00
4123,102439,68,1,2290.00
4124,102439,57,1,469.00
4125,102439,123,1,1690.00
4126,102440,114,1,32890.00
4127,102440,9,1,3090.00
4128,102441,86,2,839.00
4129,102442,108,1,5190.00
4130,102442,79,1,5190.00
4131,102442,28,1,20690.00
4132,102443,42,2,939.00
4133,102443,63,1,5490.00
4134,102443,83,1,6590.00
4135,102443,119,1,3290.00
4136,102444,65,1,4190.00
4137,102445,66,1,1390.00
4138,102445,13,1,26290.00
4139,102445,27,1,56390.00
4140,102446,110,2,3790.00
4141,102447,10,1,12190.00
4142,102447,95,2,990.00
4143,102448,58,1,4690.00
4144,102449,96,1,559.00
4145,102449,58,1,4690.00
4146,102450,86,1,839.00
4147,102451,40,1,30590.00
4148,102451,74,2,649.00
4149,102451,11,1,4690.00
4150,102452,67,1,1190.00
4151,102453,46,1,3090.00
4152,102454,83,1,6590.00
4153,102455,73,2,459.00
4154,102456,109,1,8490.00
4155,102457,98,1,839.00
4156,102458,117,1,2790.00
4157,102458,31,1,42290.00
4158,102459,11,1,4690.00
4159,102459,57,1,469.00
4160,102460,73,2,459.00
4161,102460,117,1,2790.00
4162,102460,75,2,2190.00
4163,102461,46,1,3090.00
4164,102462,11,1,4690.00
4165,102463,111,2,559.00
4166,102463,97,1,459.00
4167,102464,39,1,5590.00
4168,102464,83,1,6590.00
4169,102464,13,1,26290.00
4170,102465,43,1,1190.00
4171,102466,127,1,6590.00
4172,102466,26,1,46990.00
4173,102466,86,1,839.00
4174,102467,23,1,3290.00
4175,102467,38,1,2790.00
4176,102467,117,1,2790.00
4177,102468,86,1,839.00
4178,102468,82,1,7490.00
4179,102468,20,1,10290.00
4180,102468,65,1,4190.00
4181,102469,62,1,4290.00
4182,102469,24,1,15990.00
4183,102470,38,1,2790.00
4184,102471,48,1,4690.00
4185,102471,111,2,559.00
4186,102472,98,1,839.00
4187,102472,125,2,1890.00
4188,102473,20,1,10290.00
4189,102474,97,3,459.00
4190,102474,85,1,2290.00
4191,102474,38,1,2790.00
4192,102475,110,1,3790.00
4193,102476,93,1,739.00
4194,102477,39,1,5590.00
4195,102477,109,1,8490.00
4196,102478,48,2,4690.00
4197,102479,83,1,6590.00
4198,102479,108,1,5190.00
4199,102480,63,1,5490.00
4200,102480,30,2,2990.00
4201,102480,45,1,6590.00
4202,102481,45,1,6590.00
4203,102482,86,2,839.00
4204,102483,83,1,6590.00
4205,102484,56,2,749.00
4206,102485,86,1,839.00
4207,102485,30,1,2990.00
4208,102486,74,1,649.00
4209,102487,73,2,459.00
4210,102488,76,1,429.00
4211,102488,57,2,469.00
4212,102489,58,2,4690.00
4213,102489,93,2,739.00
4214,102490,81,1,4690.00
4215,102491,66,1,1390.00
4216,102492,82,1,7490.00
4217,102492,63,1,5490.00
4218,102492,125,1,1890.00
4219,102492,18,1,49890.00
4220,102493,75,1,2190.00
4221,102493,42,1,939.00
4222,102494,86,2,839.00
4223,102495,71,1,2790.00
4224,102495,63,1,5490.00
4225,102495,111,1,559.00
4226,102496,80,1,5590.00
4227,102497,73,2,459.00
4228,102498,6,1,12690.00
4229,102498,39,1,5590.00
4230,102498,42,1,939.00
4231,102498,38,1,2790.00
4232,102499,109,1,8490.00
4233,102500,97,1,459.00
4234,102501,110,1,3790.00
4235,102502,79,1,5190.00
4236,102502,111,1,559.00
4237,102502,55,1,5590.00
4238,102502,38,2,2790.00
4239,102503,109,1,8490.00
4240,102503,9,2,3090.00
4241,102504,83,1,6590.00
4242,102505,2,1,34790.00
4243,102506,59,1,1890.00
4244,102507,3,1,79990.00
4245,102508,78,1,1790.00
4246,102508,111,2,559.00
4247,102509,66,1,1390.00
4248,102509,84,3,649.00
4249,102509,112,1,839.00
4250,102510,111,3,559.00
4251,102510,42,2,939.00
4252,102511,75,1,2190.00
4253,102511,38,1,2790.00
4254,102512,75,1,2190.00
4255,102513,30,1,2990.00
4256,102513,108,1,5190.00
4257,102513,43,1,1190.00
4258,102514,48,1,4690.00
4259,102514,42,1,939.00
4260,102514,110,1,3790.00
4261,102514,90,1,2690.00
4262,102515,89,3,379.00
4263,102516,45,1,6590.00
4264,102517,2,1,34790.00
4265,102517,58,1,4690.00
4266,102517,107,1,37690.00
4267,102518,46,1,3090.00
4268,102518,23,1,3290.00
4269,102519,42,1,939.00
4270,102519,54,1,3290.00
4271,102520,67,1,1190.00
4272,102520,110,1,3790.00
4273,102521,110,1,3790.00
4274,102522,21,1,7490.00
4275,102522,22,1,2290.00
4276,102523,23,1,3290.00
4277,102524,42,1,939.00
4278,102525,75,1,2190.00
4279,102526,99,2,1190.00
4280,102526,74,1,649.00
4281,102527,23,1,3290.00
4282,102528,86,2,839.00
4283,102529,40,1,30590.00
4284,102530,117,1,2790.00
4285,102530,38,2,2790.00
4286,102530,86,2,839.00
4287,102531,74,1,649.00
4288,102531,85,1,2290.00
4289,102532,89,3,379.00
4290,102532,126,1,3090.00
4291,102533,46,1,3090.00
4292,102534,14,1,11290.00
4293,102534,52,1,7090.00
4294,102534,63,1,5490.00
4295,102534,84,2,649.00
4296,102535,124,1,1490.00
4297,102535,68,1,2290.00
4298,102535,111,2,559.00
4299,102536,34,1,6090.00
4300,102536,111,2,559.00
4301,102536,96,2,559.00
4302,102537,75,1,2190.00
4303,102537,101,1,1490.00
4304,102538,75,1,2190.00
4305,102538,21,1,7490.00
4306,102539,46,1,3090.00
4307,102540,68,1,2290.00
4308,102541,78,2,1790.00
4309,102542,34,1,6090.00
4310,102543,23,1,3290.00
4311,102543,78,1,1790.00
4312,102543,125,1,1890.00
4313,102544,1,1,20690.00
4314,102545,94,1,1090.00
4315,102545,78,1,1790.00
4316,102545,22,1,2290.00
4317,102546,42,2,939.00
4318,102547,10,1,12190.00
4319,102547,22,1,2290.00
4320,102548,41,1,26390.00
4321,102548,26,1,47090.00
4322,102549,30,1,2990.00
4323,102550,63,1,5490.00
4324,102551,104,1,4690.00
4325,102551,117,1,2790.00
4326,102551,99,1,1190.00
4327,102552,29,1,2190.00
4328,102553,12,1,3790.00
4329,102553,110,1,3790.00
4330,102554,111,2,559.00
4331,102554,122,1,2190.00
4332,102555,108,1,5190.00
4333,102556,50,1,7490.00
4334,102557,85,1,2290.00
4335,102557,19,1,112990.00
4336,102558,52,1,7090.00
4337,102558,38,2,2790.00
4338,102559,80,1,5590.00
4339,102560,111,1,559.00
4340,102561,73,2,459.00
4341,102562,65,1,4190.00
4342,102563,66,2,1390.00
4343,102563,23,1,3290.00
4344,102563,45,1,6590.00
4345,102564,57,1,469.00
4346,102564,109,1,8490.00
4347,102565,110,1,3790.00
4348,102566,110,2,3790.00
4349,102567,63,1,5490.00
4350,102567,111,1,559.00
4351,102568,11,1,4690.00
4352,102569,43,1,1190.00
4353,102570,117,1,2790.00
4354,102570,42,2,939.00
4355,102570,100,1,1590.00
4356,102570,106,1,23490.00
4357,102571,29,1,2190.00
4358,102572,30,1,2990.00
4359,102572,63,1,5490.00
4360,102573,89,1,379.00
4361,102573,65,1,4190.00
4362,102574,52,1,7090.00
4363,102575,117,2,2790.00
4364,102576,7,1,31090.00
4365,102577,110,1,3790.00
4366,102577,104,1,4690.00
4367,102578,73,2,459.00
4368,102578,79,1,5190.00
4369,102579,76,1,429.00
4370,102579,42,3,939.00
4371,102579,111,1,559.00
4372,102580,86,1,839.00
4373,102581,102,1,1890.00
4374,102581,110,1,3790.00
4375,102582,30,2,2990.00
4376,102583,67,1,1190.00
4377,102583,93,1,739.00
4378,102584,43,1,1190.00
4379,102585,117,1,2790.00
4380,102586,38,1,2790.00
4381,102587,38,1,2790.00
4382,102587,30,1,2990.00
4383,102588,30,1,2990.00
4384,102589,108,1,5190.00
4385,102590,80,1,5590.00
4386,102591,90,1,2690.00
4387,102591,110,1,3790.00
4388,102592,42,3,939.00
4389,102592,24,1,15990.00
4390,102592,120,1,1390.00
4391,102593,101,1,1490.00
4392,102593,126,1,3090.00
4393,102593,108,1,5190.00
4394,102594,29,1,2190.00
4395,102594,32,1,5190.00
4396,102595,89,2,379.00
4397,102595,108,1,5190.00
4398,102595,111,2,559.00
4399,102596,86,2,839.00
4400,102597,118,1,9390.00
4401,102597,78,1,1790.00
4402,102598,110,1,3790.00
4403,102598,109,1,8490.00
4404,102599,57,1,469.00
4405,102600,43,2,1190.00
4406,102601,112,1,839.00
4407,102601,42,1,939.00
4408,102602,85,1,2290.00
4409,102603,20,1,10390.00
4410,102604,111,1,559.00
4411,102604,5,1,122490.00
4412,102605,76,1,429.00
4413,102606,52,1,7090.00
4414,102606,42,1,939.00
4415,102607,30,1,2990.00
4416,102607,105,1,1390.00
4417,102607,117,1,2790.00
4418,102608,18,1,49890.00
4419,102609,117,1,2790.00
4420,102610,30,1,2990.00
4421,102611,76,1,429.00
4422,102612,42,1,939.00
4423,102612,46,1,3090.00
4424,102612,84,1,649.00
4425,102613,88,1,7090.00
4426,102614,12,1,3790.00
4427,102615,33,1,11290.00
4428,102616,111,2,559.00
4429,102617,112,2,839.00
4430,102617,67,1,1190.00
4431,102617,117,1,2790.00
4432,102618,117,1,2790.00
4433,102618,8,1,16990.00
4434,102619,35,1,4490.00
4435,102620,58,1,4690.00
4436,102621,108,1,5190.00
4437,102622,110,1,3790.00
4438,102623,92,1,929.00
4439,102624,36,1,7490.00
4440,102624,131,2,1590.00
4441,102624,93,1,739.00
4442,102625,87,1,2790.00
4443,102625,2,1,34890.00
4444,102625,73,1,459.00
4445,102625,117,2,2790.00
4446,102626,105,1,1390.00
4447,102627,9,1,3090.00
4448,102628,38,1,2790.00
4449,102628,97,1,459.00
4450,102629,89,1,379.00
4451,102630,9,1,3090.00
4452,102630,39,1,5590.00
4453,102631,108,1,5190.00
4454,102632,109,1,8490.00
4455,102633,9,1,3090.00
4456,102633,111,1,559.00
4457,102634,109,1,8490.00
4458,102635,108,1,5190.00
4459,102636,89,1,379.00
4460,102636,108,1,5190.00
4461,102637,123,1,1690.00
4462,102638,78,1,1790.00
4463,102639,75,1,2190.00
4464,102639,38,1,2790.00
4465,102640,129,1,8490.00
4466,102640,125,1,1890.00
4467,102641,25,1,23590.00
4468,102642,66,1,1390.00
4469,102643,108,1,5190.00
4470,102644,45,1,6590.00
4471,102644,86,1,839.00
4472,102645,38,2,2790.00
4473,102646,65,1,4190.00
4474,102646,104,1,4690.00
4475,102646,101,1,1490.00
4476,102646,45,1,6590.00
4477,102647,106,1,23590.00
4478,102647,108,1,5190.00
4479,102648,42,2,939.00
4480,102648,117,1,2790.00
4481,102648,89,1,379.00
4482,102648,25,1,23590.00
4483,102649,42,1,939.00
4484,102649,65,1,4190.00
4485,102650,95,1,990.00
4486,102650,126,1,3090.00
4487,102651,119,1,3290.00
4488,102652,42,1,939.00
4489,102653,90,1,2690.00
4490,102654,58,2,4690.00
4491,102655,61,1,7090.00
4492,102655,108,1,5190.00
4493,102656,6,1,12690.00
4494,102657,57,1,469.00
4495,102658,16,1,40490.00
4496,102658,14,1,11290.00
4497,102659,122,1,2190.00
4498,102659,7,1,31090.00
4499,102659,57,1,469.00
4500,102660,117,1,2790.00
4501,102660,35,1,4490.00
4502,102661,83,1,6590.00
4503,102662,107,1,37690.00
4504,102662,112,2,839.00
4505,102663,33,1,11290.00
4506,102664,123,2,1690.00
4507,102664,104,1,4690.00
4508,102665,32,1,5190.00
4509,102665,125,1,1890.00
4510,102665,109,1,8490.00
4511,102665,104,1,4690.00
4512,102666,108,1,5190.00
4513,102667,38,1,2790.00
4514,102668,126,2,3090.00
4515,102669,31,1,42390.00
4516,102670,54,1,3290.00
4517,102670,74,2,649.00
4518,102671,11,1,4690.00
4519,102671,85,1,2290.00
4520,102671,12,1,3790.00
4521,102672,109,1,8490.00
4522,102673,110,1,3790.00
4523,102674,108,1,5190.00
4524,102675,128,1,16990.00
4525,102675,91,1,1390.00
4526,102676,86,1,839.00
4527,102677,8,1,16990.00
4528,102677,45,1,6590.00
4529,102677,23,1,3290.00
4530,102678,38,2,2790.00
4531,102679,77,1,2090.00
4532,102680,109,1,8490.00
4533,102681,111,2,559.00
4534,102681,75,1,2190.00
4535,102682,61,1,7090.00
4536,102683,64,2,3790.00
4537,102683,107,1,37690.00
4538,102683,117,1,2790.00
4539,102684,123,2,1690.00
4540,102684,85,2,2290.00
4541,102685,106,1,23590.00
4542,102686,65,1,4190.00
4543,102686,44,1,2790.00
4544,102687,114,1,32990.00
4545,102688,111,2,559.00
4546,102688,86,1,839.00
4547,102689,89,1,379.00
4548,102689,93,2,739.00
4549,102690,109,1,8490.00
4550,102690,76,1,429.00
4551,102691,117,2,2790.00
4552,102692,111,2,559.00
4553,102692,121,2,2290.00
4554,102693,85,1,2290.00
4555,102694,20,1,10390.00
4556,102694,23,2,3290.00
4557,102694,67,1,1190.00
4558,102695,123,4,1690.00
4559,102696,82,1,7490.00
4560,102697,58,1,4690.00
4561,102697,76,2,429.00
4562,102698,20,1,10390.00
4563,102698,22,1,2290.00
4564,102699,111,1,559.00
4565,102699,9,1,3090.00
4566,102700,117,1,2790.00
4567,102700,40,1,30590.00
4568,102701,38,1,2790.00
4569,102702,105,1,1390.00
4570,102702,109,1,8490.00
4571,102702,45,1,6590.00
4572,102703,13,1,26390.00
4573,102703,54,1,3290.00
4574,102703,42,1,939.00
4575,102704,67,1,1190.00
4576,102704,45,1,6590.00
4577,102705,86,2,839.00
4578,102705,108,1,5190.00
4579,102705,110,1,3790.00
4580,102706,11,1,4690.00
4581,102707,86,2,839.00
4582,102708,127,1,6590.00
4583,102709,119,1,3290.00
4584,102709,38,1,2790.00
4585,102710,86,1,839.00
4586,102710,89,2,379.00
4587,102710,76,2,429.00
4588,102710,27,1,56590.00
4589,102711,109,1,8490.00
4590,102712,14,1,11290.00
4591,102712,19,1,113190.00
4592,102713,58,1,4690.00
4593,102714,120,1,1390.00
4594,102714,117,1,2790.00
4595,102715,57,2,469.00
4596,102715,96,1,559.00
4597,102715,61,1,7090.00
4598,102715,76,1,429.00
4599,102716,104,2,4690.00
4600,102717,42,3,939.00
4601,102718,68,1,2290.00
4602,102718,95,1,990.00
4603,102718,38,1,2790.00
4604,102719,104,1,4690.00
4605,102719,111,3,559.00
4606,102720,43,2,1190.00
4607,102721,80,1,5590.00
4608,102722,98,1,839.00
4609,102722,38,1,2790.00
4610,102723,110,1,3790.00
4611,102724,117,1,2790.00
4612,102725,65,1,4190.00
4613,102726,123,2,1690.00
4614,102726,24,1,15990.00
4615,102726,76,1,429.00
4616,102726,108,1,5190.00
4617,102727,104,1,4690.00
4618,102727,65,1,4190.00
4619,102728,13,1,26390.00
4620,102728,111,1,559.00
4621,102729,89,1,379.00
4622,102730,75,1,2190.00
4623,102731,65,1,4190.00
4624,102732,38,1,2790.00
4625,102732,109,1,8490.00
4626,102733,23,2,3290.00
4627,102734,22,1,2290.00
4628,102735,38,1,2790.00
4629,102736,33,1,11290.00
4630,102737,110,1,3790.00
4631,102737,2,1,34890.00
4632,102737,91,2,1390.00
4633,102738,125,1,1890.00
4634,102739,109,1,8490.00
4635,102740,77,1,2090.00
4636,102740,67,1,1190.00
4637,102741,42,1,939.00
4638,102742,65,1,4190.00
4639,102742,93,1,749.00
4640,102742,86,3,839.00
4641,102743,36,1,7490.00
4642,102743,46,1,3090.00
4643,102743,109,1,8490.00
4644,102744,85,1,2290.00
4645,102744,86,1,839.00
4646,102744,104,2,4690.00
4647,102744,46,1,3090.00
4648,102745,30,1,2990.00
4649,102745,86,1,839.00
4650,102746,11,1,4690.00
4651,102747,57,1,469.00
4652,102747,93,1,749.00
4653,102748,74,2,649.00
4654,102748,109,1,8490.00
4655,102748,57,2,469.00
4656,102749,117,1,2790.00
4657,102750,46,1,3090.00
4658,102750,108,1,5190.00
4659,102751,105,1,1390.00
4660,102752,17,1,61290.00
4661,102753,38,1,2790.00
4662,102754,57,1,469.00
4663,102755,108,1,5190.00
4664,102756,117,1,2790.00
4665,102756,118,1,9390.00
4666,102757,52,1,7090.00
4667,102757,122,1,2190.00
4668,102758,112,2,839.00
4669,102758,111,1,559.00
4670,102759,84,1,649.00
4671,102759,30,1,2990.00
4672,102760,102,1,1890.00
4673,102760,97,1,459.00
4674,102760,111,1,559.00
4675,102761,57,2,469.00
4676,102762,131,1,1590.00
4677,102762,108,1,5190.00
4678,102763,99,1,1190.00
4679,102764,11,1,4690.00
4680,102765,86,2,839.00
4681,102765,12,1,3790.00
4682,102766,120,1,1390.00
4683,102767,20,1,10390.00
4684,102768,34,1,6090.00
4685,102768,63,1,5590.00
4686,102769,17,1,61290.00
4687,102769,29,1,2190.00
4688,102770,22,1,2290.00
4689,102770,65,1,4190.00
4690,102771,109,1,8490.00
4691,102772,97,1,459.00
4692,102772,2,1,34890.00
4693,102772,14,1,11290.00
4694,102773,34,1,6090.00
4695,102773,32,1,5190.00
4696,102773,107,1,37690.00
4697,102774,91,1,1390.00
4698,102775,63,1,5590.00
4699,102775,13,1,26390.00
4700,102775,109,1,8490.00
4701,102775,30,1,2990.00
4702,102776,20,1,10390.00
4703,102777,58,1,4690.00
4704,102778,67,1,1190.00
4705,102779,97,2,459.00
4706,102779,40,1,30690.00
4707,102779,42,2,939.00
4708,102780,10,1,12290.00
4709,102780,42,1,939.00
4710,102781,127,1,6590.00
4711,102782,36,1,7490.00
4712,102783,38,1,2790.00
4713,102783,86,1,839.00
4714,102783,117,1,2790.00
4715,102784,29,2,2190.00
4716,102785,127,1,6590.00
4717,102785,110,1,3790.00
4718,102786,35,1,4490.00
4719,102787,8,1,16990.00
4720,102788,31,1,42490.00
4721,102789,38,1,2790.00
4722,102790,2,1,34890.00
4723,102790,90,2,2690.00
4724,102790,30,1,2990.00
4725,102791,68,2,2290.00
4726,102792,121,1,2290.00
4727,102793,14,1,11290.00
4728,102794,38,1,2790.00
4729,102795,12,1,3790.00
4730,102796,86,1,839.00
4731,102796,110,2,3790.00
4732,102796,6,1,12690.00
4733,102797,109,1,8490.00
4734,102798,110,1,3790.00
4735,102798,122,1,2190.00
4736,102799,30,1,2990.00
4737,102800,12,1,3790.00
4738,102801,46,1,3090.00
4739,102801,123,2,1690.00
4740,102802,67,1,1190.00
4741,102802,10,1,12290.00
4742,102802,75,1,2190.00
4743,102802,42,1,939.00
4744,102803,86,2,839.00
4745,102803,109,1,8490.00
4746,102804,122,1,2190.00
4747,102805,111,1,559.00
4748,102805,10,1,12290.00
4749,102806,21,1,7490.00
4750,102807,30,1,2990.00
4751,102808,107,1,37690.00
4752,102808,85,1,2390.00
4753,102809,12,1,3790.00
4754,102809,81,1,4690.00
4755,102809,11,1,4690.00
4756,102809,131,1,1590.00
4757,102810,117,1,2790.00
4758,102811,9,1,3090.00
4759,102811,67,1,1190.00
4760,102812,126,1,3090.00
4761,102812,97,1,459.00
4762,102812,106,1,23590.00
4763,102812,28,1,20790.00
4764,102813,86,1,839.00
4765,102814,86,1,839.00
4766,102814,111,1,559.00
4767,102814,109,1,8490.00
4768,102815,117,2,2790.00
4769,102816,66,1,1390.00
4770,102816,34,1,6090.00
4771,102817,75,1,2190.00
4772,102818,65,1,4190.00
4773,102819,117,1,2790.00
4774,102820,8,1,16990.00
4775,102820,50,1,7490.00
4776,102821,46,2,3090.00
4777,102821,109,1,8490.00
4778,102821,131,1,1590.00
4779,102822,30,1,2990.00
4780,102822,23,1,3290.00
4781,102823,19,1,113290.00
4782,102823,26,1,47190.00
4783,102824,123,1,1690.00
4784,102825,2,1,34890.00
4785,102826,74,1,649.00
4786,102827,101,1,1490.00
4787,102828,20,1,10390.00
4788,102828,10,1,12290.00
4789,102828,57,1,469.00
4790,102829,66,2,1390.00
4791,102830,40,1,30690.00
4792,102830,86,2,839.00
4793,102831,16,1,40590.00
4794,102832,85,1,2390.00
4795,102833,34,1,6090.00
4796,102834,57,2,469.00
4797,102835,46,2,3090.00
4798,102836,43,2,1190.00
4799,102837,12,1,3790.00
4800,102837,122,2,2190.00
4801,102837,86,2,839.00
4802,102838,122,1,2190.00
4803,102839,46,2,3090.00
4804,102840,66,1,1390.00
4805,102841,40,1,30690.00
4806,102841,67,1,1190.00
4807,102841,25,1,23590.00
4808,102842,38,2,2790.00
4809,102843,66,1,1390.00
4810,102844,89,1,379.00
4811,102844,93,1,749.00
4812,102844,29,1,2190.00
4813,102845,46,1,3090.00
4814,102845,16,1,40590.00
4815,102846,42,1,939.00
4816,102846,101,1,1490.00
4817,102847,95,2,990.00
4818,102848,93,1,749.00
4819,102848,111,2,559.00
4820,102849,3,1,80190.00
4821,102849,122,1,2190.00
4822,102850,107,1,37790.00
4823,102850,22,1,2390.00
4824,102850,36,1,7490.00
4825,102851,89,3,379.00
4826,102851,117,1,2790.00
4827,102852,34,1,6090.00
4828,102852,29,1,2190.00
4829,102853,76,3,429.00
4830,102853,74,1,649.00
4831,102854,42,1,939.00
4832,102855,18,1,49990.00
4833,102856,51,1,6090.00
4834,102856,30,1,2990.00
4835,102856,20,1,10390.00
4836,102857,38,1,2790.00
4837,102857,31,1,42490.00
4838,102857,8,1,16990.00
4839,102857,32,1,5190.00
4840,102858,10,1,12290.00
4841,102859,86,2,839.00
4842,102859,117,1,2790.00
4843,102859,51,1,6090.00
4844,102860,122,1,2190.00
4845,102861,109,1,8490.00
4846,102862,13,1,26390.00
4847,102862,108,1,5190.00
4848,102863,109,1,8490.00
4849,102864,50,1,7490.00
4850,102865,85,2,2390.00
4851,102866,91,1,1390.00
4852,102867,65,1,4190.00
4853,102867,73,2,459.00
4854,102868,36,1,7490.00
4855,102868,118,1,9390.00
4856,102869,8,1,16990.00
4857,102869,58,1,4690.00
4858,102869,109,1,8490.00
4859,102870,17,1,61390.00
4860,102871,77,1,2090.00
4861,102872,42,2,939.00
4862,102872,11,1,4690.00
4863,102872,109,1,8490.00
4864,102873,117,1,2790.00
4865,102874,78,1,1790.00
4866,102875,110,1,3790.00
4867,102876,81,1,4690.00
4868,102876,120,1,1390.00
4869,102877,126,1,3090.00
4870,102878,117,1,2790.00
4871,102878,94,1,1090.00
4872,102879,86,1,839.00
4873,102879,106,1,23590.00
4874,102880,20,1,10390.00
4875,102881,108,1,5190.00
4876,102881,62,1,4290.00
4877,102881,102,1,1890.00
4878,102882,85,2,2390.00
4879,102883,122,1,2190.00
4880,102884,85,1,2390.00
4881,102884,112,1,839.00
4882,102885,88,1,7090.00
4883,102886,117,1,2790.00
4884,102887,78,1,1790.00
4885,102888,8,1,16990.00
4886,102889,67,1,1190.00
4887,102890,92,2,939.00
4888,102891,62,1,4290.00
4889,102892,96,3,559.00
4890,102892,42,1,939.00
4891,102892,58,2,4690.00
4892,102893,30,1,2990.00
4893,102893,117,1,2790.00
4894,102893,85,2,2390.00
4895,102894,18,1,49990.00
4896,102894,109,1,8490.00
4897,102895,46,1,3090.00
4898,102895,65,1,4190.00
4899,102895,23,1,3290.00
4900,102896,86,1,839.00
4901,102896,98,1,839.00
4902,102897,68,1,2390.00
4903,102898,2,1,34890.00
4904,102899,99,1,1190.00
4905,102900,42,2,939.00
4906,102900,31,1,42490.00
4907,102901,60,2,3290.00
4908,102901,36,1,7490.00
4909,102902,119,1,3290.00
4910,102902,63,1,5590.00
4911,102903,117,1,2790.00
4912,102903,97,1,459.00
4913,102904,36,1,7490.00
4914,102905,52,1,7090.00
4915,102906,112,3,839.00
4916,102906,97,2,459.00
4917,102906,101,1,1490.00
4918,102907,23,2,3290.00
4919,102907,39,1,5690.00
4920,102908,110,2,3790.00
4921,102908,42,2,939.00
4922,102908,66,1,1390.00
4923,102908,131,1,1590.00
4924,102909,80,1,5690.00
4925,102910,43,2,1190.00
4926,102911,86,2,839.00
4927,102911,90,2,2690.00
4928,102911,102,1,1890.00
4929,102912,38,2,2790.00
4930,102912,12,2,3790.00
4931,102913,9,1,3090.00
4932,102914,83,1,6590.00
4933,102915,111,2,559.00
4934,102916,120,1,1390.00
4935,102917,46,1,3090.00
4936,102917,109,1,8490.00
4937,102917,120,1,1390.00
4938,102918,118,1,9390.00
4939,102918,43,1,1190.00
4940,102918,57,1,469.00
4941,102918,74,2,649.00
4942,102919,9,1,3090.00
4943,102920,86,1,839.00
4944,102921,66,1,1390.00
4945,102921,51,1,6090.00
4946,102921,23,1,3290.00
4947,102922,35,1,4490.00
4948,102922,93,2,749.00
4949,102923,92,2,939.00
4950,102924,46,1,3090.00
4951,102925,23,1,3290.00
4952,102926,109,1,8490.00
4953,102926,67,1,1190.00
4954,102927,31,1,42490.00
4955,102928,63,1,5590.00
4956,102929,57,1,469.00
4957,102930,111,1,559.00
4958,102930,63,1,5590.00
4959,102931,91,1,1390.00
4960,102932,15,1,16490.00
4961,102933,34,1,6090.00
4962,102933,45,1,6590.00
4963,102933,64,1,3790.00
4964,102933,102,1,1890.00
4965,102934,38,1,2790.00
4966,102935,30,1,2990.00
4967,102935,97,2,459.00
4968,102936,109,1,8490.00
4969,102937,65,2,4190.00
4970,102938,43,2,1190.00
4971,102938,65,1,4190.00
4972,102939,9,1,3090.00
4973,102939,97,1,459.00
4974,102940,89,2,379.00
4975,102941,95,1,990.00
4976,102941,9,1,3090.00
4977,102942,117,1,2790.00
4978,102943,46,1,3090.00
4979,102943,62,1,4290.00
4980,102944,127,1,6590.00
4981,102944,110,1,3790.00
4982,102945,85,1,2390.00
4983,102945,109,1,8490.00
4984,102946,11,2,4690.00
4985,102947,97,3,459.00
4986,102947,118,1,9390.00
4987,102948,95,1,990.00
4988,102948,109,1,8490.00
4989,102948,30,2,2990.00
4990,102948,111,1,559.00
4991,102949,108,1,5190.00
4992,102949,66,1,1390.00
4993,102949,131,1,1590.00
4994,102950,42,1,939.00
4995,102951,108,1,5190.00
4996,102951,86,1,839.00
4997,102952,60,1,3290.00
4998,102952,63,1,5590.00
4999,102953,30,2,2990.00
5000,102954,17,1,61390.00
5001,102955,111,1,559.00
5002,102956,112,1,839.00
5003,102957,92,1,939.00
5004,102958,93,2,749.00
5005,102959,117,1,2790.00
5006,102960,14,1,11290.00
5007,102961,86,1,839.00
5008,102962,36,1,7590.00
5009,102962,127,1,6590.00
5010,102963,86,2,839.00
5011,102964,43,1,1190.00
5012,102965,11,1,4690.00
5013,102966,102,2,1890.00
5014,102966,75,1,2190.00
5015,102967,119,1,3290.00
5016,102967,58,1,4690.00
5017,102968,51,1,6090.00
5018,102968,86,1,839.00
5019,102968,117,1,2790.00
5020,102969,86,1,839.00
5021,102970,68,2,2390.00
5022,102971,131,1,1590.00
5023,102971,48,1,4690.00
5024,102972,123,2,1690.00
5025,102973,111,2,559.00
5026,102974,38,1,2790.00
5027,102974,73,2,459.00
5028,102975,117,1,2790.00
5029,102975,86,2,839.00
5030,102976,6,1,12690.00
5031,102976,57,3,469.00
5032,102976,40,1,30690.00
5033,102976,74,1,649.00
5034,102977,108,1,5190.00
5035,102977,74,1,649.00
5036,102978,67,1,1190.00
5037,102979,109,1,8490.00
5038,102980,109,1,8490.00
5039,102981,110,1,3790.00
5040,102982,46,1,3090.00
5041,102983,58,1,4690.00
5042,102984,63,1,5590.00
5043,102984,77,1,2090.00
5044,102985,73,3,459.00
5045,102985,14,1,11290.00
5046,102986,125,1,1890.00
5047,102987,95,2,990.00
5048,102987,43,1,1190.00
5049,102987,110,2,3790.00
5050,102988,126,1,3090.00
5051,102988,96,1,559.00
5052,102989,11,1,4690.00
5053,102990,89,1,379.00
5054,102991,93,1,749.00
5055,102992,22,1,2390.00
5056,102992,111,1,559.00
5057,102993,68,1,2390.00
5058,102994,8,1,16990.00
5059,102995,109,1,8490.00
5060,102995,36,1,7590.00
5061,102996,109,1,8490.00
5062,102996,66,1,1390.00
5063,102997,117,1,2790.00
5064,102998,63,1,5590.00
5065,102998,107,1,37790.00
5066,102998,109,1,8490.00
5067,102999,46,1,3090.00
5068,103000,111,3,559.00
5069,103001,109,1,8490.00
5070,103001,42,1,939.00
5071,103001,86,3,839.00
5072,103002,110,1,3790.00
5073,103002,71,1,2790.00
5074,103003,42,1,939.00
5075,103003,71,1,2790.00
5076,103004,66,1,1390.00
5077,103004,9,1,3090.00
5078,103004,97,1,459.00
5079,103005,105,1,1390.00
5080,103005,14,1,11290.00
5081,103006,87,1,2790.00
5082,103007,111,2,559.00
5083,103008,111,1,559.00
5084,103008,43,1,1190.00
5085,103009,110,1,3790.00
5086,103010,99,1,1190.00
5087,103010,54,1,3290.00
5088,103010,108,1,5190.00
5089,103011,38,2,2790.00
5090,103011,111,1,559.00
5091,103011,65,1,4190.00
5092,103012,128,1,16990.00
5093,103013,126,2,3090.00
5094,103014,80,1,5690.00
5095,103014,109,1,8490.00
5096,103015,111,2,559.00
5097,103015,31,1,42490.00
5098,103016,86,2,839.00
5099,103017,11,1,4690.00
5100,103017,87,1,2790.00
5101,103018,119,1,3290.00
5102,103019,90,1,2690.00
5103,103020,27,1,56690.00
5104,103021,26,1,47290.00
5105,103021,42,1,939.00
5106,103022,50,1,7590.00
5107,103023,110,1,3790.00
5108,103024,46,1,3090.00
5109,103024,51,1,6090.00
5110,103025,68,1,2390.00
5111,103025,61,1,7090.00
5112,103026,95,1,990.00
5113,103026,108,1,5190.00
5114,103026,58,1,4690.00
5115,103026,19,1,113490.00
5116,103027,127,1,6590.00
5117,103028,23,2,3290.00
5118,103028,86,2,839.00
5119,103028,10,1,12290.00
5120,103029,102,1,1890.00
5121,103030,109,1,8490.00
5122,103031,97,2,459.00
5123,103031,33,1,11290.00
5124,103032,42,3,939.00
5125,103032,34,1,6090.00
5126,103033,11,1,4690.00
5127,103034,107,1,37790.00
5128,103034,65,1,4190.00
5129,103035,82,1,7590.00
5130,103036,99,1,1190.00
5131,103037,43,1,1190.00
5132,103038,65,1,4190.00
5133,103039,29,1,2190.00
5134,103040,125,1,1890.00
5135,103040,111,2,559.00
5136,103040,86,1,839.00
5137,103040,83,1,6590.00
5138,103041,30,2,2990.00
5139,103042,109,1,8490.00
5140,103042,117,1,2790.00
5141,103042,108,1,5190.00
5142,103042,128,1,16990.00
5143,103043,99,1,1190.00
5144,103044,131,1,1590.00
5145,103044,43,1,1190.00
5146,103044,7,1,31190.00
5147,103044,29,1,2190.00
5148,103045,43,1,1190.00
5149,103045,60,1,3290.00
5150,103045,42,1,939.00
5151,103046,29,1,2190.00
5152,103047,57,1,469.00
5153,103048,46,1,3090.00
5154,103048,45,1,6590.00
5155,103049,93,1,749.00
5156,103049,26,1,47290.00
5157,103050,42,1,939.00
5158,103050,38,1,2790.00
5159,103051,86,1,839.00
5160,103051,36,1,7590.00
5161,103052,107,1,37790.00
5162,103052,14,1,11290.00
5163,103053,73,1,459.00
5164,103054,82,1,7590.00
5165,103054,12,1,3790.00
5166,103055,11,1,4690.00
5167,103056,96,2,559.00
5168,103057,5,1,122890.00
5169,103058,75,1,2190.00
5170,103058,86,2,839.00
5171,103059,3,1,80390.00
5172,103059,108,1,5190.00
5173,103059,117,1,2790.00
5174,103060,58,1,4690.00
5175,103061,65,1,4190.00
5176,103061,84,2,649.00
5177,103062,33,1,11290.00
5178,103062,46,1,3090.00
5179,103063,111,1,559.00
5180,103063,1,1,20790.00
5181,103064,112,1,839.00
5182,103064,131,1,1590.00
5183,103065,46,1,3090.00
5184,103066,91,1,1390.00
5185,103067,109,1,8490.00
5186,103067,89,1,379.00
5187,103068,111,1,559.00
5188,103068,117,1,2790.00
5189,103068,85,1,2390.00
5190,103069,97,2,459.00
5191,103070,65,1,4190.00
5192,103071,74,1,649.00
5193,103071,78,1,1790.00
5194,103071,28,1,20790.00
5195,103072,86,1,839.00
5196,103073,33,1,11290.00
5197,103074,124,1,1490.00
5198,103074,38,1,2790.00
5199,103075,117,1,2790.00
5200,103075,95,1,990.00
5201,103076,31,1,42590.00
5202,103077,88,1,7090.00
5203,103077,76,2,429.00
5204,103078,63,1,5590.00
5205,103079,109,1,8490.00
5206,103080,54,1,3290.00
5207,103081,119,1,3290.00
5208,103081,59,2,1890.00
5209,103081,108,1,5190.00
5210,103081,34,1,6090.00
5211,103082,111,1,559.00
5212,103083,42,2,949.00
5213,103083,58,1,4690.00
5214,103084,17,1,61490.00
5215,103085,111,2,559.00
5216,103085,75,1,2190.00
5217,103086,105,1,1390.00
5218,103087,74,2,649.00
5219,103088,86,1,839.00
5220,103089,117,2,2790.00
5221,103089,65,1,4190.00
5222,103090,21,1,7590.00
5223,103091,63,1,5590.00
5224,103092,38,1,2790.00
5225,103092,127,1,6590.00
5226,103093,97,2,459.00
5227,103094,107,1,37790.00
5228,103094,38,1,2790.00
5229,103095,29,1,2190.00
5230,103095,8,1,16990.00
5231,103095,2,1,34990.00
5232,103095,111,1,559.00
5233,103096,125,1,1890.00
5234,103097,89,1,379.00
5235,103098,11,1,4690.00
5236,103099,85,1,2390.00
5237,103099,110,1,3790.00
5238,103100,127,1,6590.00
5239,103101,97,1,459.00
5240,103102,12,1,3790.00
5241,103102,71,2,2790.00
5242,103102,110,1,3790.00
5243,103102,111,1,559.00
5244,103103,28,1,20790.00
5245,103103,86,1,839.00
5246,103104,6,1,12790.00
5247,103104,117,1,2790.00
5248,103105,110,1,3790.00
5249,103106,11,1,4690.00
5250,103107,60,1,3290.00
5251,103108,94,1,1090.00
5252,103108,43,1,1190.00
5253,103109,108,1,5190.00
5254,103109,111,1,559.00
5255,103110,99,1,1190.00
5256,103111,46,1,3090.00
5257,103112,111,3,559.00
5258,103112,38,1,2790.00
5259,103113,84,1,649.00
5260,103114,51,1,6090.00
5261,103115,42,2,949.00
5262,103115,117,1,2790.00
5263,103116,31,1,42590.00
5264,103116,79,1,5190.00
5265,103116,63,1,5590.00
5266,103117,45,1,6590.00
5267,103117,46,1,3090.00
5268,103118,104,2,4690.00
5269,103118,8,1,16990.00
5270,103119,93,2,749.00
5271,103119,108,1,5190.00
5272,103119,109,1,8490.00
5273,103120,78,1,1790.00
5274,103120,91,2,1390.00
5275,103120,110,2,3790.00
5276,103121,106,1,23590.00
5277,103122,12,1,3790.00
5278,103123,34,1,6090.00
5279,103123,63,1,5590.00
5280,103124,84,1,649.00
5281,103125,117,1,2790.00
5282,103126,46,1,3090.00
5283,103127,111,1,559.00
5284,103127,105,1,1390.00
5285,103127,58,1,4690.00
5286,103128,50,1,7590.00
5287,103128,117,1,2790.00
5288,103129,30,1,2990.00
5289,103130,85,1,2390.00
5290,103131,109,1,8490.00
5291,103131,105,1,1390.00
5292,103132,57,1,469.00
5293,103132,63,1,5590.00
5294,103133,82,1,7590.00
5295,103134,2,1,34990.00
5296,103135,98,2,839.00
5297,103135,11,1,4690.00
5298,103135,112,1,839.00
5299,103135,121,1,2390.00
5300,103136,111,1,559.00
5301,103136,38,1,2790.00
5302,103136,90,2,2690.00
5303,103137,74,1,649.00
5304,103137,6,1,12790.00
5305,103138,9,1,3090.00
5306,103138,31,1,42590.00
5307,103139,108,1,5190.00
5308,103139,12,1,3790.00
5309,103140,117,1,2790.00
5310,103141,46,1,3090.00
5311,103141,57,1,469.00
5312,103142,78,1,1790.00
5313,103143,20,1,10390.00
5314,103143,29,1,2190.00
5315,103144,109,1,8490.00
5316,103144,12,1,3790.00
5317,103144,108,1,5190.00
5318,103145,12,1,3790.00
5319,103145,110,1,3790.00
5320,103146,86,2,839.00
5321,103147,89,2,379.00
5322,103147,65,2,4190.00
5323,103148,54,1,3290.00
5324,103149,57,1,469.00
5325,103149,86,1,839.00
5326,103150,57,3,469.00
5327,103151,110,1,3790.00
5328,103152,30,1,2990.00
5329,103153,86,1,839.00
5330,103153,10,1,12290.00
5331,103154,22,1,2390.00
5332,103155,86,1,839.00
5333,103155,77,2,2090.00
5334,103156,93,1,749.00
5335,103156,104,1,4690.00
5336,103156,108,1,5190.00
5337,103156,36,1,7590.00
5338,103157,12,1,3790.00
5339,103157,110,2,3790.00
5340,103158,46,1,3090.00
5341,103159,22,1,2390.00
5342,103160,63,1,5590.00
5343,103160,34,1,6090.00
5344,103160,11,1,4690.00
5345,103160,86,1,839.00
5346,103161,80,1,5690.00
5347,103161,63,1,5590.00
5348,103162,40,1,30790.00
5349,103162,86,2,839.00
5350,103163,126,1,3090.00
5351,103163,91,1,1390.00
5352,103164,32,1,5190.00
5353,103165,51,1,6090.00
5354,103165,125,1,1890.00
5355,103165,76,1,429.00
5356,103165,75,1,2190.00
5357,103166,2,1,34990.00
5358,103167,11,2,4690.00
5359,103167,117,1,2790.00
5360,103167,14,1,11290.00
5361,103167,71,1,2790.00
5362,103168,111,2,559.00
5363,103169,8,1,16990.00
5364,103170,121,1,2390.00
5365,103171,17,1,61490.00
5366,103172,117,1,2790.00
5367,103173,106,1,23690.00
5368,103173,109,1,8490.00
5369,103174,9,2,3090.00
5370,103174,51,1,6090.00
5371,103175,96,2,559.00
5372,103175,48,1,4690.00
5373,103176,110,1,3790.00
5374,103177,117,1,2790.00
5375,103177,127,1,6590.00
5376,103177,23,1,3290.00
5377,103178,36,1,7590.00
5378,103179,22,1,2390.00
5379,103180,26,1,47290.00
5380,103181,32,1,5190.00
5381,103182,29,1,2190.00
5382,103183,60,1,3290.00
5383,103183,11,1,4690.00
5384,103183,98,2,839.00
5385,103184,114,1,33090.00
5386,103185,39,1,5690.00
5387,103186,57,1,469.00
5388,103187,38,2,2790.00
5389,103188,86,1,839.00
5390,103188,117,1,2790.00
5391,103189,45,1,6590.00
5392,103189,17,1,61490.00
5393,103189,43,2,1190.00
5394,103190,30,2,2990.00
5395,103190,86,2,839.00
5396,103191,99,2,1190.00
5397,103192,86,3,839.00
5398,103193,26,1,47290.00
5399,103193,122,2,2190.00
5400,103193,117,1,2790.00
5401,103194,102,2,1890.00
5402,103194,9,1,3090.00
5403,103194,109,1,8490.00
5404,103195,99,1,1190.00
5405,103195,8,1,16990.00
5406,103196,123,4,1690.00
5407,103197,67,1,1190.00
5408,103197,30,1,2990.00
5409,103198,109,1,8490.00
5410,103198,95,2,990.00
5411,103199,46,1,3090.00
5412,103200,111,2,559.00
5413,103201,38,1,2790.00
5414,103202,91,2,1390.00
5415,103203,111,1,559.00
5416,103204,58,1,4690.00
5417,103205,85,1,2390.00
5418,103205,64,1,3790.00
5419,103206,131,1,1590.00
5420,103207,2,1,34990.00
5421,103208,107,1,37890.00
5422,103209,125,1,1890.00
5423,103209,74,1,649.00
5424,103210,78,1,1790.00
5425,103210,122,2,2190.00
5426,103211,109,1,8490.00
5427,103212,66,1,1390.00
5428,103213,54,2,3290.00
5429,103213,60,1,3290.00
5430,103214,21,1,7590.00
5431,103214,124,2,1490.00
5432,103215,89,1,379.00
5433,103215,110,1,3790.00
5434,103215,48,1,4690.00
5435,103215,76,3,429.00
5436,103216,117,1,2790.00
5437,103216,38,1,2790.00
5438,103217,11,1,4690.00
5439,103217,76,1,429.00
5440,103217,111,1,559.00
5441,103218,46,1,3090.00
5442,103219,107,1,37890.00
5443,103219,41,1,26490.00
5444,103220,110,1,3790.00
5445,103221,42,2,949.00
5446,103221,117,1,2790.00
5447,103222,34,1,6090.00
5448,103223,12,1,3790.00
5449,103223,26,1,47290.00
5450,103223,23,1,3290.00
5451,103224,65,1,4290.00
5452,103225,117,1,2790.00
5453,103225,111,2,559.00
5454,103226,86,1,839.00
5455,103227,108,1,5190.00
5456,103228,65,1,4290.00
5457,103229,57,1,469.00
5458,103229,111,1,559.00
5459,103229,46,2,3090.00
5460,103229,23,1,3290.00
5461,103230,29,1,2190.00
5462,103230,91,2,1390.00
5463,103231,45,1,6590.00
5464,103231,43,1,1190.00
5465,103232,6,1,12790.00
5466,103233,104,1,4690.00
5467,103233,97,2,459.00
5468,103234,106,1,23690.00
5469,103234,23,1,3290.00
5470,103234,38,1,2790.00
5471,103235,117,1,2790.00
5472,103235,73,2,459.00
5473,103235,76,1,429.00
5474,103236,86,2,839.00
5475,103237,97,1,459.00
5476,103238,68,1,2390.00
5477,103238,61,1,7090.00
5478,103238,23,1,3290.00
5479,103239,109,1,8490.00
5480,103239,14,1,11390.00
5481,103240,91,1,1390.00
5482,103241,46,1,3090.00
5483,103242,9,1,3090.00
5484,103242,111,1,559.00
5485,103242,127,1,6590.00
5486,103243,23,2,3290.00
5487,103243,117,1,2790.00
5488,103244,81,1,4690.00
5489,103245,17,1,61490.00
5490,103245,42,3,949.00
5491,103246,26,1,47290.00
5492,103247,112,2,839.00
5493,103247,122,1,2190.00
5494,103248,84,1,649.00
5495,103248,57,2,469.00
5496,103249,89,1,379.00
5497,103250,131,1,1590.00
5498,103251,80,1,5690.00
5499,103251,65,1,4290.00
5500,103252,89,2,379.00
5501,103252,95,1,990.00
5502,103252,20,1,10390.00
5503,103252,16,1,40690.00
5504,103253,128,1,16990.00
5505,103253,85,1,2390.00
5506,103254,89,1,379.00
5507,103254,46,1,3090.00
5508,103255,45,1,6590.00
5509,103256,23,1,3290.00
5510,103257,74,1,649.00
5511,103258,9,1,3090.00
5512,103258,43,1,1190.00
5513,103259,86,1,839.00
5514,103260,9,2,3090.00
5515,103261,38,1,2790.00
5516,103262,108,1,5190.00
5517,103263,106,1,23690.00
5518,103264,9,1,3090.00
5519,103265,86,1,839.00
5520,103265,127,1,6590.00
5521,103265,108,1,5190.00
5522,103266,34,1,6090.00
5523,103267,16,1,40690.00
5524,103268,117,1,2790.00
5525,103268,110,2,3790.00
5526,103269,76,2,429.00
5527,103270,51,1,6090.00
5528,103270,46,1,3090.00
5529,103270,21,1,7590.00
5530,103271,85,2,2390.00
5531,103271,45,1,6590.00
5532,103272,131,1,1590.00
5533,103272,38,1,2790.00
5534,103273,67,1,1190.00
5535,103274,17,1,61590.00
5536,103274,114,1,33090.00
5537,103274,117,1,2790.00
5538,103275,124,1,1490.00
5539,103276,91,1,1390.00
5540,103277,9,1,3090.00
5541,103277,66,1,1390.00
5542,103278,81,1,4690.00
5543,103278,83,1,6590.00
5544,103279,42,1,949.00
5545,103279,110,1,3790.00
5546,103280,66,1,1390.00
5547,103280,38,1,2790.00
5548,103280,83,1,6590.00
5549,103280,112,1,839.00
5550,103281,38,1,2790.00
5551,103282,68,2,2390.00
5552,103283,97,1,459.00
5553,103284,66,1,1390.00
5554,103285,117,1,2790.00
5555,103285,88,1,7090.00
5556,103286,52,1,7090.00
5557,103286,86,1,839.00
5558,103286,43,2,1190.00
5559,103287,111,1,559.00
5560,103287,42,1,949.00
5561,103287,106,1,23690.00
5562,103287,67,1,1190.00
5563,103288,112,1,839.00
5564,103289,11,2,4690.00
5565,103290,34,1,6090.00
5566,103290,8,1,16990.00
5567,103291,98,1,839.00
5568,103291,30,2,2990.00
5569,103292,86,3,839.00
5570,103293,22,1,2390.00
5571,103294,66,1,1390.00
5572,103295,67,1,1190.00
5573,103296,112,1,839.00
5574,103297,121,1,2390.00
5575,103297,78,1,1790.00
5576,103298,8,1,16990.00
5577,103298,52,1,7090.00
5578,103299,118,1,9490.00
5579,103300,76,1,429.00
5580,103301,51,1,6090.00
5581,103302,99,1,1190.00
5582,103303,99,1,1190.00
5583,103303,123,1,1690.00
5584,103303,11,2,4690.00
5585,103303,81,2,4690.00
5586,103304,111,1,559.00
5587,103305,46,1,3090.00
5588,103305,17,1,61590.00
5589,103305,15,1,16590.00
5590,103306,67,1,1190.00
5591,103307,48,1,4690.00
5592,103307,10,1,12290.00
5593,103308,43,1,1190.00
5594,103308,77,2,2090.00
5595,103308,21,1,7590.00
5596,103309,100,1,1590.00
5597,103309,63,1,5590.00
5598,103309,117,2,2790.00
5599,103310,104,1,4690.00
5600,103310,117,1,2790.00
5601,103310,106,1,23690.00
5602,103311,111,1,559.00
5603,103312,20,1,10390.00
5604,103312,85,2,2390.00
5605,103313,43,1,1190.00
5606,103314,86,1,839.00
5607,103314,36,1,7590.00
5608,103315,131,1,1590.00
5609,103316,89,2,379.00
5610,103316,120,1,1390.00
5611,103317,119,1,3290.00
5612,103317,112,1,839.00
5613,103318,75,1,2190.00
5614,103319,73,3,459.00
5615,103319,107,1,37890.00
5616,103320,111,1,559.00
5617,103321,110,2,3790.00
5618,103322,66,1,1390.00
5619,103323,85,1,2390.00
5620,103323,29,1,2190.00
5621,103324,117,1,2790.00
5622,103324,32,1,5190.00
5623,103325,9,1,3090.00
5624,103325,68,1,2390.00
5625,103325,109,1,8490.00
5626,103326,28,1,20790.00
5627,103327,84,2,649.00
5628,103327,6,1,12790.00
5629,103328,66,1,1390.00
5630,103328,21,1,7590.00
5631,103329,83,1,6590.00
5632,103330,13,1,26490.00
5633,103331,57,2,469.00
5634,103332,111,1,559.00
5635,103333,63,1,5590.00
5636,103334,109,1,8490.00
5637,103335,117,1,2790.00
5638,103336,65,1,4290.00
5639,103336,109,1,8490.00
5640,103336,91,1,1390.00
5641,103336,86,1,839.00
5642,103337,65,1,4290.00
5643,103337,57,1,469.00
5644,103337,109,1,8490.00
5645,103338,95,1,990.00
5646,103338,14,1,11390.00
5647,103339,93,1,749.00
5648,103340,91,1,1390.00
5649,103341,86,1,839.00
5650,103341,81,1,4690.00
5651,103342,95,1,990.00
5652,103343,109,1,8490.00
5653,103344,96,2,559.00
5654,103345,101,1,1490.00
5655,103346,29,1,2190.00
5656,103346,108,1,5190.00
5657,103347,73,1,459.00
5658,103348,29,1,2190.00
5659,103349,11,1,4690.00
5660,103350,115,1,16090.00
5661,103350,12,1,3790.00
5662,103350,117,1,2790.00
5663,103351,35,1,4490.00
5664,103352,8,1,16990.00
5665,103353,42,2,949.00
5666,103353,86,1,839.00
5667,103354,117,1,2790.00
5668,103354,32,1,5190.00
5669,103355,77,1,2090.00
5670,103356,57,2,469.00
5671,103356,54,1,3290.00
5672,103357,30,1,2990.00
5673,103357,119,1,3290.00
5674,103357,94,2,1090.00
5675,103358,66,2,1390.00
5676,103359,111,1,559.00
5677,103360,110,1,3790.00
5678,103361,38,1,2790.00
5679,103361,109,1,8490.00
5680,103362,50,1,7590.00
5681,103363,41,1,26490.00
5682,103363,2,1,35090.00
5683,103364,10,1,12290.00
5684,103364,43,1,1190.00
5685,103365,117,2,2790.00
5686,103365,31,1,42590.00
5687,103365,58,1,4690.00
5688,103365,40,1,30790.00
5689,103366,11,1,4690.00
5690,103367,42,2,949.00
5691,103367,108,1,5190.00
5692,103368,12,1,3790.00
5693,103369,94,1,1090.00
5694,103370,89,1,379.00
5695,103370,57,1,469.00
5696,103370,45,1,6590.00
5697,103371,91,2,1390.00
5698,103371,107,1,37890.00
5699,103371,86,1,839.00
5700,103372,75,1,2190.00
5701,103373,108,1,5190.00
5702,103374,118,1,9490.00
5703,103374,131,1,1590.00
5704,103375,112,3,839.00
5705,103376,66,1,1390.00
5706,103376,57,2,469.00
5707,103377,60,1,3290.00
5708,103378,66,1,1390.00
5709,103378,30,1,2990.00
5710,103378,86,2,839.00
5711,103379,111,2,559.00
5712,103380,25,1,23690.00
5713,103381,34,1,6190.00
5714,103381,109,1,8490.00
5715,103382,111,1,559.00
5716,103383,111,1,559.00
5717,103384,46,1,3090.00
5718,103385,125,1,1890.00
5719,103386,38,1,2790.00
5720,103387,97,1,459.00
5721,103388,119,1,3290.00
5722,103388,42,1,949.00
5723,103389,67,1,1190.00
5724,103390,11,1,4690.00
5725,103390,42,1,949.00
5726,103390,89,1,379.00
5727,103391,88,1,7090.00
5728,103392,80,1,5690.00
5729,103393,89,1,379.00
5730,103393,86,1,839.00
5731,103394,99,1,1190.00
5732,103395,20,1,10390.00
5733,103395,30,1,2990.00
5734,103395,83,1,6590.00
5735,103396,11,1,4690.00
5736,103397,42,2,949.00
5737,103397,8,1,17090.00
5738,103397,109,1,8490.00
5739,103398,41,1,26490.00
5740,103398,86,1,839.00
5741,103398,26,1,47390.00
5742,103399,57,1,469.00
5743,103400,63,1,5590.00
5744,103401,99,1,1190.00
5745,103401,65,1,4290.00
5746,103402,73,1,459.00
5747,103403,79,1,5190.00
5748,103404,111,3,559.00
5749,103404,23,1,3290.00
5750,103404,26,1,47390.00
5751,103404,96,3,559.00
5752,103405,9,2,3090.00
5753,103405,43,1,1190.00
5754,103406,43,1,1190.00
5755,103407,82,1,7590.00
5756,103407,73,1,459.00
5757,103408,99,1,1190.00
5758,103409,110,1,3790.00
5759,103409,41,1,26490.00
5760,103409,14,1,11390.00
5761,103410,43,1,1190.00
5762,103410,30,1,2990.00
5763,103410,81,1,4690.00
5764,103411,122,1,2190.00
5765,103411,96,1,559.00
5766,103412,76,2,439.00
5767,103412,43,1,1190.00
5768,103412,111,1,559.00
5769,103412,96,1,559.00
5770,103413,110,1,3790.00
5771,103413,97,2,459.00
5772,103413,46,2,3090.00
5773,103413,67,1,1190.00
5774,103414,51,1,6190.00
5775,103415,107,1,37890.00
5776,103416,86,1,839.00
5777,103416,110,1,3790.00
5778,103417,38,1,2790.00
5779,103418,65,1,4290.00
5780,103419,6,1,12790.00
5781,103419,108,1,5190.00
5782,103420,2,1,35090.00
5783,103421,9,1,3090.00
5784,103421,93,2,749.00
5785,103422,58,1,4690.00
5786,103422,117,1,2790.00
5787,103423,17,1,61590.00
5788,103423,14,1,11390.00
5789,103424,40,1,30790.00
5790,103425,86,1,839.00
5791,103425,22,1,2390.00
5792,103426,119,1,3290.00
5793,103427,8,1,17090.00
5794,103427,46,1,3090.00
5795,103428,125,1,1890.00
5796,103429,129,1,8490.00
5797,103429,110,1,3790.00
5798,103430,95,1,990.00
5799,103430,99,2,1190.00
5800,103431,111,1,559.00
5801,103432,114,1,33190.00
5802,103433,124,3,1490.00
5803,103433,30,1,2990.00
5804,103433,75,1,2190.00
5805,103433,111,1,559.00
5806,103434,30,1,2990.00
5807,103434,51,1,6190.00
5808,103435,97,1,459.00
5809,103436,125,1,1890.00
5810,103437,11,1,4690.00
5811,103437,45,1,6590.00
5812,103438,119,2,3290.00
5813,103439,91,1,1390.00
5814,103439,63,1,5590.00
5815,103439,46,2,3090.00
5816,103440,22,1,2390.00
5817,103441,117,1,2790.00
5818,103442,109,1,8490.00
5819,103443,109,1,8490.00
5820,103443,47,1,12290.00
5821,103444,3,1,80590.00
5822,103444,89,1,379.00
5823,103445,45,1,6590.00
5824,103446,71,1,2790.00
5825,103446,111,2,559.00
5826,103447,75,1,2190.00
5827,103447,76,2,439.00
5828,103448,111,2,559.00
5829,103448,23,1,3290.00
5830,103449,46,1,3090.00
5831,103449,68,1,2390.00
5832,103449,20,1,10390.00
5833,103449,40,1,30790.00
5834,103450,29,1,2190.00
5835,103450,2,1,35090.00
5836,103451,117,1,2790.00
5837,103451,57,1,469.00
5838,103452,23,1,3290.00
5839,103453,121,2,2390.00
5840,103453,76,1,439.00
5841,103453,92,1,939.00
5842,103454,96,2,559.00
5843,103454,26,1,47390.00
5844,103455,95,1,990.00
5845,103455,86,2,839.00
5846,103455,40,1,30790.00
5847,103455,4,1,90090.00
5848,103456,111,2,559.00
5849,103457,57,1,469.00
5850,103457,111,2,559.00
5851,103457,93,2,749.00
5852,103458,109,1,8490.00
5853,103458,75,1,2190.00
5854,103459,112,1,839.00
5855,103460,13,1,26590.00
5856,103461,86,1,839.00
5857,103462,59,1,1890.00
5858,103463,67,1,1190.00
5859,103463,88,1,7090.00
5860,103464,109,1,8490.00
5861,103465,12,1,3790.00
5862,103466,111,1,559.00
5863,103467,47,1,12290.00
5864,103468,61,1,7090.00
5865,103468,63,1,5590.00
5866,103468,101,1,1490.00
5867,103468,43,2,1190.00
5868,103469,42,1,949.00
5869,103470,97,1,459.00
5870,103471,9,2,3090.00
5871,103472,65,2,4290.00
5872,103472,29,1,2190.00
5873,103473,67,1,1190.00
5874,103474,29,1,2190.00
5875,103474,74,2,649.00
5876,103474,3,1,80590.00
5877,103475,48,2,4690.00
5878,103476,97,2,459.00
5879,103477,42,1,949.00
5880,103477,17,1,61690.00
5881,103477,91,2,1390.00
5882,103477,65,1,4290.00
5883,103478,123,3,1690.00
5884,103479,95,1,990.00
5885,103480,65,1,4290.00
5886,103480,67,1,1190.00
5887,103480,21,1,7590.00
5888,103481,83,1,6590.00
5889,103482,20,1,10390.00
5890,103482,42,2,949.00
5891,103483,120,1,1390.00
5892,103483,71,1,2790.00
5893,103484,89,1,379.00
5894,103484,111,1,559.00
5895,103485,123,1,1690.00
5896,103486,52,1,7090.00
5897,103487,109,1,8490.00
5898,103488,23,1,3290.00
5899,103488,117,1,2790.00
5900,103488,54,1,3290.00
5901,103489,38,1,2790.00
5902,103490,68,2,2390.00
5903,103491,97,1,459.00
5904,103492,42,1,949.00
5905,103492,61,1,7090.00
5906,103493,58,1,4690.00
5907,103494,121,1,2390.00
5908,103494,57,1,469.00
5909,103495,123,2,1690.00
5910,103496,37,1,46990.00
5911,103497,57,2,469.00
5912,103498,77,1,2090.00
5913,103499,23,1,3290.00
5914,103500,108,1,5190.00
5915,103501,16,1,40790.00
5916,103502,107,1,37990.00
5917,103503,34,1,6190.00
5918,103504,13,1,26590.00
5919,103505,97,1,469.00
5920,103505,108,1,5190.00
5921,103506,109,1,8490.00
5922,103506,58,1,4690.00
5923,103506,86,1,839.00
5924,103507,115,1,16090.00
5925,103508,104,1,4690.00
5926,103509,112,1,839.00
5927,103510,119,1,3290.00
5928,103510,62,1,4390.00
5929,103510,26,1,47490.00
5930,103510,57,2,469.00
5931,103511,97,2,469.00
5932,103512,95,1,990.00
5933,103513,59,1,1890.00
5934,103514,29,1,2190.00
5935,103515,26,1,47490.00
5936,103516,84,2,649.00
5937,103517,129,1,8490.00
5938,103517,123,4,1690.00
5939,103518,88,1,7090.00
5940,103518,97,1,469.00
5941,103519,109,1,8490.00
5942,103520,87,1,2790.00
5943,103521,74,1,649.00
5944,103521,21,1,7590.00
5945,103521,43,1,1190.00
5946,103522,38,1,2790.00
5947,103523,30,1,2990.00
5948,103524,110,1,3790.00
5949,103524,129,1,8490.00
5950,103525,80,1,5690.00
5951,103525,97,2,469.00
5952,103526,89,1,379.00
5953,103526,123,1,1690.00
5954,103527,54,2,3290.00
5955,103528,46,2,3090.00
5956,103529,67,2,1190.00
5957,103529,38,1,2790.00
5958,103530,109,1,8490.00
5959,103531,96,2,559.00
5960,103531,3,1,80690.00
5961,103531,43,1,1190.00
5962,103532,16,1,40790.00
5963,103533,29,2,2190.00
5964,103534,122,1,2190.00
5965,103534,76,1,439.00
5966,103534,63,1,5590.00
5967,103535,112,1,839.00
5968,103536,108,1,5190.00
5969,103537,109,1,8490.00
5970,103537,42,2,949.00
5971,103538,110,1,3790.00
5972,103539,36,1,7590.00
5973,103540,1,1,20890.00
5974,103540,110,1,3790.00
5975,103540,66,2,1390.00
5976,103541,56,1,759.00
5977,103542,6,1,12790.00
5978,103543,67,1,1190.00
5979,103543,6,1,12790.00
5980,103544,112,1,839.00
5981,103544,83,1,6590.00
5982,103545,122,2,2190.00
5983,103546,117,1,2790.00
5984,103547,117,1,2790.00
5985,103548,122,1,2190.00
5986,103549,23,1,3290.00
5987,103550,64,1,3790.00
5988,103550,38,1,2790.00
5989,103551,43,1,1190.00
5990,103552,38,1,2790.00
5991,103553,12,1,3790.00
5992,103553,23,1,3290.00
5993,103554,110,1,3790.00
5994,103554,57,1,469.00
5995,103554,39,1,5690.00
5996,103555,101,2,1490.00
5997,103555,96,1,559.00
5998,103555,23,1,3290.00
5999,103556,91,1,1390.00
6000,103557,111,1,559.00
6001,103558,15,1,16590.00
6002,103558,9,1,3090.00
6003,103559,77,1,2090.00
6004,103560,58,1,4690.00
6005,103560,51,1,6190.00
6006,103561,46,1,3090.00
6007,103562,80,1,5690.00
6008,103563,108,1,5190.00
6009,103563,68,2,2390.00
6010,103563,117,1,2790.00
6011,103564,118,1,9490.00
6012,103564,14,1,11390.00
6013,103564,67,1,1190.00
6014,103565,119,1,3290.00
6015,103565,23,1,3290.00
6016,103565,12,1,3790.00
6017,103566,112,2,849.00
6018,103566,10,1,12290.00
6019,103567,81,1,4690.00
6020,103568,110,2,3790.00
6021,103569,74,2,659.00
6022,103569,43,1,1190.00
6023,103569,122,1,2190.00
6024,103570,20,1,10390.00
6025,103571,77,1,2090.00
6026,103571,57,2,469.00
6027,103572,39,1,5690.00
6028,103573,93,1,749.00
6029,103574,59,1,1890.00
6030,103574,108,1,5190.00
6031,103575,58,1,4690.00
6032,103576,2,1,35090.00
6033,103576,114,1,33190.00
6034,103577,20,1,10390.00
6035,103578,46,1,3090.00
6036,103579,104,1,4690.00
6037,103580,12,1,3790.00
6038,103580,42,1,949.00
6039,103581,78,1,1790.00
6040,103581,112,1,849.00
6041,103581,111,1,559.00
6042,103581,61,1,7090.00
6043,103582,11,1,4690.00
6044,103582,131,1,1590.00
6045,103583,117,1,2790.00
6046,103584,38,2,2790.00
6047,103585,41,1,26590.00
6048,103585,91,1,1390.00
6049,103586,21,1,7590.00
6050,103587,68,1,2390.00
6051,103588,46,1,3090.00
6052,103588,110,1,3790.00
6053,103588,112,2,849.00
6054,103589,117,1,2790.00
6055,103590,12,1,3790.00
6056,103590,96,2,559.00
6057,103591,29,1,2190.00
6058,103592,91,1,1390.00
6059,103593,111,1,559.00
6060,103594,7,1,31290.00
6061,103595,8,1,17090.00
6062,103596,91,1,1390.00
6063,103597,9,1,3090.00
6064,103597,81,1,4690.00
6065,103598,117,1,2790.00
6066,103599,99,1,1190.00
6067,103600,42,1,949.00
6068,103600,122,2,2190.00
6069,103601,66,1,1390.00
6070,103601,109,1,8490.00
6071,103602,57,2,469.00
6072,103602,64,1,3790.00
6073,103603,58,1,4690.00
6074,103603,26,1,47490.00
6075,103604,13,1,26590.00
6076,103605,117,1,2790.00
6077,103605,20,1,10390.00
6078,103605,19,1,113990.00
6079,103606,30,1,2990.00
6080,103607,47,1,12290.00
6081,103607,99,1,1190.00
6082,103607,9,1,3090.00
6083,103607,78,1,1790.00
6084,103608,67,2,1190.00
6085,103608,23,1,3290.00
6086,103609,91,1,1390.00
6087,103610,76,1,439.00
6088,103611,98,2,849.00
6089,103612,121,1,2390.00
6090,103613,13,1,26590.00
6091,103613,29,1,2190.00
6092,103614,30,1,2990.00
6093,103614,112,1,849.00
6094,103615,57,2,469.00
6095,103615,42,3,949.00
6096,103615,119,2,3290.00
6097,103616,109,1,8490.00
6098,103617,99,2,1190.00
6099,103618,67,2,1190.00
6100,103618,123,1,1690.00
6101,103618,10,1,12290.00
6102,103619,42,1,949.00
6103,103620,117,1,2790.00
6104,103620,96,3,559.00
6105,103621,74,1,659.00
6106,103621,52,1,7090.00
6107,103622,40,1,30890.00
6108,103622,30,1,2990.00
6109,103622,46,2,3090.00
6110,103623,59,1,1890.00
6111,103624,19,1,113990.00
6112,103624,131,1,1590.00
6113,103625,78,1,1790.00
6114,103626,107,1,37990.00
6115,103626,84,2,659.00
6116,103627,87,2,2790.00
6117,103628,68,1,2390.00
6118,103629,109,1,8490.00
6119,103629,54,1,3290.00
6120,103629,51,1,6190.00
6121,103629,123,2,1690.00
6122,103630,25,1,23690.00
6123,103631,32,1,5190.00
6124,103632,42,1,949.00
6125,103632,18,1,50290.00
6126,103632,66,1,1390.00
6127,103632,43,1,1190.00
6128,103633,111,1,559.00
6129,103634,111,2,559.00
6130,103635,11,1,4690.00
6131,103635,42,2,949.00
6132,103635,112,1,849.00
6133,103636,23,1,3290.00
6134,103637,93,1,749.00
6135,103637,57,1,469.00
6136,103638,95,2,990.00
6137,103638,112,3,849.00
6138,103638,98,1,849.00
6139,103639,94,1,1090.00
6140,103640,13,1,26590.00
6141,103640,86,2,849.00
6142,103641,74,1,659.00
6143,103642,84,2,659.00
6144,103642,57,2,469.00
6145,103643,67,2,1190.00
6146,103643,29,1,2190.00
6147,103644,61,1,7090.00
6148,103644,90,1,2690.00
6149,103644,107,1,37990.00
6150,103645,127,1,6590.00
6151,103646,30,1,2990.00
6152,103646,29,2,2190.00
6153,103647,63,1,5590.00
6154,103648,123,1,1690.00
6155,103648,8,1,17090.00
6156,103648,46,1,3090.00
6157,103649,123,1,1690.00
6158,103649,9,1,3090.00
6159,103650,86,1,849.00
6160,103650,74,1,659.00
6161,103651,42,2,949.00
6162,103652,112,2,849.00
6163,103652,111,3,559.00
6164,103652,97,1,469.00
6165,103652,109,1,8490.00
6166,103653,86,1,849.00
6167,103654,117,1,2790.00
6168,103654,41,1,26590.00
6169,103655,58,1,4690.00
6170,103655,68,1,2390.00
6171,103655,20,1,10390.00
6172,103656,57,1,469.00
6173,103657,11,2,4690.00
6174,103657,34,1,6190.00
6175,103657,75,1,2190.00
6176,103658,12,2,3790.00
6177,103658,51,1,6190.00
6178,103658,111,3,559.00
6179,103658,68,1,2390.00
6180,103659,110,1,3790.00
6181,103660,111,1,559.00
6182,103660,9,1,3090.00
6183,103660,86,2,849.00
6184,103661,66,1,1390.00
6185,103662,74,2,659.00
6186,103662,46,1,3090.00
6187,103663,12,1,3790.00
6188,103663,67,2,1190.00
6189,103663,107,1,37990.00
6190,103664,111,1,559.00
6191,103665,40,1,30890.00
6192,103665,48,1,4790.00
6193,103665,110,1,3790.00
6194,103666,36,1,7590.00
6195,103666,20,1,10390.00
6196,103666,68,1,2390.00
6197,103666,35,1,4590.00
6198,103667,9,2,3090.00
6199,103668,96,1,559.00
6200,103668,106,1,23790.00
6201,103668,95,1,990.00
6202,103668,127,1,6590.00
6203,103669,86,1,849.00
6204,103669,38,1,2790.00
6205,103669,42,1,949.00
6206,103670,111,2,559.00
6207,103670,91,1,1390.00
6208,103670,125,1,1890.00
6209,103671,20,1,10390.00
6210,103671,83,1,6590.00
6211,103672,57,1,469.00
6212,103673,74,1,659.00
6213,103673,86,1,849.00
6214,103674,74,1,659.00
6215,103675,111,1,559.00
6216,103676,14,1,11390.00
6217,103677,42,1,949.00
6218,103677,78,2,1790.00
6219,103677,85,2,2390.00
6220,103678,111,1,559.00
6221,103678,42,1,949.00
6222,103679,104,2,4690.00
6223,103680,95,1,990.00
6224,103681,29,1,2190.00
6225,103681,86,2,849.00
6226,103682,95,1,990.00
6227,103683,119,1,3290.00
6228,103683,67,1,1190.00
6229,103684,78,1,1790.00
6230,103685,61,1,7090.00
6231,103685,19,1,114090.00
6232,103686,111,2,559.00
6233,103687,77,1,2090.00
6234,103687,23,1,3290.00
6235,103687,109,1,8490.00
6236,103687,11,1,4690.00
6237,103688,117,1,2790.00
6238,103689,10,1,12290.00
6239,103689,50,1,7590.00
6240,103690,86,1,849.00
6241,103691,23,1,3290.00
6242,103692,112,2,849.00
6243,103692,107,1,37990.00
6244,103693,86,1,849.00
6245,103693,110,1,3790.00
6246,103693,63,1,5590.00
6247,103694,23,2,3290.00
6248,103694,51,1,6190.00
6249,103695,29,1,2190.00
6250,103696,11,1,4690.00
6251,103697,20,1,10390.00
6252,103698,101,1,1490.00
6253,103699,22,2,2390.00
6254,103700,67,1,1190.00
6255,103701,111,2,559.00
6256,103701,90,1,2690.00
6257,103702,111,1,559.00
6258,103703,112,2,849.00
6259,103704,97,1,469.00
6260,103704,37,1,46990.00
6261,103705,52,1,7090.00
6262,103705,21,1,7590.00
6263,103705,85,1,2390.00
6264,103706,14,1,11390.00
6265,103706,42,1,949.00
6266,103706,45,1,6590.00
6267,103706,17,1,61790.00
6268,103707,75,1,2190.00
6269,103707,86,2,849.00
6270,103708,78,1,1790.00
6271,103708,111,1,559.00
6272,103709,59,1,1890.00
6273,103710,1,1,20890.00
6274,103710,16,1,40890.00
6275,103710,75,1,2190.00
6276,103710,42,1,949.00
6277,103711,123,3,1690.00
6278,103711,78,1,1790.00
6279,103712,119,2,3290.00
6280,103713,20,1,10390.00
6281,103713,89,2,379.00
6282,103714,31,1,42790.00
6283,103714,127,1,6590.00
6284,103714,40,1,30890.00
6285,103715,65,1,4290.00
6286,103716,54,1,3290.00
6287,103716,123,1,1690.00
6288,103717,93,2,749.00
6289,103718,3,1,80790.00
6290,103718,123,2,1690.00
6291,103718,109,1,8490.00
6292,103718,86,1,849.00
6293,103719,3,1,80790.00
6294,103720,110,1,3790.00
6295,103721,110,1,3790.00
6296,103722,93,1,749.00
6297,103723,52,1,7090.00
6298,103723,86,1,849.00
6299,103723,12,1,3790.00
6300,103724,42,2,949.00
6301,103725,21,1,7590.00
6302,103726,117,1,2790.00
6303,103726,111,2,559.00
6304,103727,5,1,123590.00
6305,103728,7,1,31390.00
6306,103729,41,1,26590.00
6307,103729,57,1,469.00
6308,103729,86,1,849.00
6309,103730,61,1,7090.00
6310,103730,12,1,3790.00
6311,103731,45,1,6590.00
6312,103731,74,1,659.00
6313,103732,91,1,1390.00
6314,103732,35,1,4590.00
6315,103732,122,1,2190.00
6316,103733,14,1,11390.00
6317,103734,38,1,2790.00
6318,103734,50,1,7590.00
6319,103735,45,1,6590.00
6320,103736,86,1,849.00
6321,103736,75,1,2190.00
6322,103736,73,2,469.00
6323,103737,106,1,23790.00
6324,103738,2,1,35190.00
6325,103739,73,1,469.00
6326,103740,110,1,3790.00
6327,103741,45,1,6590.00
6328,103742,92,2,939.00
6329,103742,128,1,17090.00
6330,103742,23,1,3290.00
6331,103743,67,1,1190.00
6332,103744,30,1,2990.00
6333,103745,43,1,1190.00
6334,103746,89,1,379.00
6335,103747,20,1,10390.00
6336,103748,38,1,2790.00
6337,103749,41,1,26590.00
6338,103749,106,1,23790.00
6339,103750,20,1,10490.00
6340,103750,106,1,23790.00
6341,103750,38,1,2790.00
6342,103751,57,3,469.00
6343,103751,108,1,5190.00
6344,103752,30,1,2990.00
6345,103753,96,1,559.00
6346,103754,78,1,1790.00
6347,103755,81,1,4690.00
6348,103756,57,1,469.00
6349,103757,67,1,1190.00
6350,103757,6,1,12790.00
6351,103757,12,2,3790.00
6352,103758,111,1,559.00
6353,103759,110,1,3790.00
6354,103759,74,1,659.00
6355,103760,96,1,559.00
6356,103761,110,1,3790.00
6357,103761,117,2,2790.00
6358,103762,110,1,3790.00
6359,103763,47,1,12390.00
6360,103764,51,1,6190.00
6361,103765,38,2,2790.00
6362,103766,7,1,31390.00
6363,103767,44,1,2890.00
6364,103768,65,1,4290.00
6365,103769,74,3,659.00
6366,103770,87,1,2790.00
6367,103770,54,1,3290.00
6368,103771,108,1,5190.00
6369,103772,74,2,659.00
6370,103772,95,1,990.00
6371,103773,12,1,3790.00
6372,103774,68,1,2390.00
6373,103775,108,1,5190.00
6374,103775,13,1,26590.00
6375,103776,11,1,4690.00
6376,103777,8,1,17090.00
6377,103778,29,1,2190.00
6378,103779,131,1,1590.00
6379,103780,61,1,7090.00
6380,103781,71,1,2790.00
6381,103782,101,1,1490.00
6382,103783,30,2,2990.00
6383,103784,111,1,559.00
6384,103785,43,1,1190.00
6385,103786,23,1,3290.00
6386,103786,98,1,849.00
6387,103786,73,1,469.00
6388,103787,86,2,849.00
6389,103788,86,1,849.00
6390,103788,26,1,47590.00
6391,103789,23,1,3290.00
6392,103790,95,2,990.00
6393,103791,41,1,26590.00
6394,103792,46,1,3090.00
6395,103792,91,1,1390.00
6396,103793,111,2,559.00
6397,103793,58,1,4690.00
6398,103793,110,2,3790.00
6399,103793,30,1,2990.00
6400,103794,58,1,4690.00
6401,103795,1,1,20890.00
6402,103796,12,1,3790.00
6403,103797,29,1,2190.00
6404,103798,99,1,1190.00
6405,103798,29,1,2190.00
6406,103798,112,1,849.00
6407,103798,89,3,379.00
6408,103799,63,1,5590.00
6409,103799,42,2,949.00
6410,103800,65,2,4290.00
6411,103800,15,1,16590.00
6412,103800,42,2,949.00
6413,103801,14,1,11390.00
6414,103802,86,2,849.00
6415,103803,23,1,3290.00
6416,103804,9,1,3090.00
6417,103805,86,1,849.00
6418,103806,111,2,559.00
6419,103806,3,1,80790.00
6420,103807,76,2,439.00
6421,103808,23,1,3290.00
6422,103809,6,1,12790.00
6423,103810,119,1,3290.00
6424,103811,40,1,30890.00
6425,103812,109,1,8590.00
6426,103813,9,1,3090.00
6427,103813,57,1,469.00
6428,103814,123,3,1690.00
6429,103815,122,1,2190.00
6430,103816,78,1,1790.00
6431,103817,120,1,1390.00
6432,103818,63,1,5590.00
6433,103818,109,1,8590.00
6434,103818,66,1,1390.00
6435,103819,46,2,3090.00
6436,103820,40,1,30890.00
6437,103821,6,1,12790.00
6438,103821,78,2,1790.00
6439,103821,111,1,559.00
6440,103822,42,3,949.00
6441,103823,40,1,30890.00
6442,103824,88,1,7090.00
6443,103825,6,1,12790.00
6444,103825,54,1,3290.00
6445,103825,111,2,559.00
6446,103826,67,1,1190.00
6447,103826,122,1,2190.00
6448,103827,31,1,42790.00
6449,103827,30,1,2990.00
6450,103827,20,1,10490.00
6451,103828,93,2,749.00
6452,103828,91,1,1390.00
6453,103829,30,1,2990.00
6454,103830,65,1,4290.00
6455,103831,29,2,2190.00
6456,103831,108,1,5190.00
6457,103832,73,1,469.00
6458,103833,131,1,1590.00
6459,103834,40,1,30890.00
6460,103835,34,1,6190.00
6461,103835,86,2,849.00
6462,103836,91,2,1390.00
6463,103837,96,2,559.00
6464,103837,123,2,1690.00
6465,103838,43,1,1190.00
6466,103839,48,1,4790.00
6467,103840,57,2,469.00
6468,103841,66,1,1390.00
6469,103842,25,1,23790.00
6470,103843,110,1,3790.00
6471,103844,86,1,849.00
6472,103844,29,1,2190.00
6473,103844,58,1,4690.00
6474,103844,131,1,1590.00
6475,103845,29,1,2190.00
6476,103846,86,1,849.00
6477,103846,30,1,2990.00
6478,103846,63,1,5590.00
6479,103846,78,1,1790.00
6480,103847,123,3,1690.00
6481,103847,120,1,1390.00
6482,103848,91,1,1390.00
6483,103848,46,1,3090.00
6484,103849,57,1,469.00
6485,103850,46,1,3090.00
6486,103851,89,1,379.00
6487,103852,54,1,3290.00
6488,103853,97,1,469.00
6489,103854,112,1,849.00
6490,103855,91,2,1390.00
6491,103856,111,1,559.00
6492,103857,57,1,469.00
6493,103858,91,1,1390.00
6494,103859,107,1,38090.00
6495,103860,63,1,5590.00
6496,103860,9,1,3090.00
6497,103860,86,1,849.00
6498,103860,110,1,3790.00
6499,103861,90,1,2790.00
6500,103862,78,1,1790.00
6501,103863,85,1,2390.00
6502,103864,96,1,559.00
6503,103865,16,1,40890.00
6504,103865,58,1,4690.00
6505,103865,65,1,4290.00
6506,103866,96,1,559.00
6507,103867,81,1,4690.00
6508,103867,38,1,2790.00
6509,103867,29,1,2190.00
6510,103867,86,1,849.00
6511,103868,11,1,4690.00
6512,103869,54,2,3290.00
6513,103870,67,1,1190.00
6514,103870,98,2,849.00
6515,103871,76,1,439.00
6516,103872,57,1,469.00
6517,103873,31,1,42790.00
6518,103873,96,1,559.00
6519,103874,21,1,7590.00
6520,103875,62,2,4390.00
6521,103876,77,2,2090.00
6522,103876,86,2,849.00
6523,103876,30,2,2990.00
6524,103877,10,1,12390.00
6525,103878,108,1,5190.00
6526,103878,14,1,11390.00
6527,103879,31,1,42790.00
6528,103879,111,1,559.00
6529,103879,131,1,1590.00
6530,103880,126,1,3090.00
6531,103880,68,1,2390.00
6532,103881,19,1,114190.00
6533,103881,12,1,3790.00
6534,103881,38,2,2790.00
6535,103882,129,1,8590.00
6536,103882,61,1,7090.00
6537,103883,118,1,9490.00
6538,103883,120,1,1390.00
6539,103884,76,1,439.00
6540,103885,131,2,1590.00
6541,103885,99,1,1190.00
6542,103885,2,1,35190.00
6543,103886,57,2,469.00
6544,103886,32,1,5190.00
6545,103887,38,1,2790.00
6546,103887,104,1,4690.00
6547,103888,81,1,4690.00
6548,103888,57,1,469.00
6549,103889,117,1,2790.00
6550,103890,11,2,4690.00
6551,103890,126,1,3090.00
6552,103891,127,1,6690.00
6553,103892,3,1,80890.00
6554,103892,112,1,849.00
6555,103893,61,1,7090.00
6556,103893,12,1,3790.00
6557,103893,91,1,1390.00
6558,103894,38,1,2790.00
6559,103895,46,1,3090.00
6560,103896,96,3,559.00
6561,103897,65,2,4290.00
6562,103897,86,2,849.00
6563,103898,117,1,2790.00
6564,103899,93,2,749.00
6565,103900,86,2,849.00
6566,103901,10,1,12390.00
6567,103902,99,1,1190.00
6568,103902,105,1,1390.00
6569,103902,29,1,2190.00
6570,103903,63,1,5590.00
6571,103904,40,1,30890.00
6572,103905,45,1,6690.00
6573,103905,20,1,10490.00
6574,103906,99,2,1190.00
6575,103906,111,1,559.00
6576,103906,43,1,1190.00
6577,103907,117,1,2790.00
6578,103907,18,1,50390.00
6579,103907,120,1,1390.00
6580,103907,22,1,2390.00
6581,103908,86,1,849.00
6582,103908,93,2,749.00
6583,103909,2,1,35190.00
6584,103909,121,1,2390.00
6585,103910,48,1,4790.00
6586,103911,86,1,849.00
6587,103912,61,1,7090.00
6588,103913,46,1,3090.00
6589,103914,67,1,1190.00
6590,103915,34,1,6190.00
6591,103915,68,1,2390.00
6592,103916,67,1,1190.00
6593,103916,104,1,4790.00
6594,103917,61,1,7090.00
6595,103918,126,1,3090.00
6596,103919,62,1,4390.00
6597,103920,111,2,559.00
6598,103920,117,1,2790.00
6599,103920,75,1,2190.00
6600,103920,65,1,4290.00
6601,103921,75,1,2190.00
6602,103922,38,1,2790.00
6603,103923,89,2,379.00
6604,103924,93,3,749.00
6605,103924,42,1,949.00
6606,103925,99,1,1190.00
6607,103925,89,1,379.00
6608,103926,65,1,4290.00
6609,103926,109,1,8590.00
6610,103927,109,1,8590.00
6611,103928,68,1,2390.00
6612,103929,122,1,2190.00
6613,103929,97,1,469.00
6614,103929,46,1,3090.00
6615,103930,95,1,990.00
6616,103931,97,3,469.00
6617,103931,118,1,9490.00
6618,103932,23,1,3290.00
6619,103933,58,1,4790.00
6620,103933,57,1,479.00
6621,103934,54,1,3290.00
6622,103935,35,1,4590.00
6623,103936,57,2,479.00
6624,103937,111,1,559.00
6625,103938,9,2,3090.00
6626,103938,98,2,849.00
6627,103939,76,1,439.00
6628,103940,31,1,42790.00
6629,103941,30,1,2990.00
6630,103942,25,1,23790.00
6631,103943,95,1,990.00
6632,103944,86,1,849.00
6633,103945,75,1,2190.00
6634,103945,98,1,849.00
6635,103946,86,3,849.00
6636,103947,1,1,20890.00
6637,103948,111,2,559.00
6638,103949,23,1,3290.00
6639,103949,51,1,6190.00
6640,103949,107,1,38090.00
6641,103950,75,1,2190.00
6642,103950,43,1,1190.00
6643,103951,128,1,17090.00
6644,103951,36,1,7590.00
6645,103952,107,1,38090.00
6646,103952,81,1,4790.00
6647,103953,91,1,1390.00
6648,103953,40,1,30890.00
6649,103953,23,1,3290.00
6650,103953,111,1,559.00
6651,103954,111,2,559.00
6652,103954,32,1,5190.00
6653,103955,122,1,2190.00
6654,103955,86,2,849.00
6655,103955,20,1,10490.00
6656,103956,118,1,9490.00
6657,103957,3,1,80890.00
6658,103957,39,1,5690.00
6659,103958,42,2,949.00
6660,103959,110,1,3790.00
6661,103960,51,1,6190.00
6662,103960,26,1,47590.00
6663,103961,97,1,469.00
6664,103961,75,1,2190.00
6665,103961,21,1,7590.00
6666,103962,91,1,1390.00
6667,103962,126,1,3090.00
6668,103962,58,2,4790.00
6669,103963,106,1,23790.00
6670,103964,36,1,7590.00
6671,103964,60,1,3290.00
6672,103964,124,3,1490.00
6673,103965,63,1,5590.00
6674,103965,118,1,9490.00
6675,103965,68,2,2390.00
6676,103965,97,1,469.00
6677,103966,37,1,47090.00
6678,103966,9,1,3090.00
6679,103967,67,1,1190.00
6680,103967,91,1,1390.00
6681,103967,31,1,42890.00
6682,103968,110,2,3790.00
6683,103969,111,2,559.00
6684,103969,58,1,4790.00
6685,103970,122,1,2190.00
6686,103970,38,1,2790.00
6687,103971,66,1,1390.00
6688,103972,95,2,990.00
6689,103973,96,1,559.00
6690,103973,26,1,47590.00
6691,103974,108,1,5190.00
6692,103974,42,1,949.00
6693,103974,131,1,1590.00
6694,103974,101,1,1490.00
6695,103975,43,1,1190.00
6696,103976,77,1,2090.00
6697,103976,63,1,5590.00
6698,103977,96,1,559.00
6699,103977,11,1,4790.00
6700,103977,67,1,1190.00
6701,103978,6,1,12790.00
6702,103979,57,1,479.00
6703,103980,74,1,659.00
6704,103981,43,1,1190.00
6705,103981,57,1,479.00
6706,103982,111,1,559.00
6707,103983,60,1,3290.00
6708,103984,74,2,659.00
6709,103984,38,1,2790.00
6710,103984,87,1,2790.00
6711,103985,111,3,559.00
6712,103986,36,1,7590.00
6713,103987,82,1,7590.00
6714,103988,111,1,559.00
6715,103988,74,1,659.00
6716,103988,46,1,3090.00
6717,103989,107,1,38090.00
6718,103990,12,1,3790.00
6719,103990,23,1,3290.00
6720,103990,80,1,5690.00
6721,103991,40,1,30890.00
6722,103991,122,1,2190.00
6723,103991,76,1,439.00
6724,103992,128,1,17090.00
6725,103992,80,1,5690.00
6726,103993,109,1,8590.00
6727,103993,86,1,849.00
6728,103993,125,1,1890.00
6729,103993,96,2,559.00
6730,103994,79,1,5190.00
6731,103994,9,1,3090.00
6732,103994,22,2,2390.00
6733,103995,92,1,939.00
6734,103996,131,1,1590.00
6735,103996,110,1,3790.00
6736,103996,12,1,3790.00
6737,103996,31,1,42890.00
6738,103997,86,1,849.00
6739,103997,112,1,849.00
6740,103998,112,1,849.00
6741,103999,36,1,7590.00
6742,103999,96,1,559.00
6743,104000,45,1,6690.00
6744,104000,12,2,3790.00
6745,104000,22,1,2390.00
6746,104001,42,1,949.00
6747,104002,112,1,849.00
6748,104002,109,1,8590.00
6749,104003,20,1,10490.00
6750,104003,30,1,2990.00
6751,104003,59,1,1890.00
6752,104003,86,1,849.00
6753,104004,96,1,559.00
6754,104004,9,2,3090.00
6755,104005,31,1,42890.00
6756,104005,22,1,2390.00
6757,104005,94,1,1090.00
6758,104005,35,1,4590.00
6759,104006,10,1,12390.00
6760,104006,63,1,5590.00
6761,104007,131,1,1590.00
6762,104008,65,1,4290.00
6763,104008,38,1,2790.00
6764,104008,57,3,479.00
6765,104008,109,1,8590.00
6766,104009,93,1,749.00
6767,104009,20,1,10490.00
6768,104009,118,1,9490.00
6769,104010,111,3,559.00
6770,104010,45,1,6690.00
6771,104011,73,1,469.00
6772,104012,80,1,5690.00
6773,104012,74,1,659.00
6774,104013,65,1,4290.00
6775,104013,23,2,3290.00
6776,104014,51,1,6190.00
6777,104014,7,1,31390.00
6778,104015,86,1,849.00
6779,104015,76,1,439.00
6780,104016,84,3,659.00
6781,104016,41,1,26690.00
6782,104017,13,1,26690.00
6783,104018,81,1,4790.00
6784,104018,43,1,1190.00
6785,104018,75,1,2190.00
6786,104018,86,1,849.00
6787,104019,34,1,6190.00
6788,104020,32,1,5190.00
6789,104021,29,1,2190.00
6790,104021,111,1,559.00
6791,104022,108,1,5190.00
6792,104023,107,1,38090.00
6793,104023,58,1,4790.00
6794,104024,61,1,7090.00
6795,104025,43,2,1190.00
6796,104025,59,1,1890.00
6797,104025,54,1,3290.00
6798,104026,97,2,469.00
6799,104027,9,1,3090.00
6800,104028,45,1,6690.00
6801,104029,78,1,1790.00
6802,104029,45,1,6690.00
6803,104030,42,1,949.00
6804,104031,73,1,469.00
6805,104032,6,1,12890.00
6806,104033,96,1,559.00
6807,104034,89,2,379.00
6808,104035,17,1,61890.00
6809,104036,86,1,849.00
6810,104037,95,1,990.00
6811,104038,109,1,8590.00
6812,104038,108,1,5190.00
6813,104038,66,1,1390.00
6814,104039,94,1,1090.00
6815,104040,23,1,3290.00
6816,104041,25,1,23790.00
6817,104042,100,1,1590.00
6818,104043,41,1,26690.00
6819,104043,117,1,2790.00
6820,104044,95,1,990.00
6821,104044,111,1,559.00
6822,104044,107,1,38090.00
6823,104045,23,1,3290.00
6824,104045,22,1,2390.00
6825,104046,109,1,8590.00
6826,104046,91,2,1390.00
6827,104047,84,1,659.00
6828,104047,68,1,2390.00
6829,104048,119,1,3290.00
6830,104048,92,1,939.00
6831,104048,10,1,12390.00
6832,104049,10,1,12390.00
6833,104049,57,1,479.00
6834,104050,20,1,10490.00
6835,104051,38,2,2790.00
6836,104051,128,1,17090.00
6837,104052,38,2,2790.00
6838,104052,117,1,2790.00
6839,104053,8,1,17090.00
6840,104053,36,1,7590.00
6841,104053,58,1,4790.00
6842,104054,120,1,1390.00
6843,104055,13,1,26690.00
6844,104056,63,1,5590.00
6845,104057,85,1,2390.00
6846,104057,108,1,5190.00
6847,104058,109,1,8590.00
6848,104058,118,1,9490.00
6849,104059,63,1,5590.00
6850,104059,50,1,7590.00
6851,104060,90,1,2790.00
6852,104060,68,1,2390.00
6853,104061,119,1,3290.00
6854,104061,126,1,3090.00
6855,104062,108,1,5190.00
6856,104063,110,1,3790.00
6857,104063,63,1,5590.00
6858,104064,6,1,12890.00
6859,104064,22,1,2390.00
6860,104065,76,1,439.00
6861,104066,21,1,7590.00
6862,104066,66,1,1390.00
6863,104067,102,1,1890.00
6864,104068,8,1,17090.00
6865,104069,42,1,949.00
6866,104069,33,1,11390.00
6867,104070,102,1,1890.00
6868,104070,11,1,4790.00
6869,104071,12,1,3790.00
6870,104072,65,1,4290.00
6871,104072,67,1,1190.00
6872,104073,10,1,12390.00
6873,104074,109,1,8590.00
6874,104075,38,1,2790.00
6875,104076,6,1,12890.00
6876,104076,125,1,1890.00
6877,104077,131,1,1590.00
6878,104077,120,1,1390.00
6879,104078,43,1,1190.00
6880,104079,32,1,5190.00
6881,104079,110,1,3790.00
6882,104080,76,1,439.00
6883,104081,114,1,33390.00
6884,104081,32,1,5190.00
6885,104081,86,1,849.00
6886,104082,127,1,6690.00
6887,104083,12,1,3790.00
6888,104083,81,1,4790.00
6889,104083,82,1,7590.00
6890,104084,65,1,4290.00
6891,104084,126,1,3090.00
6892,104084,76,3,439.00
6893,104084,58,2,4790.00
6894,104085,60,1,3290.00
6895,104085,73,1,469.00
6896,104086,110,2,3790.00
6897,104086,109,1,8590.00
6898,104086,59,1,1890.00
6899,104086,97,1,469.00
6900,104087,38,1,2790.00
6901,104088,66,2,1390.00
6902,104089,86,1,849.00
6903,104090,54,1,3290.00
6904,104090,36,1,7590.00
6905,104091,58,1,4790.00
6906,104092,85,1,2390.00
6907,104093,102,1,1890.00
6908,104094,29,2,2190.00
6909,104095,86,1,849.00
6910,104096,38,2,2890.00
6911,104096,96,1,559.00
6912,104097,30,1,2990.00
6913,104097,129,1,8590.00
6914,104098,67,1,1190.00
6915,104098,38,1,2890.00
6916,104099,34,1,6190.00
6917,104100,94,1,1090.00
6918,104101,16,1,40990.00
6919,104102,13,1,26690.00
6920,104103,109,1,8590.00
6921,104104,86,1,849.00
6922,104104,11,1,4790.00
6923,104104,43,1,1190.00
6924,104105,100,1,1590.00
6925,104105,9,1,3090.00
6926,104106,22,1,2390.00
6927,104106,59,1,1890.00
6928,104107,122,1,2190.00
6929,104108,29,2,2190.00
6930,104109,86,2,849.00
6931,104110,20,1,10490.00
6932,104111,93,1,749.00
6933,104111,96,1,559.00
6934,104111,121,1,2390.00
6935,104112,111,1,559.00
6936,104113,95,1,990.00
6937,104113,93,1,749.00
6938,104113,81,1,4790.00
6939,104114,105,1,1390.00
6940,104114,21,1,7590.00
6941,104114,111,1,559.00
6942,104115,81,1,4790.00
6943,104116,20,1,10490.00
6944,104117,12,2,3790.00
6945,104117,118,1,9490.00
6946,104117,9,1,3090.00
6947,104118,90,1,2790.00
6948,104119,38,2,2890.00
6949,104120,76,2,439.00
6950,104121,63,1,5590.00
6951,104122,20,1,10490.00
6952,104122,120,1,1390.00
6953,104123,29,1,2190.00
6954,104123,42,1,949.00
6955,104124,80,1,5690.00
6956,104124,86,1,849.00
6957,104124,58,1,4790.00
6958,104125,90,1,2790.00
6959,104126,56,2,759.00
6960,104126,58,1,4790.00
6961,104126,95,1,990.00
6962,104126,1,1,20990.00
6963,104127,86,1,849.00
6964,104128,30,2,2990.00
6965,104128,16,1,40990.00
6966,104128,58,1,4790.00
6967,104129,110,1,3790.00
6968,104129,82,1,7590.00
6969,104130,23,1,3290.00
6970,104130,28,1,20990.00
6971,104130,46,1,3090.00
6972,104131,86,2,849.00
6973,104132,32,1,5190.00
6974,104133,95,1,990.00
6975,104134,90,1,2790.00
6976,104135,42,1,949.00
6977,104136,9,1,3090.00
6978,104136,74,2,659.00
6979,104136,14,1,11390.00
6980,104137,122,2,2190.00
6981,104138,110,1,3790.00
6982,104138,111,1,559.00
6983,104138,109,1,8590.00
6984,104138,83,1,6690.00
6985,104139,62,1,4390.00
6986,104139,27,1,57190.00
6987,104140,101,1,1490.00
6988,104141,10,1,12390.00
6989,104141,110,1,3790.00
6990,104141,86,1,849.00
6991,104141,96,2,559.00
6992,104142,42,2,949.00
6993,104143,21,1,7590.00
6994,104144,30,1,2990.00
6995,104145,75,1,2190.00
6996,104145,117,1,2890.00
6997,104146,47,1,12390.00
6998,104146,56,1,759.00
6999,104146,20,1,10490.00
7000,104146,66,1,1390.00
7001,104147,110,1,3790.00
7002,104148,42,1,949.00
7003,104149,20,1,10490.00
7004,104149,109,1,8590.00
7005,104150,111,1,559.00
7006,104150,46,1,3090.00
7007,104151,21,1,7590.00
7008,104152,65,1,4290.00
7009,104153,66,2,1390.00
7010,104154,127,1,6690.00
7011,104155,45,1,6690.00
7012,104155,6,1,12890.00
7013,104156,112,1,849.00
7014,104157,86,1,849.00
7015,104158,29,1,2190.00
7016,104158,117,1,2890.00
7017,104158,65,1,4290.00
7018,104159,23,1,3290.00
7019,104160,108,1,5190.00
7020,104160,107,1,38090.00
7021,104160,111,1,559.00
7022,104161,78,2,1790.00
7023,104161,99,1,1190.00
7024,104161,9,1,3090.00
7025,104161,80,1,5690.00
7026,104162,81,1,4790.00
7027,104163,112,1,849.00
7028,104163,32,1,5190.00
7029,104164,3,1,81090.00
7030,104164,60,1,3290.00
7031,104164,88,1,7090.00
7032,104165,81,1,4790.00
7033,104166,79,1,5190.00
7034,104166,63,1,5590.00
7035,104167,104,2,4790.00
7036,104168,107,1,38090.00
7037,104169,30,2,2990.00
7038,104169,11,1,4790.00
7039,104169,9,2,3090.00
7040,104169,22,2,2390.00
7041,104170,80,1,5690.00
7042,104170,111,1,559.00
7043,104171,89,2,379.00
7044,104171,9,2,3090.00
7045,104172,50,1,7590.00
7046,104173,58,1,4790.00
7047,104174,12,1,3790.00
7048,104174,78,2,1790.00
7049,104174,68,2,2390.00
7050,104175,57,1,479.00
7051,104176,23,1,3290.00
7052,104177,57,1,479.00
7053,104178,29,1,2190.00
7054,104178,96,1,559.00
7055,104179,42,2,949.00
7056,104180,109,1,8590.00
7057,104180,125,1,1890.00
7058,104180,23,1,3290.00
7059,104181,45,1,6690.00
7060,104181,12,1,3790.00
7061,104182,94,2,1090.00
7062,104182,86,1,849.00
7063,104183,111,1,559.00
7064,104183,46,1,3090.00
7065,104183,68,1,2390.00
7066,104183,86,2,849.00
7067,104184,14,1,11390.00
7068,104184,108,1,5190.00
7069,104185,86,1,849.00
7070,104185,12,1,3790.00
7071,104186,96,1,559.00
7072,104187,97,1,469.00
7073,104188,86,2,849.00
7074,104189,11,1,4790.00
7075,104189,57,2,479.00
7076,104190,57,1,479.00
7077,104190,89,1,379.00
7078,104190,45,1,6690.00
7079,104191,95,1,990.00
7080,104192,29,1,2190.00
7081,104192,40,1,30990.00
7082,104193,131,1,1590.00
7083,104193,40,1,30990.00
7084,104193,73,1,469.00
7085,104194,81,1,4790.00
7086,104195,33,1,11390.00
7087,104196,11,2,4790.00
7088,104197,97,1,469.00
7089,104198,111,1,559.00
7090,104199,46,1,3090.00
7091,104200,32,1,5190.00
7092,104200,25,1,23790.00
7093,104201,67,2,1190.00
7094,104202,106,1,23790.00
7095,104202,14,1,11390.00
7096,104202,43,1,1190.00
7097,104203,29,1,2190.00
7098,104204,15,1,16690.00
7099,104204,12,1,3790.00
7100,104204,85,1,2390.00
7101,104205,88,1,7090.00
7102,104205,77,1,2090.00
7103,104206,15,1,16690.00
7104,104207,43,2,1190.00
7105,104207,109,1,8590.00
7106,104207,86,2,849.00
7107,104208,61,1,7090.00
7108,104209,123,1,1690.00
7109,104209,112,3,849.00
7110,104210,65,1,4290.00
7111,104211,6,1,12890.00
7112,104211,118,1,9490.00
7113,104211,5,1,123990.00
7114,104212,78,2,1790.00
7115,104212,85,1,2390.00
7116,104212,68,1,2390.00
7117,104212,42,1,949.00
7118,104213,86,3,849.00
7119,104214,86,1,849.00
7120,104215,121,1,2390.00
7121,104216,48,1,4790.00
7122,104217,89,1,379.00
7123,104217,25,1,23790.00
7124,104218,50,1,7590.00
7125,104218,125,1,1890.00
7126,104218,46,1,3090.00
7127,104219,109,1,8590.00
7128,104219,67,1,1190.00
7129,104219,86,1,849.00
7130,104219,89,2,379.00
7131,104220,66,1,1390.00
7132,104221,46,1,3090.00
7133,104222,117,1,2890.00
7134,104222,88,1,7090.00
7135,104223,111,1,559.00
7136,104224,131,1,1590.00
7137,104225,23,1,3290.00
7138,104226,75,2,2190.00
7139,104226,42,1,949.00
7140,104227,86,1,849.00
7141,104227,18,1,50590.00
7142,104227,3,1,81090.00
7143,104228,71,1,2890.00
7144,104229,35,1,4590.00
7145,104230,96,2,559.00
7146,104231,78,1,1790.00
7147,104231,42,1,949.00
7148,104232,20,1,10490.00
7149,104232,29,1,2190.00
7150,104233,81,1,4790.00
7151,104234,48,1,4790.00
7152,104235,12,1,3790.00
7153,104236,108,1,5190.00
7154,104236,9,1,3090.00
7155,104237,43,1,1190.00
7156,104237,44,2,2890.00
7157,104237,109,1,8590.00
7158,104237,86,1,849.00
7159,104238,44,1,2890.00
7160,104238,38,1,2890.00
7161,104238,46,1,3090.00
7162,104239,23,2,3290.00
7163,104239,93,1,749.00
7164,104240,88,1,7090.00
7165,104241,120,1,1390.00
7166,104241,111,2,559.00
7167,104242,108,1,5190.00
7168,104243,82,1,7590.00
7169,104244,87,1,2890.00
7170,104244,111,2,559.00
7171,104244,108,1,5190.00
7172,104245,41,1,26690.00
7173,104245,86,1,849.00
7174,104245,111,2,559.00
7175,104246,46,2,3090.00
7176,104247,68,1,2390.00
7177,104247,10,1,12390.00
7178,104248,76,1,439.00
7179,104248,102,1,1890.00
7180,104249,109,1,8590.00
7181,104249,65,1,4290.00
7182,104249,66,1,1390.00
7183,104249,31,1,42890.00
7184,104250,118,1,9490.00
7185,104250,73,2,469.00
7186,104251,50,1,7590.00
7187,104251,99,1,1190.00
7188,104252,92,2,939.00
7189,104252,23,1,3290.00
7190,104253,94,1,1090.00
7191,104253,127,1,6690.00
7192,104253,21,1,7590.00
7193,104253,40,1,30990.00
7194,104254,65,1,4290.00
7195,104255,23,1,3290.00
7196,104256,90,1,2790.00
7197,104256,60,2,3290.00
7198,104256,91,1,1390.00
7199,104257,57,2,479.00
7200,104258,23,1,3290.00
7201,104259,117,1,2890.00
7202,104259,2,1,35290.00
7203,104260,95,1,990.00
7204,104260,6,1,12890.00
7205,104261,89,1,379.00
7206,104261,40,1,30990.00
7207,104262,9,1,3090.00
7208,104263,97,1,469.00
7209,104264,110,1,3790.00
7210,104264,17,1,61990.00
7211,104264,29,1,2190.00
7212,104265,43,1,1190.00
7213,104266,12,1,3790.00
7214,104266,106,1,23790.00
7215,104266,78,2,1790.00
7216,104266,57,1,479.00
7217,104267,64,1,3790.00
7218,104268,122,1,2190.00
7219,104268,110,1,3790.00
7220,104268,97,1,469.00
7221,104269,127,1,6690.00
7222,104269,76,2,439.00
7223,104269,91,1,1390.00
7224,104270,34,1,6190.00
7225,104270,111,3,559.00
7226,104271,111,1,559.00
7227,104272,3,1,81090.00
7228,104272,117,1,2890.00
7229,104273,63,1,5590.00
7230,104273,42,2,949.00
7231,104274,112,1,849.00
7232,104275,56,1,759.00
7233,104276,54,1,3290.00
7234,104277,40,1,30990.00
7235,104278,22,1,2390.00
7236,104279,109,1,8590.00
7237,104280,17,1,61990.00
7238,104281,86,1,849.00
7239,104281,12,1,3790.00
7240,104282,14,1,11390.00
7241,104283,111,3,559.00
7242,104284,21,1,7590.00
7243,104285,17,1,61990.00
7244,104285,117,2,2890.00
7245,104286,65,1,4290.00
7246,104287,45,1,6690.00
7247,104287,38,1,2890.00
7248,104288,74,2,659.00
7249,104289,73,1,469.00
7250,104289,60,1,3290.00
7251,104290,99,2,1190.00
7252,104290,42,1,949.00
7253,104290,78,1,1790.00
7254,104291,66,1,1390.00
7255,104292,122,2,2190.00
7256,104293,38,1,2890.00
7257,104294,121,1,2390.00
7258,104295,6,1,12890.00
7259,104296,86,2,849.00
7260,104296,65,1,4290.00
7261,104296,73,1,469.00
7262,104297,23,1,3290.00
7263,104298,11,2,4790.00
7264,104299,129,1,8590.00
7265,104299,86,1,849.00
7266,104299,88,1,7190.00
7267,104300,131,1,1590.00
7268,104301,46,1,3090.00
7269,104302,51,1,6190.00
7270,104302,59,1,1890.00
7271,104303,74,1,659.00
7272,104303,51,1,6190.00
7273,104304,63,1,5590.00
7274,104304,43,2,1190.00
7275,104304,108,1,5190.00
7276,104305,38,1,2890.00
7277,104305,51,1,6190.00
7278,104306,66,2,1390.00
7279,104307,22,1,2390.00
7280,104307,131,1,1590.00
7281,104308,38,1,2890.00
7282,104309,90,1,2790.00
7283,104309,12,1,3790.00
7284,104310,10,1,12390.00
7285,104311,60,1,3290.00
7286,104311,21,1,7590.00
7287,104311,84,3,659.00
7288,104312,68,1,2390.00
7289,104312,67,2,1190.00
7290,104313,76,1,439.00
7291,104314,95,1,990.00
7292,104315,111,2,559.00
7293,104315,21,1,7590.00
7294,104316,129,1,8590.00
7295,104317,121,1,2390.00
7296,104317,86,2,849.00
7297,104318,111,1,559.00
7298,104319,15,1,16690.00
7299,104319,51,1,6190.00
7300,104319,110,1,3790.00
7301,104319,3,1,81090.00
7302,104320,30,1,2990.00
7303,104320,86,1,849.00
7304,104321,39,1,5690.00
7305,104321,12,1,3790.00
7306,104321,29,2,2190.00
7307,104321,2,1,35290.00
7308,104322,108,1,5190.00
7309,104323,57,1,479.00
7310,104323,109,1,8590.00
7311,104324,110,1,3790.00
7312,104325,38,1,2890.00
7313,104326,42,2,949.00
7314,104326,97,2,469.00
7315,104327,63,1,5590.00
7316,104328,91,2,1390.00
7317,104328,73,1,469.00
7318,104328,68,1,2390.00
7319,104329,131,1,1590.00
7320,104330,111,2,559.00
7321,104330,86,1,849.00
7322,104331,11,1,4790.00
7323,104332,125,1,1890.00
7324,104332,12,1,3790.00
7325,104332,85,1,2390.00
7326,104332,112,2,849.00
7327,104333,125,1,1890.00
7328,104334,57,1,479.00
7329,104335,110,1,3790.00
7330,104336,111,1,559.00
7331,104337,42,1,949.00
7332,104338,111,2,559.00
7333,104339,44,2,2890.00
7334,104340,83,1,6690.00
7335,104340,56,1,759.00
7336,104340,43,1,1190.00
7337,104341,78,1,1790.00
7338,104342,68,1,2390.00
7339,104343,71,1,2890.00
7340,104343,3,1,81190.00
7341,104344,57,1,479.00
7342,104344,58,1,4790.00
7343,104344,89,2,379.00
7344,104344,75,1,2190.00
7345,104345,20,1,10490.00
7346,104346,97,1,469.00
7347,104347,42,2,949.00
7348,104347,76,2,439.00
7349,104348,88,1,7190.00
7350,104349,74,1,659.00
7351,104350,42,2,949.00
7352,104351,89,3,379.00
7353,104352,64,1,3790.00
7354,104353,9,1,3090.00
7355,104353,112,2,849.00
7356,104353,117,1,2890.00
7357,104353,86,2,849.00
7358,104354,11,2,4790.00
7359,104355,94,1,1090.00
7360,104356,63,1,5590.00
7361,104357,112,2,849.00
7362,104358,54,1,3290.00
7363,104359,117,1,2890.00
7364,104359,29,1,2190.00
7365,104360,29,2,2190.00
7366,104360,20,1,10490.00
7367,104361,108,1,5190.00
7368,104362,43,2,1190.00
7369,104362,121,2,2390.00
7370,104362,86,1,849.00
7371,104362,23,1,3290.00
7372,104363,111,1,559.00
7373,104363,20,1,10490.00
7374,104363,129,1,8590.00
7375,104363,10,1,12390.00
7376,104364,111,2,559.00
7377,104364,127,1,6690.00
7378,104364,73,1,469.00
7379,104365,87,1,2890.00
7380,104365,13,1,26690.00
7381,104365,38,1,2890.00
7382,104366,64,1,3790.00
7383,104367,86,1,849.00
7384,104367,109,1,8590.00
7385,104367,12,1,3790.00
7386,104367,97,2,469.00
7387,104368,63,1,5590.00
7388,104368,35,1,4590.00
7389,104369,68,1,2390.00
7390,104369,111,2,559.00
7391,104369,42,1,949.00
7392,104369,22,1,2390.00
7393,104370,48,1,4790.00
7394,104371,121,1,2390.00
7395,104372,86,1,849.00
7396,104373,61,1,7190.00
7397,104373,119,1,3290.00
7398,104373,118,1,9490.00
7399,104374,122,1,2190.00
7400,104375,68,1,2390.00
7401,104376,89,3,379.00
7402,104376,78,1,1790.00
7403,104376,73,1,469.00
7404,104377,42,2,949.00
7405,104378,85,1,2390.00
7406,104379,32,1,5190.00
7407,104379,93,2,749.00
7408,104380,9,1,3090.00
7409,104380,93,2,749.00
7410,104381,65,2,4290.00
7411,104381,123,1,1690.00
7412,104382,8,1,17190.00
7413,104383,46,1,3190.00
7414,104384,76,1,439.00
7415,104384,57,1,479.00
7416,104384,35,1,4590.00
7417,104385,111,1,559.00
7418,104385,50,1,7590.00
7419,104386,38,1,2890.00
7420,104387,61,1,7190.00
7421,104388,46,1,3190.00
7422,104389,78,1,1790.00
7423,104389,9,1,3090.00
7424,104389,85,1,2390.00
7425,104390,29,1,2190.00
7426,104391,86,1,849.00
7427,104392,105,1,1390.00
7428,104392,38,1,2890.00
7429,104392,42,2,949.00
7430,104392,19,1,114590.00
7431,104393,74,2,659.00
7432,104393,9,1,3090.00
7433,104394,93,1,749.00
7434,104394,86,1,849.00
7435,104395,117,1,2890.00
7436,104396,57,1,479.00
7437,104396,86,1,849.00
7438,104397,63,1,5590.00
7439,104397,117,1,2890.00
7440,104398,73,1,469.00
7441,104399,50,1,7590.00
7442,104400,57,1,479.00
7443,104400,23,1,3290.00
7444,104400,2,1,35290.00
7445,104400,109,1,8590.00
7446,104401,46,1,3190.00
7447,104401,108,1,5190.00
7448,104401,117,1,2890.00
7449,104402,111,2,559.00
7450,104403,46,1,3190.00
7451,104403,97,2,469.00
7452,104404,63,1,5590.00
7453,104405,107,1,38190.00
7454,104406,73,1,469.00
7455,104407,112,2,849.00
7456,104408,65,1,4290.00
7457,104409,59,1,1890.00
7458,104410,20,1,10490.00
7459,104411,63,1,5590.00
7460,104412,78,1,1790.00
7461,104413,75,1,2190.00
7462,104414,122,1,2190.00
7463,104414,19,1,114690.00
7464,104415,22,1,2390.00
7465,104416,82,1,7590.00
7466,104416,28,1,20990.00
7467,104417,99,1,1190.00
7468,104418,84,3,659.00
7469,104419,17,1,62090.00
7470,104420,50,1,7590.00
7471,104421,86,2,849.00
7472,104422,44,1,2890.00
7473,104422,94,1,1090.00
7474,104423,46,1,3190.00
7475,104423,118,1,9490.00
7476,104423,119,1,3290.00
7477,104424,6,1,12890.00
7478,104424,110,1,3790.00
7479,104424,95,2,990.00
7480,104425,17,1,62090.00
7481,104425,117,1,2890.00
7482,104426,11,1,4790.00
7483,104427,74,1,659.00
7484,104427,31,1,42990.00
7485,104427,43,1,1190.00
7486,104427,75,1,2190.00
7487,104428,43,1,1190.00
7488,104428,46,1,3190.00
7489,104429,14,1,11490.00
7490,104429,38,1,2890.00
7491,104430,63,1,5590.00
7492,104430,68,1,2390.00
7493,104430,73,2,469.00
7494,104430,66,1,1390.00
7495,104431,40,1,30990.00
7496,104431,54,1,3290.00
7497,104432,43,2,1190.00
7498,104432,59,1,1890.00
7499,104433,8,1,17190.00
7500,104434,60,1,3290.00
7501,104434,21,1,7590.00
7502,104435,86,1,849.00
7503,104435,81,1,4790.00
7504,104436,57,2,479.00
7505,104437,1,1,20990.00
7506,104438,23,1,3290.00
7507,104439,36,1,7590.00
7508,104440,59,1,1890.00
7509,104440,30,1,2990.00
7510,104440,9,1,3090.00
7511,104441,99,1,1190.00
7512,104442,11,1,4790.00
7513,104443,9,2,3090.00
7514,104444,97,1,469.00
7515,104444,71,1,2890.00
7516,104444,96,1,559.00
7517,104444,45,1,6690.00
7518,104445,96,2,559.00
7519,104446,86,1,849.00
7520,104447,43,1,1190.00
7521,104447,60,1,3290.00
7522,104447,97,2,469.00
7523,104448,29,1,2190.00
7524,104449,128,1,17190.00
7525,104450,42,2,949.00
7526,104450,61,1,7190.00
7527,104451,89,2,379.00
7528,104452,86,1,849.00
7529,104453,57,3,479.00
7530,104454,85,1,2390.00
7531,104455,92,2,949.00
7532,104456,63,1,5590.00
7533,104456,86,2,849.00
7534,104456,9,1,3090.00
7535,104456,108,1,5190.00
7536,104457,29,1,2190.00
7537,104457,51,1,6190.00
7538,104458,41,1,26790.00
7539,104459,83,1,6690.00
7540,104459,81,1,4790.00
7541,104460,79,1,5190.00
7542,104461,10,1,12390.00
7543,104462,99,1,1190.00
7544,104462,74,2,659.00
7545,104462,13,1,26790.00
7546,104462,65,1,4290.00
7547,104463,46,1,3190.00
7548,104464,117,1,2890.00
7549,104465,56,2,759.00
7550,104466,53,1,10990.00
7551,104466,23,1,3290.00
7552,104467,67,1,1190.00
7553,104468,60,1,3290.00
7554,104469,76,2,439.00
7555,104469,100,1,1590.00
7556,104470,91,1,1390.00
7557,104471,48,1,4790.00
7558,104471,42,1,949.00
7559,104471,14,1,11490.00
7560,104472,6,1,12890.00
7561,104473,26,1,47790.00
7562,104474,19,1,114690.00
7563,104475,86,3,849.00
7564,104475,36,1,7590.00
7565,104475,85,1,2390.00
7566,104475,38,1,2890.00
7567,104476,57,1,479.00
7568,104477,83,1,6690.00
7569,104477,20,1,10490.00
7570,104478,30,1,2990.00
7571,104479,43,1,1190.00
7572,104480,59,1,1890.00
7573,104481,125,1,1890.00
7574,104482,33,1,11490.00
7575,104482,87,2,2890.00
7576,104483,54,1,3290.00
7577,104484,68,1,2390.00
7578,104484,75,1,2190.00
7579,104484,46,1,3190.00
7580,104485,23,1,3290.00
7581,104486,54,2,3290.00
7582,104486,47,1,12390.00
7583,104487,31,1,42990.00
7584,104488,58,1,4790.00
7585,104489,56,2,759.00
7586,104489,79,1,5190.00
7587,104489,59,1,1890.00
7588,104489,21,1,7590.00
7589,104490,42,1,959.00
7590,104490,11,1,4790.00
7591,104490,73,1,469.00
7592,104491,46,1,3190.00
7593,104492,58,1,4790.00
7594,104492,28,1,20990.00
7595,104492,14,1,11490.00
7596,104493,46,1,3190.00
7597,104493,127,1,6690.00
7598,104494,56,1,759.00
7599,104494,14,1,11490.00
7600,104495,16,1,41090.00
7601,104496,75,1,2190.00
7602,104496,41,1,26790.00
7603,104497,52,1,7190.00
7604,104497,84,1,659.00
7605,104498,63,1,5590.00
7606,104498,58,1,4790.00
7607,104499,76,1,439.00
7608,104500,77,1,2090.00
7609,104500,117,1,2890.00
7610,104500,38,1,2890.00
7611,104500,68,1,2390.00
7612,104501,123,2,1690.00
7613,104502,73,2,469.00
7614,104502,111,1,559.00
7615,104502,75,1,2190.00
7616,104502,86,3,849.00
7617,104503,89,1,379.00
7618,104504,73,1,469.00
7619,104504,45,1,6690.00
7620,104505,84,1,659.00
7621,104505,128,1,17190.00
7622,104506,42,1,959.00
7623,104507,23,2,3290.00
7624,104507,35,1,4590.00
7625,104508,96,1,559.00
7626,104508,38,2,2890.00
7627,104509,26,1,47790.00
7628,104510,96,2,559.00
7629,104511,60,1,3290.00
7630,104511,89,2,379.00
7631,104512,85,1,2390.00
7632,104512,45,1,6690.00
7633,104513,66,1,1390.00
7634,104513,98,1,849.00
7635,104514,125,1,1890.00
7636,104515,11,1,4790.00
7637,104516,42,1,959.00
7638,104517,42,1,959.00
7639,104517,85,1,2390.00
7640,104518,67,1,1190.00
7641,104519,50,1,7590.00
7642,104520,123,1,1690.00
7643,104521,25,1,23890.00
7644,104522,38,1,2890.00
7645,104523,122,1,2190.00
7646,104523,59,1,1890.00
7647,104523,67,1,1190.00
7648,104524,64,2,3790.00
7649,104524,30,1,2990.00
7650,104524,56,1,759.00
7651,104525,123,3,1690.00
7652,104525,45,1,6690.00
7653,104526,46,1,3190.00
7654,104526,31,1,42990.00
7655,104527,30,1,2990.00
7656,104527,45,1,6690.00
7657,104528,8,1,17190.00
7658,104529,122,1,2190.00
7659,104530,53,1,10990.00
7660,104530,51,1,6190.00
7661,104531,3,1,81290.00
7662,104532,85,1,2390.00
7663,104532,89,1,379.00
7664,104532,91,2,1390.00
7665,104533,57,1,479.00
7666,104534,49,1,9590.00
7667,104535,78,1,1790.00
7668,104535,12,1,3790.00
7669,104536,40,1,31090.00
7670,104536,89,1,379.00
7671,104537,126,1,3090.00
7672,104537,8,1,17190.00
7673,104538,23,1,3290.00
7674,104539,63,1,5590.00
7675,104539,38,1,2890.00
7676,104540,86,2,849.00
7677,104540,40,1,31090.00
7678,104541,1,1,20990.00
7679,104542,74,1,659.00
7680,104543,3,1,81290.00
7681,104543,64,1,3790.00
7682,104543,91,1,1390.00
7683,104543,75,1,2190.00
7684,104544,86,1,849.00
7685,104545,91,1,1390.00
7686,104546,117,1,2890.00
7687,104547,86,1,849.00
7688,104548,56,2,759.00
7689,104548,2,1,35390.00
7690,104549,44,1,2890.00
7691,104550,55,1,5690.00
7692,104551,43,1,1190.00
7693,104551,68,1,2390.00
7694,104551,57,2,479.00
7695,104551,67,2,1190.00
7696,104552,76,2,439.00
7697,104553,42,1,959.00
7698,104553,53,1,10990.00
7699,104553,23,1,3290.00
7700,104553,94,1,1090.00
7701,104554,96,2,559.00
7702,104554,4,1,90790.00
7703,104554,73,1,469.00
7704,104555,56,1,759.00
7705,104556,56,1,759.00
7706,104557,46,2,3190.00
7707,104557,76,3,439.00
7708,104557,8,1,17190.00
7709,104558,54,1,3290.00
7710,104559,100,1,1590.00
7711,104560,23,2,3290.00
7712,104560,107,1,38190.00
7713,104561,42,2,959.00
7714,104561,30,1,3090.00
7715,104562,90,1,2790.00
7716,104562,9,1,3090.00
7717,104562,16,1,41090.00
7718,104563,68,1,2390.00
7719,104563,24,1,16190.00
7720,104563,56,1,759.00
7721,104563,95,1,990.00
7722,104564,54,1,3290.00
7723,104564,86,1,849.00
7724,104564,75,1,2190.00
7725,104565,91,1,1390.00
7726,104565,23,1,3290.00
7727,104565,84,1,659.00
7728,104565,63,1,5590.00
7729,104566,6,1,12890.00
7730,104566,42,2,959.00
7731,104567,16,1,41090.00
7732,104568,11,1,4790.00
7733,104569,86,1,849.00
7734,104569,33,1,11490.00
7735,104570,56,1,759.00
7736,104571,86,1,849.00
7737,104572,56,2,759.00
7738,104572,45,1,6690.00
7739,104572,58,1,4790.00
7740,104573,57,2,479.00
7741,104573,112,1,849.00
7742,104573,86,3,849.00
7743,104574,90,1,2790.00
7744,104575,86,1,849.00
7745,104576,23,1,3290.00
7746,104577,76,1,439.00
7747,104578,51,1,6190.00
7748,104579,120,2,1390.00
7749,104580,58,2,4790.00
7750,104581,91,1,1390.00
7751,104582,96,1,559.00
7752,104583,59,1,1890.00
7753,104584,63,1,5590.00
7754,104585,98,3,849.00
7755,104586,25,1,23890.00
7756,104587,107,1,38290.00
7757,104588,60,1,3290.00
7758,104588,12,1,3790.00
7759,104589,56,3,759.00
7760,104590,68,2,2390.00
7761,104590,125,1,1890.00
7762,104590,45,1,6690.00
7763,104590,54,1,3290.00
7764,104591,58,1,4790.00
7765,104591,64,1,3790.00
7766,104592,84,1,659.00
7767,104593,89,2,379.00
7768,104593,20,1,10490.00
7769,104594,52,1,7190.00
7770,104595,112,1,849.00
7771,104596,80,1,5690.00
7772,104596,22,1,2390.00
7773,104597,42,1,959.00
7774,104597,91,1,1390.00
7775,104598,52,1,7190.00
7776,104598,9,1,3090.00
7777,104599,82,1,7590.00
7778,104600,42,1,959.00
7779,104601,99,2,1190.00
7780,104602,40,1,31090.00
7781,104602,42,2,959.00
7782,104602,31,1,42990.00
7783,104603,111,1,559.00
7784,104604,20,1,10490.00
7785,104604,70,1,8590.00
7786,104604,73,2,469.00
7787,104605,68,1,2390.00
7788,104606,91,1,1390.00
7789,104607,23,2,3290.00
7790,104607,90,1,2790.00
7791,104607,71,1,2890.00
7792,104608,86,1,849.00
7793,104608,29,1,2190.00
7794,104608,76,1,439.00
7795,104609,12,1,3790.00
7796,104609,23,1,3290.00
7797,104610,21,1,7590.00
7798,104611,97,2,469.00
7799,104612,11,1,4790.00
7800,104613,3,1,81290.00
7801,104614,14,1,11490.00
7802,104615,84,1,659.00
7803,104615,85,1,2390.00
7804,104616,30,1,3090.00
7805,104616,38,1,2890.00
7806,104617,76,1,439.00
7807,104617,29,1,2190.00
7808,104617,23,2,3290.00
7809,104618,39,1,5690.00
7810,104619,46,1,3190.00
7811,104620,98,1,849.00
7812,104620,119,1,3290.00
7813,104621,117,1,2890.00
7814,104622,50,1,7590.00
7815,104622,45,1,6690.00
7816,104623,91,1,1390.00
7817,104624,21,1,7590.00
7818,104625,66,1,1390.00
7819,104626,86,2,849.00
7820,104626,17,1,62190.00
7821,104627,56,1,759.00
7822,104627,86,2,849.00
7823,104628,11,1,4790.00
7824,104629,46,1,3190.00
7825,104630,61,1,7190.00
7826,104631,42,2,959.00
7827,104632,112,1,849.00
7828,104633,34,1,6190.00
7829,104633,75,1,2190.00
7830,104634,23,1,3290.00
7831,104635,102,1,1890.00
7832,104636,49,1,9590.00
7833,104637,54,1,3290.00
7834,104637,9,1,3090.00
7835,104638,89,1,379.00
7836,104639,38,1,2890.00
7837,104639,89,1,379.00
7838,104639,122,1,2190.00
7839,104640,80,1,5690.00
7840,104640,98,1,849.00
7841,104640,9,2,3090.00
7842,104641,86,1,849.00
7843,104641,123,2,1690.00
7844,104641,48,1,4790.00
7845,104642,76,1,439.00
7846,104642,38,2,2890.00
7847,104643,87,1,2890.00
7848,104644,22,1,2390.00
7849,104644,41,1,26790.00
7850,104645,11,1,4790.00
7851,104646,38,1,2890.00
7852,104646,93,1,759.00
7853,104647,112,1,849.00
7854,104648,95,1,990.00
7855,104649,123,2,1690.00
7856,104650,40,1,31090.00
7857,104651,9,1,3090.00
7858,104651,95,1,990.00
7859,104651,56,2,759.00
7860,104652,111,1,559.00
7861,104653,31,1,42990.00
7862,104653,68,1,2390.00
7863,104654,45,1,6690.00
7864,104655,119,1,3290.00
7865,104656,34,1,6190.00
7866,104656,66,1,1390.00
7867,104656,57,1,479.00
7868,104656,111,2,559.00
7869,104657,56,3,759.00
7870,104658,29,1,2190.00
7871,104659,8,1,17190.00
7872,104660,40,1,31090.00
7873,104660,21,1,7590.00
7874,104661,57,1,479.00
7875,104662,59,1,1890.00
7876,104662,43,2,1190.00
7877,104662,23,1,3290.00
7878,104663,95,1,990.00
7879,104663,88,1,7190.00
7880,104664,58,1,4790.00
7881,104665,21,1,7590.00
7882,104666,86,1,849.00
7883,104666,31,1,43090.00
7884,104667,85,1,2390.00
7885,104668,42,2,959.00
7886,104668,46,2,3190.00
7887,104669,26,1,47790.00
7888,104669,86,1,849.00
7889,104670,9,1,3090.00
7890,104671,58,2,4790.00
7891,104671,55,1,5690.00
7892,104672,53,1,10990.00
7893,104673,15,1,16690.00
7894,104674,10,1,12390.00
7895,104674,65,1,4290.00
7896,104675,15,1,16690.00
7897,104675,82,1,7590.00
7898,104676,8,1,17190.00
7899,104676,67,1,1190.00
7900,104677,126,1,3090.00
7901,104678,57,1,479.00
7902,104678,66,1,1390.00
7903,104679,74,2,659.00
7904,104679,12,1,3790.00
7905,104679,86,1,849.00
7906,104680,45,1,6690.00
7907,104681,131,1,1590.00
7908,104681,3,1,81290.00
7909,104682,71,1,2890.00
7910,104683,43,1,1190.00
7911,104683,10,1,12390.00
7912,104684,46,2,3190.00
7913,104684,95,2,990.00
7914,104685,50,1,7590.00
7915,104685,9,1,3090.00
7916,104686,65,1,4290.00
7917,104687,109,1,8590.00
7918,104687,42,2,959.00
7919,104688,93,1,759.00
7920,104688,3,1,81290.00
7921,104688,54,1,3290.00
7922,104688,46,1,3190.00
7923,104689,95,1,990.00
7924,104690,58,1,4790.00
7925,104691,67,2,1190.00
7926,104691,84,1,659.00
7927,104692,85,1,2390.00
7928,104693,111,2,559.00
7929,104694,84,1,659.00
7930,104695,111,1,559.00
7931,104696,42,1,959.00
7932,104697,9,2,3090.00
7933,104698,24,1,16290.00
7934,104699,30,1,3090.00
7935,104699,127,1,6690.00
7936,104700,20,1,10490.00
7937,104700,12,1,3790.00
7938,104701,9,1,3090.00
7939,104702,58,1,4790.00
7940,104702,75,1,2190.00
7941,104702,65,1,4290.00
7942,104703,75,1,2190.00
7943,104703,34,1,6190.00
7944,104704,68,1,2390.00
7945,104704,46,1,3190.00
7946,104704,51,1,6190.00
7947,104704,56,3,759.00
7948,104705,6,1,12890.00
7949,104706,17,1,62190.00
7950,104707,26,1,47790.00
7951,104707,76,1,439.00
7952,104708,65,1,4290.00
7953,104708,82,1,7590.00
7954,104709,34,1,6190.00
7955,104710,10,1,12390.00
7956,104710,66,1,1390.00
7957,104711,12,1,3790.00
7958,104711,124,2,1490.00
7959,104711,86,2,849.00
7960,104712,58,1,4790.00
7961,104713,29,1,2190.00
7962,104714,63,1,5590.00
7963,104714,31,1,43090.00
7964,104715,89,2,379.00
7965,104716,42,2,959.00
7966,104717,46,1,3190.00
7967,104718,45,1,6690.00
7968,104719,73,3,469.00
7969,104720,109,1,8590.00
7970,104721,42,1,959.00
7971,104722,42,1,959.00
7972,104723,40,1,31090.00
7973,104723,91,2,1390.00
7974,104723,46,1,3190.00
7975,104724,55,1,5690.00
7976,104725,29,1,2190.00
7977,104725,86,2,849.00
7978,104726,55,1,5690.00
7979,104727,66,1,1390.00
7980,104728,21,1,7590.00
7981,104729,57,1,479.00
7982,104729,125,1,1890.00
7983,104730,131,1,1590.00
7984,104730,75,1,2190.00
7985,104731,29,1,2190.00
7986,104731,56,2,759.00
7987,104731,43,1,1190.00
7988,104732,86,1,849.00
7989,104733,8,1,17190.00
7990,104734,111,1,559.00
7991,104735,41,1,26790.00
7992,104735,80,1,5690.00
7993,104736,101,1,1490.00
7994,104737,95,1,990.00
7995,104738,51,1,6190.00
7996,104738,52,1,7190.00
7997,104739,86,1,849.00
7998,104740,43,1,1190.00
7999,104741,38,2,2890.00
8000,104742,112,2,849.00
8001,104742,94,1,1090.00
8002,104742,63,1,5590.00
8003,104743,42,1,959.00
8004,104744,48,2,4790.00
8005,104745,6,1,12890.00
8006,104746,111,1,559.00
8007,104746,50,1,7590.00
8008,104747,20,1,10490.00
8009,104747,126,2,3090.00
8010,104747,23,2,3290.00
8011,104748,96,1,559.00
8012,104748,15,1,16690.00
8013,104748,99,1,1190.00
8014,104749,46,1,3190.00
8015,104749,12,1,3790.00
8016,104750,97,2,469.00
8017,104751,95,1,990.00
8018,104751,63,1,5590.00
8019,104752,1,1,21090.00
8020,104752,93,3,759.00
8021,104753,18,1,50690.00
8022,104753,29,1,2190.00
8023,104754,22,1,2390.00
8024,104755,65,1,4290.00
8025,104756,12,1,3790.00
8026,104757,25,1,23890.00
8027,104758,58,1,4790.00
8028,104759,46,1,3190.00
8029,104760,76,1,439.00
8030,104761,131,1,1590.00
8031,104761,109,1,8590.00
8032,104762,104,1,4790.00
8033,104762,119,1,3290.00
8034,104762,74,2,659.00
8035,104762,46,1,3190.00
8036,104763,86,1,849.00
8037,104764,125,1,1890.00
8038,104765,41,1,26790.00
8039,104766,12,1,3790.00
8040,104767,112,1,849.00
8041,104767,99,2,1190.00
8042,104768,76,1,439.00
8043,104769,32,1,5290.00
8044,104769,67,1,1190.00
8045,104769,98,1,849.00
8046,104770,67,1,1190.00
8047,104770,19,1,114890.00
8048,104771,4,1,90990.00
8049,104771,85,1,2390.00
8050,104771,86,3,849.00
8051,104772,74,2,659.00
8052,104773,14,1,11490.00
8053,104774,53,1,10990.00
8054,104775,87,1,2890.00
8055,104775,58,1,4790.00
8056,104775,101,1,1490.00
8057,104776,67,1,1190.00
8058,104777,86,2,849.00
8059,104778,61,1,7190.00
8060,104779,66,1,1390.00
8061,104780,95,2,990.00
8062,104781,14,1,11490.00
8063,104782,125,1,1890.00
8064,104782,117,1,2890.00
8065,104782,46,1,3190.00
8066,104783,38,2,2890.00
8067,104784,11,1,4790.00
8068,104784,86,1,849.00
8069,104785,97,1,469.00
8070,104786,97,3,469.00
8071,104786,111,1,559.00
8072,104786,29,1,2190.00
8073,104787,6,1,12890.00
8074,104788,127,1,6690.00
8075,104789,58,1,4790.00
8076,104789,96,1,569.00
8077,104789,42,1,959.00
8078,104790,77,1,2090.00
8079,104791,74,1,659.00
8080,104791,80,1,5690.00
8081,104792,45,1,6690.00
8082,104793,52,1,7190.00
8083,104794,43,2,1190.00
8084,104794,38,1,2890.00
8085,104795,30,2,3090.00
8086,104795,95,1,990.00
8087,104796,12,1,3790.00
8088,104796,67,1,1190.00
8089,104796,97,3,469.00
8090,104797,43,1,1190.00
8091,104798,16,1,41190.00
8092,104799,78,2,1790.00
8093,104799,12,1,3790.00
8094,104800,8,1,17190.00
8095,104801,51,1,6190.00
8096,104801,73,1,469.00
8097,104802,79,1,5290.00
8098,104802,29,1,2190.00
8099,104803,58,1,4790.00
8100,104803,34,1,6190.00
8101,104803,95,1,990.00
8102,104803,86,2,849.00
8103,104804,77,1,2090.00
8104,104805,56,2,769.00
8105,104805,75,1,2190.00
8106,104805,91,2,1390.00
8107,104805,6,1,12890.00
8108,104806,86,1,849.00
8109,104807,26,1,47890.00
8110,104808,34,1,6190.00
8111,104809,121,2,2390.00
8112,104810,40,1,31090.00
8113,104811,6,1,12890.00
8114,104812,56,1,769.00
8115,104813,83,1,6690.00
8116,104813,46,1,3190.00
8117,104814,30,1,3090.00
8118,104815,51,1,6190.00
8119,104816,57,1,479.00
8120,104816,111,2,569.00
8121,104817,38,1,2890.00
8122,104818,43,1,1190.00
8123,104819,86,1,849.00
8124,104820,67,1,1190.00
8125,104821,38,1,2890.00
8126,104821,71,1,2890.00
8127,104821,29,1,2190.00
8128,104822,42,2,959.00
8129,104822,58,1,4790.00
8130,104822,6,1,12890.00
8131,104823,57,1,479.00
8132,104823,88,1,7190.00
8133,104823,14,1,11490.00
8134,104823,45,1,6690.00
8135,104824,57,1,479.00
8136,104824,45,1,6690.00
8137,104825,56,2,769.00
8138,104826,86,1,849.00
8139,104827,75,1,2190.00
8140,104828,58,2,4790.00
8141,104829,119,1,3290.00
8142,104829,9,1,3190.00
8143,104830,95,1,990.00
8144,104830,91,1,1390.00
8145,104831,54,1,3390.00
8146,104831,86,2,849.00
8147,104832,38,1,2890.00
8148,104832,42,1,959.00
8149,104833,93,2,759.00
8150,104834,86,1,849.00
8151,104835,102,1,1890.00
8152,104836,110,1,3790.00
8153,104836,29,1,2190.00
8154,104837,90,1,2790.00
8155,104838,58,1,4790.00
8156,104838,86,2,849.00
8157,104838,91,1,1390.00
8158,104839,67,2,1190.00
8159,104839,86,2,849.00
8160,104839,65,1,4290.00
8161,104840,109,1,8590.00
8162,104841,42,1,959.00
8163,104842,44,1,2890.00
8164,104843,89,2,379.00
8165,104844,57,2,479.00
8166,104845,9,1,3190.00
8167,104845,38,1,2890.00
8168,104845,29,1,2190.00
8169,104845,95,1,990.00
8170,104846,9,1,3190.00
8171,104847,86,3,849.00
8172,104848,56,2,769.00
8173,104849,112,1,849.00
8174,104849,89,1,379.00
8175,104850,63,1,5590.00
8176,104851,57,1,479.00
8177,104851,51,1,6190.00
8178,104852,46,1,3190.00
8179,104853,98,1,849.00
8180,104853,56,1,769.00
8181,104854,86,1,849.00
8182,104854,38,1,2890.00
8183,104854,55,1,5690.00
8184,104855,95,1,990.00
8185,104855,64,2,3790.00
8186,104855,75,1,2190.00
8187,104855,99,1,1190.00
8188,104856,63,1,5590.00
8189,104857,45,1,6690.00
8190,104858,68,2,2390.00
8191,104858,105,1,1390.00
8192,104859,45,1,6690.00
8193,104860,37,1,47390.00
8194,104860,54,2,3390.00
8195,104860,56,2,769.00
8196,104860,43,1,1190.00
8197,104861,49,1,9590.00
8198,104862,117,1,2890.00
8199,104863,65,1,4290.00
8200,104863,34,1,6190.00
8201,104863,56,2,769.00
8202,104864,57,1,479.00
8203,104865,54,2,3390.00
8204,104866,56,2,769.00
8205,104866,11,1,4790.00
8206,104866,131,1,1590.00
8207,104867,11,1,4790.00
8208,104867,58,1,4790.00
8209,104867,23,1,3290.00
8210,104868,73,1,469.00
8211,104869,57,1,479.00
8212,104870,40,1,31090.00
8213,104870,43,1,1190.00
8214,104870,11,1,4790.00
8215,104870,64,1,3790.00
8216,104871,122,1,2190.00
8217,104872,46,1,3190.00
8218,104873,21,1,7690.00
8219,104874,58,1,4790.00
8220,104874,65,1,4290.00
8221,104875,67,1,1190.00
8222,104876,86,2,849.00
8223,104877,38,1,2890.00
8224,104878,9,1,3190.00
8225,104878,43,1,1190.00
8226,104879,50,1,7690.00
8227,104880,86,2,849.00
8228,104881,71,1,2890.00
8229,104882,96,1,569.00
8230,104882,40,1,31090.00
8231,104882,64,2,3790.00
8232,104883,34,1,6190.00
8233,104884,47,1,12390.00
8234,104885,86,1,849.00
8235,104886,78,1,1790.00
8236,104887,83,1,6690.00
8237,104888,17,1,62290.00
8238,104888,30,1,3090.00
8239,104889,110,2,3790.00
8240,104889,79,1,5290.00
8241,104890,65,2,4290.00
8242,104890,50,1,7690.00
8243,104891,33,1,11490.00
8244,104891,81,1,4790.00
8245,104892,14,1,11490.00
8246,104893,22,1,2390.00
8247,104893,105,1,1390.00
8248,104893,66,1,1390.00
8249,104894,8,1,17190.00
8250,104895,85,1,2390.00
8251,104895,56,1,769.00
8252,104895,111,1,569.00
8253,104896,14,1,11490.00
8254,104897,92,1,949.00
8255,104898,86,1,849.00
8256,104899,46,1,3190.00
8257,104900,96,1,569.00
8258,104901,6,1,12890.00
8259,104901,63,1,5590.00
8260,104902,75,1,2190.00
8261,104902,46,1,3190.00
8262,104903,61,1,7190.00
8263,104904,86,1,849.00
8264,104905,119,1,3290.00
8265,104906,28,1,21090.00
8266,104907,100,1,1590.00
8267,104907,52,1,7190.00
8268,104908,75,1,2190.00
8269,104909,58,1,4790.00
8270,104909,90,1,2790.00
8271,104910,42,1,959.00
8272,104911,57,1,479.00
8273,104911,74,3,659.00
8274,104911,49,1,9590.00
8275,104912,85,1,2390.00
8276,104912,30,1,3090.00
8277,104912,126,1,3190.00
8278,104913,63,1,5590.00
8279,104914,2,1,35490.00
8280,104914,20,1,10490.00
8281,104915,8,1,17190.00
8282,104916,57,1,479.00
8283,104917,29,2,2190.00
8284,104918,107,1,38290.00
8285,104918,38,1,2890.00
8286,104919,63,1,5590.00
8287,104920,127,1,6690.00
8288,104921,56,1,769.00
8289,104922,65,1,4290.00
8290,104922,29,1,2190.00
8291,104923,98,3,849.00
8292,104923,66,1,1390.00
8293,104923,110,1,3790.00
8294,104923,42,2,959.00
8295,104924,67,1,1190.00
8296,104925,91,1,1390.00
8297,104925,89,1,379.00
8298,104925,97,3,469.00
8299,104925,42,1,959.00
8300,104926,83,1,6690.00
8301,104926,21,1,7690.00
8302,104927,111,3,569.00
8303,104928,95,1,990.00
8304,104928,86,1,849.00
8305,104929,2,1,35490.00
8306,104929,81,1,4790.00
8307,104929,43,1,1190.00
8308,104929,42,1,959.00
8309,104930,12,1,3790.00
8310,104930,128,1,17190.00
8311,104930,18,1,50790.00
8312,104931,17,1,62290.00
8313,104932,82,1,7690.00
8314,104933,102,1,1890.00
8315,104933,58,1,4790.00
8316,104933,23,1,3290.00
8317,104934,108,1,5290.00
8318,104935,48,1,4790.00
8319,104935,61,1,7190.00
8320,104935,47,1,12490.00
8321,104936,47,1,12490.00
8322,104936,57,2,479.00
8323,104936,63,1,5590.00
8324,104937,55,1,5690.00
8325,104938,67,1,1190.00
8326,104939,11,1,4790.00
8327,104940,86,1,849.00
8328,104940,122,1,2190.00
8329,104941,85,1,2390.00
8330,104942,85,1,2390.00
8331,104942,30,1,3090.00
8332,104943,18,1,50790.00
8333,104944,67,1,1190.00
8334,104945,67,1,1190.00
8335,104946,64,1,3790.00
8336,104947,64,2,3790.00
8337,104947,86,1,849.00
8338,104948,63,1,5590.00
8339,104949,42,3,959.00
8340,104950,16,1,41190.00
8341,104951,42,1,959.00
8342,104951,66,1,1390.00
8343,104952,78,1,1790.00
8344,104952,43,1,1190.00
8345,104953,31,1,43090.00
8346,104953,125,1,1890.00
8347,104953,56,1,769.00
8348,104954,89,1,379.00
8349,104955,88,1,7190.00
8350,104955,57,2,479.00
8351,104956,78,1,1790.00
8352,104957,23,1,3290.00
8353,104958,48,1,4790.00
8354,104959,46,1,3190.00
8355,104959,58,1,4790.00
8356,104960,23,1,3290.00
8357,104960,68,1,2390.00
8358,104960,43,1,1190.00
8359,104961,58,1,4790.00
8360,104962,32,1,5290.00
8361,104962,76,3,439.00
8362,104963,11,1,4790.00
8363,104963,112,1,849.00
8364,104963,23,1,3290.00
8365,104964,82,1,7690.00
8366,104964,45,1,6690.00
8367,104964,30,1,3090.00
8368,104965,89,2,379.00
8369,104965,123,1,1690.00
8370,104966,86,2,849.00
8371,104967,38,1,2890.00
8372,104967,3,1,81490.00
8373,104967,86,2,849.00
8374,104968,87,2,2890.00
8375,104969,46,1,3190.00
8376,104970,42,1,959.00
8377,104971,50,1,7690.00
8378,104972,27,1,57490.00
8379,104972,128,1,17190.00
8380,104972,109,1,8590.00
8381,104973,91,1,1390.00
8382,104973,81,1,4790.00
8383,104974,23,1,3290.00
8384,104975,21,1,7690.00
8385,104975,20,1,10490.00
8386,104975,65,1,4290.00
8387,104976,38,1,2890.00
8388,104977,58,1,4790.00
8389,104978,3,1,81490.00
8390,104979,49,1,9590.00
8391,104979,54,2,3390.00
8392,104979,46,2,3190.00
8393,104980,42,2,959.00
8394,104981,42,2,959.00
8395,104981,30,1,3090.00
8396,104981,49,1,9590.00
8397,104981,29,2,2190.00
8398,104982,99,1,1190.00
8399,104983,31,1,43090.00
8400,104984,86,2,849.00
8401,104985,31,1,43090.00
8402,104986,29,2,2190.00
8403,104986,53,1,10990.00
8404,104987,21,1,7690.00
8405,104988,112,1,849.00
8406,104989,78,1,1790.00
8407,104989,29,1,2190.00
8408,104990,122,1,2190.00
8409,104991,111,1,569.00
8410,104992,38,1,2890.00
8411,104992,86,1,849.00
8412,104993,117,1,2890.00
8413,104993,97,1,469.00
8414,104994,60,1,3290.00
8415,104995,86,1,849.00
8416,104995,51,1,6190.00
8417,104996,22,1,2390.00
8418,104996,73,1,469.00
8419,104996,97,1,469.00
8420,104997,79,1,5290.00
8421,104998,56,2,769.00
8422,104998,86,2,849.00
8423,104999,86,3,849.00
8424,104999,122,1,2190.00
8425,105000,38,1,2890.00
8426,105000,64,1,3790.00
8427,105000,81,1,4790.00
8428,105001,46,1,3190.00
8429,105002,9,1,3190.00
8430,105002,120,1,1390.00
8431,105003,4,1,91090.00
8432,105004,71,1,2890.00
8433,105005,30,1,3090.00
8434,105006,10,1,12490.00
8435,105006,84,1,659.00
8436,105007,71,1,2890.00
8437,105008,11,1,4790.00
8438,105008,46,1,3190.00
8439,105009,26,1,47890.00
8440,105009,82,1,7690.00
8441,105009,107,1,38390.00
8442,105010,111,2,569.00
8443,105011,25,1,23990.00
8444,105012,77,1,2090.00
8445,105012,8,1,17290.00
8446,105013,17,1,62290.00
8447,105013,29,1,2190.00
8448,105014,46,1,3190.00
8449,105014,86,2,849.00
8450,105015,20,1,10490.00
8451,105016,58,1,4790.00
8452,105017,58,1,4790.00
8453,105018,84,1,659.00
8454,105019,43,1,1190.00
8455,105020,3,1,81490.00
8456,105021,82,1,7690.00
8457,105022,90,1,2790.00
8458,105022,58,2,4790.00
8459,105023,46,2,3190.00
8460,105024,66,1,1390.00
8461,105025,66,1,1390.00
8462,105026,42,2,959.00
8463,105026,74,1,659.00
8464,105027,31,1,43090.00
8465,105027,12,2,3790.00
8466,105028,43,1,1190.00
8467,105029,84,1,659.00
8468,105030,43,2,1190.00
8469,105031,85,1,2390.00
8470,105031,56,1,769.00
8471,105031,54,1,3390.00
8472,105032,23,1,3290.00
8473,105032,60,1,3290.00
8474,105032,78,1,1790.00
8475,105032,111,2,569.00
8476,105033,17,1,62290.00
8477,105034,22,1,2390.00
8478,105035,101,2,1490.00
8479,105036,55,1,5690.00
8480,105037,56,2,769.00
8481,105038,90,2,2790.00
8482,105039,107,1,38390.00
8483,105039,61,1,7190.00
8484,105040,79,1,5290.00
8485,105040,112,1,849.00
8486,105041,34,1,6190.00
8487,105042,125,1,1890.00
8488,105042,36,1,7690.00
8489,105042,77,2,2090.00
8490,105043,122,1,2190.00
8491,105044,67,1,1190.00
8492,105045,23,1,3290.00
8493,105045,57,1,479.00
8494,105046,101,1,1490.00
8495,105046,10,1,12490.00
8496,105047,57,1,479.00
8497,105048,54,1,3390.00
8498,105049,102,1,1890.00
8499,105049,14,1,11490.00
8500,105049,25,1,23990.00
8501,105050,25,1,23990.00
8502,105050,56,1,769.00
8503,105051,42,1,959.00
8504,105051,55,1,5690.00
8505,105052,65,1,4290.00
8506,105052,44,1,2890.00
8507,105053,46,2,3190.00
8508,105053,86,1,849.00
8509,105054,40,1,31190.00
8510,105055,123,4,1690.00
8511,105055,46,2,3190.00
8512,105055,91,1,1390.00
8513,105056,110,1,3790.00
8514,105057,15,1,16790.00
8515,105058,44,1,2890.00
8516,105059,3,1,81490.00
8517,105059,58,1,4790.00
8518,105059,86,1,849.00
8519,105060,14,1,11490.00
8520,105060,9,1,3190.00
8521,105060,74,2,659.00
8522,105060,57,1,479.00
8523,105061,53,1,10990.00
8524,105062,45,1,6690.00
8525,105063,12,1,3790.00
8526,105063,94,1,1090.00
8527,105064,85,1,2390.00
8528,105064,96,2,569.00
8529,105065,75,1,2190.00
8530,105066,42,1,959.00
8531,105067,14,1,11490.00
8532,105067,44,2,2890.00
8533,105068,57,2,479.00
8534,105068,126,2,3190.00
8535,105069,58,2,4790.00
8536,105070,42,1,959.00
8537,105071,16,1,41190.00
8538,105072,50,1,7690.00
8539,105073,87,1,2890.00
8540,105073,102,1,1890.00
8541,105073,58,1,4790.00
8542,105074,57,2,479.00
8543,105075,50,1,7690.00
8544,105075,38,1,2890.00
8545,105076,85,1,2390.00
8546,105077,6,1,12890.00
8547,105077,62,1,4390.00
8548,105077,73,1,469.00
8549,105077,9,1,3190.00
8550,105078,77,2,2090.00
8551,105079,11,1,4790.00
8552,105080,22,2,2390.00
8553,105081,91,1,1390.00
8554,105081,7,1,31590.00
8555,105082,40,1,31190.00
8556,105083,20,1,10490.00
8557,105084,108,1,5290.00
8558,105085,114,1,33590.00
8559,105086,46,1,3190.00
8560,105087,23,1,3290.00
8561,105087,38,1,2890.00
8562,105088,1,1,21090.00
8563,105088,13,1,26890.00
8564,105089,29,1,2190.00
8565,105089,65,1,4290.00
8566,105089,86,2,849.00
8567,105090,76,1,439.00
8568,105090,112,1,849.00
8569,105091,42,2,959.00
8570,105091,29,1,2190.00
8571,105091,86,2,849.00
8572,105092,12,2,3790.00
8573,105093,43,2,1190.00
8574,105094,36,1,7690.00
8575,105095,52,1,7190.00
8576,105095,89,2,379.00
8577,105095,26,1,47990.00
8578,105095,38,1,2890.00
8579,105096,58,1,4790.00
8580,105097,17,1,62390.00
8581,105098,38,1,2890.00
8582,105098,46,1,3190.00
8583,105099,86,2,849.00
8584,105100,38,1,2890.00
8585,105100,36,1,7690.00
8586,105100,56,2,769.00
8587,105100,54,1,3390.00
8588,105101,86,1,849.00
8589,105102,46,1,3190.00
8590,105102,20,1,10490.00
8591,105103,89,1,379.00
8592,105104,43,2,1190.00
8593,105104,42,1,959.00
8594,105104,18,1,50890.00
8595,105105,71,1,2890.00
8596,105105,20,1,10490.00
8597,105105,22,1,2390.00
8598,105105,76,1,439.00
8599,105106,85,1,2390.00
8600,105107,12,1,3790.00
8601,105107,98,1,849.00
8602,105108,2,1,35490.00
8603,105108,29,2,2190.00
8604,105108,42,2,959.00
8605,105109,78,1,1790.00
8606,105110,80,1,5690.00
8607,105110,73,1,469.00
8608,105110,122,1,2190.00
8609,105110,43,1,1190.00
8610,105111,23,1,3290.00
8611,105111,99,1,1190.00
8612,105112,83,1,6690.00
8613,105113,12,1,3790.00
8614,105113,76,2,439.00
8615,105113,94,1,1090.00
8616,105114,16,1,41290.00
8617,105114,25,1,23990.00
8618,105114,38,1,2890.00
8619,105114,92,1,949.00
8620,105115,92,1,949.00
8621,105116,78,1,1790.00
8622,105117,22,1,2390.00
8623,105118,22,1,2390.00
8624,105119,50,1,7690.00
8625,105120,8,1,17290.00
8626,105120,89,1,379.00
8627,105121,2,1,35490.00
8628,105122,91,1,1390.00
8629,105123,66,1,1390.00
8630,105124,112,2,849.00
8631,105124,23,1,3290.00
8632,105124,46,2,3190.00
8633,105125,46,1,3190.00
8634,105125,11,2,4790.00
8635,105126,42,2,959.00
8636,105127,124,3,1490.00
8637,105128,46,2,3190.00
8638,105129,57,1,479.00
8639,105129,63,1,5690.00
8640,105130,101,1,1490.00
8641,105131,11,1,4790.00
8642,105132,38,1,2890.00
8643,105133,90,2,2790.00
8644,105133,69,1,849.00
8645,105133,42,1,959.00
8646,105134,26,1,47990.00
8647,105134,20,1,10490.00
8648,105135,46,1,3190.00
8649,105136,85,1,2390.00
8650,105136,16,1,41290.00
8651,105136,8,1,17290.00
8652,105136,65,1,4290.00
8653,105137,20,1,10490.00
8654,105138,84,1,659.00
8655,105139,56,1,769.00
8656,105139,110,1,3790.00
8657,105140,89,1,379.00
8658,105140,92,1,949.00
8659,105140,42,1,959.00
8660,105141,17,1,62390.00
8661,105142,91,1,1390.00
8662,105142,46,2,3190.00
8663,105143,52,1,7190.00
8664,105143,56,1,769.00
8665,105144,78,1,1790.00
8666,105144,86,1,849.00
8667,105145,56,1,769.00
8668,105145,81,1,4790.00
8669,105146,86,1,849.00
8670,105147,89,1,379.00
8671,105148,23,1,3290.00
8672,105149,34,1,6190.00
8673,105150,12,1,3790.00
8674,105151,101,1,1490.00
8675,105151,37,1,47490.00
8676,105152,52,1,7190.00
8677,105152,8,1,17290.00
8678,105152,66,1,1390.00
8679,105153,104,1,4790.00
8680,105153,12,1,3790.00
8681,105154,93,3,759.00
8682,105154,91,1,1390.00
8683,105155,56,2,769.00
8684,105156,53,1,10990.00
8685,105157,40,1,31190.00
8686,105158,44,2,2890.00
8687,105159,42,1,959.00
8688,105160,42,1,959.00
8689,105160,85,1,2390.00
8690,105160,57,3,479.00
8691,105160,75,1,2190.00
8692,105161,32,1,5290.00
8693,105161,15,1,16790.00
8694,105162,58,1,4790.00
8695,105163,86,3,849.00
8696,105164,43,1,1190.00
8697,105164,10,1,12490.00
8698,105164,73,1,469.00
8699,105165,68,2,2390.00
8700,105165,57,1,479.00
8701,105166,57,3,479.00
8702,105167,108,1,5290.00
8703,105167,66,1,1390.00
8704,105167,74,1,659.00
8705,105167,87,1,2890.00
8706,105168,86,1,849.00
8707,105168,20,1,10490.00
8708,105169,49,1,9590.00
8709,105170,50,1,7690.00
8710,105170,105,1,1390.00
8711,105170,45,1,6690.00
8712,105170,96,1,569.00
8713,105171,47,1,12490.00
8714,105172,111,1,569.00
8715,105172,123,1,1690.00
8716,105172,91,1,1390.00
8717,105173,97,3,469.00
8718,105173,75,1,2190.00
8719,105173,79,1,5290.00
8720,105173,62,1,4390.00
8721,105174,85,1,2390.00
8722,105175,86,1,849.00
8723,105176,10,1,12490.00
8724,105177,42,2,959.00
8725,105178,46,1,3190.00
8726,105178,86,2,849.00
8727,105178,56,3,769.00
8728,105179,111,2,569.00
8729,105180,131,1,1590.00
8730,105180,17,1,62390.00
8731,105181,1,1,21090.00
8732,105182,111,2,569.00
8733,105182,112,1,849.00
8734,105183,75,2,2190.00
8735,105183,8,1,17290.00
8736,105184,14,1,11490.00
8737,105185,47,1,12490.00
8738,105185,91,1,1390.00
8739,105185,61,1,7190.00
8740,105186,12,1,3790.00
8741,105187,56,3,769.00
8742,105188,2,1,35490.00
8743,105189,11,1,4790.00
8744,105190,22,1,2390.00
8745,105191,56,1,769.00
8746,105191,11,2,4790.00
8747,105192,75,1,2190.00
8748,105193,14,1,11490.00
8749,105194,85,1,2390.00
8750,105194,76,2,439.00
8751,105194,42,3,959.00
8752,105195,86,1,849.00
8753,105196,23,2,3390.00
8754,105196,30,1,3090.00
8755,105197,56,1,769.00
8756,105198,91,1,1390.00
8757,105199,86,1,849.00
8758,105200,19,1,115190.00
8759,105200,12,1,3790.00
8760,105200,61,1,7190.00
8761,105201,41,1,26890.00
8762,105202,111,1,569.00
8763,105202,74,2,659.00
8764,105203,41,1,26890.00
8765,105203,12,1,3790.00
8766,105203,10,1,12490.00
8767,105203,86,1,849.00
8768,105204,46,1,3190.00
8769,105205,53,1,10990.00
8770,105206,85,1,2390.00
8771,105207,109,1,8590.00
8772,105207,91,1,1390.00
8773,105208,86,1,849.00
8774,105209,95,2,990.00
8775,105210,17,1,62390.00
8776,105210,112,1,849.00
8777,105210,16,1,41290.00
8778,105211,26,1,47990.00
8779,105211,87,1,2890.00
8780,105211,53,1,10990.00
8781,105212,58,1,4790.00
8782,105212,76,1,439.00
8783,105213,99,1,1190.00
8784,105213,38,1,2890.00
8785,105214,90,1,2790.00
8786,105215,74,2,659.00
8787,105216,46,1,3190.00
8788,105217,86,2,849.00
8789,105218,42,2,959.00
8790,105219,57,1,479.00
8791,105219,99,2,1190.00
8792,105220,53,1,10990.00
8793,105221,49,1,9590.00
8794,105222,20,1,10590.00
8795,105223,57,2,479.00
8796,105223,53,1,10990.00
8797,105224,68,1,2390.00
8798,105224,66,1,1390.00
8799,105225,97,1,469.00
8800,105226,96,1,569.00
8801,105227,111,1,569.00
8802,105227,56,1,769.00
8803,105227,67,1,1190.00
8804,105228,86,2,849.00
8805,105228,11,1,4790.00
8806,105229,6,1,12990.00
8807,105229,77,1,2090.00
8808,105230,56,1,769.00
8809,105231,43,1,1190.00
8810,105231,61,1,7190.00
8811,105232,112,2,849.00
8812,105232,53,1,10990.00
8813,105233,14,1,11490.00
8814,105234,30,1,3090.00
8815,105234,17,1,62390.00
8816,105235,28,1,21090.00
8817,105235,111,1,569.00
8818,105236,119,1,3390.00
8819,105237,131,1,1590.00
8820,105238,55,1,5790.00
8821,105238,63,1,5690.00
8822,105239,13,1,26890.00
8823,105240,86,2,849.00
8824,105241,11,1,4790.00
8825,105241,97,1,469.00
8826,105242,49,1,9590.00
8827,105243,76,2,439.00
8828,105244,20,1,10590.00
8829,105244,93,1,759.00
8830,105245,86,1,849.00
8831,105245,36,1,7690.00
8832,105246,95,2,990.00
8833,105246,120,1,1390.00
8834,105247,53,1,10990.00
8835,105248,86,1,849.00
8836,105248,46,2,3190.00
8837,105249,96,2,569.00
8838,105250,84,2,659.00
8839,105251,56,2,769.00
8840,105251,67,1,1190.00
8841,105251,86,3,849.00
8842,105252,55,1,5790.00
8843,105253,33,1,11490.00
8844,105253,56,1,769.00
8845,105253,67,1,1190.00
8846,105253,66,1,1390.00
8847,105254,52,1,7190.00
8848,105254,56,1,769.00
8849,105255,35,2,4590.00
8850,105255,123,2,1690.00
8851,105256,55,1,5790.00
8852,105257,29,2,2190.00
8853,105257,59,1,1890.00
8854,105258,42,1,959.00
8855,105259,67,1,1190.00
8856,105260,46,1,3190.00
8857,105261,22,2,2390.00
8858,105262,57,1,479.00
8859,105263,46,2,3190.00
8860,105264,104,1,4790.00
8861,105265,53,1,10990.00
8862,105266,56,1,769.00
8863,105266,40,1,31190.00
8864,105267,35,1,4590.00
8865,105268,123,1,1690.00
8866,105268,56,1,769.00
8867,105268,61,1,7190.00
8868,105268,2,1,35490.00
8869,105269,89,2,379.00
8870,105269,78,1,1790.00
8871,105270,23,2,3390.00
8872,105270,57,1,479.00
8873,105271,66,1,1390.00
8874,105272,56,1,769.00
8875,105273,14,1,11490.00
8876,105274,51,1,6190.00
8877,105275,46,1,3190.00
8878,105276,7,1,31690.00
8879,105277,122,1,2190.00
8880,105277,66,1,1390.00
8881,105277,111,1,569.00
8882,105277,9,1,3190.00
8883,105278,68,1,2390.00
8884,105279,95,2,990.00
8885,105280,74,2,659.00
8886,105281,9,2,3190.00
8887,105281,23,1,3390.00
8888,105282,93,1,759.00
8889,105283,33,1,11490.00
8890,105283,40,1,31190.00
8891,105284,18,1,50890.00
8892,105285,109,1,8590.00
8893,105286,79,1,5290.00
8894,105287,31,1,43190.00
8895,105288,11,1,4790.00
8896,105288,70,1,8590.00
8897,105289,111,2,569.00
8898,105290,131,2,1590.00
8899,105291,67,1,1190.00
8900,105292,46,1,3190.00
8901,105293,56,2,769.00
8902,105293,9,1,3190.00
8903,105294,45,1,6690.00
8904,105294,98,2,849.00
8905,105294,54,1,3390.00
8906,105295,9,1,3190.00
8907,105295,98,1,849.00
8908,105295,67,1,1190.00
8909,105296,131,1,1590.00
8910,105296,109,1,8590.00
8911,105297,83,1,6690.00
8912,105297,42,2,959.00
8913,105298,30,1,3090.00
8914,105299,45,1,6690.00
8915,105300,12,1,3790.00
8916,105301,30,1,3090.00
8917,105302,67,2,1190.00
8918,105303,53,1,10990.00
8919,105303,68,1,2390.00
8920,105304,56,1,769.00
8921,105305,38,1,2890.00
8922,105306,99,2,1190.00
8923,105307,42,1,959.00
8924,105307,91,1,1390.00
8925,105308,57,1,479.00
8926,105309,54,1,3390.00
8927,105310,68,1,2390.00
8928,105311,75,1,2190.00
8929,105311,83,1,6690.00
8930,105312,45,1,6690.00
8931,105312,86,3,859.00
8932,105313,47,1,12490.00
8933,105313,16,1,41290.00
8934,105314,36,1,7690.00
8935,105315,78,1,1790.00
8936,105316,7,1,31690.00
8937,105316,11,1,4790.00
8938,105317,46,1,3190.00
8939,105318,69,1,859.00
8940,105319,57,1,479.00
8941,105320,31,1,43190.00
8942,105321,63,1,5690.00
8943,105321,118,1,9590.00
8944,105322,16,1,41290.00
8945,105323,56,2,769.00
8946,105324,78,1,1790.00
8947,105325,22,1,2390.00
8948,105326,111,1,569.00
8949,105327,57,1,479.00
8950,105328,12,1,3790.00
8951,105329,83,1,6690.00
8952,105330,97,2,469.00
8953,105331,46,1,3190.00
8954,105331,36,1,7690.00
8955,105332,38,1,2890.00
8956,105333,67,1,1190.00
8957,105334,12,2,3790.00
8958,105335,57,1,479.00
8959,105335,40,1,31190.00
8960,105336,53,1,10990.00
8961,105337,104,2,4790.00
8962,105338,38,1,2890.00
8963,105339,23,1,3390.00
8964,105339,38,1,2890.00
8965,105339,73,1,469.00
8966,105340,86,2,859.00
8967,105340,7,1,31690.00
8968,105340,13,1,26890.00
8969,105340,39,1,5790.00
8970,105341,86,3,859.00
8971,105342,112,1,859.00
8972,105343,32,1,5290.00
8973,105344,43,1,1190.00
8974,105345,42,3,959.00
8975,105346,86,3,859.00
8976,105346,104,1,4790.00
8977,105346,68,1,2390.00
8978,105346,74,1,659.00
8979,105347,30,1,3090.00
8980,105348,56,3,769.00
8981,105348,40,1,31190.00
8982,105349,112,3,859.00
8983,105349,57,1,479.00
8984,105350,40,1,31190.00
8985,105350,95,1,990.00
8986,105350,57,2,479.00
8987,105350,56,1,769.00
8988,105351,45,1,6690.00
8989,105352,9,2,3190.00
8990,105352,91,1,1390.00
8991,105352,12,1,3790.00
8992,105353,11,1,4790.00
8993,105354,56,1,769.00
8994,105354,74,1,659.00
8995,105355,14,1,11490.00
8996,105355,71,1,2890.00
8997,105356,86,2,859.00
8998,105357,8,1,17290.00
8999,105357,67,1,1190.00
9000,105358,122,1,2190.00
9001,105359,42,1,959.00
9002,105359,81,1,4790.00
9003,105360,53,1,10990.00
9004,105361,101,1,1490.00
9005,105362,85,2,2390.00
9006,105363,62,1,4390.00
9007,105364,29,1,2190.00
9008,105364,57,3,479.00
9009,105365,66,1,1390.00
9010,105365,67,1,1190.00
9011,105365,56,2,769.00
9012,105365,30,1,3090.00
9013,105366,2,1,35590.00
9014,105367,73,1,469.00
9015,105367,6,1,12990.00
9016,105368,20,1,10590.00
9017,105368,68,1,2390.00
9018,105369,65,1,4290.00
9019,105369,10,1,12490.00
9020,105370,56,2,769.00
9021,105370,86,3,859.00
9022,105371,20,1,10590.00
9023,105371,111,1,569.00
9024,105372,11,1,4790.00
9025,105372,56,2,769.00
9026,105373,12,1,3790.00
9027,105374,92,1,949.00
9028,105374,74,2,659.00
9029,105375,118,1,9590.00
9030,105376,56,1,769.00
9031,105376,46,1,3190.00
9032,105377,47,1,12490.00
9033,105377,12,1,3790.00
9034,105377,57,1,479.00
9035,105378,45,1,6690.00
9036,105378,86,3,859.00
9037,105379,45,1,6690.00
9038,105380,95,2,990.00
9039,105380,56,3,769.00
9040,105381,22,1,2390.00
9041,105382,55,1,5790.00
9042,105382,35,1,4590.00
9043,105382,73,1,469.00
9044,105383,122,1,2190.00
9045,105383,30,1,3090.00
9046,105383,21,1,7690.00
9047,105384,23,2,3390.00
9048,105384,86,1,859.00
9049,105384,42,1,959.00
9050,105384,119,1,3390.00
9051,105385,56,2,769.00
9052,105386,120,1,1390.00
9053,105387,26,1,48090.00
9054,105388,76,1,439.00
9055,105388,86,3,859.00
9056,105388,12,1,3790.00
9057,105389,56,2,769.00
9058,105389,81,1,4790.00
9059,105390,83,1,6690.00
9060,105391,76,2,439.00
9061,105392,90,1,2790.00
9062,105393,123,1,1690.00
9063,105393,109,1,8590.00
9064,105393,111,1,569.00
9065,105394,55,1,5790.00
9066,105395,94,2,1090.00
9067,105395,86,2,859.00
9068,105396,48,1,4790.00
9069,105397,111,3,569.00
9070,105397,53,1,10990.00
9071,105398,56,1,769.00
9072,105398,57,1,479.00
9073,105399,81,2,4790.00
9074,105400,127,1,6690.00
9075,105401,12,1,3790.00
9076,105402,40,1,31190.00
9077,105402,25,1,23990.00
9078,105402,30,1,3090.00
9079,105403,99,1,1190.00
9080,105404,109,1,8590.00
9081,105404,42,1,959.00
9082,105405,44,1,2890.00
9083,105405,6,1,12990.00
9084,105406,9,1,3190.00
9085,105406,122,1,2190.00
9086,105407,79,1,5290.00
9087,105407,38,1,2890.00
9088,105408,89,1,379.00
9089,105409,94,1,1090.00
9090,105409,93,1,759.00
9091,105410,97,3,469.00
9092,105411,74,2,659.00
9093,105412,67,1,1190.00
9094,105413,78,1,1790.00
9095,105413,12,1,3790.00
9096,105413,122,1,2190.00
9097,105414,38,1,2890.00
9098,105414,47,1,12490.00
9099,105414,75,1,2190.00
9100,105415,102,1,1890.00
9101,105415,59,1,1890.00
9102,105415,12,1,3790.00
9103,105416,75,1,2190.00
9104,105417,65,2,4290.00
9105,105418,36,1,7690.00
9106,105418,58,1,4790.00
9107,105419,86,1,859.00
9108,105420,86,1,859.00
9109,105421,9,1,3190.00
9110,105422,14,1,11490.00
9111,105422,71,1,2890.00
9112,105423,81,1,4790.00
9113,105423,39,1,5790.00
9114,105423,57,1,479.00
9115,105424,57,1,479.00
9116,105424,23,1,3390.00
9117,105424,56,2,769.00
9118,105424,79,1,5290.00
9119,105425,125,1,1890.00
9120,105426,120,1,1390.00
9121,105426,57,1,479.00
9122,105427,84,2,659.00
9123,105427,76,1,439.00
9124,105427,19,1,115390.00
9125,105428,52,1,7190.00
9126,105429,93,1,759.00
9127,105430,49,1,9590.00
9128,105430,66,1,1390.00
9129,105431,42,2,959.00
9130,105432,44,1,2890.00
9131,105433,109,1,8590.00
9132,105433,9,1,3190.00
9133,105433,45,1,6690.00
9134,105434,95,1,990.00
9135,105435,17,1,62490.00
9136,105436,97,3,469.00
9137,105437,126,1,3190.00
9138,105437,125,1,1890.00
9139,105438,57,1,479.00
9140,105438,86,2,859.00
9141,105439,53,1,10990.00
9142,105439,38,1,2890.00
9143,105440,86,1,859.00
9144,105440,57,1,479.00
9145,105440,46,1,3190.00
9146,105441,43,1,1190.00
9147,105442,101,1,1490.00
9148,105442,57,2,479.00
9149,105442,111,1,569.00
9150,105443,74,2,659.00
9151,105444,46,2,3190.00
9152,105445,11,2,4790.00
9153,105446,42,1,959.00
9154,105446,67,1,1190.00
9155,105446,24,1,16290.00
9156,105446,56,1,769.00
9157,105447,68,2,2390.00
9158,105447,23,1,3390.00
9159,105448,26,1,48090.00
9160,105449,3,1,81690.00
9161,105450,2,1,35590.00
9162,105451,56,2,769.00
9163,105452,46,1,3190.00
9164,105452,47,1,12490.00
9165,105453,73,1,469.00
9166,105454,111,1,569.00
9167,105454,69,2,859.00
9168,105455,34,1,6190.00
9169,105456,86,1,859.00
9170,105456,42,1,959.00
9171,105457,78,1,1790.00
9172,105457,76,1,439.00
9173,105457,55,1,5790.00
9174,105458,56,1,769.00
9175,105459,51,1,6190.00
9176,105459,122,1,2190.00
9177,105459,57,3,479.00
9178,105459,75,1,2190.00
9179,105460,57,3,479.00
9180,105461,29,2,2190.00
9181,105461,131,1,1590.00
9182,105462,56,2,769.00
9183,105463,12,1,3790.00
9184,105464,56,1,769.00
9185,105465,58,1,4790.00
9186,105465,59,1,1890.00
9187,105466,21,1,7690.00
9188,105467,104,1,4790.00
9189,105468,56,1,769.00
9190,105469,67,1,1190.00
9191,105470,11,1,4790.00
9192,105470,23,1,3390.00
9193,105471,65,1,4290.00
9194,105471,123,2,1690.00
9195,105472,1,1,21090.00
9196,105473,30,1,3090.00
9197,105473,9,1,3190.00
9198,105474,89,2,379.00
9199,105474,112,2,859.00
9200,105475,30,1,3090.00
9201,105475,18,1,50990.00
9202,105476,12,1,3790.00
9203,105476,45,1,6690.00
9204,105477,56,1,769.00
9205,105477,2,1,35590.00
9206,105477,11,2,4790.00
9207,105478,86,1,859.00
9208,105478,54,1,3390.00
9209,105479,87,1,2890.00
9210,105480,63,1,5690.00
9211,105480,65,1,4290.00
9212,105481,64,1,3790.00
9213,105482,29,2,2190.00
9214,105483,55,1,5790.00
9215,105483,43,1,1190.00
9216,105483,111,3,569.00
9217,105483,28,1,21090.00
9218,105484,126,1,3190.00
9219,105485,91,1,1390.00
9220,105486,92,1,949.00
9221,105486,76,1,439.00
9222,105487,67,2,1190.00
9223,105488,40,1,31190.00
9224,105488,23,1,3390.00
9225,105489,111,1,569.00
9226,105489,65,1,4290.00
9227,105490,47,1,12490.00
9228,105490,66,2,1390.00
9229,105491,60,1,3390.00
9230,105491,125,1,1890.00
9231,105491,76,1,439.00
9232,105491,63,1,5690.00
9233,105492,78,1,1790.00
9234,105492,24,1,16290.00
9235,105493,25,1,23990.00
9236,105494,40,1,31190.00
9237,105495,75,1,2190.00
9238,105496,2,1,35590.00
9239,105496,78,1,1790.00
9240,105496,121,1,2390.00
9241,105496,128,1,17290.00
9242,105497,43,1,1190.00
9243,105498,98,3,859.00
9244,105499,56,2,769.00
9245,105499,75,1,2190.00
9246,105500,111,1,569.00
9247,105501,95,1,990.00
9248,105502,56,1,769.00
9249,105502,126,1,3190.00
9250,105503,57,2,479.00
9251,105504,64,2,3790.00
9252,105504,85,1,2390.00
9253,105504,24,1,16290.00
9254,105505,56,1,769.00
9255,105505,9,1,3190.00
9256,105506,42,1,959.00
9257,105507,30,1,3090.00
9258,105507,31,1,43290.00
9259,105507,98,1,859.00
9260,105508,81,1,4790.00
9261,105508,56,2,769.00
9262,105509,56,2,769.00
9263,105510,111,1,569.00
9264,105511,48,1,4790.00
9265,105511,9,2,3190.00
9266,105512,46,2,3190.00
9267,105512,56,2,769.00
9268,105513,20,1,10590.00
9269,105514,12,1,3790.00
9270,105515,67,1,1190.00
9271,105516,85,1,2390.00
9272,105516,54,1,3390.00
9273,105517,73,3,469.00
9274,105517,108,1,5290.00
9275,105517,47,1,12490.00
9276,105518,69,1,859.00
9277,105519,46,1,3190.00
9278,105519,65,1,4290.00
9279,105520,58,2,4790.00
9280,105520,85,1,2390.00
9281,105520,60,1,3390.00
9282,105521,67,1,1190.00
9283,105521,57,3,479.00
9284,105521,73,2,469.00
9285,105522,38,1,2890.00
9286,105523,42,1,959.00
9287,105523,20,1,10590.00
9288,105524,48,1,4790.00
9289,105524,86,1,859.00
9290,105525,56,1,769.00
9291,105526,40,1,31290.00
9292,105526,23,1,3390.00
9293,105526,57,1,479.00
9294,105526,76,1,439.00
9295,105527,60,1,3390.00
9296,105528,96,1,569.00
9297,105529,8,1,17290.00
9298,105529,67,1,1190.00
9299,105530,86,2,859.00
9300,105530,56,1,769.00
9301,105530,74,1,659.00
9302,105531,56,2,769.00
9303,105532,56,1,769.00
9304,105532,46,1,3190.00
9305,105532,43,1,1190.00
9306,105533,65,2,4290.00
9307,105534,71,1,2890.00
9308,105535,65,1,4290.00
9309,105536,89,1,379.00
9310,105537,99,1,1190.00
9311,105537,58,1,4790.00
9312,105538,57,1,479.00
9313,105539,59,2,1890.00
9314,105540,62,1,4390.00
9315,105541,21,1,7690.00
9316,105542,7,1,31690.00
9317,105543,8,1,17290.00
9318,105544,97,2,469.00
9319,105544,34,1,6190.00
9320,105545,32,1,5290.00
9321,105546,10,1,12490.00
9322,105547,75,1,2190.00
9323,105547,49,1,9590.00
9324,105547,53,1,11090.00
9325,105548,67,1,1190.00
9326,105549,58,1,4790.00
9327,105550,42,1,959.00
9328,105550,56,2,769.00
9329,105550,38,1,2890.00
9330,105550,10,1,12490.00
9331,105551,82,1,7690.00
9332,105551,50,1,7690.00
9333,105552,97,1,469.00
9334,105553,42,1,959.00
9335,105554,34,1,6190.00
9336,105554,111,1,569.00
9337,105555,75,1,2190.00
9338,105555,54,1,3390.00
9339,105555,15,1,16790.00
9340,105555,46,1,3190.00
9341,105556,43,2,1190.00
9342,105557,19,1,115390.00
9343,105558,51,1,6190.00
9344,105559,128,1,17290.00
9345,105559,42,3,959.00
9346,105559,2,1,35590.00
9347,105559,8,1,17290.00
9348,105560,11,1,4790.00
9349,105561,56,2,769.00
9350,105561,67,1,1190.00
9351,105561,12,1,3790.00
9352,105562,30,1,3090.00
9353,105562,65,1,4290.00
9354,105563,9,2,3190.00
9355,105563,63,1,5690.00
9356,105564,20,1,10590.00
9357,105564,39,1,5790.00
9358,105565,13,1,26890.00
9359,105566,77,1,2090.00
9360,105567,53,1,11090.00
9361,105568,47,1,12490.00
9362,105569,55,1,5790.00
9363,105569,53,1,11090.00
9364,105570,12,1,3790.00
9365,105571,47,1,12490.00
9366,105572,54,1,3390.00
9367,105573,110,1,3790.00
9368,105574,101,1,1490.00
9369,105574,46,1,3190.00
9370,105575,59,1,1890.00
9371,105575,57,2,479.00
9372,105576,73,2,469.00
9373,105577,92,2,949.00
9374,105577,47,1,12490.00
9375,105577,86,1,859.00
9376,105578,29,1,2190.00
9377,105579,56,3,769.00
9378,105580,89,3,379.00
9379,105581,86,2,859.00
9380,105582,56,1,769.00
9381,105582,76,2,439.00
9382,105583,38,1,2890.00
9383,105584,57,1,479.00
9384,105584,50,1,7690.00
9385,105584,112,1,859.00
9386,105585,79,1,5290.00
9387,105586,21,1,7690.00
9388,105587,55,1,5790.00
9389,105587,24,1,16290.00
9390,105587,46,1,3190.00
9391,105588,80,1,5790.00
9392,105588,53,1,11090.00
9393,105589,63,1,5690.00
9394,105589,64,1,3790.00
9395,105589,85,1,2390.00
9396,105590,86,1,859.00
9397,105590,48,1,4790.00
9398,105591,56,1,769.00
9399,105592,89,2,379.00
9400,105593,56,2,769.00
9401,105593,38,1,2890.00
9402,105594,42,3,959.00
9403,105594,32,1,5290.00
9404,105594,124,1,1490.00
9405,105595,8,1,17290.00
9406,105595,57,1,479.00
9407,105595,47,1,12490.00
9408,105595,38,1,2890.00
9409,105596,31,1,43290.00
9410,105596,43,1,1190.00
9411,105597,26,1,48090.00
9412,105598,67,1,1190.00
9413,105599,38,1,2890.00
9414,105600,10,1,12490.00
9415,105601,10,1,12490.00
9416,105601,45,1,6690.00
9417,105602,46,1,3190.00
9418,105602,2,1,35590.00
9419,105603,49,1,9590.00
9420,105604,46,1,3190.00
9421,105604,123,2,1690.00
9422,105605,56,3,769.00
9423,105606,30,2,3090.00
9424,105606,51,1,6190.00
9425,105607,53,1,11090.00
9426,105608,56,1,769.00
9427,105609,120,1,1390.00
9428,105610,38,1,2890.00
9429,105611,65,1,4290.00
9430,105611,4,1,91390.00
9431,105611,42,1,959.00
9432,105611,10,1,12490.00
9433,105612,30,1,3090.00
9434,105613,2,1,35590.00
9435,105614,55,1,5790.00
9436,105615,111,1,569.00
9437,105616,51,1,6190.00
9438,105616,12,1,3790.00
9439,105616,54,1,3390.00
9440,105616,34,1,6190.00
9441,105617,58,1,4790.00
9442,105618,16,1,41390.00
9443,105618,46,1,3190.00
9444,105619,43,2,1290.00
9445,105620,122,1,2190.00
9446,105621,42,3,959.00
9447,105622,57,1,479.00
9448,105622,65,1,4290.00
9449,105623,74,2,659.00
9450,105624,57,1,479.00
9451,105624,42,1,959.00
9452,105625,78,2,1790.00
9453,105626,30,2,3090.00
9454,105627,47,1,12490.00
9455,105628,12,1,3790.00
9456,105628,97,1,469.00
9457,105629,57,2,479.00
9458,105629,125,1,1890.00
9459,105629,52,1,7190.00
9460,105630,111,2,569.00
9461,105630,92,1,949.00
9462,105631,56,1,769.00
9463,105631,30,2,3090.00
9464,105632,30,1,3090.00
9465,105633,119,2,3390.00
9466,105633,75,2,2190.00
9467,105633,71,1,2890.00
9468,105633,64,2,3790.00
9469,105634,102,1,1890.00
9470,105634,45,1,6690.00
9471,105635,6,1,12990.00
9472,105635,9,1,3190.00
9473,105636,98,2,859.00
9474,105636,94,1,1090.00
9475,105637,17,1,62590.00
9476,105638,45,1,6690.00
9477,105638,46,2,3190.00
9478,105638,105,2,1390.00
9479,105639,71,1,2890.00
9480,105640,57,1,479.00
9481,105640,74,1,659.00
9482,105641,43,1,1290.00
9483,105641,29,1,2190.00
9484,105642,50,1,7690.00
9485,105642,86,2,859.00
9486,105642,51,1,6190.00
9487,105642,111,1,569.00
9488,105643,54,1,3390.00
9489,105643,46,2,3190.00
9490,105643,56,3,769.00
9491,105643,47,1,12490.00
9492,105644,86,1,859.00
9493,105645,30,1,3090.00
9494,105646,9,1,3190.00
9495,105647,89,3,379.00
9496,105648,50,1,7690.00
9497,105648,65,1,4290.00
9498,105649,35,1,4590.00
9499,105650,90,1,2790.00
9500,105651,53,1,11090.00
9501,105652,86,2,859.00
9502,105653,93,1,759.00
9503,105654,43,1,1290.00
9504,105655,86,1,859.00
9505,105655,9,2,3190.00
9506,105655,57,2,479.00
9507,105656,49,1,9590.00
9508,105657,53,1,11090.00
9509,105657,9,1,3190.00
9510,105657,78,1,1790.00
9511,105658,12,1,3790.00
9512,105659,33,1,11490.00
9513,105659,22,2,2390.00
9514,105659,6,1,12990.00
9515,105659,80,1,5790.00
9516,105660,47,1,12490.00
9517,105661,125,1,1890.00
9518,105661,56,1,769.00
9519,105662,70,1,8690.00
9520,105663,50,1,7690.00
9521,105664,55,1,5790.00
9522,105665,56,1,769.00
9523,105665,63,1,5690.00
9524,105666,77,1,2090.00
9525,105667,111,3,569.00
9526,105668,54,1,3390.00
9527,105669,45,1,6690.00
9528,105670,121,1,2390.00
9529,105671,15,1,16790.00
9530,105671,7,1,31790.00
9531,105671,79,1,5290.00
9532,105672,42,1,959.00
9533,105673,97,3,469.00
9534,105674,69,1,859.00
9535,105674,53,1,11090.00
9536,105675,56,1,769.00
9537,105676,11,1,4790.00
9538,105677,43,1,1290.00
9539,105678,87,1,2890.00
9540,105678,86,1,859.00
9541,105678,61,1,7190.00
9542,105679,86,1,859.00
9543,105680,66,1,1390.00
9544,105681,91,1,1390.00
9545,105682,63,1,5690.00
9546,105683,51,1,6190.00
9547,105683,47,1,12490.00
9548,105684,22,1,2390.00
9549,105685,86,1,859.00
9550,105685,50,1,7690.00
9551,105685,56,1,769.00
9552,105685,131,1,1590.00
9553,105686,97,1,469.00
9554,105686,25,1,24090.00
9555,105687,42,3,959.00
9556,105688,31,1,43290.00
9557,105688,105,1,1390.00
9558,105689,92,1,949.00
9559,105689,86,3,859.00
9560,105689,57,2,479.00
9561,105690,66,2,1390.00
9562,105691,73,1,469.00
9563,105692,53,1,11090.00
9564,105692,38,1,2890.00
9565,105692,32,1,5290.00
9566,105693,66,1,1390.00
9567,105694,8,1,17290.00
9568,105695,86,1,859.00
9569,105696,86,1,859.00
9570,105697,85,1,2390.00
9571,105698,98,3,859.00
9572,105699,46,1,3190.00
9573,105699,25,1,24090.00
9574,105700,20,1,10590.00
9575,105701,11,1,4790.00
9576,105702,10,1,12490.00
9577,105703,92,2,949.00
9578,105703,75,2,2190.00
9579,105704,87,1,2890.00
9580,105704,7,1,31790.00
9581,105704,28,1,21190.00
9582,105705,67,1,1190.00
9583,105705,55,1,5790.00
9584,105705,86,1,859.00
9585,105706,125,2,1890.00
9586,105706,30,2,3090.00
9587,105707,10,1,12490.00
9588,105707,76,1,439.00
9589,105708,67,1,1190.00
9590,105709,32,1,5290.00
9591,105709,57,1,479.00
9592,105710,104,2,4790.00
9593,105711,59,1,1890.00
9594,105711,67,1,1190.00
9595,105711,68,1,2390.00
9596,105712,65,1,4290.00
9597,105712,53,1,11090.00
9598,105712,38,1,2890.00
9599,105713,63,1,5690.00
9600,105713,38,1,2890.00
9601,105714,96,1,569.00
9602,105715,58,1,4790.00
9603,105716,12,1,3790.00
9604,105716,61,1,7190.00
9605,105717,53,1,11090.00
9606,105718,51,1,6190.00
9607,105718,23,1,3390.00
9608,105718,63,1,5690.00
9609,105719,105,1,1390.00
9610,105719,30,1,3090.00
9611,105719,25,1,24090.00
9612,105720,71,1,2890.00
9613,105721,23,1,3390.00
9614,105722,75,1,2190.00
9615,105722,96,1,569.00
9616,105723,12,1,3790.00
9617,105724,17,1,62590.00
9618,105724,76,3,439.00
9619,105725,95,1,990.00
9620,105726,32,1,5290.00
9621,105727,58,1,4790.00
9622,105727,86,1,859.00
9623,105728,86,1,859.00
9624,105728,53,1,11090.00
9625,105729,60,1,3390.00
9626,105730,56,2,769.00
9627,105730,122,1,2190.00
9628,105731,99,1,1190.00
9629,105732,89,2,379.00
9630,105732,56,1,769.00
9631,105733,26,1,48090.00
9632,105733,56,1,769.00
9633,105734,38,1,2890.00
9634,105735,86,3,859.00
9635,105736,112,2,859.00
9636,105736,110,1,3790.00
9637,105737,73,2,469.00
9638,105737,86,2,859.00
9639,105738,38,1,2890.00
9640,105738,30,2,3090.00
9641,105738,42,1,959.00
9642,105738,58,2,4790.00
9643,105739,23,2,3390.00
9644,105740,11,1,4790.00
9645,105740,5,1,125190.00
9646,105741,56,1,769.00
9647,105742,43,2,1290.00
9648,105743,58,1,4790.00
9649,105744,14,1,11490.00
9650,105744,43,1,1290.00
9651,105744,118,1,9590.00
9652,105744,9,1,3190.00
9653,105745,86,1,859.00
9654,105746,38,1,2890.00
9655,105746,45,1,6690.00
9656,105746,86,2,859.00
9657,105747,2,1,35590.00
9658,105747,45,1,6690.00
9659,105747,35,1,4590.00
9660,105747,126,1,3190.00
9661,105748,62,1,4390.00
9662,105749,43,1,1290.00
9663,105750,8,1,17290.00
9664,105751,43,2,1290.00
9665,105752,95,1,990.00
9666,105753,57,2,479.00
9667,105754,56,1,769.00
9668,105755,44,1,2890.00
9669,105756,100,1,1590.00
9670,105757,99,1,1190.00
9671,105758,23,1,3390.00
9672,105758,86,1,859.00
9673,105759,86,1,859.00
9674,105759,47,1,12490.00
9675,105760,95,1,990.00
9676,105761,81,1,4790.00
9677,105762,42,1,959.00
9678,105763,94,1,1090.00
9679,105763,86,2,859.00
9680,105764,56,1,769.00
9681,105765,38,1,2890.00
9682,105766,118,1,9590.00
9683,105767,85,2,2390.00
9684,105767,11,1,4790.00
9685,105768,95,1,990.00
9686,105768,10,1,12490.00
9687,105768,53,1,11090.00
9688,105769,2,1,35590.00
9689,105769,131,1,1590.00
9690,105770,30,2,3090.00
9691,105770,126,1,3190.00
9692,105770,29,1,2190.00
9693,105771,74,3,659.00
9694,105772,11,1,4790.00
9695,105772,26,1,48090.00
9696,105773,56,1,769.00
9697,105774,117,1,2890.00
9698,105775,55,1,5790.00
9699,105776,58,1,4790.00
9700,105777,38,1,2890.00
9701,105777,43,1,1290.00
9702,105777,119,1,3390.00
9703,105777,47,1,12490.00
9704,105778,43,1,1290.00
9705,105778,15,1,16790.00
9706,105778,118,1,9590.00
9707,105779,67,1,1190.00
9708,105779,76,1,439.00
9709,105780,46,1,3190.00
9710,105781,78,1,1790.00
9711,105781,96,3,569.00
9712,105782,47,1,12490.00
9713,105782,46,1,3190.00
9714,105782,36,1,7690.00
9715,105782,1,1,21190.00
9716,105783,56,1,769.00
9717,105784,46,1,3190.00
9718,105785,56,2,769.00
9719,105786,70,1,8690.00
9720,105787,46,1,3190.00
9721,105788,14,1,11590.00
9722,105789,45,1,6690.00
9723,105789,8,1,17290.00
9724,105789,14,1,11590.00
9725,105789,125,1,1890.00
9726,105790,129,1,8690.00
9727,105791,55,1,5790.00
9728,105792,23,1,3390.00
9729,105792,97,1,469.00
9730,105793,98,1,859.00
9731,105793,83,1,6690.00
9732,105794,56,1,769.00
9733,105794,51,1,6290.00
9734,105794,40,1,31290.00
9735,105794,57,1,479.00
9736,105795,42,3,959.00
9737,105795,119,1,3390.00
9738,105795,59,1,1890.00
9739,105796,43,1,1290.00
9740,105797,38,1,2890.00
9741,105798,23,1,3390.00
9742,105799,66,1,1390.00
9743,105800,131,1,1590.00
9744,105801,123,2,1690.00
9745,105801,31,1,43290.00
9746,105802,63,1,5690.00
9747,105802,12,1,3790.00
9748,105803,9,2,3190.00
9749,105803,122,1,2190.00
9750,105804,117,1,2890.00
9751,105805,131,1,1590.00
9752,105805,67,1,1190.00
9753,105806,81,1,4790.00
9754,105806,91,1,1390.00
9755,105807,57,1,479.00
9756,105808,12,1,3790.00
9757,105809,45,1,6690.00
9758,105809,77,1,2090.00
9759,105810,95,2,1090.00
9760,105811,47,1,12490.00
9761,105812,80,1,5790.00
9762,105813,53,1,11090.00
9763,105813,92,2,949.00
9764,105814,45,1,6690.00
9765,105815,66,1,1390.00
9766,105816,50,1,7690.00
9767,105816,49,1,9590.00
9768,105817,87,1,2890.00
9769,105818,42,1,959.00
9770,105819,45,1,6690.00
9771,105820,28,1,21190.00
9772,105821,26,1,48190.00
9773,105822,93,1,759.00
9774,105823,29,2,2190.00
9775,105824,11,1,4790.00
9776,105824,12,1,3790.00
9777,105824,60,1,3390.00
9778,105824,118,1,9590.00
9779,105825,57,1,479.00
9780,105826,42,1,959.00
9781,105826,68,2,2390.00
9782,105826,45,1,6690.00
9783,105826,88,1,7190.00
9784,105827,66,1,1390.00
9785,105827,29,1,2190.00
9786,105828,31,1,43290.00
9787,105829,43,1,1290.00
9788,105830,56,1,769.00
9789,105831,34,1,6290.00
9790,105832,45,1,6690.00
9791,105833,23,1,3390.00
9792,105834,56,1,769.00
9793,105834,45,1,6690.00
9794,105834,60,1,3390.00
9795,105834,58,1,4790.00
9796,105835,58,2,4790.00
9797,105836,131,1,1590.00
9798,105837,38,1,2890.00
9799,105838,1,1,21190.00
9800,105839,30,1,3090.00
9801,105840,46,1,3190.00
9802,105840,29,2,2190.00
9803,105841,42,1,959.00
9804,105841,58,1,4790.00
9805,105842,126,1,3190.00
9806,105842,44,1,2890.00
9807,105842,50,1,7690.00
9808,105842,57,1,479.00
9809,105843,9,1,3190.00
9810,105844,86,1,859.00
9811,105845,81,1,4790.00
9812,105846,86,2,859.00
9813,105847,46,1,3190.00
9814,105848,22,1,2390.00
9815,105848,36,1,7690.00
9816,105848,86,1,859.00
9817,105849,31,1,43390.00
9818,105849,84,1,659.00
9819,105849,1,1,21190.00
9820,105850,32,1,5290.00
9821,105851,43,1,1290.00
9822,105851,94,2,1090.00
9823,105851,56,1,769.00
9824,105851,42,2,959.00
9825,105852,111,1,569.00
9826,105853,56,2,769.00
9827,105854,80,1,5790.00
9828,105854,37,1,47690.00
9829,105854,84,1,659.00
9830,105855,6,1,12990.00
9831,105856,46,2,3190.00
9832,105856,45,1,6690.00
9833,105857,74,2,659.00
9834,105857,86,3,859.00
9835,105858,67,2,1190.00
9836,105859,67,1,1190.00
9837,105860,12,1,3790.00
9838,105860,22,1,2390.00
9839,105861,48,1,4790.00
9840,105862,86,2,859.00
9841,105863,52,1,7190.00
9842,105864,53,1,11090.00
9843,105865,78,2,1790.00
9844,105865,5,1,125290.00
9845,105866,86,1,859.00
9846,105867,67,1,1190.00
9847,105868,11,1,4790.00
9848,105868,46,1,3190.00
9849,105868,4,1,91490.00
9850,105869,17,1,62590.00
9851,105870,43,1,1290.00
9852,105871,123,2,1690.00
9853,105872,73,2,469.00
9854,105873,79,1,5290.00
9855,105873,47,1,12490.00
9856,105874,119,1,3390.00
9857,105874,84,2,659.00
9858,105875,40,1,31290.00
9859,105875,65,1,4290.00
9860,105876,86,2,859.00
9861,105877,26,1,48190.00
9862,105877,98,1,859.00
9863,105878,30,1,3090.00
9864,105879,61,1,7190.00
9865,105880,56,1,769.00
9866,105881,1,1,21190.00
9867,105881,86,1,859.00
9868,105881,53,1,11090.00
9869,105882,96,1,569.00
9870,105883,56,1,769.00
9871,105884,131,1,1590.00
9872,105885,86,1,859.00
9873,105886,20,1,10590.00
9874,105886,77,1,2090.00
9875,105887,56,1,769.00
9876,105888,53,1,11090.00
9877,105889,43,2,1290.00
9878,105889,56,1,769.00
9879,105890,53,1,11090.00
9880,105890,94,1,1090.00
9881,105890,82,1,7690.00
9882,105891,66,1,1390.00
9883,105892,85,2,2390.00
9884,105892,43,1,1290.00
9885,105893,56,1,769.00
9886,105893,21,1,7690.00
9887,105894,68,1,2390.00
9888,105894,43,1,1290.00
9889,105894,42,2,959.00
9890,105895,56,1,769.00
9891,105895,43,2,1290.00
9892,105895,55,1,5790.00
9893,105895,79,1,5290.00
9894,105896,66,1,1390.00
9895,105897,110,2,3790.00
9896,105898,11,1,4790.00
9897,105899,43,1,1290.00
9898,105899,63,1,5690.00
9899,105899,73,1,469.00
9900,105900,24,1,16390.00
9901,105901,25,1,24090.00
9902,105902,111,2,569.00
9903,105902,32,1,5290.00
9904,105903,30,1,3090.00
9905,105903,6,1,12990.00
9906,105903,86,2,859.00
9907,105904,56,2,769.00
9908,105904,9,1,3190.00
9909,105905,53,1,11090.00
9910,105905,97,1,469.00
9911,105906,15,1,16890.00
9912,105907,102,1,1890.00
9913,105908,59,2,1890.00
9914,105908,11,1,4790.00
9915,105908,66,1,1390.00
9916,105909,11,1,4790.00
9917,105910,81,1,4790.00
9918,105910,54,1,3390.00
9919,105910,9,1,3190.00
9920,105911,56,3,769.00
9921,105912,53,1,11090.00
9922,105913,11,1,4790.00
9923,105913,61,1,7190.00
9924,105914,83,1,6690.00
9925,105914,47,1,12490.00
9926,105915,89,2,379.00
9927,105915,34,1,6290.00
9928,105916,93,1,759.00
9929,105917,88,1,7190.00
9930,105917,56,1,769.00
9931,105917,90,1,2790.00
9932,105918,95,1,1090.00
9933,105918,74,2,669.00
9934,105918,80,1,5790.00
9935,105918,88,1,7190.00
9936,105919,65,2,4290.00
9937,105919,86,1,859.00
9938,105920,122,1,2190.00
9939,105920,55,1,5790.00
9940,105921,37,1,47690.00
9941,105922,46,1,3190.00
9942,105923,112,1,859.00
9943,105923,68,1,2390.00
9944,105923,131,1,1590.00
9945,105924,86,1,859.00
9946,105925,76,1,439.00
9947,105925,25,1,24090.00
9948,105925,49,1,9590.00
9949,105926,109,1,8690.00
9950,105927,29,1,2190.00
9951,105927,20,1,10590.00
9952,105927,46,1,3190.00
9953,105928,36,1,7690.00
9954,105929,61,1,7190.00
9955,105930,43,1,1290.00
9956,105931,55,1,5790.00
9957,105932,131,1,1590.00
9958,105932,44,1,2890.00
9959,105932,86,1,859.00
9960,105933,48,2,4790.00
9961,105933,76,3,439.00
9962,105934,56,3,769.00
9963,105934,32,1,5290.00
9964,105934,39,1,5790.00
9965,105935,125,2,1890.00
9966,105936,61,1,7190.00
9967,105936,125,1,1890.00
9968,105936,97,1,469.00
9969,105936,34,1,6290.00
9970,105937,58,1,4790.00
9971,105937,86,1,859.00
9972,105937,42,1,959.00
9973,105937,54,2,3390.00
9974,105938,67,1,1190.00
9975,105939,112,2,859.00
9976,105939,8,1,17290.00
9977,105940,86,1,859.00
9978,105940,79,1,5290.00
9979,105941,86,1,859.00
9980,105942,79,1,5290.00
9981,105942,54,1,3390.00
9982,105943,62,1,4390.00
9983,105944,63,1,5690.00
9984,105945,74,2,669.00
9985,105946,56,2,769.00
9986,105947,75,1,2190.00
9987,105947,43,1,1290.00
9988,105948,66,1,1390.00
9989,105949,71,2,2890.00
9990,105950,16,1,41490.00
9991,105950,122,1,2190.00
9992,105951,50,1,7690.00
9993,105951,56,1,769.00
9994,105951,46,1,3190.00
9995,105952,56,2,769.00
9996,105952,14,1,11590.00
9997,105952,66,1,1390.00
9998,105953,86,1,859.00
9999,105954,85,2,2390.00
10000,105954,86,1,859.00
10001,105954,23,1,3390.00
10002,105955,66,2,1390.00
10003,105956,122,1,2190.00
10004,105957,12,1,3790.00
10005,105958,21,1,7690.00
10006,105958,43,2,1290.00
10007,105958,89,1,379.00
10008,105959,80,1,5790.00
10009,105960,50,1,7690.00
10010,105960,86,1,859.00
10011,105960,23,1,3390.00
10012,105960,48,1,4790.00
10013,105961,15,1,16890.00
10014,105961,41,1,26990.00
10015,105962,56,1,769.00
10016,105963,46,1,3190.00
10017,105964,77,1,2090.00
10018,105965,66,2,1390.00
10019,105966,24,1,16390.00
10020,105967,126,1,3190.00
10021,105968,65,1,4290.00
10022,105969,78,2,1790.00
10023,105969,6,1,12990.00
10024,105969,20,1,10590.00
10025,105970,95,1,1090.00
10026,105970,55,1,5790.00
10027,105970,86,1,859.00
10028,105971,36,1,7690.00
10029,105971,44,1,2890.00
10030,105972,55,1,5790.00
10031,105972,56,2,769.00
10032,105973,42,2,959.00
10033,105974,128,1,17290.00
10034,105974,83,1,6690.00
10035,105975,86,2,859.00
10036,105975,43,1,1290.00
10037,105976,57,1,479.00
10038,105976,55,1,5790.00
10039,105976,65,1,4290.00
10040,105976,49,1,9590.00
10041,105977,67,1,1190.00
10042,105977,75,1,2190.00
10043,105977,57,1,479.00
10044,105978,57,1,479.00
10045,105979,46,1,3190.00
10046,105980,17,1,62690.00
10047,105980,73,3,469.00
10048,105980,63,1,5690.00
10049,105980,76,2,439.00
10050,105981,59,1,1890.00
10051,105982,57,1,479.00
10052,105983,96,2,569.00
10053,105984,47,1,12490.00
10054,105984,111,1,569.00
10055,105985,40,1,31290.00
10056,105986,98,2,859.00
10057,105987,101,1,1490.00
10058,105988,95,1,1090.00
10059,105989,126,1,3190.00
10060,105990,54,1,3390.00
10061,105990,9,1,3190.00
10062,105991,3,1,81990.00
10063,105991,20,1,10590.00
10064,105991,56,1,769.00
10065,105992,54,1,3390.00
10066,105993,91,1,1390.00
10067,105994,56,1,769.00
10068,105995,46,1,3190.00
10069,105996,42,1,959.00
10070,105997,75,1,2190.00
10071,105998,49,1,9590.00
10072,105998,56,2,769.00
10073,105998,8,1,17290.00
10074,105999,53,1,11090.00
10075,106000,70,1,8690.00
10076,106001,86,1,859.00
10077,106002,46,1,3190.00
10078,106002,83,1,6690.00
10079,106003,81,2,4790.00
10080,106004,9,2,3190.00
10081,106005,53,1,11090.00
10082,106005,21,1,7690.00
10083,106005,86,1,859.00
10084,106006,86,1,859.00
10085,106006,20,1,10590.00
10086,106006,29,2,2190.00
10087,106006,31,1,43390.00
10088,106007,54,2,3390.00
10089,106007,56,1,769.00
10090,106007,120,1,1390.00
10091,106008,22,1,2390.00
10092,106009,66,1,1390.00
10093,106009,56,1,769.00
10094,106010,22,1,2390.00
10095,106010,56,1,769.00
10096,106011,56,2,769.00
10097,106011,37,1,47690.00
10098,106011,76,3,439.00
10099,106011,53,1,11090.00
10100,106012,128,1,17390.00
10101,106013,38,1,2890.00
10102,106013,16,1,41490.00
10103,106014,30,2,3090.00
10104,106014,86,1,859.00
10105,106014,9,1,3190.00
10106,106015,95,1,1090.00
10107,106015,23,1,3390.00
10108,106015,56,2,769.00
10109,106016,91,1,1390.00
10110,106017,125,1,1890.00
10111,106018,57,2,479.00
10112,106018,67,1,1190.00
10113,106018,80,1,5790.00
10114,106018,111,1,569.00
10115,106019,74,3,669.00
10116,106020,21,1,7690.00
10117,106020,55,1,5790.00
10118,106021,57,2,479.00
10119,106022,49,1,9590.00
10120,106023,45,1,6690.00
10121,106023,43,1,1290.00
10122,106024,58,1,4790.00
10123,106025,51,1,6290.00
10124,106026,47,1,12490.00
10125,106027,38,1,2890.00
10126,106027,97,2,469.00
10127,106027,9,2,3190.00
10128,106028,23,1,3390.00
10129,106028,68,1,2390.00
10130,106029,43,1,1290.00
10131,106030,9,1,3190.00
10132,106030,31,1,43390.00
10133,106030,71,1,2890.00
10134,106030,14,1,11590.00
10135,106031,43,1,1290.00
10136,106031,18,1,51090.00
10137,106032,94,1,1090.00
10138,106033,91,1,1390.00
10139,106033,68,1,2390.00
10140,106033,42,2,959.00
10141,106034,91,1,1390.00
10142,106035,53,1,11090.00
10143,106036,46,1,3190.00
10144,106036,68,1,2390.00
10145,106037,20,1,10590.00
10146,106038,111,3,569.00
10147,106038,56,3,769.00
10148,106039,69,2,859.00
10149,106040,131,1,1590.00
10150,106041,99,1,1190.00
10151,106042,56,2,769.00
10152,106043,74,1,669.00
10153,106043,56,2,769.00
10154,106044,20,1,10590.00
10155,106044,86,1,859.00
10156,106044,38,1,2890.00
10157,106045,1,1,21190.00
10158,106046,89,1,379.00
10159,106047,56,3,769.00
10160,106048,69,1,859.00
10161,106049,9,1,3190.00
10162,106049,56,1,769.00
10163,106050,111,3,569.00
10164,106050,65,1,4290.00
10165,106051,101,1,1490.00
10166,106052,69,1,859.00
10167,106053,97,1,469.00
10168,106054,47,1,12490.00
10169,106055,23,1,3390.00
10170,106055,20,1,10590.00
10171,106055,26,1,48190.00
10172,106055,47,1,12490.00
10173,106056,38,1,2890.00
10174,106056,20,1,10590.00
10175,106057,31,1,43390.00
10176,106057,38,1,2890.00
10177,106057,71,1,2890.00
10178,106057,56,1,769.00
10179,106058,34,1,6290.00
10180,106058,49,1,9590.00
10181,106059,47,1,12490.00
10182,106060,46,1,3190.00
10183,106061,81,1,4790.00
10184,106062,53,1,11090.00
10185,106063,78,1,1790.00
10186,106064,47,1,12490.00
10187,106065,56,1,769.00
10188,106065,86,2,859.00
10189,106065,49,1,9590.00
10190,106066,38,1,2890.00
10191,106067,53,1,11090.00
10192,106067,58,1,4790.00
10193,106067,49,1,9590.00
10194,106068,122,1,2190.00
10195,106069,13,1,26990.00
10196,106070,29,1,2190.00
10197,106070,10,1,12490.00
10198,106071,69,1,859.00
10199,106072,8,1,17390.00
10200,106073,10,1,12490.00
10201,106073,57,1,479.00
10202,106074,1,1,21190.00
10203,106074,8,1,17390.00
10204,106075,8,1,17390.00
10205,106075,88,1,7190.00
10206,106075,66,1,1390.00
10207,106076,89,1,379.00
10208,106076,114,1,33790.00
10209,106076,45,1,6690.00
10210,106076,21,1,7690.00
10211,106077,99,2,1190.00
10212,106078,34,1,6290.00
10213,106078,93,1,759.00
10214,106079,70,1,8690.00
10215,106079,56,1,769.00
10216,106080,47,1,12490.00
10217,106080,54,1,3390.00
10218,106080,85,1,2390.00
10219,106081,43,1,1290.00
10220,106082,11,1,4790.00
10221,106083,48,1,4790.00
10222,106083,66,1,1390.00
10223,106083,82,1,7690.00
10224,106083,36,1,7690.00
10225,106084,79,1,5290.00
10226,106084,87,1,2890.00
10227,106084,42,2,959.00
10228,106085,24,1,16390.00
10229,106086,56,1,769.00
10230,106086,98,2,859.00
10231,106086,70,1,8690.00
10232,106087,56,1,769.00
10233,106088,12,1,3790.00
10234,106089,58,1,4790.00
10235,106090,76,1,439.00
10236,106091,57,2,479.00
10237,106092,56,1,769.00
10238,106093,39,1,5790.00
10239,106093,122,1,2190.00
10240,106094,51,1,6290.00
10241,106095,54,1,3390.00
10242,106095,42,2,959.00
10243,106096,56,3,769.00
10244,106096,87,1,2890.00
10245,106096,29,1,2190.00
10246,106096,79,1,5290.00
10247,106097,30,2,3090.00
10248,106098,91,1,1390.00
10249,106098,71,1,2890.00
10250,106098,58,1,4790.00
10251,106098,23,1,3390.00
10252,106099,86,1,859.00
10253,106100,111,1,569.00
10254,106100,47,1,12490.00
10255,106100,42,1,959.00
10256,106101,86,1,859.00
10257,106102,7,1,31790.00
10258,106103,27,1,57890.00
10259,106104,86,2,859.00
10260,106105,56,2,769.00
10261,106105,100,1,1590.00
10262,106106,21,1,7690.00
10263,106106,29,1,2190.00
10264,106106,96,3,569.00
10265,106107,5,1,125390.00
10266,106108,95,1,1090.00
10267,106108,81,1,4790.00
10268,106109,62,1,4390.00
10269,106109,30,1,3090.00
10270,106110,2,1,35690.00
10271,106111,20,1,10590.00
10272,106111,76,2,439.00
10273,106112,9,1,3190.00
10274,106112,65,1,4290.00
10275,106112,111,1,569.00
10276,106113,86,1,859.00
10277,106114,53,1,11090.00
10278,106115,86,1,859.00
10279,106116,11,1,4790.00
10280,106116,86,3,859.00
10281,106117,75,1,2190.00
10282,106117,86,1,859.00
10283,106117,56,1,769.00
10284,106118,121,1,2390.00
10285,106119,49,1,9590.00
10286,106120,47,1,12490.00
10287,106121,23,1,3390.00
10288,106122,38,1,2890.00
10289,106123,80,1,5790.00
10290,106124,56,1,769.00
10291,106125,45,1,6690.00
10292,106126,17,1,62690.00
10293,106126,46,1,3190.00
10294,106127,85,1,2390.00
10295,106127,74,2,669.00
10296,106127,22,1,2390.00
10297,106127,55,1,5790.00
10298,106128,90,1,2790.00
10299,106129,9,1,3190.00
10300,106129,83,1,6690.00
10301,106130,43,1,1290.00
10302,106131,57,2,479.00
10303,106132,49,1,9590.00
10304,106132,47,1,12490.00
10305,106133,49,1,9590.00
10306,106133,65,2,4290.00
10307,106134,79,1,5290.00
10308,106134,82,1,7690.00
10309,106134,4,1,91690.00
10310,106135,18,1,51090.00
10311,106136,20,1,10590.00
10312,106137,56,1,769.00
10313,106137,36,1,7690.00
10314,106138,38,1,2890.00
10315,106138,96,1,569.00
10316,106139,67,1,1190.00
10317,106140,66,1,1390.00
10318,106140,38,1,2890.00
10319,106141,47,1,12490.00
10320,106142,66,1,1390.00
10321,106143,112,1,859.00
10322,106143,20,1,10590.00
10323,106144,89,2,389.00
10324,106144,122,1,2190.00
10325,106144,86,2,859.00
10326,106144,20,1,10590.00
10327,106145,77,1,2090.00
10328,106146,38,1,2890.00
10329,106147,46,1,3190.00
10330,106147,30,2,3090.00
10331,106147,29,1,2190.00
10332,106148,25,1,24090.00
10333,106149,86,1,859.00
10334,106150,38,1,2890.00
10335,106151,58,2,4790.00
10336,106151,111,1,569.00
10337,106151,81,1,4790.00
10338,106152,82,1,7690.00
10339,106153,58,1,4790.00
10340,106154,84,3,669.00
10341,106154,78,1,1790.00
10342,106155,33,1,11590.00
10343,106155,16,1,41490.00
10344,106155,20,1,10590.00
10345,106156,71,1,2890.00
10346,106156,55,1,5790.00
10347,106157,57,1,479.00
10348,106158,20,1,10590.00
10349,106159,53,1,11090.00
10350,106160,124,1,1490.00
10351,106160,59,1,1890.00
10352,106160,62,1,4390.00
10353,106160,67,1,1190.00
10354,106161,69,1,859.00
10355,106162,47,1,12490.00
10356,106162,55,1,5790.00
10357,106163,47,1,12490.00
10358,106164,56,3,769.00
10359,106164,96,2,569.00
10360,106164,8,1,17390.00
10361,106164,89,3,389.00
10362,106165,89,2,389.00
10363,106165,40,1,31390.00
10364,106165,46,1,3190.00
10365,106165,50,1,7690.00
10366,106166,74,1,669.00
10367,106166,86,1,859.00
10368,106167,70,1,8690.00
10369,106168,3,1,81990.00
10370,106169,8,1,17390.00
10371,106170,20,1,10590.00
10372,106171,126,1,3190.00
10373,106171,9,1,3190.00
10374,106172,61,1,7190.00
10375,106172,56,1,769.00
10376,106172,101,1,1490.00
10377,106172,42,1,959.00
10378,106173,111,1,569.00
10379,106174,25,1,24090.00
10380,106174,58,1,4790.00
10381,106175,53,1,11090.00
10382,106175,33,1,11590.00
10383,106175,49,1,9590.00
10384,106175,89,1,389.00
10385,106176,60,1,3390.00
10386,106177,40,1,31390.00
10387,106177,13,1,26990.00
10388,106177,31,1,43390.00
10389,106178,29,1,2190.00
10390,106179,71,1,2890.00
10391,106180,74,2,669.00
10392,106180,9,1,3190.00
10393,106181,69,2,859.00
10394,106182,30,1,3090.00
10395,106182,84,2,669.00
10396,106182,86,1,859.00
10397,106183,30,1,3090.00
10398,106183,11,1,4790.00
10399,106184,14,1,11590.00
10400,106185,73,2,469.00
10401,106186,97,1,469.00
10402,106186,8,1,17390.00
10403,106186,104,1,4790.00
10404,106187,112,1,859.00
10405,106188,129,1,8690.00
10406,106189,42,2,959.00
10407,106190,78,2,1790.00
10408,106191,38,1,2890.00
10409,106191,131,1,1590.00
10410,106192,9,1,3190.00
10411,106193,14,1,11590.00
10412,106194,20,1,10590.00
10413,106195,86,1,859.00
10414,106196,131,1,1590.00
10415,106196,52,1,7190.00
10416,106196,23,1,3390.00
10417,106197,56,1,769.00
10418,106197,33,1,11590.00
10419,106198,107,1,38590.00
10420,106199,25,1,24090.00
10421,106200,111,2,569.00
10422,106200,55,1,5790.00
10423,106201,24,1,16390.00
10424,106202,92,1,959.00
10425,106203,55,1,5790.00
10426,106203,126,1,3190.00
10427,106204,121,1,2390.00
10428,106205,86,2,859.00
10429,106206,11,1,4790.00
10430,106207,70,1,8690.00
10431,106208,61,1,7190.00
10432,106208,56,1,769.00
10433,106209,40,1,31390.00
10434,106210,14,1,11590.00
10435,106210,59,2,1890.00
10436,106211,86,1,859.00
10437,106212,9,1,3190.00
10438,106213,58,1,4790.00
10439,106213,46,1,3190.00
10440,106214,45,1,6690.00
10441,106214,20,1,10590.00
10442,106214,38,1,2890.00
10443,106215,54,1,3390.00
10444,106216,95,1,1090.00
10445,106216,83,1,6690.00
10446,106216,78,1,1790.00
10447,106217,118,1,9590.00
10448,106217,76,1,439.00
10449,106218,63,1,5690.00
10450,106218,47,1,12490.00
10451,106219,56,1,769.00
10452,106219,50,1,7690.00
10453,106220,68,1,2390.00
10454,106220,47,1,12490.00
10455,106220,79,1,5290.00
10456,106221,86,2,859.00
10457,106221,69,1,859.00
10458,106221,45,1,6690.00
10459,106222,112,3,859.00
10460,106223,52,1,7190.00
10461,106224,123,2,1690.00
10462,106225,70,1,8690.00
10463,106225,77,1,2090.00
10464,106226,61,1,7190.00
10465,106226,69,3,859.00
10466,106226,50,1,7690.00
10467,106227,111,2,569.00
10468,106228,125,1,1890.00
10469,106229,70,1,8690.00
10470,106230,61,1,7190.00
10471,106230,83,1,6690.00
10472,106231,52,1,7190.00
10473,106231,18,1,51190.00
10474,106231,67,1,1190.00
10475,106232,19,1,115790.00
10476,106232,120,1,1390.00
10477,106232,69,1,859.00
10478,106233,111,2,569.00
10479,106233,48,1,4790.00
10480,106234,6,1,12990.00
10481,106234,21,1,7690.00
10482,106235,76,1,439.00
10483,106235,42,1,959.00
10484,106235,66,1,1390.00
10485,106236,56,2,769.00
10486,106237,86,2,859.00
10487,106237,12,1,3890.00
10488,106238,84,2,669.00
10489,106238,9,1,3190.00
10490,106239,8,1,17390.00
10491,106239,45,1,6690.00
10492,106239,42,2,959.00
10493,106240,23,1,3390.00
10494,106241,86,1,859.00
10495,106242,69,2,859.00
10496,106243,35,1,4590.00
10497,106244,96,1,569.00
10498,106245,47,1,12490.00
10499,106246,11,1,4790.00
10500,106247,123,2,1690.00
10501,106248,69,1,859.00
10502,106249,101,1,1490.00
10503,106249,31,1,43390.00
10504,106250,61,1,7190.00
10505,106251,74,1,669.00
10506,106252,42,2,959.00
10507,106252,6,1,12990.00
10508,106252,95,1,1090.00
10509,106252,57,1,479.00
10510,106253,120,2,1390.00
10511,106253,20,1,10590.00
10512,106254,9,2,3190.00
10513,106254,30,1,3090.00
10514,106254,110,1,3890.00
10515,106255,86,1,859.00
10516,106256,54,1,3390.00
10517,106257,35,1,4590.00
10518,106258,99,2,1190.00
10519,106259,12,1,3890.00
10520,106260,69,1,859.00
10521,106260,63,1,5690.00
10522,106260,40,1,31390.00
10523,106260,94,1,1090.00
10524,106261,47,1,12490.00
10525,106262,69,1,859.00
10526,106263,101,1,1490.00
10527,106263,76,1,439.00
10528,106263,60,1,3390.00
10529,106264,123,2,1690.00
10530,106264,13,1,26990.00
10531,106265,12,1,3890.00
10532,106266,57,1,479.00
10533,106267,101,2,1490.00
10534,106268,42,3,959.00
10535,106268,43,1,1290.00
10536,106268,86,1,859.00
10537,106268,26,1,48290.00
10538,106269,56,3,769.00
10539,106269,91,2,1390.00
10540,106269,69,2,859.00
10541,106270,29,2,2190.00
10542,106271,17,1,62790.00
10543,106271,87,1,2890.00
10544,106272,11,1,4790.00
10545,106273,86,2,859.00
10546,106274,41,1,26990.00
10547,106275,52,1,7190.00
10548,106275,61,1,7190.00
10549,106276,3,1,82090.00
10550,106276,25,1,24090.00
10551,106277,23,2,3390.00
10552,106278,76,1,439.00
10553,106278,78,1,1790.00
10554,106279,125,1,1890.00
10555,106279,56,1,769.00
10556,106279,35,1,4590.00
10557,106280,10,1,12490.00
10558,106281,119,2,3390.00
10559,106282,39,1,5790.00
10560,106282,57,1,479.00
10561,106282,97,1,469.00
10562,106283,51,1,6290.00
10563,106283,75,1,2190.00
10564,106284,38,1,2890.00
10565,106284,12,1,3890.00
10566,106284,71,2,2890.00
10567,106285,14,1,11590.00
10568,106285,86,1,859.00
10569,106286,31,1,43390.00
10570,106287,93,1,759.00
10571,106287,56,2,769.00
10572,106288,125,1,1890.00
10573,106288,32,1,5290.00
10574,106289,68,1,2390.00
10575,106290,30,1,3090.00
10576,106291,56,1,769.00
10577,106292,40,1,31390.00
10578,106292,46,1,3190.00
10579,106293,56,2,769.00
10580,106293,38,1,2890.00
10581,106293,55,1,5790.00
10582,106294,26,1,48290.00
10583,106295,15,1,16890.00
10584,106296,57,1,479.00
10585,106296,122,1,2190.00
10586,106296,76,1,439.00
10587,106297,38,1,2890.00
10588,106297,56,1,769.00
10589,106298,122,2,2190.00
10590,106298,55,1,5790.00
10591,106299,76,1,439.00
10592,106299,9,1,3190.00
10593,106299,38,1,2890.00
10594,106300,97,1,469.00
10595,106300,111,2,569.00
10596,106301,12,1,3890.00
10597,106302,20,1,10590.00
10598,106303,23,1,3390.00
10599,106303,55,1,5790.00
10600,106304,74,1,669.00
10601,106304,56,2,769.00
10602,106305,131,1,1590.00
10603,106305,82,1,7690.00
10604,106305,114,1,33790.00
10605,106306,42,1,959.00
10606,106306,118,1,9590.00
10607,106307,62,2,4390.00
10608,106308,93,2,759.00
10609,106309,69,2,859.00
10610,106309,23,1,3390.00
10611,106310,66,1,1390.00
10612,106311,8,1,17390.00
10613,106312,70,1,8690.00
10614,106312,5,1,125490.00
10615,106312,67,2,1190.00
10616,106312,65,1,4290.00
10617,106313,69,2,859.00
10618,106314,69,1,859.00
10619,106314,40,1,31390.00
10620,106314,56,1,769.00
10621,106315,81,1,4790.00
10622,106316,76,1,439.00
10623,106317,73,1,469.00
10624,106318,29,1,2190.00
10625,106318,67,1,1190.00
10626,106319,86,1,859.00
10627,106320,12,1,3890.00
10628,106321,97,3,469.00
10629,106321,45,1,6790.00
10630,106321,57,1,479.00
10631,106322,95,1,1090.00
10632,106323,87,1,2890.00
10633,106323,17,1,62790.00
10634,106324,21,1,7690.00
10635,106324,44,1,2890.00
10636,106325,81,1,4790.00
10637,106326,118,1,9590.00
10638,106326,47,1,12490.00
10639,106327,93,1,759.00
10640,106327,76,3,439.00
10641,106328,56,3,769.00
10642,106329,29,1,2190.00
10643,106330,86,1,859.00
10644,106331,50,1,7690.00
10645,106332,42,1,959.00
10646,106333,69,2,859.00
10647,106334,69,1,859.00
10648,106335,28,1,21190.00
10649,106336,10,1,12490.00
10650,106336,57,2,479.00
10651,106337,45,1,6790.00
10652,106337,42,1,959.00
10653,106337,7,1,31890.00
10654,106338,131,2,1590.00
10655,106338,55,1,5790.00
10656,106338,46,1,3190.00
10657,106339,70,1,8690.00
10658,106339,69,2,859.00
10659,106340,42,1,959.00
10660,106341,14,1,11590.00
10661,106342,51,1,6290.00
10662,106343,67,1,1190.00
10663,106344,71,1,2890.00
10664,106345,86,2,859.00
10665,106346,93,2,759.00
10666,106347,74,3,669.00
10667,106348,71,2,2890.00
10668,106348,23,2,3390.00
10669,106348,1,1,21190.00
10670,106348,56,1,769.00
10671,106349,56,1,769.00
10672,106350,81,1,4790.00
10673,106350,56,2,769.00
10674,106350,53,1,11090.00
10675,106351,44,1,2890.00
10676,106351,53,1,11090.00
10677,106352,65,1,4290.00
10678,106352,91,2,1390.00
10679,106352,20,1,10590.00
10680,106352,29,2,2190.00
10681,106353,88,1,7190.00
10682,106353,2,1,35690.00
10683,106353,46,1,3190.00
10684,106354,86,1,859.00
10685,106354,76,3,439.00
10686,106355,58,2,4790.00
10687,106355,47,1,12490.00
10688,106356,77,1,2090.00
10689,106357,43,2,1290.00
10690,106357,34,1,6290.00
10691,106358,48,2,4790.00
10692,106359,89,1,389.00
10693,106360,102,2,1890.00
10694,106360,126,1,3190.00
10695,106361,34,1,6290.00
10696,106361,38,2,2890.00
10697,106362,43,1,1290.00
10698,106362,84,1,669.00
10699,106362,65,2,4290.00
10700,106363,30,1,3090.00
10701,106363,66,2,1390.00
10702,106363,69,2,859.00
10703,106364,26,1,48290.00
10704,106364,120,1,1390.00
10705,106364,16,1,41490.00
10706,106364,86,3,859.00
10707,106365,86,1,859.00
10708,106366,121,1,2390.00
10709,106366,42,2,959.00
10710,106367,79,1,5290.00
10711,106367,20,1,10590.00
10712,106368,88,1,7190.00
10713,106369,63,1,5690.00
10714,106369,12,1,3890.00
10715,106369,42,2,959.00
10716,106369,48,2,4790.00
10717,106370,76,1,439.00
10718,106371,129,1,8690.00
10719,106372,86,1,859.00
10720,106372,42,1,959.00
10721,106372,56,1,769.00
10722,106372,66,1,1390.00
10723,106373,36,1,7690.00
10724,106373,38,2,2890.00
10725,106373,79,1,5290.00
10726,106373,22,1,2390.00
10727,106374,70,1,8690.00
10728,106374,57,1,479.00
10729,106375,26,1,48290.00
10730,106376,47,1,12490.00
10731,106377,69,3,859.00
10732,106377,98,1,859.00
10733,106378,78,1,1790.00
10734,106378,9,1,3190.00
10735,106379,29,1,2190.00
10736,106380,73,1,469.00
10737,106381,20,1,10590.00
10738,106381,111,2,569.00
10739,106382,43,1,1290.00
10740,106383,3,1,82090.00
10741,106384,74,1,669.00
10742,106384,66,2,1390.00
10743,106384,70,1,8690.00
10744,106385,88,1,7190.00
10745,106386,46,1,3190.00
10746,106386,56,1,769.00
10747,106387,58,1,4790.00
10748,106387,86,3,859.00
10749,106388,81,1,4790.00
10750,106389,16,1,41490.00
10751,106390,95,1,1090.00
10752,106391,56,1,769.00
10753,106392,81,1,4790.00
10754,106393,23,1,3390.00
10755,106394,29,1,2190.00
10756,106395,9,1,3190.00
10757,106395,74,1,669.00
10758,106396,99,1,1190.00
10759,106396,6,1,12990.00
10760,106396,57,1,479.00
10761,106397,10,1,12490.00
10762,106398,38,2,2890.00
10763,106399,67,1,1190.00
10764,106399,65,1,4290.00
10765,106399,91,2,1390.00
10766,106400,34,1,6290.00
10767,106401,61,1,7190.00
10768,106401,9,1,3190.00
10769,106401,64,1,3890.00
10770,106401,53,1,11090.00
10771,106402,6,1,12990.00
10772,106403,20,1,10590.00
10773,106403,21,1,7690.00
10774,106404,9,1,3190.00
10775,106405,9,1,3190.00
10776,106406,26,1,48290.00
10777,106406,111,1,569.00
10778,106407,66,1,1390.00
10779,106408,75,1,2190.00
10780,106409,46,1,3190.00
10781,106409,94,1,1090.00
10782,106410,78,1,1790.00
10783,106411,69,2,859.00
10784,106411,34,1,6290.00
10785,106412,9,1,3190.00
10786,106413,33,1,11590.00
10787,106414,76,1,439.00
10788,106415,99,1,1190.00
10789,106415,115,1,16390.00
10790,106415,86,1,859.00
10791,106416,66,1,1390.00
10792,106416,31,1,43490.00
10793,106417,68,1,2390.00
10794,106417,76,1,439.00
10795,106418,9,2,3190.00
10796,106419,69,3,859.00
10797,106420,92,2,959.00
10798,106420,128,1,17390.00
10799,106420,63,1,5690.00
10800,106421,58,2,4790.00
10801,106421,86,3,859.00
10802,106422,31,1,43490.00
10803,106422,8,1,17390.00
10804,106423,122,1,2190.00
10805,106423,68,1,2390.00
10806,106424,14,1,11590.00
10807,106425,53,1,11090.00
10808,106425,50,1,7690.00
10809,106426,111,2,569.00
10810,106427,47,1,12490.00
10811,106428,70,1,8690.00
10812,106429,120,1,1390.00
10813,106430,78,1,1790.00
10814,106430,89,1,389.00
10815,106431,87,1,2890.00
10816,106432,70,1,8690.00
10817,106433,123,1,1690.00
10818,106434,21,1,7690.00
10819,106435,90,1,2790.00
10820,106435,125,1,1890.00
10821,106436,102,1,1890.00
10822,106437,86,1,859.00
10823,106437,23,1,3390.00
10824,106438,16,1,41490.00
10825,106438,66,1,1390.00
10826,106438,120,1,1390.00
10827,106438,73,3,469.00
10828,106439,27,1,57990.00
10829,106439,67,1,1190.00
10830,106440,86,1,859.00
10831,106440,56,3,769.00
10832,106440,122,2,2190.00
10833,106441,44,1,2890.00
10834,106441,12,1,3890.00
10835,106442,53,1,11090.00
10836,106443,98,2,859.00
10837,106443,23,2,3390.00
10838,106443,86,1,859.00
10839,106444,56,1,769.00
10840,106445,9,1,3190.00
10841,106446,116,1,1890.00
10842,106447,69,1,859.00
10843,106448,32,1,5290.00
10844,106449,47,1,12590.00
10845,106450,42,1,969.00
10846,106451,40,1,31390.00
10847,106451,8,1,17390.00
10848,106451,96,2,569.00
10849,106452,91,1,1390.00
10850,106453,86,1,859.00
10851,106453,25,1,24090.00
10852,106454,94,1,1090.00
10853,106455,67,1,1190.00
10854,106456,44,1,2890.00
10855,106457,74,2,669.00
10856,106457,25,1,24090.00
10857,106458,47,1,12590.00
10858,106458,56,2,769.00
10859,106459,56,3,769.00
10860,106460,14,1,11590.00
10861,106461,75,1,2190.00
10862,106461,11,1,4790.00
10863,106462,86,2,859.00
10864,106463,119,1,3390.00
10865,106464,38,1,2890.00
10866,106464,56,1,769.00
10867,106464,42,1,969.00
10868,106465,38,1,2890.00
10869,106466,9,1,3190.00
10870,106467,23,1,3390.00
10871,106468,42,1,969.00
10872,106469,32,1,5290.00
10873,106469,56,1,769.00
10874,106470,123,3,1690.00
10875,106470,99,1,1190.00
10876,106470,60,1,3390.00
10877,106470,86,1,859.00
10878,106471,24,1,16390.00
10879,106472,58,1,4790.00
10880,106472,74,3,669.00
10881,106473,34,1,6290.00
10882,106474,18,1,51190.00
10883,106474,9,1,3190.00
10884,106475,15,1,16890.00
10885,106475,29,1,2190.00
10886,106476,88,1,7190.00
10887,106476,70,1,8690.00
10888,106477,56,2,769.00
10889,106477,125,1,1890.00
10890,106478,47,1,12590.00
10891,106479,68,1,2390.00
10892,106480,94,1,1090.00
10893,106480,56,1,769.00
10894,106480,73,2,469.00
10895,106481,56,2,769.00
10896,106482,49,1,9690.00
10897,106482,47,1,12590.00
10898,106483,40,1,31390.00
10899,106483,42,2,969.00
10900,106484,93,1,759.00
10901,106485,69,2,859.00
10902,106485,9,1,3190.00
10903,106486,76,1,439.00
10904,106487,96,1,569.00
10905,106488,86,1,859.00
10906,106488,17,1,62790.00
10907,106488,14,1,11590.00
10908,106489,29,1,2190.00
10909,106490,80,1,5790.00
10910,106491,22,2,2390.00
10911,106492,46,1,3190.00
10912,106492,67,1,1190.00
10913,106493,74,1,669.00
10914,106494,91,2,1390.00
10915,106495,56,1,769.00
10916,106495,29,1,2190.00
10917,106495,45,1,6790.00
10918,106496,20,1,10590.00
10919,106497,67,1,1190.00
10920,106498,42,2,969.00
10921,106499,56,3,769.00
10922,106500,9,2,3190.00
10923,106500,40,1,31390.00
10924,106500,89,2,389.00
10925,106501,58,1,4790.00
10926,106501,69,2,859.00
10927,106501,98,3,859.00
10928,106502,129,1,8690.00
10929,106503,23,1,3390.00
10930,106503,111,3,569.00
10931,106504,56,1,769.00
10932,106505,56,3,769.00
10933,106506,17,1,62790.00
10934,106506,67,1,1190.00
10935,106506,131,2,1590.00
10936,106506,91,1,1390.00
10937,106507,94,1,1190.00
10938,106508,65,1,4290.00
10939,106508,83,1,6790.00
10940,106509,67,2,1190.00
10941,106509,55,1,5790.00
10942,106510,97,1,469.00
10943,106510,86,2,859.00
10944,106510,111,1,569.00
10945,106511,70,1,8690.00
10946,106512,20,1,10590.00
10947,106512,38,1,2890.00
10948,106513,112,1,859.00
10949,106513,70,1,8690.00
10950,106513,46,1,3190.00
10951,106513,53,1,11090.00
10952,106514,23,2,3390.00
10953,106514,6,1,12990.00
10954,106514,38,1,2890.00
10955,106514,64,1,3890.00
10956,106515,63,1,5690.00
10957,106515,45,1,6790.00
10958,106516,112,2,859.00
10959,106517,58,1,4790.00
10960,106517,30,1,3090.00
10961,106517,41,1,27090.00
10962,106517,67,1,1190.00
10963,106518,78,1,1790.00
10964,106519,26,1,48290.00
10965,106520,45,1,6790.00
10966,106521,20,1,10590.00
10967,106521,47,1,12590.00
10968,106522,10,1,12590.00
10969,106522,23,1,3390.00
10970,106523,93,2,759.00
10971,106523,120,1,1390.00
10972,106524,9,1,3190.00
10973,106524,42,1,969.00
10974,106525,28,1,21290.00
10975,106525,32,1,5290.00
10976,106525,66,1,1390.00
10977,106525,25,1,24190.00
10978,106526,56,1,769.00
10979,106526,118,1,9690.00
10980,106527,85,2,2390.00
10981,106527,55,1,5790.00
10982,106528,112,1,859.00
10983,106529,89,1,389.00
10984,106530,16,1,41590.00
10985,106530,23,1,3390.00
10986,106531,44,1,2890.00
10987,106531,11,1,4790.00
10988,106531,55,1,5790.00
10989,106531,79,1,5290.00
10990,106532,10,1,12590.00
10991,106532,46,1,3190.00
10992,106533,67,1,1190.00
10993,106534,74,2,669.00
10994,106535,69,2,859.00
10995,106536,57,1,479.00
10996,106537,70,1,8690.00
10997,106537,10,1,12590.00
10998,106538,40,1,31390.00
10999,106538,69,2,859.00
11000,106539,23,1,3390.00
11001,106539,47,1,12590.00
11002,106539,86,1,859.00
11003,106540,49,1,9690.00
11004,106540,94,1,1190.00
11005,106540,54,1,3390.00
11006,106540,86,1,859.00
11007,106541,42,1,969.00
11008,106541,97,1,469.00
11009,106542,69,1,859.00
11010,106543,59,1,1890.00
11011,106543,81,1,4790.00
11012,106543,15,1,16890.00
11013,106544,36,1,7690.00
11014,106545,77,1,2090.00
11015,106546,77,1,2090.00
11016,106547,46,1,3190.00
11017,106548,38,1,2890.00
11018,106548,96,1,569.00
11019,106549,79,1,5290.00
11020,106550,38,1,2890.00
11021,106551,67,1,1190.00
11022,106551,82,1,7690.00
11023,106551,26,1,48290.00
11024,106552,47,1,12590.00
11025,106552,30,1,3090.00
11026,106552,11,1,4790.00
11027,106552,97,1,469.00
11028,106553,21,1,7690.00
11029,106554,64,1,3890.00
11030,106554,95,1,1090.00
11031,106555,46,1,3190.00
11032,106555,66,1,1390.00
11033,106555,2,1,35790.00
11034,106556,56,1,769.00
11035,106556,23,1,3390.00
11036,106557,57,2,479.00
11037,106557,99,2,1190.00
11038,106557,38,1,2890.00
11039,106557,40,1,31390.00
11040,106558,29,2,2190.00
11041,106559,36,1,7690.00
11042,106560,20,1,10590.00
11043,106561,69,1,859.00
11044,106562,70,1,8690.00
11045,106563,51,1,6290.00
11046,106563,9,1,3190.00
11047,106563,38,1,2890.00
11048,106563,30,1,3090.00
11049,106564,26,1,48290.00
11050,106564,76,1,439.00
11051,106565,47,1,12590.00
11052,106565,70,1,8690.00
11053,106566,46,1,3190.00
11054,106567,53,1,11090.00
11055,106568,54,1,3390.00
11056,106569,86,2,859.00
11057,106569,114,1,33790.00
11058,106570,56,1,769.00
11059,106571,12,1,3890.00
11060,106571,111,1,569.00
11061,106572,36,1,7690.00
11062,106573,68,1,2390.00
11063,106574,102,1,1890.00
11064,106574,96,3,569.00
11065,106575,30,1,3090.00
11066,106575,20,1,10590.00
11067,106576,48,1,4790.00
11068,106577,42,1,969.00
11069,106578,70,1,8690.00
11070,106579,74,2,669.00
11071,106580,59,2,1890.00
11072,106580,31,1,43490.00
11073,106580,65,1,4290.00
11074,106580,56,2,769.00
11075,106581,89,2,389.00
11076,106582,20,1,10590.00
11077,106582,91,1,1390.00
11078,106583,12,1,3890.00
11079,106583,60,1,3390.00
11080,106583,78,1,1790.00
11081,106584,46,1,3190.00
11082,106585,98,1,859.00
11083,106585,76,1,439.00
11084,106585,69,1,859.00
11085,106586,91,1,1390.00
11086,106587,53,1,11090.00
11087,106588,111,1,569.00
11088,106589,36,1,7690.00
11089,106590,37,1,47790.00
11090,106590,46,1,3190.00
11091,106590,102,1,1890.00
11092,106590,131,1,1590.00
11093,106591,15,1,16890.00
11094,106592,31,1,43490.00
11095,106593,80,1,5790.00
11096,106594,63,1,5690.00
11097,106595,119,1,3390.00
11098,106595,69,1,859.00
11099,106596,86,1,859.00
11100,106596,43,1,1290.00
11101,106597,56,3,769.00
11102,106598,45,1,6790.00
11103,106599,88,1,7190.00
11104,106600,36,1,7690.00
11105,106600,16,1,41590.00
11106,106601,53,1,11090.00
11107,106601,104,1,4790.00
11108,106602,21,1,7690.00
11109,106603,89,2,389.00
11110,106604,69,1,859.00
11111,106605,4,1,91790.00
11112,106605,56,2,769.00
11113,106605,34,1,6290.00
11114,106606,86,1,859.00
11115,106607,23,1,3390.00
11116,106608,54,1,3390.00
11117,106608,61,1,7190.00
11118,106609,42,1,969.00
11119,106610,69,1,859.00
11120,106611,21,1,7690.00
11121,106612,63,1,5690.00
11122,106613,21,1,7690.00
11123,106614,69,1,859.00
11124,106615,20,1,10590.00
11125,106616,11,1,4790.00
11126,106616,47,1,12590.00
11127,106616,45,1,6790.00
11128,106616,64,2,3890.00
11129,106617,63,1,5690.00
11130,106618,11,1,4790.00
11131,106618,45,1,6790.00
11132,106619,42,1,969.00
11133,106619,50,1,7690.00
11134,106620,111,1,569.00
11135,106620,44,1,2890.00
11136,106620,97,1,469.00
11137,106621,46,1,3190.00
11138,106622,47,1,12590.00
11139,106622,52,1,7190.00
11140,106622,131,2,1590.00
11141,106622,42,1,969.00
11142,106623,68,1,2390.00
11143,106623,49,1,9690.00
11144,106624,12,2,3890.00
11145,106624,48,1,4790.00
11146,106625,126,2,3190.00
11147,106626,89,1,389.00
11148,106627,69,1,859.00
11149,106628,56,1,769.00
11150,106628,125,1,1890.00
11151,106628,40,1,31390.00
11152,106629,42,3,969.00
11153,106629,70,1,8690.00
11154,106630,42,1,969.00
11155,106631,46,1,3190.00
11156,106631,86,3,859.00
11157,106632,16,1,41590.00
11158,106633,49,1,9690.00
11159,106633,89,1,389.00
11160,106634,30,1,3090.00
11161,106635,112,1,859.00
11162,106636,8,1,17390.00
11163,106636,43,1,1290.00
11164,106637,76,2,439.00
11165,106638,70,1,8690.00
11166,106639,42,1,969.00
11167,106640,38,1,2890.00
11168,106640,65,1,4290.00
11169,106641,60,1,3390.00
11170,106641,63,1,5690.00
11171,106641,43,1,1290.00
11172,106642,32,1,5290.00
11173,106643,118,1,9690.00
11174,106644,97,1,469.00
11175,106644,95,1,1090.00
11176,106644,96,1,569.00
11177,106645,55,1,5790.00
11178,106646,76,2,439.00
11179,106646,12,1,3890.00
11180,106647,78,1,1790.00
11181,106647,23,2,3390.00
11182,106648,29,1,2190.00
11183,106648,60,1,3390.00
11184,106648,38,1,2890.00
11185,106649,8,1,17390.00
11186,106649,53,1,11090.00
11187,106650,23,1,3390.00
11188,106651,56,2,769.00
11189,106652,86,1,859.00
11190,106653,23,1,3390.00
11191,106654,38,1,2890.00
11192,106655,66,2,1390.00
11193,106656,57,1,479.00
11194,106657,77,1,2090.00
11195,106658,95,1,1090.00
11196,106658,56,1,769.00
11197,106659,86,1,859.00
11198,106660,78,1,1790.00
11199,106661,46,1,3190.00
11200,106662,81,1,4790.00
11201,106663,36,1,7690.00
11202,106663,61,1,7190.00
11203,106664,69,2,859.00
11204,106664,29,1,2190.00
11205,106665,56,1,769.00
11206,106666,86,3,859.00
11207,106667,128,1,17390.00
11208,106667,56,1,769.00
11209,106668,40,1,31390.00
11210,106669,35,2,4590.00
11211,106670,9,2,3190.00
11212,106671,47,1,12590.00
11213,106671,57,2,479.00
11214,106671,45,1,6790.00
11215,106671,2,1,35790.00
11216,106672,38,1,2890.00
11217,106673,42,3,969.00
11218,106674,11,2,4790.00
11219,106675,58,1,4790.00
11220,106676,40,1,31390.00
11221,106677,56,1,769.00
11222,106678,53,1,11090.00
11223,106678,43,1,1290.00
11224,106679,58,1,4790.00
11225,106679,20,1,10590.00
11226,106680,97,2,469.00
11227,106681,83,1,6790.00
11228,106682,42,1,969.00
11229,106683,21,1,7690.00
11230,106683,43,2,1290.00
11231,106684,86,1,859.00
11232,106685,43,1,1290.00
11233,106686,38,1,2890.00
11234,106687,20,1,10590.00
11235,106688,85,1,2390.00
11236,106689,93,3,759.00
11237,106690,9,1,3190.00
11238,106691,23,1,3390.00
11239,106692,56,1,769.00
11240,106692,9,1,3190.00
11241,106692,55,1,5790.00
11242,106692,58,1,4790.00
11243,106693,57,1,479.00
11244,106693,1,1,21290.00
11245,106694,9,2,3190.00
11246,106695,29,2,2190.00
11247,106695,23,1,3390.00
11248,106696,75,1,2190.00
11249,106696,60,1,3390.00
11250,106697,84,2,669.00
11251,106697,43,1,1290.00
11252,106697,56,2,769.00
11253,106698,9,2,3190.00
11254,106698,112,1,859.00
11255,106698,57,2,479.00
11256,106699,67,1,1190.00
11257,106699,12,1,3890.00
11258,106700,77,1,2090.00
11259,106701,2,1,35790.00
11260,106701,58,1,4790.00
11261,106702,8,1,17390.00
11262,106703,66,1,1390.00
11263,106704,16,1,41590.00
11264,106705,122,1,2190.00
11265,106706,125,1,1890.00
11266,106707,86,1,859.00
11267,106708,42,1,969.00
11268,106709,43,1,1290.00
11269,106710,86,1,859.00
11270,106711,15,1,16890.00
11271,106712,76,1,439.00
11272,106713,112,2,859.00
11273,106714,47,1,12590.00
11274,106714,12,1,3890.00
11275,106715,105,1,1390.00
11276,106716,56,1,769.00
11277,106717,91,1,1390.00
11278,106717,78,1,1790.00
11279,106718,59,1,1890.00
11280,106719,76,1,439.00
11281,106720,53,1,11090.00
11282,106720,58,1,4790.00
11283,106720,68,1,2390.00
11284,106721,65,1,4290.00
11285,106722,111,3,569.00
11286,106723,56,2,769.00
11287,106723,97,1,469.00
11288,106724,89,2,389.00
11289,106724,75,1,2190.00
11290,106725,86,1,859.00
11291,106725,18,1,51290.00
11292,106726,12,1,3890.00
11293,106726,95,1,1090.00
11294,106727,38,1,2890.00
11295,106727,104,1,4790.00
11296,106728,92,1,959.00
11297,106728,12,1,3890.00
11298,106729,42,1,969.00
11299,106729,70,1,8690.00
11300,106729,86,1,859.00
11301,106730,122,1,2190.00
11302,106731,20,1,10590.00
11303,106732,40,1,31390.00
11304,106733,86,1,859.00
11305,106733,56,1,769.00
11306,106733,39,1,5790.00
11307,106733,1,1,21290.00
11308,106734,67,1,1190.00
11309,106735,120,1,1390.00
11310,106736,15,1,16890.00
11311,106737,67,1,1190.00
11312,106738,85,1,2390.00
11313,106739,10,1,12590.00
11314,106740,112,1,859.00
11315,106741,98,1,859.00
11316,106741,12,1,3890.00
11317,106741,2,1,35790.00
11318,106741,30,1,3090.00
11319,106742,53,1,11090.00
11320,106742,23,1,3390.00
11321,106743,13,1,27090.00
11322,106744,69,3,859.00
11323,106744,67,1,1190.00
11324,106745,58,1,4790.00
11325,106745,29,2,2190.00
11326,106746,111,1,569.00
11327,106746,40,1,31390.00
11328,106746,54,1,3390.00
11329,106747,36,1,7690.00
11330,106748,49,1,9690.00
11331,106749,19,1,116090.00
11332,106749,40,1,31390.00
11333,106750,120,1,1390.00
11334,106750,57,2,479.00
11335,106750,66,1,1390.00
11336,106750,20,1,10590.00
11337,106751,26,1,48390.00
11338,106751,22,1,2390.00
11339,106752,13,1,27090.00
11340,106752,56,2,769.00
11341,106752,66,1,1390.00
11342,106752,73,2,469.00
11343,106753,53,1,11090.00
11344,106753,30,1,3090.00
11345,106754,57,1,479.00
11346,106755,56,2,769.00
11347,106756,86,2,859.00
11348,106757,36,1,7690.00
11349,106757,44,1,2890.00
11350,106757,38,1,2890.00
11351,106757,67,1,1190.00
11352,106758,45,1,6790.00
11353,106759,30,1,3090.00
11354,106760,121,1,2390.00
11355,106760,2,1,35790.00
11356,106760,131,1,1590.00
11357,106760,73,2,469.00
11358,106761,86,2,859.00
11359,106761,67,1,1190.00
11360,106761,1,1,21290.00
11361,106762,9,1,3190.00
11362,106763,110,1,3890.00
11363,106763,9,1,3190.00
11364,106764,37,1,47890.00
11365,106765,95,2,1090.00
11366,106766,120,1,1390.00
11367,106766,70,1,8690.00
11368,106766,8,1,17390.00
11369,106766,131,2,1590.00
11370,106767,112,1,859.00
11371,106767,33,1,11590.00
11372,106767,53,1,11090.00
11373,106768,61,1,7190.00
11374,106769,30,1,3090.00
11375,106770,29,1,2190.00
11376,106771,131,1,1590.00
11377,106771,56,1,769.00
11378,106772,79,1,5290.00
11379,106773,104,1,4790.00
11380,106773,56,1,769.00
11381,106774,47,1,12590.00
11382,106774,11,1,4790.00
11383,106774,24,1,16390.00
11384,106774,85,1,2390.00
11385,106775,43,1,1290.00
11386,106775,23,1,3390.00
11387,106776,70,1,8690.00
11388,106776,23,2,3390.00
11389,106777,56,1,769.00
11390,106778,56,1,769.00
11391,106779,2,1,35790.00
11392,106779,86,2,859.00
11393,106780,10,1,12590.00
11394,106780,8,1,17390.00
11395,106781,70,1,8690.00
11396,106781,51,1,6290.00
11397,106782,40,1,31390.00
11398,106783,85,1,2390.00
11399,106783,123,1,1690.00
11400,106783,34,1,6290.00
11401,106784,88,1,7190.00
11402,106784,91,1,1390.00
11403,106784,9,1,3190.00
11404,106785,62,1,4390.00
11405,106786,116,1,1890.00
11406,106787,85,1,2390.00
11407,106787,88,1,7190.00
11408,106788,66,1,1390.00
11409,106788,56,3,769.00
11410,106789,96,3,569.00
11411,106790,122,2,2190.00
11412,106790,38,1,2890.00
11413,106791,42,3,969.00
11414,106792,46,1,3190.00
11415,106792,70,1,8690.00
11416,106793,53,1,11090.00
11417,106793,21,1,7690.00
11418,106794,78,1,1790.00
11419,106795,61,1,7190.00
11420,106795,29,1,2190.00
11421,106795,59,1,1890.00
11422,106795,110,1,3890.00
11423,106796,25,1,24190.00
11424,106797,11,1,4790.00
11425,106798,125,1,1890.00
11426,106798,53,1,11090.00
11427,106799,118,1,9690.00
11428,106799,31,1,43490.00
11429,106800,61,1,7190.00
11430,106801,22,1,2390.00
11431,106801,86,1,859.00
11432,106801,56,1,769.00
11433,106802,96,1,569.00
11434,106802,16,1,41590.00
11435,106803,57,1,479.00
11436,106803,30,1,3090.00
11437,106804,125,1,1890.00
11438,106805,57,3,479.00
11439,106806,56,1,769.00
11440,106807,56,1,769.00
11441,106808,50,1,7690.00
11442,106808,10,1,12590.00
11443,106809,49,1,9690.00
11444,106809,125,2,1890.00
11445,106809,101,2,1490.00
11446,106809,30,1,3090.00
11447,106810,6,1,13090.00
11448,106811,26,1,48390.00
11449,106812,71,2,2890.00
11450,106812,96,1,569.00
11451,106813,9,1,3190.00
11452,106813,10,1,12590.00
11453,106814,18,1,51290.00
11454,106814,31,1,43490.00
11455,106815,56,1,769.00
11456,106815,79,1,5290.00
11457,106815,21,1,7690.00
11458,106816,86,1,859.00
11459,106817,43,1,1290.00
11460,106817,121,1,2390.00
11461,106817,56,3,769.00
11462,106817,69,1,859.00
11463,106818,67,1,1190.00
11464,106818,82,1,7690.00
11465,106818,12,1,3890.00
11466,106819,53,1,11090.00
11467,106819,32,1,5290.00
11468,106819,12,1,3890.00
11469,106820,118,1,9690.00
11470,106821,79,1,5290.00
11471,106821,11,1,4790.00
11472,106822,74,2,669.00
11473,106823,84,2,669.00
11474,106824,11,1,4790.00
11475,106824,95,1,1090.00
11476,106825,30,1,3090.00
11477,106826,89,1,389.00
11478,106826,56,3,769.00
11479,106827,86,1,859.00
11480,106828,99,1,1190.00
11481,106828,86,2,859.00
11482,106828,11,1,4790.00
11483,106829,47,1,12590.00
11484,106830,17,1,62890.00
11485,106830,76,3,439.00
11486,106830,68,1,2390.00
11487,106830,56,1,769.00
11488,106831,93,1,759.00
11489,106832,93,1,759.00
11490,106832,57,3,479.00
11491,106832,20,1,10590.00
11492,106833,61,1,7190.00
11493,106834,12,1,3890.00
11494,106835,75,1,2190.00
11495,106835,37,1,47890.00
11496,106836,18,1,51290.00
11497,106837,83,1,6790.00
11498,106837,108,1,5290.00
11499,106837,29,2,2190.00
11500,106838,2,1,35790.00
11501,106839,61,1,7190.00
11502,106840,58,1,4790.00
11503,106840,122,1,2190.00
11504,106840,76,1,439.00
11505,106840,67,1,1190.00
11506,106841,122,1,2190.00
11507,106842,69,1,859.00
11508,106843,46,1,3190.00
11509,106843,65,1,4290.00
11510,106844,70,1,8690.00
11511,106845,34,1,6290.00
11512,106846,115,1,16390.00
11513,106847,40,1,31390.00
11514,106847,2,1,35790.00
11515,106848,86,1,859.00
11516,106849,9,1,3190.00
11517,106849,86,2,859.00
11518,106850,1,1,21290.00
11519,106850,53,1,11090.00
11520,106851,96,1,569.00
11521,106852,75,1,2190.00
11522,106853,91,1,1390.00
11523,106853,56,3,769.00
11524,106853,98,1,859.00
11525,106854,55,1,5790.00
11526,106855,131,2,1590.00
11527,106856,69,3,859.00
11528,106857,86,1,859.00
11529,106857,85,1,2390.00
11530,106857,94,1,1190.00
11531,106857,9,1,3190.00
11532,106858,70,1,8690.00
11533,106858,76,1,439.00
11534,106859,131,1,1590.00
11535,106860,119,1,3390.00
11536,106860,56,2,769.00
11537,106861,97,1,469.00
11538,106861,89,1,389.00
11539,106861,122,1,2190.00
11540,106862,56,2,769.00
11541,106862,86,1,859.00
11542,106862,123,1,1690.00
11543,106863,131,1,1590.00
11544,106864,44,2,2890.00
11545,106864,21,1,7690.00
11546,106865,12,1,3890.00
11547,106866,32,1,5290.00
11548,106866,42,1,969.00
11549,106866,69,1,859.00
11550,106866,56,1,769.00
11551,106867,124,2,1490.00
11552,106867,67,1,1190.00
11553,106867,116,1,1890.00
11554,106868,12,1,3890.00
11555,106869,23,2,3390.00
11556,106869,57,3,479.00
11557,106869,117,1,2890.00
11558,106869,131,1,1590.00
11559,106870,125,1,1890.00
11560,106870,102,1,1890.00
11561,106871,24,1,16390.00
11562,106872,102,1,1890.00
11563,106873,47,1,12590.00
11564,106874,26,1,48390.00
11565,106875,55,1,5790.00
11566,106876,45,1,6790.00
11567,106877,12,1,3890.00
11568,106877,125,1,1890.00
11569,106877,86,2,859.00
11570,106878,56,1,769.00
11571,106879,32,1,5290.00
11572,106879,56,2,769.00
11573,106879,75,1,2190.00
11574,106879,63,1,5690.00
11575,106880,82,1,7690.00
11576,106881,73,1,469.00
11577,106882,55,1,5790.00
11578,106883,78,1,1790.00
11579,106883,66,1,1390.00
11580,106883,12,1,3890.00
11581,106884,57,1,479.00
11582,106885,40,1,31490.00
11583,106885,80,1,5790.00
11584,106885,13,1,27090.00
11585,106886,89,2,389.00
11586,106887,56,2,769.00
11587,106888,61,1,7290.00
11588,106889,95,2,1090.00
11589,106889,17,1,62890.00
11590,106889,93,2,759.00
11591,106890,78,1,1790.00
11592,106891,25,1,24190.00
11593,106892,63,1,5690.00
11594,106892,31,1,43590.00
11595,106892,38,1,2890.00
11596,106893,11,1,4790.00
11597,106894,30,1,3090.00
11598,106894,70,1,8690.00
11599,106894,46,1,3190.00
11600,106895,86,2,859.00
11601,106896,59,1,1890.00
11602,106897,68,1,2390.00
11603,106898,12,1,3890.00
11604,106898,21,1,7690.00
11605,106898,6,1,13090.00
11606,106899,9,1,3190.00
11607,106900,54,1,3390.00
11608,106900,122,1,2190.00
11609,106900,12,2,3890.00
11610,106901,65,1,4290.00
11611,106901,75,1,2190.00
11612,106902,10,1,12590.00
11613,106902,123,1,1690.00
11614,106902,2,1,35790.00
11615,106902,70,1,8690.00
11616,106903,129,1,8690.00
11617,106903,56,3,769.00
11618,106904,123,2,1690.00
11619,106905,13,1,27090.00
11620,106906,83,1,6790.00
11621,106906,42,3,969.00
11622,106906,40,1,31490.00
11623,106907,42,1,969.00
11624,106908,30,1,3090.00
11625,106908,51,1,6290.00
11626,106908,20,1,10590.00
11627,106909,47,1,12590.00
11628,106910,12,1,3890.00
11629,106911,97,1,469.00
11630,106912,49,1,9690.00
11631,106913,91,1,1390.00
11632,106913,20,1,10590.00
11633,106913,56,2,769.00
11634,106914,66,1,1390.00
11635,106915,99,2,1190.00
11636,106916,56,2,769.00
11637,106917,49,1,9690.00
11638,106918,96,1,569.00
11639,106919,57,3,479.00
11640,106919,82,1,7690.00
11641,106920,83,1,6790.00
11642,106920,23,1,3390.00
11643,106921,87,2,2890.00
11644,106922,56,1,769.00
11645,106923,26,1,48390.00
11646,106924,97,2,469.00
11647,106925,58,1,4790.00
11648,106926,76,1,439.00
11649,106927,56,1,769.00
11650,106928,74,2,669.00
11651,106928,77,1,2090.00
11652,106928,12,1,3890.00
11653,106929,123,1,1690.00
11654,106930,56,3,769.00
11655,106930,38,2,2890.00
11656,106931,38,1,2890.00
11657,106931,67,1,1190.00
11658,106932,55,1,5790.00
11659,106932,25,1,24190.00
11660,106932,66,1,1390.00
11661,106933,86,3,859.00
11662,106934,43,1,1290.00
11663,106935,46,1,3190.00
11664,106935,56,1,769.00
11665,106935,89,1,389.00
11666,106936,12,1,3890.00
11667,106936,11,2,4790.00
11668,106936,45,1,6790.00
11669,106936,82,1,7690.00
11670,106937,58,1,4790.00
11671,106937,95,1,1090.00
11672,106938,52,1,7290.00
11673,106939,63,1,5690.00
11674,106940,86,1,859.00
11675,106940,78,1,1790.00
11676,106941,45,1,6790.00
11677,106942,66,2,1390.00
11678,106942,59,1,1890.00
11679,106942,65,1,4290.00
11680,106942,42,1,969.00
11681,106943,33,1,11590.00
11682,106944,94,1,1190.00
11683,106945,112,2,859.00
11684,106945,96,1,569.00
11685,106946,42,3,969.00
11686,106947,38,1,2890.00
11687,106947,25,1,24190.00
11688,106948,96,1,569.00
11689,106949,46,1,3190.00
11690,106950,57,1,479.00
11691,106951,48,1,4790.00
11692,106951,94,1,1190.00
11693,106952,74,2,669.00
11694,106952,95,1,1090.00
11695,106953,21,1,7690.00
11696,106953,91,1,1390.00
11697,106953,122,1,2190.00
11698,106954,3,1,82290.00
11699,106955,8,1,17390.00
11700,106955,11,1,4790.00
11701,106956,38,1,2890.00
11702,106957,76,2,439.00
11703,106958,38,1,2890.00
11704,106958,34,1,6290.00
11705,106958,56,2,769.00
11706,106958,86,1,859.00
11707,106959,2,1,35790.00
11708,106959,97,3,469.00
11709,106960,21,1,7690.00
11710,106960,63,1,5690.00
11711,106961,2,1,35790.00
11712,106962,86,2,859.00
11713,106962,3,1,82290.00
11714,106963,86,1,859.00
11715,106963,42,1,969.00
11716,106964,31,1,43590.00
11717,106965,46,1,3190.00
11718,106966,97,1,469.00
11719,106967,78,1,1790.00
11720,106967,87,1,2890.00
11721,106968,99,1,1190.00
11722,106969,38,1,2890.00
11723,106970,69,3,859.00
11724,106971,86,1,859.00
11725,106971,115,1,16490.00
11726,106971,47,1,12590.00
11727,106972,25,1,24190.00
11728,106972,69,1,859.00
11729,106972,75,1,2190.00
11730,106973,74,2,669.00
11731,106973,16,1,41590.00
11732,106973,42,1,969.00
11733,106974,51,1,6290.00
11734,106975,12,2,3890.00
11735,106976,30,2,3090.00
11736,106977,61,1,7290.00
11737,106978,102,1,1890.00
11738,106978,23,1,3390.00
11739,106978,56,2,769.00
11740,106979,15,1,16890.00
11741,106979,69,3,859.00
11742,106980,97,1,469.00
11743,106981,44,1,2890.00
11744,106981,31,1,43590.00
11745,106982,40,1,31490.00
11746,106983,93,1,769.00
11747,106983,120,1,1390.00
11748,106984,42,2,969.00
11749,106985,77,2,2090.00
11750,106985,73,2,469.00
11751,106985,86,3,859.00
11752,106986,91,1,1390.00
11753,106986,56,1,769.00
11754,106987,51,1,6290.00
11755,106987,68,2,2390.00
11756,106988,56,2,769.00
11757,106988,26,1,48390.00
11758,106989,69,1,859.00
11759,106990,105,1,1390.00
11760,106991,56,1,769.00
11761,106991,65,1,4290.00
11762,106992,74,3,669.00
11763,106992,2,1,35790.00
11764,106993,40,1,31490.00
11765,106993,60,1,3390.00
11766,106993,66,1,1390.00
11767,106994,42,1,969.00
11768,106994,56,3,769.00
11769,106994,12,1,3890.00
11770,106995,47,1,12590.00
11771,106996,38,1,2890.00
11772,106997,86,2,859.00
11773,106998,31,1,43590.00
11774,106999,23,1,3390.00
11775,107000,86,1,859.00
11776,107000,47,1,12590.00
11777,107001,92,3,959.00
11778,107002,58,1,4790.00
11779,107003,3,1,82290.00
11780,107004,73,2,469.00
11781,107004,47,1,12590.00
11782,107005,16,1,41590.00
11783,107006,98,2,859.00
11784,107007,111,1,569.00
11785,107007,44,1,2890.00
11786,107008,93,1,769.00
11787,107009,69,1,859.00
11788,107010,58,1,4790.00
11789,107011,46,1,3190.00
11790,107012,77,1,2090.00
11791,107012,74,1,669.00
11792,107013,11,1,4790.00
11793,107014,120,2,1390.00
11794,107015,9,1,3190.00
11795,107015,45,1,6790.00
11796,107016,124,1,1490.00
11797,107016,79,1,5290.00
11798,107016,63,1,5690.00
11799,107017,122,2,2190.00
11800,107018,97,1,469.00
11801,107018,23,1,3390.00
11802,107019,25,1,24190.00
11803,107020,69,1,859.00
11804,107021,85,1,2390.00
11805,107022,29,1,2190.00
11806,107022,101,1,1490.00
11807,107023,96,2,569.00
11808,107023,111,2,569.00
11809,107023,66,1,1390.00
11810,107024,29,2,2190.00
11811,107024,17,1,62890.00
11812,107025,2,1,35790.00
11813,107025,99,1,1190.00
11814,107026,38,1,2890.00
11815,107027,30,2,3090.00
11816,107028,73,1,469.00
11817,107029,73,1,469.00
11818,107030,10,1,12590.00
11819,107031,60,1,3390.00
11820,107032,66,2,1390.00
11821,107032,74,1,669.00
11822,107033,86,3,859.00
11823,107033,70,1,8690.00
11824,107033,83,1,6790.00
11825,107033,16,1,41590.00
11826,107034,98,1,859.00
11827,107034,54,1,3390.00
11828,107034,29,2,2190.00
11829,107034,8,1,17390.00
11830,107035,20,1,10590.00
11831,107035,56,1,769.00
11832,107036,85,1,2390.00
11833,107037,74,1,669.00
11834,107037,89,1,389.00
11835,107037,85,2,2390.00
11836,107037,46,1,3190.00
11837,107038,89,2,389.00
11838,107039,42,3,969.00
11839,107039,56,2,769.00
11840,107040,83,1,6790.00
11841,107041,23,2,3390.00
11842,107041,38,1,2890.00
11843,107042,97,1,469.00
11844,107042,57,1,479.00
11845,107042,125,1,1890.00
11846,107043,65,1,4290.00
11847,107043,40,1,31490.00
11848,107044,24,1,16490.00
11849,107045,63,1,5690.00
11850,107046,16,1,41590.00
11851,107047,81,1,4790.00
11852,107047,8,1,17390.00
11853,107048,9,1,3190.00
11854,107049,60,2,3390.00
11855,107049,30,1,3090.00
11856,107050,112,1,859.00
11857,107051,89,1,389.00
11858,107051,74,3,669.00
11859,107052,36,1,7690.00
11860,107052,56,1,769.00
11861,107052,98,1,859.00
11862,107052,42,2,969.00
11863,107053,35,1,4590.00
11864,107054,78,1,1790.00
11865,107054,43,2,1290.00
11866,107055,81,1,4790.00
11867,107055,56,2,769.00
11868,107056,13,1,27090.00
11869,107057,47,1,12590.00
11870,107057,96,1,569.00
11871,107057,70,1,8690.00
11872,107058,86,1,859.00
11873,107059,79,1,5290.00
11874,107060,111,1,569.00
11875,107061,74,2,669.00
11876,107061,73,3,469.00
11877,107062,16,1,41590.00
11878,107063,65,1,4290.00
11879,107064,86,1,859.00
11880,107065,69,1,859.00
11881,107065,12,1,3890.00
11882,107066,56,2,769.00
11883,107066,58,1,4790.00
11884,107067,11,1,4790.00
11885,107068,91,1,1390.00
11886,107068,59,2,1890.00
11887,107068,70,1,8690.00
11888,107068,31,1,43590.00
11889,107069,57,1,479.00
11890,107070,89,1,389.00
11891,107070,12,1,3890.00
11892,107071,46,1,3190.00
11893,107071,69,2,859.00
11894,107071,120,1,1390.00
11895,107071,112,1,859.00
11896,107072,64,1,3890.00
11897,107073,118,1,9690.00
11898,107073,69,3,859.00
11899,107074,97,1,469.00
11900,107075,75,1,2190.00
11901,107076,79,1,5290.00
11902,107076,119,2,3390.00
11903,107077,83,1,6790.00
11904,107078,81,1,4790.00
11905,107079,69,1,859.00
11906,107080,57,1,479.00
11907,107080,76,1,439.00
11908,107081,22,2,2390.00
11909,107081,14,1,11590.00
11910,107082,56,1,769.00
11911,107083,94,1,1190.00
11912,107084,86,2,859.00
11913,107084,54,2,3390.00
11914,107085,73,2,469.00
11915,107086,86,3,859.00
11916,107086,71,1,2890.00
11917,107087,86,1,859.00
11918,107088,23,1,3390.00
11919,107088,69,2,859.00
11920,107089,54,2,3390.00
11921,107090,30,1,3090.00
11922,107091,6,1,13090.00
11923,107091,56,2,769.00
11924,107092,116,1,1890.00
11925,107092,65,1,4290.00
11926,107093,98,1,859.00
11927,107094,86,2,859.00
11928,107094,36,1,7690.00
11929,107095,68,1,2390.00
11930,107096,89,1,389.00
11931,107097,68,1,2390.00
11932,107097,63,1,5690.00
11933,107098,29,1,2190.00
11934,107098,36,1,7690.00
11935,107098,75,1,2190.00
11936,107098,69,1,859.00
11937,107099,119,1,3390.00
11938,107100,9,1,3190.00
11939,107100,93,1,769.00
11940,107100,19,1,116190.00
11941,107101,85,1,2390.00
11942,107101,23,1,3390.00
11943,107102,46,1,3190.00
11944,107102,2,1,35790.00
11945,107103,128,1,17390.00
11946,107104,21,1,7690.00
11947,107105,12,1,3890.00
11948,107106,25,1,24190.00
11949,107107,53,1,11090.00
11950,107107,88,1,7290.00
11951,107108,38,1,2890.00
11952,107108,69,1,859.00
11953,107108,1,1,21290.00
11954,107108,81,1,4790.00
11955,107109,42,2,969.00
11956,107109,76,1,439.00
11957,107109,12,1,3890.00
11958,107110,126,1,3190.00
11959,107111,111,1,569.00
11960,107112,20,1,10590.00
11961,107112,46,1,3190.00
11962,107113,68,1,2390.00
11963,107113,121,1,2390.00
11964,107113,85,1,2390.00
11965,107114,46,1,3190.00
11966,107115,57,1,479.00
11967,107115,63,1,5690.00
11968,107116,86,1,859.00
11969,107117,65,1,4290.00
11970,107118,76,1,439.00
11971,107119,25,1,24190.00
11972,107119,93,1,769.00
11973,107120,69,1,859.00
11974,107121,122,1,2190.00
11975,107122,34,1,6290.00
11976,107122,57,2,479.00
11977,107122,99,1,1190.00
11978,107123,23,1,3390.00
11979,107123,48,1,4790.00
11980,107124,47,1,12590.00
11981,107125,91,1,1390.00
11982,107125,111,1,569.00
11983,107125,85,1,2390.00
11984,107125,74,1,669.00
11985,107126,56,3,769.00
11986,107127,68,1,2390.00
11987,107128,42,1,969.00
11988,107128,51,1,6290.00
11989,107129,70,1,8690.00
11990,107130,84,2,669.00
11991,107131,126,1,3190.00
11992,107132,81,1,4790.00
11993,107132,119,1,3390.00
11994,107133,20,1,10590.00
11995,107134,97,2,469.00
11996,107135,85,1,2390.00
11997,107135,56,1,769.00
11998,107135,59,2,1890.00
11999,107135,54,1,3390.00
12000,107136,31,1,43590.00
12001,107137,49,1,9690.00
12002,107137,68,1,2390.00
12003,107138,56,3,769.00
12004,107139,66,1,1390.00
12005,107139,47,1,12590.00
12006,107140,70,1,8690.00
12007,107141,82,1,7690.00
12008,107142,12,1,3890.00
12009,107143,51,1,6290.00
12010,107143,97,1,469.00
12011,107144,75,1,2190.00
12012,107145,69,2,859.00
12013,107145,26,1,48390.00
12014,107145,93,1,769.00
12015,107145,48,2,4790.00
12016,107146,126,2,3190.00
12017,107147,58,1,4790.00
12018,107147,1,1,21290.00
12019,107148,56,1,769.00
12020,107149,122,1,2190.00
12021,107149,29,1,2190.00
12022,107150,18,1,51290.00
12023,107151,55,1,5790.00
12024,107152,11,1,4790.00
12025,107153,56,3,769.00
12026,107154,61,1,7290.00
12027,107154,69,1,859.00
12028,107154,30,2,3090.00
12029,107154,50,1,7690.00
12030,107155,125,1,1890.00
12031,107156,104,1,4790.00
12032,107157,49,1,9690.00
12033,107158,61,1,7290.00
12034,107158,111,1,569.00
12035,107159,99,1,1190.00
12036,107160,31,1,43590.00
12037,107161,47,1,12590.00
12038,107162,3,1,82290.00
12039,107163,45,1,6790.00
12040,107164,118,1,9690.00
12041,107165,70,1,8690.00
12042,107166,67,1,1190.00
12043,107166,78,1,1790.00
12044,107167,45,1,6790.00
12045,107167,32,1,5290.00
12046,107168,65,1,4290.00
12047,107168,94,1,1190.00
12048,107168,56,1,769.00
12049,107168,36,1,7690.00
12050,107169,20,1,10590.00
12051,107170,17,1,62990.00
12052,107170,49,1,9690.00
12053,107170,23,1,3390.00
12054,107171,45,1,6790.00
12055,107172,26,1,48390.00
12056,107172,29,1,2190.00
12057,107172,17,1,62990.00
12058,107172,36,1,7690.00
12059,107173,123,2,1690.00
12060,107173,46,1,3190.00
12061,107174,86,1,859.00
12062,107174,56,1,769.00
12063,107175,71,1,2890.00
12064,107175,56,1,769.00
12065,107176,56,1,769.00
12066,107176,29,1,2190.00
12067,107177,30,1,3090.00
12068,107178,67,1,1190.00
12069,107178,88,1,7290.00
12070,107179,42,2,969.00
12071,107180,10,1,12590.00
12072,107181,38,1,2890.00
12073,107181,78,1,1790.00
12074,107181,95,1,1090.00
12075,107182,52,1,7290.00
12076,107183,42,1,969.00
12077,107183,68,1,2390.00
12078,107183,56,1,769.00
12079,107184,29,1,2190.00
12080,107185,53,1,11090.00
12081,107186,118,1,9690.00
12082,107186,30,1,3090.00
12083,107186,120,2,1390.00
12084,107187,82,1,7690.00
12085,107188,14,1,11590.00
12086,107189,40,1,31490.00
12087,107190,70,1,8690.00
12088,107191,48,1,4790.00
12089,107191,56,1,769.00
12090,107192,86,1,859.00
12091,107193,47,1,12590.00
12092,107193,76,2,439.00
12093,107194,38,1,2890.00
12094,107195,86,2,859.00
12095,107196,76,1,439.00
12096,107197,81,1,4790.00
12097,107198,64,1,3890.00
12098,107199,95,1,1090.00
12099,107200,101,1,1490.00
12100,107201,65,1,4290.00
12101,107201,99,1,1190.00
12102,107202,86,1,859.00
12103,107203,74,2,669.00
12104,107204,47,1,12590.00
12105,107204,11,1,4790.00
12106,107204,122,1,2190.00
12107,107205,118,1,9690.00
12108,107206,14,1,11590.00
12109,107207,86,1,859.00
12110,107207,120,1,1390.00
12111,107208,43,1,1290.00
12112,107209,64,1,3890.00
12113,107210,53,1,11090.00
12114,107210,13,1,27090.00
12115,107211,38,1,2890.00
12116,107212,81,2,4790.00
12117,107212,9,1,3190.00
12118,107212,119,1,3390.00
12119,107212,12,1,3890.00
12120,107213,92,1,959.00
12121,107213,66,1,1390.00
12122,107213,19,1,116190.00
12123,107213,54,1,3390.00
12124,107214,123,1,1690.00
12125,107215,91,1,1390.00
12126,107215,6,1,13090.00
12127,107215,85,1,2390.00
12128,107216,111,1,569.00
12129,107217,17,1,62990.00
12130,107218,56,2,769.00
12131,107219,29,1,2190.00
12132,107220,23,2,3390.00
12133,107220,59,2,1890.00
12134,107220,49,1,9690.00
12135,107220,40,1,31490.00
12136,107221,30,1,3090.00
12137,107221,67,1,1190.00
12138,107222,7,1,31990.00
12139,107223,51,1,6290.00
12140,107224,97,3,469.00
12141,107224,65,1,4290.00
12142,107224,56,2,769.00
12143,107224,33,1,11590.00
12144,107225,1,1,21290.00
12145,107225,86,3,859.00
12146,107226,63,1,5690.00
12147,107226,46,1,3190.00
12148,107227,64,1,3890.00
12149,107228,43,1,1290.00
12150,107228,21,1,7690.00
12151,107228,86,3,859.00
12152,107229,13,1,27090.00
12153,107229,31,1,43590.00
12154,107230,69,1,859.00
12155,107231,68,1,2390.00
12156,107232,99,1,1190.00
12157,107233,57,2,479.00
12158,107234,20,1,10590.00
12159,107235,69,1,859.00
12160,107235,56,1,769.00
12161,107236,98,3,859.00
12162,107237,120,1,1390.00
12163,107237,125,1,1890.00
12164,107238,51,1,6290.00
12165,107238,73,1,469.00
12166,107238,116,1,1890.00
12167,107239,131,1,1590.00
12168,107240,76,1,439.00
12169,107241,89,1,389.00
12170,107241,15,1,16890.00
12171,107241,1,1,21290.00
12172,107241,86,2,859.00
12173,107242,21,1,7690.00
12174,107243,55,1,5790.00
12175,107244,17,1,62990.00
12176,107245,67,1,1190.00
12177,107246,25,1,24190.00
12178,107247,56,1,769.00
12179,107247,22,1,2390.00
12180,107248,46,1,3190.00
12181,107248,56,1,769.00
12182,107248,8,1,17390.00
12183,107249,88,1,7290.00
12184,107250,96,2,569.00
12185,107250,58,1,4790.00
12186,107251,48,2,4790.00
12187,107251,38,1,2890.00
12188,107252,6,1,13090.00
12189,107253,44,1,2890.00
12190,107253,56,2,769.00
12191,107254,58,1,4790.00
12192,107254,30,1,3090.00
12193,107255,35,1,4590.00
12194,107256,49,1,9690.00
12195,107257,47,1,12590.00
12196,107257,131,1,1590.00
12197,107258,75,1,2190.00
12198,107259,16,1,41590.00
12199,107259,30,1,3090.00
12200,107260,74,1,669.00
12201,107261,76,1,439.00
12202,107262,101,2,1490.00
12203,107262,10,1,12590.00
12204,107263,99,1,1190.00
12205,107264,42,3,969.00
12206,107264,94,1,1190.00
12207,107265,42,1,969.00
12208,107266,21,1,7690.00
12209,107267,55,1,5790.00
12210,107267,66,1,1390.00
12211,107268,80,1,5790.00
12212,107269,99,1,1190.00
12213,107269,55,1,5790.00
12214,107270,63,1,5690.00
12215,107271,87,1,2890.00
12216,107272,62,1,4390.00
12217,107273,3,1,82290.00
12218,107273,79,1,5290.00
12219,107274,12,2,3890.00
12220,107275,63,1,5690.00
12221,107276,60,1,3390.00
12222,107277,15,1,16890.00
12223,107278,35,1,4590.00
12224,107278,111,1,569.00
12225,107279,56,2,769.00
12226,107280,14,1,11590.00
12227,107281,13,1,27090.00
12228,107282,118,1,9690.00
12229,107282,48,1,4790.00
12230,107283,20,1,10590.00
12231,107284,43,1,1290.00
12232,107285,56,1,769.00
12233,107285,47,1,12590.00
12234,107286,2,1,35790.00
12235,107287,116,1,1890.00
12236,107288,99,1,1190.00
12237,107288,49,1,9690.00
12238,107289,83,1,6790.00
12239,107290,53,1,11090.00
12240,107291,91,1,1390.00
12241,107291,100,1,1590.00
12242,107292,38,2,2890.00
12243,107293,85,1,2390.00
12244,107293,70,1,8690.00
12245,107293,125,1,1890.00
12246,107294,15,1,16890.00
12247,107294,53,1,11090.00
12248,107294,19,1,116290.00
12249,107294,111,3,569.00
12250,107295,5,1,125890.00
12251,107296,49,1,9690.00
12252,107297,42,1,969.00
12253,107297,97,1,469.00
12254,107297,63,1,5690.00
12255,107297,85,1,2390.00
12256,107298,57,3,479.00
12257,107298,29,1,2190.00
12258,107299,86,2,859.00
12259,107299,46,1,3190.00
12260,107300,65,1,4390.00
12261,107300,58,1,4790.00
12262,107301,92,3,959.00
12263,107302,12,1,3890.00
12264,107303,119,1,3390.00
12265,107304,54,1,3390.00
12266,107305,51,1,6290.00
12267,107305,63,1,5690.00
12268,107306,117,1,2890.00
12269,107307,55,1,5790.00
12270,107307,70,1,8690.00
12271,107307,56,3,769.00
12272,107307,9,1,3190.00
12273,107308,42,1,969.00
12274,107308,30,1,3090.00
12275,107308,47,1,12590.00
12276,107308,22,1,2390.00
12277,107309,86,1,859.00
12278,107309,9,1,3190.00
12279,107309,96,2,569.00
12280,107309,43,1,1290.00
12281,107310,56,1,769.00
12282,107310,86,1,859.00
12283,107311,56,1,769.00
12284,107312,54,1,3390.00
12285,107313,57,1,479.00
12286,107313,62,1,4390.00
12287,107313,55,1,5790.00
12288,107313,120,1,1390.00
12289,107314,53,1,11090.00
12290,107315,42,2,969.00
12291,107316,12,1,3890.00
12292,107317,12,1,3890.00
12293,107317,43,1,1290.00
12294,107318,112,1,859.00
12295,107319,18,1,51290.00
12296,107320,12,2,3890.00
12297,107320,47,1,12590.00
12298,107321,42,1,969.00
12299,107322,6,1,13090.00
12300,107322,11,1,4790.00
12301,107322,75,1,2190.00
12302,107322,83,1,6790.00
12303,107323,91,1,1390.00
12304,107324,27,1,58090.00
12305,107325,65,1,4390.00
12306,107325,69,3,859.00
12307,107325,112,2,859.00
12308,107325,23,1,3390.00
12309,107326,31,1,43590.00
12310,107327,43,2,1290.00
12311,107327,67,1,1190.00
12312,107328,111,1,569.00
12313,107328,70,1,8690.00
12314,107329,55,1,5790.00
12315,107330,45,1,6790.00
12316,107330,11,1,4790.00
12317,107331,76,2,439.00
12318,107332,23,1,3390.00
12319,107332,38,1,2890.00
12320,107332,85,1,2390.00
12321,107332,89,2,389.00
12322,107333,77,1,2090.00
12323,107334,68,1,2390.00
12324,107335,56,1,769.00
12325,107336,75,1,2190.00
12326,107336,69,1,859.00
12327,107337,70,1,8690.00
12328,107337,54,2,3390.00
12329,107338,30,2,3090.00
12330,107339,57,3,479.00
12331,107339,42,2,969.00
12332,107339,32,1,5290.00
12333,107340,74,2,669.00
12334,107340,17,1,62990.00
12335,107340,57,1,479.00
12336,107341,55,1,5790.00
12337,107341,97,2,469.00
12338,107341,45,1,6790.00
12339,107342,67,1,1190.00
12340,107343,90,1,2790.00
12341,107344,73,1,469.00
12342,107345,90,1,2790.00
12343,107345,97,1,469.00
12344,107346,104,1,4790.00
12345,107347,37,1,47890.00
12346,107347,38,1,2890.00
12347,107348,23,1,3390.00
12348,107349,12,1,3890.00
12349,107350,28,1,21290.00
12350,107351,64,1,3890.00
12351,107351,9,1,3190.00
12352,107351,40,1,31490.00
12353,107352,9,1,3190.00
12354,107352,38,1,2890.00
12355,107352,65,1,4390.00
12356,107352,40,1,31490.00
12357,107353,55,1,5790.00
12358,107353,121,1,2390.00
12359,107354,91,1,1390.00
12360,107355,97,1,469.00
12361,107355,20,1,10590.00
12362,107356,1,1,21290.00
12363,107357,61,1,7290.00
12364,107358,6,1,13090.00
12365,107358,66,1,1390.00
12366,107358,112,2,859.00
12367,107359,70,1,8690.00
12368,107359,56,1,769.00
12369,107359,61,1,7290.00
12370,107360,48,1,4790.00
12371,107361,115,1,16490.00
12372,107361,43,1,1290.00
12373,107361,33,1,11590.00
12374,107362,86,1,859.00
12375,107363,12,1,3890.00
12376,107364,78,1,1790.00
12377,107365,96,2,569.00
12378,107366,1,1,21290.00
12379,107366,86,1,859.00
12380,107366,34,1,6290.00
12381,107367,30,1,3090.00
12382,107367,76,1,439.00
12383,107367,115,1,16490.00
12384,107367,79,1,5290.00
12385,107368,76,2,439.00
12386,107368,111,1,569.00
12387,107369,84,2,669.00
12388,107369,22,2,2390.00
12389,107369,76,1,439.00
12390,107370,56,3,769.00
12391,107371,124,3,1490.00
12392,107371,117,1,2890.00
12393,107371,86,1,859.00
12394,107372,9,1,3190.00
12395,107373,25,1,24190.00
12396,107374,17,1,62990.00
12397,107374,56,1,769.00
12398,107375,111,1,569.00
12399,107376,30,1,3090.00
12400,107377,12,1,3890.00
12401,107377,73,1,469.00
12402,107378,12,1,3890.00
12403,107378,43,1,1290.00
12404,107379,122,1,2190.00
12405,107379,49,1,9690.00
12406,107380,85,1,2390.00
12407,107380,73,2,469.00
12408,107381,128,1,17390.00
12409,107381,99,1,1190.00
12410,107382,49,1,9690.00
12411,107382,42,2,969.00
12412,107383,42,1,969.00
12413,107384,15,1,16890.00
12414,107385,32,1,5290.00
12415,107386,66,1,1390.00
12416,107386,120,1,1390.00
12417,107387,22,1,2390.00
12418,107388,44,1,2890.00
12419,107389,58,1,4790.00
12420,107390,42,2,969.00
12421,107390,70,1,8690.00
12422,107390,47,1,12590.00
12423,107391,118,1,9690.00
12424,107391,12,1,3890.00
12425,107392,68,1,2390.00
12426,107393,70,1,8690.00
12427,107394,73,1,469.00
12428,107394,58,1,4790.00
12429,107394,131,1,1590.00
12430,107395,53,1,11090.00
12431,107395,41,1,27090.00
12432,107395,110,1,3890.00
12433,107395,58,1,4790.00
12434,107396,116,1,1890.00
12435,107397,74,1,669.00
12436,107397,65,2,4390.00
12437,107397,37,1,47890.00
12438,107398,65,1,4390.00
12439,107398,47,1,12590.00
12440,107398,70,1,8690.00
12441,107398,24,1,16490.00
12442,107399,80,1,5790.00
12443,107400,23,1,3390.00
12444,107400,22,1,2390.00
12445,107401,29,2,2190.00
12446,107402,20,1,10590.00
12447,107403,85,1,2390.00
12448,107404,12,2,3890.00
12449,107405,69,1,859.00
12450,107405,38,2,2890.00
12451,107405,120,1,1390.00
12452,107406,45,1,6790.00
12453,107407,99,1,1290.00
12454,107408,85,1,2390.00
12455,107408,69,3,859.00
12456,107409,42,1,969.00
12457,107410,12,1,3890.00
12458,107411,60,1,3390.00
12459,107411,58,2,4790.00
12460,107412,86,2,859.00
12461,107413,20,1,10590.00
12462,107413,66,1,1390.00
12463,107414,56,2,769.00
12464,107415,69,1,859.00
12465,107415,56,1,769.00
12466,107416,65,1,4390.00
12467,107417,125,1,1890.00
12468,107418,69,1,859.00
12469,107419,17,1,62990.00
12470,107419,86,1,859.00
12471,107420,38,1,2890.00
12472,107420,70,1,8690.00
12473,107420,84,2,669.00
12474,107420,83,1,6790.00
12475,107421,122,2,2190.00
12476,107421,40,1,31490.00
12477,107422,126,2,3190.00
12478,107423,43,1,1290.00
12479,107423,21,1,7690.00
12480,107423,69,1,859.00
12481,107424,12,1,3890.00
12482,107424,102,1,1890.00
12483,107424,126,1,3190.00
12484,107425,86,3,859.00
12485,107426,86,2,859.00
12486,107426,125,1,1890.00
12487,107427,70,1,8690.00
12488,107427,97,1,469.00
12489,107428,10,1,12590.00
12490,107428,125,1,1890.00
12491,107429,89,1,389.00
12492,107430,56,3,769.00
12493,107430,86,1,859.00
12494,107430,34,1,6290.00
12495,107431,47,1,12590.00
12496,107432,124,4,1490.00
12497,107433,61,1,7290.00
12498,107434,40,1,31490.00
12499,107434,89,1,389.00
12500,107435,38,1,2890.00
12501,107436,12,2,3890.00
12502,107437,64,1,3890.00
12503,107438,69,2,859.00
12504,107439,91,1,1390.00
12505,107439,79,1,5290.00
12506,107439,67,1,1290.00
12507,107440,76,1,439.00
12508,107440,13,1,27090.00
12509,107441,122,1,2190.00
12510,107441,81,2,4790.00
12511,107441,69,1,859.00
12512,107442,111,1,569.00
12513,107442,70,1,8690.00
12514,107443,95,2,1090.00
12515,107443,46,1,3190.00
12516,107444,124,1,1490.00
12517,107445,69,1,859.00
12518,107446,86,1,859.00
12519,107446,4,1,91990.00
12520,107447,66,1,1390.00
12521,107448,56,1,769.00
12522,107448,70,1,8690.00
12523,107449,85,1,2390.00
12524,107449,80,1,5790.00
12525,107449,78,1,1790.00
12526,107449,89,1,389.00
12527,107450,111,1,569.00
12528,107451,66,1,1390.00
12529,107452,97,1,469.00
12530,107453,52,1,7290.00
12531,107454,42,1,969.00
12532,107455,56,2,769.00
12533,107455,91,1,1390.00
12534,107456,58,1,4790.00
12535,107456,86,2,859.00
12536,107456,83,1,6790.00
12537,107457,66,1,1390.00
12538,107458,84,2,669.00
12539,107458,69,3,859.00
12540,107459,69,1,859.00
12541,107459,38,2,2890.00
12542,107460,125,2,1890.00
12543,107460,40,1,31490.00
12544,107460,56,2,769.00
12545,107460,53,1,11090.00
12546,107461,111,2,569.00
12547,107461,61,1,7290.00
12548,107462,74,2,669.00
12549,107463,99,1,1290.00
12550,107464,23,1,3390.00
12551,107465,80,1,5790.00
12552,107465,19,1,116290.00
12553,107466,92,3,959.00
12554,107467,128,1,17390.00
12555,107468,45,1,6790.00
12556,107468,88,1,7290.00
12557,107468,95,1,1090.00
12558,107469,122,1,2190.00
12559,107470,15,1,16890.00
12560,107471,35,1,4590.00
12561,107472,58,1,4790.00
12562,107472,69,1,859.00
12563,107472,120,1,1390.00
12564,107473,56,1,769.00
12565,107473,88,1,7290.00
12566,107474,21,1,7690.00
12567,107475,40,1,31490.00
12568,107476,42,1,969.00
12569,107477,102,2,1890.00
12570,107477,63,1,5690.00
12571,107478,48,1,4790.00
12572,107479,70,1,8690.00
12573,107479,86,1,859.00
12574,107480,69,2,859.00
12575,107481,38,1,2890.00
12576,107482,70,1,8690.00
12577,107483,86,2,859.00
12578,107484,9,1,3190.00
12579,107484,86,1,859.00
12580,107485,45,1,6790.00
12581,107486,20,1,10690.00
12582,107487,115,1,16490.00
12583,107488,86,2,859.00
12584,107489,97,2,469.00
12585,107489,82,1,7690.00
12586,107489,45,1,6790.00
12587,107490,111,2,569.00
12588,107491,70,1,8690.00
12589,107492,85,1,2390.00
12590,107492,42,2,969.00
12591,107493,68,1,2390.00
12592,107494,69,2,859.00
12593,107495,98,1,859.00
12594,107495,70,1,8690.00
12595,107496,43,1,1290.00
12596,107497,86,1,859.00
12597,107498,111,2,569.00
12598,107499,124,2,1490.00
12599,107500,3,1,82390.00
12600,107501,85,1,2390.00
12601,107501,111,1,569.00
12602,107502,67,2,1290.00
12603,107503,119,2,3390.00
12604,107504,40,1,31490.00
12605,107505,61,1,7290.00
12606,107506,118,1,9690.00
12607,107507,126,1,3190.00
12608,107508,62,1,4390.00
12609,107508,61,1,7290.00
12610,107508,122,1,2190.00
12611,107509,69,2,859.00
12612,107510,11,1,4790.00
12613,107511,86,1,859.00
12614,107512,25,1,24190.00
12615,107512,89,1,389.00
12616,107513,36,1,7690.00
12617,107513,22,1,2390.00
12618,107514,14,1,11590.00
12619,107515,123,3,1690.00
12620,107515,86,1,859.00
12621,107515,33,1,11590.00
12622,107515,122,1,2190.00
12623,107516,76,1,439.00
12624,107516,55,1,5790.00
12625,107516,69,3,859.00
12626,107516,96,1,569.00
12627,107517,91,2,1390.00
12628,107518,112,3,859.00
12629,107519,33,1,11590.00
12630,107519,51,1,6290.00
12631,107520,70,1,8690.00
12632,107521,86,1,859.00
12633,107521,30,2,3090.00
12634,107521,51,1,6290.00
12635,107521,81,1,4790.00
12636,107522,68,1,2390.00
12637,107523,73,3,469.00
12638,107523,22,1,2390.00
12639,107524,119,1,3390.00
12640,107525,38,1,2890.00
12641,107526,112,1,859.00
12642,107527,15,1,16990.00
12643,107527,91,1,1390.00
12644,107528,69,1,859.00
12645,107528,23,1,3390.00
12646,107528,51,1,6290.00
12647,107529,69,2,859.00
12648,107530,9,1,3190.00
12649,107530,69,2,859.00
12650,107530,91,2,1390.00
12651,107531,56,2,769.00
12652,107532,129,1,8690.00
12653,107533,18,1,51390.00
12654,107534,83,1,6790.00
12655,107535,97,2,469.00
12656,107535,9,1,3190.00
12657,107536,65,1,4390.00
12658,107536,66,1,1390.00
12659,107537,21,1,7690.00
12660,107538,32,1,5290.00
12661,107539,56,2,769.00
12662,107540,34,1,6290.00
12663,107540,69,1,859.00
12664,107541,83,1,6790.00
12665,107542,23,1,3390.00
12666,107543,74,2,669.00
12667,107543,21,1,7690.00
12668,107543,86,1,859.00
12669,107543,23,2,3390.00
12670,107544,85,1,2390.00
12671,107545,23,1,3390.00
12672,107546,22,2,2390.00
12673,107547,80,1,5790.00
12674,107547,86,2,859.00
12675,107548,109,1,8690.00
12676,107548,111,1,569.00
12677,107548,58,1,4790.00
12678,107548,53,1,11090.00
12679,107549,126,1,3190.00
12680,107550,57,1,479.00
12681,107550,120,1,1390.00
12682,107551,14,1,11590.00
12683,107551,65,1,4390.00
12684,107551,86,3,859.00
12685,107552,17,1,62990.00
12686,107552,69,1,859.00
12687,107553,122,1,2190.00
12688,107554,14,1,11590.00
12689,107554,119,1,3390.00
12690,107554,91,1,1390.00
12691,107555,69,3,859.00
12692,107556,70,1,8690.00
12693,107556,86,3,859.00
12694,107556,75,1,2190.00
12695,107557,111,1,569.00
12696,107557,69,1,859.00
12697,107557,65,1,4390.00
12698,107558,56,1,769.00
12699,107559,67,1,1290.00
12700,107559,69,3,859.00
12701,107559,57,1,479.00
12702,107560,38,1,2890.00
12703,107561,8,1,17390.00
12704,107561,26,1,48490.00
12705,107562,69,1,859.00
12706,107563,97,1,479.00
12707,107564,46,1,3190.00
12708,107564,70,1,8690.00
12709,107565,20,1,10690.00
12710,107565,87,2,2890.00
12711,107566,78,1,1790.00
12712,107567,89,3,389.00
12713,107568,67,2,1290.00
12714,107569,92,1,959.00
12715,107569,111,2,569.00
12716,107569,58,1,4790.00
12717,107570,87,1,2890.00
12718,107571,85,1,2390.00
12719,107572,8,1,17390.00
12720,107573,69,1,859.00
12721,107574,98,2,859.00
12722,107574,74,1,669.00
12723,107574,12,1,3890.00
12724,107575,42,1,969.00
12725,107575,43,1,1290.00
12726,107576,66,1,1390.00
12727,107577,46,1,3190.00
12728,107578,118,1,9690.00
12729,107578,23,1,3390.00
12730,107579,131,1,1590.00
12731,107580,68,1,2390.00
12732,107580,123,3,1690.00
12733,107580,23,2,3390.00
12734,107580,70,1,8690.00
12735,107581,43,1,1290.00
12736,107582,75,2,2190.00
12737,107582,99,1,1290.00
12738,107583,11,1,4790.00
12739,107583,121,1,2390.00
12740,107583,68,1,2390.00
12741,107584,25,1,24190.00
12742,107584,93,1,769.00
12743,107585,6,1,13090.00
12744,107586,73,2,479.00
12745,107587,119,1,3390.00
12746,107588,122,2,2190.00
12747,107588,20,1,10690.00
12748,107588,69,1,859.00
12749,107589,85,1,2390.00
12750,107590,69,1,859.00
12751,107591,45,1,6790.00
12752,107592,69,2,859.00
12753,107593,69,1,859.00
12754,107594,126,1,3190.00
12755,107594,122,1,2190.00
12756,107594,33,1,11590.00
12757,107595,67,1,1290.00
12758,107596,20,1,10690.00
12759,107596,29,2,2190.00
12760,107596,16,1,41690.00
12761,107597,95,1,1090.00
12762,107597,121,1,2390.00
12763,107598,93,1,769.00
12764,107599,2,1,35890.00
12765,107599,79,1,5290.00
12766,107600,16,1,41690.00
12767,107601,25,1,24190.00
12768,107602,66,1,1390.00
12769,107602,47,1,12590.00
12770,107602,9,1,3190.00
12771,107602,91,1,1390.00
12772,107603,71,1,2890.00
12773,107603,123,1,1690.00
12774,107604,69,2,859.00
12775,107605,126,1,3190.00
12776,107606,116,1,1890.00
12777,107606,69,2,859.00
12778,107606,8,1,17390.00
12779,107607,40,1,31490.00
12780,107608,46,1,3190.00
12781,107608,124,1,1490.00
12782,107608,118,1,9690.00
12783,107609,85,1,2390.00
12784,107610,23,1,3390.00
12785,107611,118,1,9690.00
12786,107611,120,1,1390.00
12787,107611,45,1,6790.00
12788,107611,64,1,3890.00
12789,107612,86,1,859.00
12790,107612,56,2,769.00
12791,107613,118,1,9690.00
12792,107614,53,1,11090.00
12793,107614,69,3,859.00
12794,107614,118,1,9690.00
12795,107615,70,1,8690.00
12796,107615,118,1,9690.00
12797,107615,51,1,6290.00
12798,107616,86,2,859.00
12799,107617,69,2,859.00
12800,107617,121,2,2390.00
12801,107618,70,1,8690.00
12802,107619,119,1,3390.00
12803,107620,122,1,2190.00
12804,107621,93,1,769.00
12805,107622,120,1,1390.00
12806,107623,46,1,3190.00
12807,107624,9,1,3190.00
12808,107624,122,1,2190.00
12809,107624,44,2,2890.00
12810,107625,126,1,3190.00
12811,107625,69,1,859.00
12812,107625,118,1,9690.00
12813,107625,38,2,2890.00
12814,107626,92,2,959.00
12815,107626,30,1,3090.00
12816,107626,91,1,1390.00
12817,107627,69,1,859.00
12818,107628,65,1,4390.00
12819,107629,86,1,859.00
12820,107630,21,1,7690.00
12821,107631,86,1,859.00
12822,107631,43,1,1290.00
12823,107632,45,1,6790.00
12824,107632,29,1,2190.00
12825,107633,50,1,7690.00
12826,107634,57,1,479.00
12827,107634,43,1,1290.00
12828,107635,84,1,669.00
12829,107635,53,1,11090.00
12830,107636,53,1,11090.00
12831,107637,69,2,859.00
12832,107638,18,1,51390.00
12833,107638,57,1,479.00
12834,107639,86,1,859.00
12835,107640,58,1,4790.00
12836,107641,56,1,769.00
12837,107641,67,1,1290.00
12838,107641,97,1,479.00
12839,107641,6,1,13090.00
12840,107642,8,1,17390.00
12841,107643,10,1,12590.00
12842,107644,69,2,859.00
12843,107644,118,1,9690.00
12844,107645,11,2,4790.00
12845,107646,38,1,2890.00
12846,107646,51,1,6290.00
12847,107646,69,2,859.00
12848,107646,89,1,389.00
12849,107647,85,1,2390.00
12850,107648,1,1,21290.00
12851,107648,126,1,3190.00
12852,107648,55,1,5790.00
12853,107649,95,1,1090.00
12854,107650,56,2,769.00
12855,107651,22,1,2390.00
12856,107651,65,1,4390.00
12857,107652,23,2,3390.00
12858,107653,125,1,1890.00
12859,107654,16,1,41690.00
12860,107654,86,1,859.00
12861,107655,6,1,13090.00
12862,107656,38,1,2890.00
12863,107657,83,1,6790.00
12864,107657,66,1,1390.00
12865,107658,54,1,3390.00
12866,107658,69,2,859.00
12867,107658,2,1,35890.00
12868,107659,17,1,62990.00
12869,107660,111,1,569.00
12870,107660,8,1,17390.00
12871,107661,126,1,3190.00
12872,107662,28,1,21290.00
12873,107662,2,1,35890.00
12874,107663,123,3,1690.00
12875,107664,71,1,2890.00
12876,107664,69,1,859.00
12877,107664,91,2,1390.00
12878,107665,29,2,2190.00
12879,107666,86,3,859.00
12880,107666,47,1,12590.00
12881,107667,48,2,4790.00
12882,107667,9,1,3190.00
12883,107667,82,1,7690.00
12884,107667,89,1,389.00
12885,107668,67,1,1290.00
12886,107668,126,1,3190.00
12887,107668,71,2,2890.00
12888,107669,70,1,8690.00
12889,107669,129,1,8690.00
12890,107670,9,2,3190.00
12891,107670,111,2,569.00
12892,107670,50,1,7690.00
12893,107671,22,1,2390.00
12894,107671,23,1,3390.00
12895,107672,88,1,7290.00
12896,107672,23,1,3390.00
12897,107672,2,1,35890.00
12898,107672,125,1,1890.00
12899,107673,119,2,3390.00
12900,107674,115,1,16490.00
12901,107675,35,2,4590.00
12902,107675,9,1,3190.00
12903,107675,40,1,31490.00
12904,107675,96,1,569.00
12905,107676,86,1,859.00
12906,107676,70,1,8690.00
12907,107677,69,3,859.00
12908,107678,87,1,2890.00
12909,107678,70,1,8690.00
12910,107679,119,1,3390.00
12911,107679,67,1,1290.00
12912,107680,86,1,859.00
12913,107681,112,1,859.00
12914,107681,125,1,1890.00
12915,107682,22,1,2390.00
12916,107683,58,1,4790.00
12917,107684,10,1,12590.00
12918,107684,125,1,1890.00
12919,107685,121,1,2390.00
12920,107686,86,1,859.00
12921,107686,68,2,2390.00
12922,107686,69,1,859.00
12923,107687,86,1,859.00
12924,107687,20,1,10690.00
12925,107688,122,1,2190.00
12926,107689,12,1,3890.00
12927,107689,69,1,859.00
12928,107690,118,1,9690.00
12929,107690,126,1,3190.00
12930,107690,76,2,449.00
12931,107691,45,1,6790.00
12932,107691,38,1,2890.00
12933,107691,69,1,859.00
12934,107692,69,2,859.00
12935,107692,17,1,62990.00
12936,107693,99,1,1290.00
12937,107694,12,1,3890.00
12938,107695,65,1,4390.00
12939,107695,129,1,8690.00
12940,107695,9,2,3190.00
12941,107696,10,1,12590.00
12942,107697,43,1,1290.00
12943,107698,62,1,4490.00
12944,107699,30,1,3090.00
12945,107699,57,1,479.00
12946,107699,23,2,3390.00
12947,107699,81,1,4790.00
12948,107700,119,1,3390.00
12949,107700,86,1,859.00
12950,107700,63,1,5690.00
12951,107701,17,1,62990.00
12952,107701,74,2,669.00
12953,107702,128,1,17390.00
12954,107703,126,1,3190.00
12955,107703,61,1,7290.00
12956,107704,91,1,1390.00
12957,107704,99,1,1290.00
12958,107704,63,1,5690.00
12959,107705,70,1,8690.00
12960,107706,79,1,5290.00
12961,107706,68,2,2390.00
12962,107706,62,1,4490.00
12963,107707,122,1,2190.00
12964,107708,78,1,1790.00
12965,107709,107,1,38790.00
12966,107710,58,1,4790.00
12967,107710,86,3,859.00
12968,107711,86,1,859.00
12969,107711,38,1,2890.00
12970,107711,69,1,859.00
12971,107712,73,1,479.00
12972,107713,70,1,8690.00
12973,107714,56,3,769.00
12974,107714,12,1,3890.00
12975,107715,69,2,859.00
12976,107715,86,2,859.00
12977,107716,75,1,2190.00
12978,107717,70,1,8690.00
12979,107718,52,1,7290.00
12980,107718,20,1,10690.00
12981,107718,70,1,8690.00
12982,107719,66,2,1390.00
12983,107719,10,1,12590.00
12984,107720,86,1,859.00
12985,107721,76,3,449.00
12986,107721,95,1,1090.00
12987,107721,102,1,1890.00
12988,107722,52,1,7290.00
12989,107723,69,1,859.00
12990,107723,57,2,479.00
12991,107723,56,1,769.00
12992,107724,97,1,479.00
12993,107725,69,1,859.00
12994,107725,107,1,38790.00
12995,107725,30,1,3090.00
12996,107726,70,1,8690.00
12997,107727,67,1,1290.00
12998,107727,69,1,859.00
12999,107728,99,1,1290.00
13000,107728,86,3,859.00
13001,107728,34,1,6290.00
13002,107729,57,2,479.00
13003,107730,53,1,11090.00
13004,107730,48,1,4790.00
13005,107731,38,2,2890.00
13006,107731,100,2,1590.00
13007,107731,89,2,389.00
13008,107732,68,2,2390.00
13009,107733,70,1,8690.00
13010,107733,91,1,1390.00
13011,107733,38,1,2890.00
13012,107733,95,1,1090.00
13013,107734,111,2,569.00
13014,107734,66,1,1390.00
13015,107734,69,1,859.00
13016,107735,31,1,43590.00
13017,107736,125,1,1890.00
13018,107737,42,2,969.00
13019,107738,116,1,1890.00
13020,107738,67,1,1290.00
13021,107739,70,1,8690.00
13022,107740,69,2,859.00
13023,107740,65,2,4390.00
13024,107741,18,1,51390.00
13025,107742,8,1,17490.00
13026,107743,82,1,7790.00
13027,107744,1,1,21290.00
13028,107745,97,1,479.00
13029,107746,9,2,3190.00
13030,107746,65,1,4390.00
13031,107746,57,1,479.00
13032,107747,58,2,4790.00
13033,107747,125,2,1890.00
13034,107748,30,2,3090.00
13035,107748,65,1,4390.00
13036,107749,111,1,569.00
13037,107750,86,1,859.00
13038,107751,122,1,2190.00
13039,107752,126,1,3190.00
13040,107753,67,1,1290.00
13041,107753,20,1,10690.00
13042,107754,75,1,2190.00
13043,107754,118,1,9690.00
13044,107754,69,3,859.00
13045,107754,44,1,2890.00
13046,107755,1,1,21290.00
13047,107755,20,1,10690.00
13048,107756,53,1,11090.00
13049,107757,38,1,2890.00
13050,107758,2,1,35890.00
13051,107759,89,1,389.00
13052,107760,29,2,2190.00
13053,107760,12,2,3890.00
13054,107760,91,1,1390.00
13055,107761,64,2,3890.00
13056,107762,122,1,2190.00
13057,107762,29,1,2190.00
13058,107762,38,2,2890.00
13059,107763,50,1,7790.00
13060,107764,42,3,969.00
13061,107764,86,1,859.00
13062,107765,3,1,82490.00
13063,107765,56,1,779.00
13064,107766,73,3,479.00
13065,107767,89,1,389.00
13066,107767,125,2,1890.00
13067,107768,119,1,3390.00
13068,107768,62,1,4490.00
13069,107769,116,2,1890.00
13070,107770,6,1,13090.00
13071,107771,96,1,569.00
13072,107771,42,2,969.00
13073,107772,102,1,1890.00
13074,107772,40,1,31490.00
13075,107772,111,2,569.00
13076,107773,81,1,4790.00
13077,107774,112,2,859.00
13078,107774,86,1,859.00
13079,107774,9,1,3190.00
13080,107774,69,2,859.00
13081,107775,17,1,63090.00
13082,107776,35,1,4590.00
13083,107777,58,2,4790.00
13084,107777,87,1,2890.00
13085,107778,69,1,859.00
13086,107778,63,1,5690.00
13087,107779,69,1,859.00
13088,107779,14,1,11590.00
13089,107780,63,1,5690.00
13090,107781,49,1,9690.00
13091,107782,56,3,779.00
13092,107783,11,1,4790.00
13093,107784,69,3,859.00
13094,107785,70,1,8690.00
13095,107785,111,2,569.00
13096,107786,57,1,479.00
13097,107787,74,1,669.00
13098,107787,67,2,1290.00
13099,107788,112,1,859.00
13100,107789,70,1,8690.00
13101,107790,69,1,859.00
13102,107791,81,1,4790.00
13103,107791,58,2,4790.00
13104,107791,123,1,1690.00
13105,107791,69,1,859.00
13106,107792,122,1,2190.00
13107,107792,68,2,2390.00
13108,107792,69,1,859.00
13109,107793,122,2,2190.00
13110,107793,9,1,3190.00
13111,107794,118,1,9690.00
13112,107795,69,2,859.00
13113,107795,56,1,779.00
13114,107796,56,1,779.00
13115,107796,69,1,859.00
13116,107796,63,1,5690.00
13117,107796,21,1,7790.00
13118,107797,69,1,859.00
13119,107797,118,1,9690.00
13120,107797,70,1,8690.00
13121,107798,42,1,969.00
13122,107799,69,2,859.00
13123,107799,62,1,4490.00
13124,107799,76,1,449.00
13125,107800,56,1,779.00
13126,107800,105,1,1390.00
13127,107801,99,2,1290.00
13128,107802,5,1,126090.00
13129,107802,116,1,1890.00
13130,107803,45,1,6790.00
13131,107804,46,1,3190.00
13132,107805,69,1,859.00
13133,107806,119,1,3390.00
13134,107807,78,1,1790.00
13135,107808,69,1,859.00
13136,107809,56,1,779.00
13137,107810,23,1,3390.00
13138,107811,69,1,859.00
13139,107812,3,1,82490.00
13140,107813,114,1,33990.00
13141,107814,56,1,779.00
13142,107815,70,1,8690.00
13143,107815,42,1,969.00
13144,107816,67,1,1290.00
13145,107817,17,1,63090.00
13146,107818,69,2,859.00
13147,107819,77,1,2090.00
13148,107820,26,1,48490.00
13149,107821,43,1,1290.00
13150,107822,101,1,1490.00
13151,107823,116,1,1890.00
13152,107824,12,1,3890.00
13153,107824,120,1,1390.00
13154,107825,89,1,389.00
13155,107826,46,1,3190.00
13156,107826,31,1,43690.00
13157,107826,71,1,2890.00
13158,107827,120,1,1390.00
13159,107827,14,1,11590.00
13160,107828,90,1,2790.00
13161,107829,120,1,1390.00
13162,107829,67,1,1290.00
13163,107830,126,2,3190.00
13164,107831,69,1,859.00
13165,107831,131,1,1590.00
13166,107832,111,1,569.00
13167,107832,73,1,479.00
13168,107833,22,1,2390.00
13169,107834,69,1,859.00
13170,107834,91,2,1390.00
13171,107835,81,1,4790.00
13172,107836,65,1,4390.00
13173,107836,81,1,4790.00
13174,107837,125,1,1890.00
13175,107838,125,1,1890.00
13176,107839,29,1,2190.00
13177,107840,55,1,5790.00
13178,107841,120,2,1390.00
13179,107841,75,1,2190.00
13180,107841,16,1,41690.00
13181,107842,119,1,3390.00
13182,107842,21,1,7790.00
13183,107842,59,1,1890.00
13184,107843,116,1,1890.00
13185,107844,42,2,969.00
13186,107844,24,1,16490.00
13187,107845,9,1,3190.00
13188,107846,69,2,859.00
13189,107846,101,1,1490.00
13190,107847,45,1,6790.00
13191,107848,11,1,4790.00
13192,107848,69,1,859.00
13193,107848,125,1,1890.00
13194,107849,84,2,669.00
13195,107850,29,1,2190.00
13196,107850,122,1,2190.00
13197,107851,43,1,1290.00
13198,107851,23,1,3390.00
13199,107852,56,1,779.00
13200,107853,11,1,4790.00
13201,107854,126,1,3190.00
13202,107855,55,1,5790.00
13203,107855,87,2,2890.00
13204,107856,91,1,1390.00
13205,107857,9,1,3190.00
13206,107858,3,1,82490.00
13207,107859,69,1,859.00
13208,107860,86,1,859.00
13209,107860,38,1,2890.00
13210,107861,46,1,3190.00
13211,107862,15,1,16990.00
13212,107862,11,1,4790.00
13213,107863,33,1,11590.00
13214,107863,121,1,2390.00
13215,107863,70,1,8690.00
13216,107864,70,1,8690.00
13217,107864,118,1,9690.00
13218,107865,59,1,1890.00
13219,107866,119,1,3390.00
13220,107866,69,1,859.00
13221,107867,67,2,1290.00
13222,107867,65,1,4390.00
13223,107868,56,1,779.00
13224,107868,112,1,859.00
13225,107869,69,2,859.00
13226,107869,82,1,7790.00
13227,107870,125,1,1890.00
13228,107870,56,1,779.00
13229,107870,69,2,859.00
13230,107871,69,2,859.00
13231,107871,56,2,779.00
13232,107872,20,1,10690.00
13233,107873,57,2,479.00
13234,107873,29,1,2190.00
13235,107873,69,1,859.00
13236,107874,65,2,4390.00
13237,107874,96,1,569.00
13238,107875,119,1,3390.00
13239,107876,69,2,859.00
13240,107877,56,1,779.00
13241,107877,20,1,10690.00
13242,107878,52,1,7290.00
13243,107879,10,1,12590.00
13244,107879,53,1,11190.00
13245,107879,67,1,1290.00
13246,107880,14,1,11590.00
13247,107880,31,1,43690.00
13248,107881,67,1,1290.00
13249,107882,6,1,13090.00
13250,107883,84,1,669.00
13251,107884,104,2,4790.00
13252,107884,88,1,7290.00
13253,107884,27,1,58190.00
13254,107884,11,1,4790.00
13255,107885,73,1,479.00
13256,107886,14,1,11590.00
13257,107886,69,1,859.00
13258,107886,23,1,3390.00
13259,107886,92,3,959.00
13260,107887,56,1,779.00
13261,107887,36,1,7790.00
13262,107887,1,1,21290.00
13263,107888,59,1,1890.00
13264,107889,76,1,449.00
13265,107890,56,2,779.00
13266,107891,121,1,2390.00
13267,107892,56,1,779.00
13268,107893,61,1,7290.00
13269,107894,42,1,969.00
13270,107895,42,1,969.00
13271,107896,36,1,7790.00
13272,107897,68,1,2390.00
13273,107898,57,1,479.00
13274,107899,10,1,12590.00
13275,107900,86,1,859.00
13276,107901,125,1,1890.00
13277,107901,69,1,859.00
13278,107901,56,1,779.00
13279,107902,13,1,27190.00
13280,107903,30,1,3090.00
13281,107903,70,1,8690.00
13282,107904,78,1,1790.00
13283,107905,43,1,1290.00
13284,107905,55,1,5790.00
13285,107906,68,1,2390.00
13286,107907,21,1,7790.00
13287,107908,118,1,9690.00
13288,107908,91,2,1390.00
13289,107908,82,1,7790.00
13290,107908,79,1,5290.00
13291,107909,54,2,3390.00
13292,107910,70,1,8690.00
13293,107911,69,2,859.00
13294,107912,111,1,569.00
13295,107913,131,1,1590.00
13296,107913,81,1,4790.00
13297,107913,7,1,31990.00
13298,107913,69,1,859.00
13299,107914,83,1,6790.00
13300,107915,70,1,8690.00
13301,107915,6,1,13090.00
13302,107916,89,1,389.00
13303,107917,116,2,1890.00
13304,107917,76,1,449.00
13305,107918,30,1,3090.00
13306,107918,83,1,6790.00
13307,107919,57,1,479.00
13308,107920,122,1,2190.00
13309,107921,38,1,2890.00
13310,107922,121,1,2390.00
13311,107923,57,1,479.00
13312,107924,20,1,10690.00
13313,107924,54,1,3390.00
13314,107925,122,1,2190.00
13315,107926,85,1,2390.00
13316,107927,70,1,8690.00
13317,107927,126,1,3190.00
13318,107928,26,1,48490.00
13319,107928,76,1,449.00
13320,107929,44,1,2890.00
13321,107930,19,1,116490.00
13322,107931,69,3,859.00
13323,107932,125,1,1890.00
13324,107933,12,1,3890.00
13325,107933,3,1,82490.00
13326,107934,111,3,569.00
13327,107934,69,2,859.00
13328,107935,86,1,859.00
13329,107935,78,1,1790.00
13330,107935,70,1,8690.00
13331,107936,56,1,779.00
13332,107937,69,1,859.00
13333,107938,17,1,63090.00
13334,107939,58,2,4790.00
13335,107940,86,3,859.00
13336,107940,118,1,9690.00
13337,107941,42,1,969.00
13338,107942,73,1,479.00
13339,107942,8,1,17490.00
13340,107942,119,2,3390.00
13341,107943,56,1,779.00
13342,107944,2,1,35890.00
13343,107945,21,1,7790.00
13344,107946,23,1,3390.00
13345,107947,20,1,10690.00
13346,107947,67,1,1290.00
13347,107947,126,1,3190.00
13348,107947,16,1,41690.00
13349,107948,82,1,7790.00
13350,107948,69,3,859.00
13351,107948,28,1,21290.00
13352,107948,8,1,17490.00
13353,107949,20,1,10690.00
13354,107950,42,2,969.00
13355,107950,12,1,3890.00
13356,107951,68,2,2390.00
13357,107951,1,1,21290.00
13358,107951,78,1,1790.00
13359,107951,11,1,4790.00
13360,107952,75,1,2190.00
13361,107952,65,1,4390.00
13362,107953,9,1,3190.00
13363,107954,69,2,859.00
13364,107955,10,1,12590.00
13365,107955,125,1,1890.00
13366,107955,6,1,13090.00
13367,107956,86,1,859.00
13368,107957,44,1,2890.00
13369,107957,8,1,17490.00
13370,107958,17,1,63090.00
13371,107958,62,1,4490.00
13372,107958,125,2,1890.00
13373,107959,43,1,1290.00
13374,107959,125,2,1890.00
13375,107959,85,1,2390.00
13376,107960,6,1,13090.00
13377,107961,123,3,1690.00
13378,107961,126,1,3190.00
13379,107962,22,1,2390.00
13380,107962,20,1,10690.00
13381,107963,63,1,5690.00
13382,107964,78,1,1790.00
13383,107964,66,1,1390.00
13384,107964,25,1,24290.00
13385,107965,71,2,2890.00
13386,107965,120,1,1390.00
13387,107965,6,1,13090.00
13388,107966,116,1,1890.00
13389,107966,120,2,1390.00
13390,107967,22,2,2390.00
13391,107968,56,1,779.00
13392,107968,131,1,1590.00
13393,107969,71,1,2890.00
13394,107969,78,1,1790.00
13395,107970,70,1,8690.00
13396,107970,23,1,3390.00
13397,107970,69,1,859.00
13398,107971,128,1,17490.00
13399,107972,126,1,3190.00
13400,107972,56,1,779.00
13401,107973,69,2,859.00
13402,107973,9,1,3190.00
13403,107974,73,1,479.00
13404,107975,23,1,3390.00
13405,107975,56,1,779.00
13406,107975,10,1,12590.00
13407,107975,131,1,1590.00
13408,107976,69,1,859.00
13409,107977,61,1,7290.00
13410,107977,14,1,11590.00
13411,107978,70,1,8690.00
13412,107978,86,1,859.00
13413,107979,78,1,1790.00
13414,107979,91,1,1390.00
13415,107980,55,1,5790.00
13416,107980,42,2,969.00
13417,107981,69,1,859.00
13418,107982,69,1,859.00
13419,107982,76,2,449.00
13420,107983,123,2,1690.00
13421,107984,128,1,17490.00
13422,107984,42,2,969.00
13423,107984,58,1,4790.00
13424,107985,57,1,479.00
13425,107985,56,1,779.00
13426,107986,94,1,1190.00
13427,107986,28,1,21390.00
13428,107986,46,1,3190.00
13429,107987,70,1,8690.00
13430,107988,26,1,48490.00
13431,107988,12,1,3890.00
13432,107988,38,1,2890.00
13433,107989,83,1,6790.00
13434,107990,69,2,859.00
13435,107990,38,1,2890.00
13436,107991,119,1,3390.00
13437,107991,69,1,859.00
13438,107992,91,1,1390.00
13439,107992,104,1,4790.00
13440,107993,58,1,4790.00
13441,107994,86,1,859.00
13442,107995,9,1,3190.00
13443,107996,1,1,21390.00
13444,107996,36,1,7790.00
13445,107996,8,1,17490.00
13446,107996,91,1,1390.00
13447,107997,125,1,1890.00
13448,107998,57,2,479.00
13449,107998,86,3,859.00
13450,107999,9,1,3190.00
13451,107999,70,1,8690.00
13452,107999,20,1,10690.00
13453,108000,122,1,2190.00
13454,108000,69,1,859.00
13455,108001,36,1,7790.00
13456,108002,45,1,6790.00
13457,108003,95,2,1090.00
13458,108003,122,1,2190.00
13459,108004,95,2,1090.00
13460,108004,86,2,859.00
13461,108005,115,1,16490.00
13462,108006,69,2,859.00
13463,108006,40,1,31490.00
13464,108006,9,1,3190.00
13465,108006,42,2,969.00
13466,108007,61,1,7290.00
13467,108008,69,1,859.00
13468,108009,52,1,7290.00
13469,108009,125,1,1890.00
13470,108010,70,1,8690.00
13471,108010,30,2,3090.00
13472,108011,56,1,779.00
13473,108012,126,1,3190.00
13474,108013,81,1,4790.00
13475,108014,87,2,2890.00
13476,108015,56,1,779.00
13477,108016,70,1,8690.00
13478,108017,53,1,11190.00
13479,108017,78,1,1790.00
13480,108018,122,1,2190.00
13481,108018,131,2,1590.00
13482,108018,70,1,8690.00
13483,108019,70,1,8690.00
13484,108020,69,2,859.00
13485,108021,10,1,12590.00
13486,108021,2,1,35890.00
13487,108022,56,1,779.00
13488,108022,79,1,5290.00
13489,108023,56,1,779.00
13490,108023,69,2,859.00
13491,108023,89,1,389.00
13492,108024,86,1,859.00
13493,108025,46,2,3190.00
13494,108026,28,1,21390.00
13495,108027,43,1,1290.00
13496,108027,89,3,389.00
13497,108027,97,2,479.00
13498,108027,47,1,12590.00
13499,108028,69,2,859.00
13500,108028,56,1,779.00
13501,108028,38,2,2890.00
13502,108028,43,1,1290.00
13503,108029,89,1,389.00
13504,108029,122,1,2190.00
13505,108030,10,1,12590.00
13506,108031,69,1,859.00
13507,108031,96,2,569.00
13508,108031,70,1,8690.00
13509,108032,119,1,3390.00
13510,108032,74,2,669.00
13511,108033,74,1,669.00
13512,108033,47,1,12590.00
13513,108033,131,1,1590.00
13514,108034,17,1,63090.00
13515,108035,23,1,3390.00
13516,108035,11,2,4790.00
13517,108036,87,1,2890.00
13518,108036,122,1,2190.00
13519,108037,86,1,859.00
13520,108037,122,1,2190.00
13521,108038,70,1,8690.00
13522,108038,125,1,1890.00
13523,108039,38,1,2890.00
13524,108039,11,1,4790.00
13525,108040,34,1,6290.00
13526,108040,119,1,3390.00
13527,108041,58,1,4790.00
13528,108042,48,1,4890.00
13529,108043,47,1,12590.00
13530,108044,76,3,449.00
13531,108045,120,1,1390.00
13532,108046,120,1,1390.00
13533,108047,76,2,449.00
13534,108048,86,3,859.00
13535,108048,32,1,5290.00
13536,108049,70,1,8690.00
13537,108049,49,1,9690.00
13538,108049,56,1,779.00
13539,108049,125,1,1890.00
13540,108050,122,2,2190.00
13541,108050,96,2,569.00
13542,108050,125,2,1890.00
13543,108051,79,1,5290.00
13544,108051,38,1,2890.00
13545,108052,56,1,779.00
13546,108052,61,1,7290.00
13547,108053,69,1,859.00
13548,108054,56,3,779.00
13549,108054,63,1,5690.00
13550,108054,111,3,569.00
13551,108055,20,1,10690.00
13552,108056,91,1,1390.00
13553,108057,70,1,8690.00
13554,108057,115,1,16490.00
13555,108057,18,1,51490.00
13556,108057,125,1,1890.00
13557,108058,120,1,1390.00
13558,108059,69,1,859.00
13559,108060,61,1,7290.00
13560,108060,48,1,4890.00
13561,108061,123,3,1690.00
13562,108061,23,2,3390.00
13563,108061,35,1,4690.00
13564,108061,84,1,669.00
13565,108062,118,1,9690.00
13566,108062,50,1,7790.00
13567,108063,80,1,5790.00
13568,108063,2,1,35890.00
13569,108064,76,1,449.00
13570,108065,69,2,859.00
13571,108065,57,1,479.00
13572,108065,10,1,12590.00
13573,108065,70,1,8690.00
13574,108066,122,1,2190.00
13575,108066,93,1,769.00
13576,108067,120,1,1390.00
13577,108067,101,1,1490.00
13578,108068,38,1,2890.00
13579,108069,38,1,2890.00
13580,108070,128,1,17490.00
13581,108071,10,1,12590.00
13582,108071,19,1,116490.00
13583,108071,12,1,3890.00
13584,108071,64,1,3890.00
13585,108072,68,1,2390.00
13586,108072,20,1,10690.00
13587,108073,78,1,1790.00
13588,108073,23,1,3390.00
13589,108073,12,1,3890.00
13590,108074,70,1,8690.00
13591,108075,83,1,6790.00
13592,108076,86,1,859.00
13593,108076,11,1,4790.00
13594,108076,51,1,6290.00
13595,108077,70,1,8690.00
13596,108077,40,1,31590.00
13597,108078,82,1,7790.00
13598,108079,95,1,1090.00
13599,108079,8,1,17490.00
13600,108080,69,2,859.00
13601,108080,12,2,3890.00
13602,108080,60,1,3390.00
13603,108081,69,2,859.00
13604,108081,126,1,3190.00
13605,108082,69,1,859.00
13606,108082,10,1,12590.00
13607,108083,38,1,2890.00
13608,108084,3,1,82490.00
13609,108085,73,2,479.00
13610,108085,75,1,2190.00
13611,108086,7,1,31990.00
13612,108086,70,1,8690.00
13613,108087,126,1,3190.00
13614,108088,64,1,3890.00
13615,108089,69,2,859.00
13616,108090,40,1,31590.00
13617,108091,2,1,35890.00
13618,108092,69,2,859.00
13619,108093,10,1,12590.00
13620,108094,65,1,4390.00
13621,108095,17,1,63090.00
13622,108096,89,1,389.00
13623,108096,96,1,569.00
13624,108097,31,1,43690.00
13625,108098,69,1,859.00
13626,108099,86,1,859.00
13627,108099,70,1,8690.00
13628,108100,11,1,4790.00
13629,108101,22,1,2390.00
13630,108102,112,2,859.00
13631,108103,16,1,41790.00
13632,108104,46,1,3190.00
13633,108105,2,1,35890.00
13634,108105,89,2,389.00
13635,108106,74,1,669.00
13636,108106,42,1,969.00
13637,108107,42,1,969.00
13638,108107,26,1,48590.00
13639,108108,89,1,389.00
13640,108109,85,1,2390.00
13641,108109,76,1,449.00
13642,108109,112,1,859.00
13643,108110,68,1,2390.00
13644,108111,11,1,4790.00
13645,108112,121,1,2390.00
13646,108113,50,1,7790.00
13647,108113,69,2,859.00
13648,108113,14,1,11590.00
13649,108114,23,1,3390.00
13650,108115,67,2,1290.00
13651,108115,12,1,3890.00
13652,108115,30,1,3090.00
13653,108116,11,1,4790.00
13654,108116,45,1,6790.00
13655,108116,49,1,9690.00
13656,108117,56,1,779.00
13657,108118,86,1,859.00
13658,108118,50,1,7790.00
13659,108118,69,1,859.00
13660,108118,16,1,41790.00
13661,108119,76,1,449.00
13662,108119,70,1,8690.00
13663,108120,63,1,5690.00
13664,108120,9,1,3190.00
13665,108120,120,1,1390.00
13666,108121,122,1,2190.00
13667,108122,86,3,859.00
13668,108122,54,1,3390.00
13669,108123,32,1,5290.00
13670,108124,69,2,859.00
13671,108125,32,1,5290.00
13672,108125,86,1,859.00
13673,108125,131,1,1590.00
13674,108126,99,1,1290.00
13675,108127,85,1,2390.00
13676,108128,67,2,1290.00
13677,108128,95,2,1090.00
13678,108128,69,1,859.00
13679,108129,76,1,449.00
13680,108129,23,2,3390.00
13681,108130,120,1,1390.00
13682,108130,63,1,5690.00
13683,108130,56,1,779.00
13684,108131,9,2,3190.00
13685,108132,10,1,12590.00
13686,108133,88,1,7290.00
13687,108133,118,1,9690.00
13688,108134,3,1,82590.00
13689,108134,58,1,4790.00
13690,108135,91,1,1390.00
13691,108136,91,2,1390.00
13692,108137,12,1,3890.00
13693,108138,70,1,8690.00
13694,108138,85,1,2390.00
13695,108138,86,1,859.00
13696,108138,38,1,2890.00
13697,108139,69,2,859.00
13698,108140,120,1,1390.00
13699,108141,77,2,2090.00
13700,108142,93,3,769.00
13701,108143,66,1,1390.00
13702,108143,81,1,4790.00
13703,108143,43,2,1290.00
13704,108144,21,1,7790.00
13705,108145,131,1,1590.00
13706,108146,12,1,3890.00
13707,108147,125,1,1890.00
13708,108147,57,3,479.00
13709,108148,16,1,41790.00
13710,108148,69,1,859.00
13711,108149,23,1,3390.00
13712,108149,12,1,3890.00
13713,108150,122,2,2190.00
13714,108151,42,1,969.00
13715,108151,11,1,4790.00
13716,108151,69,3,859.00
13717,108152,70,1,8690.00
13718,108152,67,1,1290.00
13719,108153,85,1,2390.00
13720,108154,46,1,3190.00
13721,108155,116,2,1890.00
13722,108156,70,1,8690.00
13723,108156,4,1,92290.00
13724,108157,11,1,4790.00
13725,108158,69,3,859.00
13726,108159,120,1,1390.00
13727,108160,24,1,16490.00
13728,108160,23,1,3390.00
13729,108161,99,2,1290.00
13730,108162,29,1,2190.00
13731,108163,57,1,479.00
13732,108164,111,1,569.00
13733,108164,69,2,859.00
13734,108165,39,1,5790.00
13735,108166,69,1,859.00
13736,108167,86,3,859.00
13737,108167,69,1,859.00
13738,108167,70,1,8690.00
13739,108168,69,2,859.00
13740,108169,74,1,669.00
13741,108169,36,1,7790.00
13742,108170,121,1,2390.00
13743,108171,14,1,11590.00
13744,108171,111,1,569.00
13745,108171,122,1,2190.00
13746,108171,69,1,859.00
13747,108172,120,1,1390.00
13748,108172,39,1,5790.00
13749,108173,99,2,1290.00
13750,108174,97,2,479.00
13751,108174,95,1,1090.00
13752,108174,70,1,8690.00
13753,108175,93,1,769.00
13754,108176,20,1,10690.00
13755,108176,21,1,7790.00
13756,108177,69,1,859.00
13757,108177,43,1,1290.00
13758,108177,85,1,2390.00
13759,108178,9,1,3190.00
13760,108179,70,1,8690.00
13761,108179,9,1,3190.00
13762,108179,20,1,10690.00
13763,108180,22,1,2390.00
13764,108181,125,1,1890.00
13765,108181,74,1,669.00
13766,108181,70,1,8690.00
13767,108182,69,1,859.00
13768,108183,91,1,1390.00
13769,108183,31,1,43690.00
13770,108183,56,1,779.00
13771,108184,70,1,8690.00
13772,108185,11,2,4790.00
13773,108185,70,1,8690.00
13774,108185,23,1,3390.00
13775,108186,86,1,859.00
13776,108186,69,1,859.00
13777,108187,54,1,3390.00
13778,108187,76,1,449.00
13779,108188,61,1,7290.00
13780,108189,131,2,1590.00
13781,108189,56,1,779.00
13782,108190,70,1,8690.00
13783,108191,116,1,1890.00
13784,108192,20,1,10690.00
13785,108193,35,1,4690.00
13786,108193,20,1,10690.00
13787,108194,63,1,5690.00
13788,108195,86,2,859.00
13789,108196,116,1,1890.00
13790,108197,46,2,3190.00
13791,108198,122,1,2190.00
13792,108198,23,1,3390.00
13793,108198,87,1,2890.00
13794,108199,86,1,859.00
13795,108200,89,3,389.00
13796,108201,70,1,8690.00
13797,108202,70,1,8690.00
13798,108203,70,1,8690.00
13799,108203,86,1,859.00
13800,108204,92,2,959.00
13801,108205,122,1,2190.00
13802,108205,69,3,859.00
13803,108205,14,1,11590.00
13804,108206,122,1,2190.00
13805,108206,131,1,1590.00
13806,108207,91,1,1390.00
13807,108208,2,1,35890.00
13808,108209,74,2,669.00
13809,108209,7,1,32090.00
13810,108209,43,1,1290.00
13811,108209,38,1,2890.00
13812,108210,17,1,63090.00
13813,108210,119,2,3390.00
13814,108211,64,1,3890.00
13815,108211,69,1,859.00
13816,108211,57,3,479.00
13817,108212,53,1,11190.00
13818,108212,69,1,859.00
13819,108213,88,1,7290.00
13820,108214,63,1,5690.00
13821,108215,69,1,859.00
13822,108216,121,2,2390.00
13823,108216,30,1,3090.00
13824,108217,123,2,1690.00
13825,108217,120,2,1390.00
13826,108218,8,1,17490.00
13827,108218,69,1,859.00
13828,108218,124,2,1490.00
13829,108219,9,1,3190.00
13830,108220,92,2,959.00
13831,108221,21,1,7790.00
13832,108221,30,1,3090.00
13833,108222,12,1,3890.00
13834,108223,42,1,969.00
13835,108223,70,1,8690.00
13836,108224,44,1,2890.00
13837,108225,91,1,1390.00
13838,108225,96,3,569.00
13839,108226,70,1,8690.00
13840,108227,58,2,4790.00
13841,108227,118,1,9690.00
13842,108228,26,1,48590.00
13843,108228,125,1,1890.00
13844,108228,78,1,1790.00
13845,108228,56,1,779.00
13846,108229,79,1,5290.00
13847,108229,70,1,8690.00
13848,108230,22,1,2390.00
13849,108230,49,1,9690.00
13850,108231,67,1,1290.00
13851,108231,69,1,859.00
13852,108232,69,2,859.00
13853,108233,75,1,2190.00
13854,108233,70,1,8690.00
13855,108233,64,2,3890.00
13856,108234,16,1,41790.00
13857,108235,9,1,3190.00
13858,108235,16,1,41790.00
13859,108235,11,1,4790.00
13860,108235,73,2,479.00
13861,108236,85,1,2390.00
13862,108237,69,2,859.00
13863,108238,23,2,3390.00
13864,108239,47,1,12590.00
13865,108240,42,2,969.00
13866,108240,27,1,58290.00
13867,108240,14,1,11690.00
13868,108240,69,2,859.00
13869,108241,62,1,4490.00
13870,108242,96,2,569.00
13871,108243,126,1,3190.00
13872,108244,86,1,859.00
13873,108245,78,1,1790.00
13874,108246,126,1,3190.00
13875,108247,66,2,1390.00
13876,108248,62,1,4490.00
13877,108248,40,1,31590.00
13878,108248,70,1,8690.00
13879,108248,69,1,859.00
13880,108249,70,1,8690.00
13881,108250,12,1,3890.00
13882,108251,12,2,3890.00
13883,108252,63,1,5690.00
13884,108253,70,1,8690.00
13885,108254,14,1,11690.00
13886,108255,14,1,11690.00
13887,108255,86,2,859.00
13888,108255,9,2,3190.00
13889,108256,70,1,8690.00
13890,108256,125,1,1890.00
13891,108257,14,1,11690.00
13892,108258,20,1,10690.00
13893,108258,87,1,2890.00
13894,108259,33,1,11690.00
13895,108260,36,1,7790.00
13896,108261,12,1,3890.00
13897,108262,118,1,9690.00
13898,108263,10,1,12590.00
13899,108264,69,2,859.00
13900,108265,2,1,35890.00
13901,108266,84,3,669.00
13902,108267,121,1,2390.00
13903,108268,9,1,3190.00
13904,108268,70,1,8690.00
13905,108269,70,1,8690.00
13906,108270,69,1,859.00
13907,108270,96,2,569.00
13908,108271,78,1,1790.00
13909,108271,47,1,12590.00
13910,108271,39,1,5790.00
13911,108271,22,1,2390.00
13912,108272,52,1,7290.00
13913,108273,24,1,16490.00
13914,108273,70,1,8690.00
13915,108273,86,3,859.00
13916,108273,56,3,779.00
13917,108274,48,1,4890.00
13918,108274,20,1,10690.00
13919,108275,86,1,859.00
13920,108275,11,1,4790.00
13921,108276,21,1,7790.00
13922,108276,20,1,10690.00
13923,108276,43,1,1290.00
13924,108277,22,2,2390.00
13925,108277,57,1,479.00
13926,108278,9,1,3190.00
13927,108279,69,3,859.00
13928,108280,90,1,2790.00
13929,108281,69,1,859.00
13930,108281,116,1,1890.00
13931,108281,86,1,859.00
13932,108281,126,1,3190.00
13933,108282,80,1,5790.00
13934,108282,43,1,1290.00
13935,108282,67,1,1290.00
13936,108282,93,1,769.00
13937,108283,125,2,1890.00
13938,108284,62,1,4490.00
13939,108285,74,1,669.00
13940,108285,111,1,569.00
13941,108286,82,1,7790.00
13942,108287,84,1,669.00
13943,108288,38,2,2890.00
13944,108289,67,1,1290.00
13945,108290,86,1,859.00
13946,108290,8,1,17490.00
13947,108290,119,1,3390.00
13948,108291,68,1,2390.00
13949,108291,23,1,3390.00
13950,108291,65,1,4390.00
13951,108292,125,1,1890.00
13952,108293,86,1,859.00
13953,108293,115,1,16490.00
13954,108294,69,2,859.00
13955,108295,66,1,1390.00
13956,108296,22,1,2390.00
13957,108297,78,1,1790.00
13958,108297,86,1,859.00
13959,108298,79,1,5290.00
13960,108299,86,3,859.00
13961,108300,121,1,2390.00
13962,108301,42,2,969.00
13963,108301,66,1,1390.00
13964,108301,67,1,1290.00
13965,108302,79,1,5290.00
13966,108302,69,1,859.00
13967,108303,9,1,3190.00
13968,108304,109,1,8690.00
13969,108305,115,1,16490.00
13970,108306,56,1,779.00
13971,108307,86,1,859.00
13972,108308,57,3,479.00
13973,108309,47,1,12590.00
13974,108310,14,1,11690.00
13975,108310,69,2,859.00
13976,108311,123,2,1690.00
13977,108311,131,1,1590.00
13978,108311,70,1,8690.00
13979,108311,69,2,859.00
13980,108312,47,1,12590.00
13981,108313,49,1,9690.00
13982,108314,23,2,3390.00
13983,108314,35,2,4690.00
13984,108315,69,1,859.00
13985,108316,69,2,859.00
13986,108317,55,1,5790.00
13987,108317,76,3,449.00
13988,108318,75,1,2190.00
13989,108319,12,1,3890.00
13990,108319,42,1,969.00
13991,108320,85,2,2390.00
13992,108321,9,1,3190.00
13993,108321,69,2,859.00
13994,108322,125,1,1890.00
13995,108323,124,1,1490.00
13996,108323,47,1,12590.00
13997,108323,42,1,969.00
13998,108323,53,1,11190.00
13999,108324,10,1,12590.00
14000,108325,75,1,2190.00
14001,108326,35,1,4690.00
14002,108327,74,3,669.00
14003,108328,68,1,2390.00
14004,108328,118,1,9690.00
14005,108328,44,1,2890.00
14006,108328,99,1,1290.00
14007,108329,41,1,27190.00
14008,108329,11,1,4890.00
14009,108330,70,1,8690.00
14010,108331,69,1,869.00
14011,108332,5,1,126290.00
14012,108332,122,1,2190.00
14013,108332,123,2,1690.00
14014,108333,86,1,869.00
14015,108333,68,1,2390.00
14016,108334,131,1,1590.00
14017,108335,69,2,869.00
14018,108336,56,1,779.00
14019,108336,81,1,4890.00
14020,108337,85,1,2390.00
14021,108337,69,1,869.00
14022,108337,24,1,16490.00
14023,108338,62,1,4490.00
14024,108338,91,1,1390.00
14025,108339,70,1,8690.00
14026,108339,64,1,3890.00
14027,108340,116,1,1890.00
14028,108341,20,1,10690.00
14029,108341,122,1,2190.00
14030,108341,86,1,869.00
14031,108341,61,1,7290.00
14032,108342,12,2,3890.00
14033,108343,53,1,11190.00
14034,108343,70,1,8690.00
14035,108344,65,1,4390.00
14036,108345,89,2,389.00
14037,108345,25,1,24290.00
14038,108345,123,3,1690.00
14039,108346,53,1,11190.00
14040,108347,46,1,3190.00
14041,108348,69,1,869.00
14042,108349,98,2,869.00
14043,108349,79,1,5290.00
14044,108350,30,1,3090.00
14045,108351,93,1,769.00
14046,108352,89,3,389.00
14047,108353,88,1,7290.00
14048,108353,56,2,779.00
14049,108353,69,1,869.00
14050,108354,86,2,869.00
14051,108355,11,1,4890.00
14052,108356,122,2,2190.00
14053,108357,70,1,8690.00
14054,108358,9,1,3190.00
14055,108358,123,3,1690.00
14056,108358,50,1,7790.00
14057,108358,69,2,869.00
14058,108359,69,1,869.00
14059,108360,70,1,8690.00
14060,108360,56,1,779.00
14061,108361,2,1,35990.00
14062,108361,42,2,969.00
14063,108362,126,1,3190.00
14064,108362,42,1,969.00
14065,108363,53,1,11190.00
14066,108363,70,1,8690.00
14067,108363,115,1,16490.00
14068,108364,84,1,669.00
14069,108364,69,2,869.00
14070,108365,69,2,869.00
14071,108366,118,1,9690.00
14072,108366,96,1,569.00
14073,108366,38,1,2890.00
14074,108366,1,1,21390.00
14075,108367,122,2,2190.00
14076,108367,75,1,2190.00
14077,108367,10,1,12590.00
14078,108367,86,1,869.00
14079,108368,46,1,3190.00
14080,108369,69,1,869.00
14081,108369,86,1,869.00
14082,108370,53,1,11190.00
14083,108371,34,1,6290.00
14084,108372,29,1,2190.00
14085,108372,70,1,8690.00
14086,108373,8,1,17490.00
14087,108373,65,1,4390.00
14088,108373,9,1,3190.00
14089,108374,97,1,479.00
14090,108374,12,1,3890.00
14091,108374,128,1,17490.00
14092,108375,59,1,1890.00
14093,108375,69,2,869.00
14094,108376,29,1,2190.00
14095,108377,69,1,869.00
14096,108377,38,1,2890.00
14097,108378,50,1,7790.00
14098,108379,70,1,8690.00
14099,108380,76,1,449.00
14100,108381,69,2,869.00
14101,108381,81,1,4890.00
14102,108382,86,1,869.00
14103,108383,79,1,5290.00
14104,108384,91,1,1390.00
14105,108385,11,2,4890.00
14106,108385,22,1,2390.00
14107,108385,78,1,1790.00
14108,108386,69,1,869.00
14109,108387,70,1,8690.00
14110,108387,7,1,32090.00
14111,108387,81,1,4890.00
14112,108388,38,1,2890.00
14113,108389,11,1,4890.00
14114,108390,56,1,779.00
14115,108391,104,1,4890.00
14116,108391,12,2,3890.00
14117,108392,121,1,2390.00
14118,108392,116,1,1890.00
14119,108393,23,2,3390.00
14120,108394,86,2,869.00
14121,108394,6,1,13090.00
14122,108395,71,1,2890.00
14123,108396,58,2,4890.00
14124,108397,76,2,449.00
14125,108397,66,1,1390.00
14126,108397,56,1,779.00
14127,108398,16,1,41790.00
14128,108399,70,1,8690.00
14129,108400,29,2,2190.00
14130,108400,74,2,669.00
14131,108400,3,1,82590.00
14132,108400,26,1,48590.00
14133,108401,15,1,16990.00
14134,108401,98,1,869.00
14135,108401,43,1,1290.00
14136,108401,66,1,1390.00
14137,108402,43,2,1290.00
14138,108403,80,1,5790.00
14139,108403,89,1,389.00
14140,108404,122,1,2190.00
14141,108405,122,1,2190.00
14142,108405,59,1,1890.00
14143,108406,70,1,8690.00
14144,108406,91,1,1390.00
14145,108407,65,1,4390.00
14146,108407,70,1,8690.00
14147,108407,54,1,3390.00
14148,108408,66,1,1390.00
14149,108409,50,1,7790.00
14150,108409,122,1,2190.00
14151,108410,9,2,3190.00
14152,108411,51,1,6290.00
14153,108412,69,1,869.00
14154,108413,88,1,7290.00
14155,108414,123,3,1690.00
14156,108415,18,1,51490.00
14157,108415,50,1,7790.00
14158,108416,122,1,2190.00
14159,108416,121,1,2390.00
14160,108417,126,1,3190.00
14161,108417,81,1,4890.00
14162,108418,82,1,7790.00
14163,108419,36,1,7790.00
14164,108420,104,1,4890.00
14165,108420,90,1,2790.00
14166,108421,20,1,10690.00
14167,108422,57,3,489.00
14168,108423,22,1,2390.00
14169,108424,122,1,2190.00
14170,108425,49,1,9690.00
14171,108425,99,1,1290.00
14172,108426,45,1,6790.00
14173,108426,70,1,8690.00
14174,108426,32,1,5290.00
14175,108427,69,3,869.00
14176,108428,66,1,1390.00
14177,108429,9,1,3190.00
14178,108429,75,1,2190.00
14179,108429,69,2,869.00
14180,108430,22,1,2390.00
14181,108430,54,1,3390.00
14182,108430,70,1,8690.00
14183,108430,38,2,2890.00
14184,108431,38,1,2890.00
14185,108432,45,1,6790.00
14186,108433,14,1,11690.00
14187,108434,125,1,1890.00
14188,108435,78,2,1790.00
14189,108436,76,1,449.00
14190,108436,69,1,869.00
14191,108437,11,1,4890.00
14192,108438,119,1,3390.00
14193,108439,78,1,1790.00
14194,108440,97,1,479.00
14195,108441,70,1,8690.00
14196,108442,96,1,569.00
14197,108443,67,1,1290.00
14198,108443,50,1,7790.00
14199,108443,69,2,869.00
14200,108444,10,1,12590.00
14201,108444,119,1,3390.00
14202,108444,42,1,969.00
14203,108445,22,1,2390.00
14204,108445,12,1,3890.00
14205,108446,59,1,1890.00
14206,108446,75,1,2190.00
14207,108447,69,1,869.00
14208,108448,9,1,3190.00
14209,108449,56,1,779.00
14210,108449,69,1,869.00
14211,108450,92,2,959.00
14212,108450,69,1,869.00
14213,108451,120,1,1390.00
14214,108452,65,1,4390.00
14215,108453,97,2,479.00
14216,108453,42,1,969.00
14217,108454,81,1,4890.00
14218,108455,43,1,1290.00
14219,108456,119,1,3390.00
14220,108457,70,1,8690.00
14221,108458,41,1,27190.00
14222,108458,122,1,2190.00
14223,108458,69,2,869.00
14224,108458,73,2,479.00
14225,108459,118,1,9690.00
14226,108459,23,1,3390.00
14227,108460,53,1,11190.00
14228,108461,61,1,7290.00
14229,108462,87,1,2890.00
14230,108462,25,1,24290.00
14231,108463,128,1,17490.00
14232,108463,33,1,11690.00
14233,108463,97,1,479.00
14234,108464,87,1,2890.00
14235,108465,97,2,479.00
14236,108466,56,1,779.00
14237,108466,120,1,1390.00
14238,108466,79,1,5290.00
14239,108466,69,1,869.00
14240,108467,61,1,7290.00
14241,108468,90,1,2790.00
14242,108469,27,1,58290.00
14243,108470,69,1,869.00
14244,108471,122,1,2190.00
14245,108471,131,1,1590.00
14246,108471,69,1,869.00
14247,108472,70,1,8690.00
14248,108473,38,2,2890.00
14249,108473,46,1,3190.00
14250,108473,118,1,9690.00
14251,108473,78,1,1790.00
14252,108474,65,1,4390.00
14253,108475,86,3,869.00
14254,108475,69,1,869.00
14255,108475,97,1,479.00
14256,108475,46,1,3190.00
14257,108476,48,1,4890.00
14258,108477,70,1,8690.00
14259,108478,111,2,569.00
14260,108479,131,1,1590.00
14261,108479,23,1,3390.00
14262,108480,56,3,779.00
14263,108480,66,1,1390.00
14264,108481,47,1,12590.00
14265,108481,58,2,4890.00
14266,108482,56,1,779.00
14267,108482,88,1,7290.00
14268,108482,63,1,5690.00
14269,108483,78,1,1790.00
14270,108484,131,1,1590.00
14271,108484,19,1,116690.00
14272,108485,86,1,869.00
14273,108485,45,1,6790.00
14274,108486,52,1,7290.00
14275,108486,3,1,82590.00
14276,108487,123,1,1690.00
14277,108488,11,1,4890.00
14278,108489,42,1,969.00
14279,108490,42,1,969.00
14280,108490,86,2,869.00
14281,108491,10,1,12590.00
14282,108492,77,1,2090.00
14283,108493,42,1,969.00
14284,108493,114,1,33990.00
14285,108493,39,1,5790.00
14286,108494,77,1,2090.00
14287,108494,56,1,779.00
14288,108495,92,1,959.00
14289,108496,55,1,5790.00
14290,108497,12,1,3890.00
14291,108498,86,1,869.00
14292,108499,83,1,6790.00
14293,108500,77,1,2090.00
14294,108501,97,1,479.00
14295,108502,67,1,1290.00
14296,108503,69,2,869.00
14297,108504,6,1,13090.00
14298,108504,94,1,1190.00
14299,108505,126,1,3190.00
14300,108505,56,2,779.00
14301,108506,121,1,2390.00
14302,108506,77,1,2090.00
14303,108506,70,1,8690.00
14304,108507,68,1,2390.00
14305,108508,85,2,2390.00
14306,108508,89,1,389.00
14307,108509,68,1,2390.00
14308,108510,70,1,8690.00
14309,108510,126,1,3190.00
14310,108510,46,1,3190.00
14311,108511,69,1,869.00
14312,108512,90,1,2790.00
14313,108513,116,1,1890.00
14314,108513,69,2,869.00
14315,108513,70,1,8690.00
14316,108513,81,2,4890.00
14317,108514,118,1,9690.00
14318,108515,74,1,669.00
14319,108516,42,1,969.00
14320,108517,69,3,869.00
14321,108517,57,2,489.00
14322,108517,86,2,869.00
14323,108517,42,2,969.00
14324,108518,64,1,3890.00
14325,108519,70,1,8690.00
14326,108519,91,1,1390.00
14327,108520,67,1,1290.00
14328,108520,70,1,8690.00
14329,108521,86,1,869.00
14330,108522,56,1,779.00
14331,108523,95,2,1090.00
14332,108523,11,1,4890.00
14333,108524,82,1,7790.00
14334,108525,120,1,1390.00
14335,108525,9,1,3190.00
14336,108525,70,1,8690.00
14337,108525,122,1,2190.00
14338,108526,6,1,13090.00
14339,108526,21,1,7790.00
14340,108527,70,1,8690.00
14341,108527,119,2,3390.00
14342,108527,125,1,1890.00
14343,108528,126,2,3190.00
14344,108528,40,1,31590.00
14345,108529,69,1,869.00
14346,108529,26,1,48590.00
14347,108529,54,1,3390.00
14348,108530,10,1,12590.00
14349,108531,47,1,12590.00
14350,108532,69,2,869.00
14351,108532,63,1,5690.00
14352,108533,36,1,7790.00
14353,108533,51,1,6290.00
14354,108534,14,1,11690.00
14355,108534,43,1,1290.00
14356,108535,94,1,1190.00
14357,108536,38,1,2890.00
14358,108536,69,1,869.00
14359,108537,9,1,3190.00
14360,108537,74,3,669.00
14361,108537,79,1,5290.00
14362,108538,61,1,7290.00
14363,108538,116,2,1890.00
14364,108539,85,1,2390.00
14365,108540,75,1,2190.00
14366,108541,70,1,8690.00
14367,108541,119,1,3390.00
14368,108542,131,1,1590.00
14369,108543,69,1,869.00
14370,108544,123,2,1690.00
14371,108545,43,1,1290.00
14372,108545,125,2,1890.00
14373,108545,15,1,16990.00
14374,108546,29,1,2190.00
14375,108547,26,1,48590.00
14376,108547,129,1,8690.00
14377,108548,86,2,869.00
14378,108549,122,2,2190.00
14379,108549,22,1,2390.00
14380,108550,76,1,449.00
14381,108551,69,3,869.00
14382,108552,78,1,1790.00
14383,108553,125,1,1890.00
14384,108554,43,2,1290.00
14385,108555,120,1,1390.00
14386,108555,9,2,3190.00
14387,108555,46,1,3190.00
14388,108555,122,1,2190.00
14389,108556,118,1,9690.00
14390,108556,122,1,2190.00
14391,108557,126,2,3190.00
14392,108557,125,1,1890.00
14393,108558,23,2,3390.00
14394,108559,112,2,869.00
14395,108559,14,1,11690.00
14396,108560,42,1,969.00
14397,108560,24,1,16490.00
14398,108561,36,1,7790.00
14399,108562,86,2,869.00
14400,108562,65,1,4390.00
14401,108563,23,1,3390.00
14402,108564,89,2,389.00
14403,108564,43,1,1290.00
14404,108565,70,1,8690.00
14405,108565,69,1,869.00
14406,108566,65,2,4390.00
14407,108567,40,1,31590.00
14408,108567,41,1,27190.00
14409,108567,20,1,10690.00
14410,108568,6,1,13090.00
14411,108569,70,1,8690.00
14412,108569,80,1,5790.00
14413,108569,79,1,5290.00
14414,108569,3,1,82690.00
14415,108570,42,1,969.00
14416,108570,85,1,2390.00
14417,108571,30,1,3090.00
14418,108571,47,1,12590.00
14419,108572,53,1,11190.00
14420,108573,118,1,9690.00
14421,108574,91,2,1390.00
14422,108575,70,1,8690.00
14423,108575,111,1,569.00
14424,108576,124,1,1490.00
14425,108576,120,1,1390.00
14426,108577,6,1,13090.00
14427,108577,29,1,2190.00
14428,108577,86,1,869.00
14429,108577,30,1,3090.00
14430,108578,60,1,3390.00
14431,108578,12,1,3890.00
14432,108579,120,1,1390.00
14433,108579,14,1,11690.00
14434,108580,16,1,41790.00
14435,108580,14,1,11690.00
14436,108581,28,1,21390.00
14437,108582,46,1,3190.00
14438,108583,83,1,6790.00
14439,108583,42,1,969.00
14440,108584,57,1,489.00
14441,108585,26,1,48590.00
14442,108585,50,1,7790.00
14443,108585,78,1,1790.00
14444,108586,69,2,869.00
14445,108586,2,1,35990.00
14446,108586,125,2,1890.00
14447,108587,23,1,3390.00
14448,108588,120,2,1390.00
14449,108589,11,1,4890.00
14450,108590,11,1,4890.00
14451,108591,63,1,5690.00
14452,108591,57,1,489.00
14453,108592,46,1,3190.00
14454,108593,95,1,1090.00
14455,108593,47,1,12590.00
14456,108594,23,1,3390.00
14457,108594,43,1,1290.00
14458,108595,126,1,3190.00
14459,108595,85,1,2390.00
14460,108595,64,2,3890.00
14461,108596,120,1,1390.00
14462,108597,56,2,779.00
14463,108598,19,1,116690.00
14464,108598,70,1,8690.00
14465,108599,125,1,1890.00
14466,108600,69,2,869.00
14467,108600,99,2,1290.00
14468,108600,131,1,1590.00
14469,108601,11,1,4890.00
14470,108602,8,1,17490.00
14471,108603,74,1,669.00
14472,108603,86,1,869.00
14473,108603,16,1,41790.00
14474,108604,116,1,1890.00
14475,108604,22,1,2390.00
14476,108605,56,1,779.00
14477,108606,50,1,7790.00
14478,108607,126,1,3190.00
14479,108607,86,1,869.00
14480,108608,3,1,82690.00
14481,108608,62,2,4490.00
14482,108608,125,1,1890.00
14483,108608,86,1,869.00
14484,108609,80,1,5790.00
14485,108610,111,1,569.00
14486,108610,50,1,7790.00
14487,108611,22,1,2390.00
14488,108611,116,2,1890.00
14489,108611,121,1,2390.00
14490,108611,131,1,1590.00
14491,108612,122,1,2190.00
14492,108613,97,1,479.00
14493,108613,69,2,869.00
14494,108614,66,1,1390.00
14495,108615,11,2,4890.00
14496,108616,56,1,779.00
14497,108617,69,2,869.00
14498,108617,10,1,12590.00
14499,108617,22,1,2390.00
14500,108618,118,1,9690.00
14501,108618,69,3,869.00
14502,108618,23,1,3390.00
14503,108619,61,1,7290.00
14504,108620,40,1,31590.00
14505,108621,21,1,7790.00
14506,108622,118,1,9690.00
14507,108623,84,1,669.00
14508,108624,39,1,5790.00
14509,108625,69,2,869.00
14510,108626,46,2,3190.00
14511,108626,65,1,4390.00
14512,108627,38,1,2890.00
14513,108627,86,1,869.00
14514,108628,23,1,3390.00
14515,108629,57,2,489.00
14516,108629,124,3,1490.00
14517,108630,69,1,869.00
14518,108631,111,2,569.00
14519,108632,63,1,5690.00
14520,108633,112,1,869.00
14521,108634,86,1,869.00
14522,108635,69,2,869.00
14523,108635,70,1,8690.00
14524,108635,126,2,3190.00
14525,108636,98,1,869.00
14526,108636,2,1,35990.00
14527,108637,69,3,869.00
14528,108638,69,3,869.00
14529,108639,16,1,41790.00
14530,108640,64,1,3890.00
14531,108641,61,1,7290.00
14532,108641,17,1,63190.00
14533,108642,65,1,4390.00
14534,108642,55,1,5790.00
14535,108642,69,1,869.00
14536,108642,131,1,1590.00
14537,108643,10,1,12590.00
14538,108644,16,1,41790.00
14539,108644,118,1,9690.00
14540,108644,117,1,2890.00
14541,108645,83,1,6790.00
14542,108646,20,1,10690.00
14543,108646,70,1,8690.00
14544,108646,51,1,6290.00
14545,108647,67,1,1290.00
14546,108647,43,1,1290.00
14547,108648,43,1,1290.00
14548,108648,111,2,569.00
14549,108649,119,1,3390.00
14550,108649,75,1,2190.00
14551,108650,22,1,2390.00
14552,108650,122,1,2190.00
14553,108651,29,1,2190.00
14554,108652,36,1,7790.00
14555,108652,70,1,8690.00
14556,108653,46,1,3190.00
14557,108653,69,1,869.00
14558,108654,100,1,1590.00
14559,108654,84,1,669.00
14560,108654,20,1,10690.00
14561,108655,131,1,1590.00
14562,108655,86,1,869.00
14563,108656,102,1,1890.00
14564,108657,74,1,669.00
14565,108658,5,1,126490.00
14566,108658,64,1,3890.00
14567,108658,59,1,1890.00
14568,108658,96,1,569.00
14569,108659,126,1,3190.00
14570,108660,41,1,27190.00
14571,108660,54,1,3390.00
14572,108661,50,1,7790.00
14573,108662,46,1,3190.00
14574,108662,125,1,1890.00
14575,108663,86,1,869.00
14576,108664,16,1,41790.00
14577,108664,14,1,11690.00
14578,108665,84,1,669.00
14579,108666,67,1,1290.00
14580,108666,70,1,8690.00
14581,108666,81,1,4890.00
14582,108666,21,1,7790.00
14583,108667,120,2,1390.00
14584,108667,29,2,2190.00
14585,108668,49,1,9690.00
14586,108668,23,1,3390.00
14587,108669,46,1,3190.00
14588,108669,69,2,869.00
14589,108670,69,1,869.00
14590,108671,10,1,12590.00
14591,108671,69,1,869.00
14592,108671,53,1,11190.00
14593,108671,68,2,2390.00
14594,108672,51,1,6290.00
14595,108673,111,2,569.00
14596,108673,16,1,41790.00
14597,108673,30,1,3090.00
14598,108673,66,1,1390.00
14599,108674,53,1,11190.00
14600,108674,49,1,9690.00
14601,108674,56,2,779.00
14602,108675,48,1,4890.00
14603,108675,30,1,3090.00
14604,108676,69,1,869.00
14605,108677,61,1,7290.00
14606,108678,53,1,11190.00
14607,108679,16,1,41790.00
14608,108679,45,1,6790.00
14609,108680,121,1,2390.00
14610,108680,85,1,2390.00
14611,108680,67,1,1290.00
14612,108681,9,1,3190.00
14613,108682,126,1,3190.00
14614,108683,53,1,11190.00
14615,108684,79,1,5290.00
14616,108685,94,1,1190.00
14617,108685,91,1,1390.00
14618,108686,12,1,3890.00
14619,108687,67,1,1290.00
14620,108687,96,1,569.00
14621,108688,45,1,6790.00
14622,108688,69,2,869.00
14623,108688,65,1,4390.00
14624,108689,59,1,1890.00
14625,108690,76,1,449.00
14626,108690,70,1,8690.00
14627,108691,23,1,3390.00
14628,108692,47,1,12590.00
14629,108693,69,1,869.00
14630,108693,38,1,2890.00
14631,108694,69,1,869.00
14632,108695,98,1,869.00
14633,108696,70,1,8690.00
14634,108697,118,1,9690.00
14635,108698,69,1,869.00
14636,108699,111,2,569.00
14637,108699,69,1,869.00
14638,108700,70,1,8690.00
14639,108701,20,1,10690.00
14640,108701,65,2,4390.00
14641,108702,38,1,2890.00
14642,108703,88,1,7290.00
14643,108703,78,1,1790.00
14644,108703,84,1,669.00
14645,108703,69,1,869.00
14646,108704,26,1,48590.00
14647,108705,11,2,4890.00
14648,108705,86,2,869.00
14649,108706,86,1,869.00
14650,108706,79,1,5290.00
14651,108707,116,1,1890.00
14652,108708,9,1,3190.00
14653,108708,20,1,10690.00
14654,108709,23,1,3390.00
14655,108710,45,1,6790.00
14656,108711,46,1,3190.00
14657,108712,49,1,9690.00
14658,108713,46,1,3190.00
14659,108713,60,1,3390.00
14660,108714,90,1,2790.00
14661,108715,123,2,1690.00
14662,108715,70,1,8690.00
14663,108715,96,1,569.00
14664,108716,69,2,869.00
14665,108717,38,1,2890.00
14666,108718,47,1,12590.00
14667,108718,76,1,449.00
14668,108719,119,1,3390.00
14669,108720,57,2,489.00
14670,108721,66,1,1390.00
14671,108722,81,1,4890.00
14672,108723,70,1,8690.00
14673,108723,122,1,2190.00
14674,108724,8,1,17490.00
14675,108725,1,1,21390.00
14676,108726,95,1,1090.00
14677,108726,52,1,7290.00
14678,108726,6,1,13090.00
14679,108726,58,1,4890.00
14680,108727,81,1,4890.00
14681,108728,70,1,8690.00
14682,108729,85,1,2390.00
14683,108730,2,1,35990.00
14684,108731,69,3,869.00
14685,108732,11,1,4890.00
14686,108733,104,1,4890.00
14687,108734,121,1,2390.00
14688,108735,57,1,489.00
14689,108735,42,1,969.00
14690,108736,82,1,7790.00
14691,108736,42,3,969.00
14692,108737,47,1,12590.00
14693,108737,79,1,5290.00
14694,108737,9,1,3190.00
14695,108738,69,2,869.00
14696,108738,111,2,569.00
14697,108739,11,1,4890.00
14698,108740,63,1,5690.00
14699,108741,84,2,669.00
14700,108742,70,1,8690.00
14701,108742,122,1,2190.00
14702,108742,86,2,869.00
14703,108743,119,1,3390.00
14704,108743,73,3,479.00
14705,108744,126,1,3190.00
14706,108745,79,1,5290.00
14707,108746,57,1,489.00
14708,108746,56,2,779.00
14709,108746,83,1,6790.00
14710,108747,2,1,35990.00
14711,108747,16,1,41790.00
14712,108748,57,1,489.00
14713,108749,51,1,6290.00
14714,108749,20,1,10690.00
14715,108750,70,1,8690.00
14716,108751,23,1,3390.00
14717,108752,111,2,569.00
14718,108753,42,1,969.00
14719,108753,46,1,3190.00
14720,108754,70,1,8690.00
14721,108755,118,1,9690.00
14722,108755,74,2,669.00
14723,108756,42,1,969.00
14724,108757,100,1,1590.00
14725,108757,97,1,479.00
14726,108757,29,1,2190.00
14727,108758,26,1,48590.00
14728,108759,14,1,11690.00
14729,108760,18,1,51590.00
14730,108760,112,1,869.00
14731,108760,6,1,13090.00
14732,108760,63,1,5690.00
14733,108761,84,1,669.00
14734,108761,122,1,2190.00
14735,108761,83,1,6790.00
14736,108762,70,1,8690.00
14737,108763,89,2,389.00
14738,108764,125,2,1890.00
14739,108764,122,1,2190.00
14740,108765,31,1,43790.00
14741,108765,14,1,11690.00
14742,108766,42,1,969.00
14743,108766,126,1,3190.00
14744,108766,64,1,3890.00
14745,108766,69,1,869.00
14746,108767,111,2,569.00
14747,108767,85,1,2390.00
14748,108767,23,1,3390.00
14749,108767,69,2,869.00
14750,108768,12,1,3890.00
14751,108768,119,1,3390.00
14752,108769,85,1,2390.00
14753,108769,56,1,779.00
14754,108770,69,2,869.00
14755,108771,70,1,8690.00
14756,108771,21,1,7790.00
14757,108772,96,1,569.00
14758,108773,23,1,3390.00
14759,108774,56,2,779.00
14760,108775,43,1,1290.00
14761,108775,79,1,5290.00
14762,108776,131,1,1590.00
14763,108777,86,1,869.00
14764,108777,2,1,35990.00
14765,108777,125,2,1890.00
14766,108777,27,1,58390.00
14767,108778,70,1,8690.00
14768,108778,71,1,2890.00
14769,108779,12,1,3890.00
14770,108779,81,2,4890.00
14771,108780,69,3,869.00
14772,108780,11,1,4890.00
14773,108781,42,2,969.00
14774,108782,69,1,869.00
14775,108782,73,2,479.00
14776,108783,44,1,2890.00
14777,108783,51,1,6290.00
14778,108784,56,2,779.00
14779,108785,86,2,869.00
14780,108786,40,1,31590.00
14781,108786,23,1,3390.00
14782,108787,51,1,6290.00
14783,108787,123,1,1690.00
14784,108788,71,2,2890.00
14785,108788,86,2,869.00
14786,108789,92,1,959.00
14787,108790,126,2,3190.00
14788,108790,70,1,8690.00
14789,108790,42,1,969.00
14790,108790,69,2,869.00
14791,108791,86,1,869.00
14792,108792,51,1,6290.00
14793,108792,70,1,8690.00
14794,108793,58,1,4890.00
14795,108794,47,1,12590.00
14796,108794,35,1,4690.00
14797,108795,86,2,869.00
14798,108795,70,1,8690.00
14799,108796,45,1,6790.00
14800,108797,54,1,3390.00
14801,108797,86,1,869.00
14802,108797,69,1,869.00
14803,108798,9,1,3190.00
14804,108799,45,1,6790.00
14805,108800,97,1,479.00
14806,108801,42,1,969.00
14807,108802,69,2,869.00
14808,108803,62,1,4490.00
14809,108803,30,2,3090.00
14810,108804,131,1,1590.00
14811,108804,95,1,1090.00
14812,108805,79,1,5290.00
14813,108805,125,1,1890.00
14814,108805,127,1,6790.00
14815,108806,69,1,869.00
14816,108807,105,1,1390.00
14817,108808,39,1,5790.00
14818,108808,116,1,1890.00
14819,108808,56,2,779.00
14820,108809,90,1,2790.00
14821,108809,85,1,2390.00
14822,108809,120,1,1390.00
14823,108810,118,1,9690.00
14824,108810,6,1,13090.00
14825,108810,76,1,449.00
14826,108811,90,1,2790.00
14827,108812,21,1,7790.00
14828,108813,119,1,3390.00
14829,108814,56,1,779.00
14830,108814,8,1,17490.00
14831,108814,61,1,7290.00
14832,108814,68,1,2390.00
14833,108815,116,1,1890.00
14834,108816,122,1,2190.00
14835,108817,125,2,1890.00
14836,108817,70,1,8690.00
14837,108818,45,1,6790.00
14838,108819,4,1,92390.00
14839,108819,56,2,779.00
14840,108820,117,2,2890.00
14841,108821,86,1,869.00
14842,108822,73,1,479.00
14843,108823,47,1,12590.00
14844,108823,125,1,1890.00
14845,108824,122,1,2190.00
14846,108824,76,1,449.00
14847,108824,29,1,2190.00
14848,108825,121,1,2390.00
14849,108826,57,1,489.00
14850,108827,4,1,92390.00
14851,108828,80,1,5790.00
14852,108828,116,1,1890.00
14853,108829,63,1,5690.00
14854,108829,97,1,479.00
14855,108830,81,1,4890.00
14856,108830,79,1,5290.00
14857,108831,81,1,4890.00
14858,108832,125,1,1890.00
14859,108833,75,1,2190.00
14860,108833,63,1,5690.00
14861,108834,73,1,479.00
14862,108835,87,1,2890.00
14863,108835,125,1,1890.00
14864,108835,86,3,869.00
14865,108836,83,1,6790.00
14866,108836,2,1,35990.00
14867,108836,6,1,13090.00
14868,108837,74,1,669.00
14869,108837,12,1,3890.00
14870,108838,81,1,4890.00
14871,108839,17,1,63290.00
14872,108840,122,1,2190.00
14873,108840,49,1,9690.00
14874,108840,8,1,17490.00
14875,108841,67,2,1290.00
14876,108841,69,2,869.00
14877,108841,56,3,779.00
14878,108841,63,1,5690.00
14879,108842,56,1,779.00
14880,108843,48,1,4890.00
14881,108844,102,2,1890.00
14882,108845,118,1,9690.00
14883,108845,46,1,3190.00
14884,108846,12,1,3890.00
14885,108847,111,1,569.00
14886,108847,38,1,2890.00
14887,108847,67,2,1290.00
14888,108847,93,3,769.00
14889,108848,86,1,869.00
14890,108848,46,2,3190.00
14891,108849,67,2,1290.00
14892,108849,81,1,4890.00
14893,108850,91,1,1490.00
14894,108850,54,1,3390.00
14895,108850,56,1,779.00
14896,108851,70,1,8690.00
14897,108851,69,1,869.00
14898,108851,74,1,669.00
14899,108851,18,1,51590.00
14900,108852,97,1,479.00
14901,108853,120,1,1490.00
14902,108854,122,1,2190.00
14903,108855,48,2,4890.00
14904,108856,48,2,4890.00
14905,108857,119,2,3390.00
14906,108857,69,1,869.00
14907,108858,1,1,21390.00
14908,108858,86,2,869.00
14909,108859,69,1,869.00
14910,108860,116,1,1890.00
14911,108861,90,1,2790.00
14912,108862,122,1,2190.00
14913,108862,125,1,1890.00
14914,108862,70,1,8690.00
14915,108863,118,1,9690.00
14916,108863,3,1,82690.00
14917,108864,83,1,6790.00
14918,108864,119,1,3390.00
14919,108864,125,1,1890.00
14920,108865,14,1,11690.00
14921,108866,69,3,869.00
14922,108867,70,1,8690.00
14923,108868,97,2,479.00
14924,108869,80,1,5790.00
14925,108870,65,2,4390.00
14926,108871,129,1,8690.00
14927,108871,123,2,1690.00
14928,108872,69,1,869.00
14929,108873,68,1,2390.00
14930,108873,77,1,2090.00
14931,108874,122,1,2190.00
14932,108875,122,1,2190.00
14933,108876,74,2,669.00
14934,108877,119,1,3390.00
14935,108878,19,1,116790.00
14936,108879,88,1,7290.00
14937,108880,21,1,7790.00
14938,108881,43,2,1290.00
14939,108882,78,1,1790.00
14940,108883,6,1,13090.00
14941,108884,69,1,869.00
14942,108884,56,1,779.00
14943,108884,111,3,569.00
14944,108885,122,1,2190.00
14945,108886,97,3,479.00
14946,108887,97,1,479.00
14947,108887,30,2,3090.00
14948,108887,38,2,2890.00
14949,108888,25,1,24290.00
14950,108888,125,1,1890.00
14951,108889,11,1,4890.00
14952,108889,69,1,869.00
14953,108889,73,1,479.00
14954,108890,23,2,3390.00
14955,108891,38,2,2890.00
14956,108892,30,1,3090.00
14957,108893,82,1,7790.00
14958,108893,58,2,4890.00
14959,108893,69,2,869.00
14960,108894,62,1,4490.00
14961,108895,31,1,43790.00
14962,108896,40,1,31590.00
14963,108896,69,2,869.00
14964,108897,70,1,8790.00
14965,108897,125,1,1890.00
14966,108898,29,2,2190.00
14967,108898,54,2,3390.00
14968,108899,126,1,3190.00
14969,108900,101,1,1490.00
14970,108901,84,2,669.00
14971,108902,88,1,7290.00
14972,108903,39,1,5790.00
14973,108904,14,1,11690.00
14974,108905,131,1,1590.00
14975,108905,125,2,1890.00
14976,108905,98,1,869.00
14977,108906,9,1,3190.00
14978,108907,87,2,2890.00
14979,108908,120,1,1490.00
14980,108909,38,1,2890.00
14981,108909,67,1,1290.00
14982,108910,13,1,27190.00
14983,108910,69,2,869.00
14984,108910,20,1,10690.00
14985,108910,49,1,9690.00
14986,108911,69,1,869.00
14987,108912,1,1,21390.00
14988,108913,63,1,5690.00
14989,108914,84,1,669.00
14990,108914,66,1,1490.00
14991,108914,65,2,4390.00
14992,108915,85,1,2390.00
14993,108916,78,1,1790.00
14994,108917,77,2,2090.00
14995,108917,86,1,869.00
14996,108918,63,1,5690.00
14997,108919,84,2,669.00
14998,108920,38,1,2890.00
14999,108921,3,1,82690.00
15000,108921,67,1,1290.00
15001,108922,30,1,3090.00
15002,108922,57,1,489.00
15003,108923,97,1,479.00
15004,108924,49,1,9690.00
15005,108924,85,1,2390.00
15006,108924,42,2,969.00
15007,108925,54,1,3390.00
15008,108926,65,1,4390.00
15009,108927,38,1,2890.00
15010,108928,12,1,3890.00
15011,108928,78,1,1790.00
15012,108928,90,2,2790.00
15013,108929,13,1,27290.00
15014,108929,75,1,2190.00
15015,108929,38,1,2890.00
15016,108930,116,1,1890.00
15017,108931,19,1,116790.00
15018,108932,38,2,2890.00
15019,108933,68,1,2390.00
15020,108933,30,1,3090.00
15021,108934,43,1,1290.00
15022,108935,67,1,1290.00
15023,108936,89,1,389.00
15024,108937,76,2,449.00
15025,108938,56,2,779.00
15026,108939,85,1,2390.00
15027,108939,86,2,869.00
15028,108940,122,1,2190.00
15029,108940,16,1,41890.00
15030,108940,56,1,779.00
15031,108941,57,1,489.00
15032,108942,67,1,1290.00
15033,108942,58,1,4890.00
15034,108942,87,2,2890.00
15035,108942,51,1,6290.00
15036,108943,94,1,1190.00
15037,108943,19,1,116890.00
15038,108944,61,1,7290.00
15039,108944,75,1,2190.00
15040,108945,65,1,4390.00
15041,108945,30,1,3090.00
15042,108945,11,1,4890.00
15043,108945,85,1,2390.00
15044,108946,78,1,1790.00
15045,108946,86,1,869.00
15046,108947,75,2,2190.00
15047,108948,83,1,6790.00
15048,108949,29,1,2190.00
15049,108950,59,1,1890.00
15050,108950,101,1,1490.00
15051,108951,56,3,779.00
15052,108951,93,1,769.00
15053,108952,23,1,3390.00
15054,108952,56,1,779.00
15055,108952,68,1,2390.00
15056,108952,89,2,389.00
15057,108953,61,1,7290.00
15058,108954,99,1,1290.00
15059,108955,20,1,10690.00
15060,108956,38,1,2890.00
15061,108956,81,1,4890.00
15062,108957,38,1,2890.00
15063,108957,9,1,3190.00
15064,108957,76,2,449.00
15065,108958,116,2,1890.00
15066,108958,35,1,4690.00
15067,108959,99,1,1290.00
15068,108959,86,1,869.00
15069,108960,12,1,3890.00
15070,108960,38,1,2890.00
15071,108961,101,2,1490.00
15072,108962,15,1,16990.00
15073,108963,104,1,4890.00
15074,108963,74,1,669.00
15075,108963,91,1,1490.00
15076,108963,22,1,2390.00
15077,108964,112,2,869.00
15078,108964,76,1,449.00
15079,108965,44,1,2890.00
15080,108966,10,1,12690.00
15081,108966,98,1,869.00
15082,108967,91,1,1490.00
15083,108967,21,1,7790.00
15084,108968,43,1,1290.00
15085,108968,76,1,449.00
15086,108968,32,1,5290.00
15087,108968,87,1,2890.00
15088,108969,63,1,5690.00
15089,108969,66,1,1490.00
15090,108970,112,3,869.00
15091,108971,12,1,3890.00
15092,108972,32,1,5290.00
15093,108973,68,1,2390.00
15094,108973,118,1,9690.00
15095,108974,73,1,479.00
15096,108974,86,1,869.00
15097,108975,91,1,1490.00
15098,108976,66,2,1490.00
15099,108976,15,1,16990.00
15100,108977,88,1,7290.00
15101,108977,30,1,3090.00
15102,108977,98,1,869.00
15103,108978,101,1,1490.00
15104,108979,101,2,1490.00
15105,108979,85,1,2390.00
15106,108979,56,2,779.00
15107,108980,82,1,7790.00
15108,108981,76,1,449.00
15109,108982,38,1,2890.00
15110,108982,42,2,969.00
15111,108983,38,2,2890.00
15112,108983,82,1,7790.00
15113,108984,30,2,3090.00
15114,108984,78,1,1790.00
15115,108985,86,1,869.00
15116,108985,80,1,5790.00
15117,108986,43,1,1290.00
15118,108987,56,2,779.00
15119,108987,47,1,12690.00
15120,108987,82,1,7790.00
15121,108988,76,1,449.00
15122,108988,98,3,869.00
15123,108989,32,1,5290.00
15124,108989,20,1,10690.00
15125,108989,123,2,1690.00
15126,108990,57,3,489.00
15127,108990,22,1,2390.00
15128,108991,89,3,389.00
15129,108992,46,1,3190.00
15130,108993,9,1,3190.00
15131,108993,11,2,4890.00
15132,108994,56,1,779.00
15133,108995,32,1,5290.00
15134,108996,53,1,11190.00
15135,108997,38,1,2890.00
15136,108997,131,1,1590.00
15137,108997,95,1,1090.00
15138,108997,115,1,16590.00
15139,108998,55,1,5790.00
15140,108998,38,1,2890.00
15141,108998,56,2,779.00
15142,108998,112,2,869.00
15143,108999,96,3,569.00
15144,108999,11,1,4890.00
15145,109000,45,1,6790.00
15146,109000,116,1,1890.00
15147,109000,21,1,7790.00
15148,109001,88,1,7290.00
15149,109001,98,1,869.00
15150,109001,75,1,2190.00
15151,109002,21,1,7790.00
15152,109003,46,2,3190.00
15153,109003,56,2,779.00
15154,109004,58,2,4890.00
15155,109005,57,1,489.00
15156,109005,43,1,1290.00
15157,109006,3,1,82790.00
15158,109007,30,1,3090.00
15159,109007,22,2,2390.00
15160,109008,26,1,48690.00
15161,109008,36,1,7790.00
15162,109009,58,1,4890.00
15163,109010,67,1,1290.00
15164,109010,29,1,2190.00
15165,109010,21,1,7790.00
15166,109010,98,2,869.00
15167,109011,60,1,3390.00
15168,109012,89,1,389.00
15169,109012,42,3,969.00
15170,109013,1,1,21390.00
15171,109014,58,1,4890.00
15172,109015,23,1,3390.00
15173,109016,86,1,869.00
15174,109016,19,1,116890.00
15175,109017,63,1,5690.00
15176,109018,86,1,869.00
15177,109019,4,1,92590.00
15178,109019,21,1,7790.00
15179,109020,73,3,479.00
15180,109021,111,2,579.00
15181,109022,67,1,1290.00
15182,109022,42,1,969.00
15183,109022,53,1,11190.00
15184,109022,111,1,579.00
15185,109023,53,1,11190.00
15186,109024,56,1,779.00
15187,109025,46,2,3190.00
15188,109026,66,1,1490.00
15189,109027,43,2,1290.00
15190,109027,97,3,479.00
15191,109028,105,1,1490.00
15192,109029,61,1,7290.00
15193,109030,85,1,2390.00
15194,109030,42,1,969.00
15195,109031,38,1,2890.00
15196,109031,53,1,11190.00
15197,109031,116,1,1890.00
15198,109031,131,1,1590.00
15199,109032,19,1,116990.00
15200,109033,86,2,869.00
15201,109034,65,1,4390.00
15202,109035,42,2,969.00
15203,109035,29,1,2190.00
15204,109036,65,1,4390.00
15205,109037,89,2,389.00
15206,109038,42,2,969.00
15207,109039,42,2,969.00
15208,109039,49,1,9690.00
15209,109040,97,1,479.00
15210,109041,57,1,489.00
15211,109041,86,1,869.00
15212,109042,56,1,779.00
15213,109042,65,1,4390.00
15214,109043,15,1,17090.00
15215,109043,124,1,1590.00
15216,109044,12,1,3890.00
15217,109045,56,1,779.00
15218,109045,66,1,1490.00
15219,109046,8,1,17490.00
15220,109047,51,1,6290.00
15221,109048,22,1,2390.00
15222,109048,76,1,449.00
15223,109048,88,1,7290.00
15224,109049,73,1,479.00
15225,109049,23,2,3390.00
15226,109049,89,3,389.00
15227,109049,9,1,3190.00
15228,109050,86,2,869.00
15229,109051,91,1,1490.00
15230,109051,112,1,869.00
15231,109051,9,2,3190.00
15232,109052,46,1,3190.00
15233,109053,111,3,579.00
15234,109054,26,1,48690.00
15235,109055,47,1,12690.00
15236,109055,23,1,3390.00
15237,109056,97,1,479.00
15238,109057,85,1,2390.00
15239,109058,9,1,3190.00
15240,109059,10,1,12690.00
15241,109059,123,3,1690.00
15242,109059,12,1,3890.00
15243,109060,42,1,969.00
15244,109060,128,1,17490.00
15245,109060,43,1,1290.00
15246,109061,83,1,6790.00
15247,109061,98,2,869.00
15248,109062,10,1,12690.00
15249,109062,67,1,1290.00
15250,109063,56,1,779.00
15251,109063,51,1,6290.00
15252,109063,45,1,6790.00
15253,109064,83,1,6790.00
15254,109065,23,1,3390.00
15255,109065,56,2,779.00
15256,109065,101,1,1590.00
15257,109066,53,1,11190.00
15258,109067,61,1,7290.00
15259,109067,66,1,1490.00
15260,109068,74,1,669.00
15261,109069,75,1,2190.00
15262,109069,47,1,12690.00
15263,109069,98,1,869.00
15264,109070,115,1,16590.00
15265,109071,36,1,7790.00
15266,109072,78,2,1790.00
15267,109073,35,1,4690.00
15268,109074,73,2,479.00
15269,109074,97,1,479.00
15270,109074,47,1,12690.00
15271,109075,81,1,4890.00
15272,109076,126,2,3190.00
15273,109077,58,1,4890.00
15274,109077,57,1,489.00
15275,109077,89,1,389.00
15276,109078,43,1,1290.00
15277,109079,58,1,4890.00
15278,109080,116,1,1890.00
15279,109081,57,2,489.00
15280,109081,78,1,1790.00
15281,109082,67,1,1290.00
15282,109083,12,2,3890.00
15283,109084,29,1,2190.00
15284,109085,88,1,7290.00
15285,109086,68,1,2390.00
15286,109087,102,1,1890.00
15287,109087,65,1,4390.00
15288,109087,25,1,24390.00
15289,109088,61,1,7290.00
15290,109089,86,1,869.00
15291,109089,58,1,4890.00
15292,109089,94,1,1190.00
15293,109090,42,1,969.00
15294,109091,125,1,1890.00
15295,109092,56,1,779.00
15296,109093,90,1,2790.00
15297,109094,56,1,779.00
15298,109094,115,1,16590.00
15299,109095,85,1,2390.00
15300,109095,13,1,27290.00
15301,109096,68,1,2390.00
15302,109096,56,1,779.00
15303,109097,65,1,4390.00
15304,109097,40,1,31690.00
15305,109098,56,2,779.00
15306,109098,34,1,6290.00
15307,109099,67,1,1290.00
15308,109100,76,2,449.00
15309,109101,86,1,869.00
15310,109102,83,1,6790.00
15311,109103,38,1,2890.00
15312,109104,1,1,21390.00
15313,109105,94,1,1190.00
15314,109106,63,1,5690.00
15315,109107,90,1,2790.00
15316,109107,56,1,779.00
15317,109107,59,1,1890.00
15318,109107,40,1,31690.00
15319,109108,74,2,669.00
15320,109109,49,1,9690.00
15321,109110,2,1,36090.00
15322,109111,1,1,21390.00
15323,109111,9,1,3190.00
15324,109111,27,1,58490.00
15325,109111,43,1,1290.00
15326,109112,25,1,24390.00
15327,109112,71,1,2890.00
15328,109112,96,1,579.00
15329,109112,40,1,31690.00
15330,109113,22,1,2390.00
15331,109114,49,1,9690.00
15332,109114,95,1,1090.00
15333,109114,26,1,48690.00
15334,109114,60,1,3390.00
15335,109115,21,1,7790.00
15336,109116,111,1,579.00
15337,109116,86,1,869.00
15338,109116,38,2,2890.00
15339,109116,116,1,1890.00
15340,109117,48,1,4890.00
15341,109117,111,1,579.00
15342,109117,9,1,3190.00
15343,109118,63,1,5690.00
15344,109118,75,1,2190.00
15345,109119,96,1,579.00
15346,109119,116,1,1890.00
15347,109120,127,1,6790.00
15348,109120,49,1,9690.00
15349,109121,42,2,969.00
15350,109121,98,1,869.00
15351,109122,111,1,579.00
15352,109122,83,1,6790.00
15353,109122,55,1,5790.00
15354,109122,53,1,11190.00
15355,109123,99,1,1290.00
15356,109124,35,1,4690.00
15357,109124,61,1,7290.00
15358,109124,89,1,389.00
15359,109125,67,1,1290.00
15360,109126,11,2,4890.00
15361,109126,3,1,82890.00
15362,109127,116,1,1890.00
15363,109127,30,1,3090.00
15364,109128,131,1,1590.00
15365,109128,74,2,669.00
15366,109129,42,1,969.00
15367,109130,23,1,3390.00
15368,109131,57,1,489.00
15369,109132,125,1,1890.00
15370,109133,73,1,479.00
15371,109134,43,2,1290.00
15372,109134,92,1,969.00
15373,109135,111,2,579.00
15374,109136,95,1,1090.00
15375,109136,97,2,479.00
15376,109137,99,1,1290.00
15377,109138,131,1,1590.00
15378,109139,81,1,4890.00
15379,109140,79,1,5390.00
15380,109140,105,2,1490.00
15381,109141,46,1,3190.00
15382,109142,26,1,48790.00
15383,109142,46,1,3190.00
15384,109143,68,1,2390.00
15385,109144,53,1,11190.00
15386,109145,86,1,869.00
15387,109146,58,1,4890.00
15388,109146,1,1,21390.00
15389,109147,97,2,479.00
15390,109148,68,1,2390.00
15391,109149,56,1,779.00
15392,109150,75,1,2190.00
15393,109151,107,1,38990.00
15394,109151,32,1,5390.00
15395,109152,46,1,3190.00
15396,109153,111,1,579.00
15397,109154,2,1,36090.00
15398,109154,77,1,2090.00
15399,109154,58,1,4890.00
15400,109154,42,2,969.00
15401,109155,111,2,579.00
15402,109156,58,1,4890.00
15403,109157,43,1,1290.00
15404,109158,2,1,36090.00
15405,109158,95,1,1090.00
15406,109159,75,1,2190.00
15407,109160,6,1,13190.00
15408,109161,30,2,3090.00
15409,109162,11,1,4890.00
15410,109163,23,1,3390.00
15411,109164,45,1,6790.00
15412,109165,86,1,869.00
15413,109165,85,1,2390.00
15414,109166,86,2,869.00
15415,109166,112,3,869.00
15416,109166,51,1,6290.00
15417,109166,74,1,669.00
15418,109167,57,1,489.00
15419,109168,34,1,6290.00
15420,109169,2,1,36090.00
15421,109169,75,1,2190.00
15422,109170,112,2,869.00
15423,109171,22,1,2390.00
15424,109172,86,3,869.00
15425,109173,96,1,579.00
15426,109174,47,1,12690.00
15427,109174,22,1,2390.00
15428,109174,11,1,4890.00
15429,109175,93,3,769.00
15430,109176,56,2,779.00
15431,109176,17,1,63390.00
15432,109176,23,1,3390.00
15433,109176,47,1,12690.00
15434,109177,66,1,1490.00
15435,109177,83,1,6790.00
15436,109177,73,2,479.00
15437,109178,97,1,479.00
15438,109178,49,1,9690.00
15439,109179,121,1,2390.00
15440,109179,86,2,869.00
15441,109180,81,1,4890.00
15442,109181,46,1,3190.00
15443,109182,2,1,36090.00
15444,109183,13,1,27290.00
15445,109183,66,1,1490.00
15446,109183,75,2,2190.00
15447,109184,78,1,1790.00
15448,109184,46,1,3190.00
15449,109184,49,1,9690.00
15450,109184,13,1,27290.00
15451,109185,45,1,6790.00
15452,109185,80,1,5790.00
15453,109186,58,2,4890.00
15454,109187,86,1,869.00
15455,109188,15,1,17090.00
15456,109188,29,1,2190.00
15457,109189,42,1,969.00
15458,109190,115,1,16590.00
15459,109190,76,1,449.00
15460,109190,38,1,2890.00
15461,109191,9,2,3190.00
15462,109192,91,2,1490.00
15463,109193,91,1,1490.00
15464,109193,55,1,5790.00
15465,109193,122,1,2190.00
15466,109193,131,1,1590.00
15467,109194,38,1,2890.00
15468,109195,51,1,6290.00
15469,109195,11,1,4890.00
15470,109195,86,1,869.00
15471,109195,56,2,779.00
15472,109196,19,1,117090.00
15473,109196,91,1,1490.00
15474,109196,12,1,3890.00
15475,109197,64,1,3890.00
15476,109198,29,1,2190.00
15477,109198,8,1,17590.00
15478,109198,86,1,869.00
15479,109198,42,1,969.00
15480,109199,62,1,4490.00
15481,109200,91,1,1490.00
15482,109200,31,1,43890.00
15483,109200,86,1,869.00
15484,109200,61,1,7290.00
15485,109201,94,2,1190.00
15486,109202,71,1,2890.00
15487,109203,48,1,4890.00
15488,109203,57,1,489.00
15489,109203,67,1,1290.00
15490,109203,68,1,2390.00
15491,109204,22,1,2390.00
15492,109205,21,1,7790.00
15493,109205,63,1,5690.00
15494,109205,76,1,449.00
15495,109206,97,1,479.00
15496,109206,11,1,4890.00
15497,109207,68,1,2390.00
15498,109207,56,3,779.00
15499,109207,86,2,869.00
15500,109208,53,1,11190.00
15501,109209,86,1,869.00
15502,109210,116,1,1890.00
15503,109210,119,1,3390.00
15504,109211,17,1,63390.00
15505,109211,63,1,5690.00
15506,109212,54,2,3390.00
15507,109212,56,1,779.00
15508,109212,34,1,6290.00
15509,109213,6,1,13190.00
15510,109213,67,1,1290.00
15511,109214,66,1,1490.00
15512,109215,9,1,3190.00
15513,109216,67,1,1290.00
15514,109216,74,2,669.00
15515,109216,30,1,3090.00
15516,109216,89,1,389.00
15517,109217,112,1,869.00
15518,109217,104,1,4890.00
15519,109218,51,1,6290.00
15520,109219,86,1,869.00
15521,109219,14,1,11690.00
15522,109220,63,1,5690.00
15523,109220,82,1,7790.00
15524,109220,69,1,869.00
15525,109221,129,1,8790.00
15526,109222,86,3,869.00
15527,109223,23,1,3390.00
15528,109223,3,1,82890.00
15529,109224,21,1,7790.00
15530,109225,61,1,7290.00
15531,109225,89,1,389.00
15532,109225,20,1,10690.00
15533,109226,49,1,9690.00
15534,109226,57,1,489.00
15535,109227,28,1,21490.00
15536,109227,23,1,3390.00
15537,109227,97,1,479.00
15538,109228,111,1,579.00
15539,109228,38,2,2890.00
15540,109229,111,1,579.00
15541,109229,81,1,4890.00
15542,109230,6,1,13190.00
15543,109230,30,1,3090.00
15544,109231,29,2,2190.00
15545,109231,74,3,669.00
15546,109232,78,1,1790.00
15547,109233,23,1,3390.00
15548,109234,95,1,1090.00
15549,109234,25,1,24390.00
15550,109235,86,3,869.00
15551,109235,29,1,2190.00
15552,109236,86,1,869.00
15553,109237,59,1,1990.00
15554,109238,78,1,1790.00
15555,109238,100,2,1590.00
15556,109239,9,1,3190.00
15557,109240,9,1,3190.00
15558,109240,10,1,12690.00
15559,109240,40,1,31690.00
15560,109241,89,1,389.00
15561,109242,96,2,579.00
15562,109243,82,1,7790.00
15563,109244,2,1,36090.00
15564,109245,32,1,5390.00
15565,109245,111,1,579.00
15566,109246,65,1,4390.00
15567,109246,10,1,12690.00
15568,109247,29,1,2190.00
15569,109247,26,1,48790.00
15570,109247,67,1,1290.00
15571,109248,92,3,969.00
15572,109249,121,1,2390.00
15573,109250,80,1,5790.00
15574,109251,86,2,869.00
15575,109252,131,1,1590.00
15576,109253,56,1,779.00
15577,109254,97,1,479.00
15578,109255,91,2,1490.00
15579,109256,56,2,779.00
15580,109257,118,1,9790.00
15581,109258,18,1,51690.00
15582,109259,56,1,779.00
15583,109259,36,1,7790.00
15584,109259,9,1,3190.00
15585,109260,68,1,2390.00
15586,109261,38,1,2890.00
15587,109261,66,2,1490.00
15588,109262,38,1,2890.00
15589,109263,89,2,389.00
15590,109264,56,1,779.00
15591,109265,111,2,579.00
15592,109266,102,1,1890.00
15593,109266,15,1,17090.00
15594,109267,36,1,7790.00
15595,109268,22,1,2390.00
15596,109268,84,1,669.00
15597,109269,43,1,1290.00
15598,109269,11,1,4890.00
15599,109270,111,1,579.00
15600,109271,86,3,869.00
15601,109271,42,1,979.00
15602,109272,96,1,579.00
15603,109273,26,1,48790.00
15604,109274,58,1,4890.00
15605,109274,67,1,1290.00
15606,109274,96,2,579.00
15607,109275,126,1,3190.00
15608,109276,57,1,489.00
15609,109276,115,1,16590.00
15610,109277,67,1,1290.00
15611,109277,11,2,4890.00
15612,109278,67,2,1290.00
15613,109278,30,1,3090.00
15614,109279,116,1,1890.00
15615,109279,52,1,7290.00
15616,109280,78,1,1790.00
15617,109281,83,1,6790.00
15618,109282,122,2,2190.00
15619,109283,56,3,779.00
15620,109283,86,2,869.00
15621,109283,85,1,2390.00
15622,109283,66,1,1490.00
15623,109284,29,1,2190.00
15624,109285,68,1,2390.00
15625,109285,111,2,579.00
15626,109286,90,1,2790.00
15627,109287,86,1,869.00
15628,109288,93,3,769.00
15629,109289,58,1,4890.00
15630,109290,91,1,1490.00
15631,109290,33,1,11690.00
15632,109291,42,2,979.00
15633,109292,97,1,479.00
15634,109292,82,1,7790.00
15635,109293,58,1,4890.00
15636,109294,86,3,869.00
15637,109295,20,1,10690.00
15638,109296,115,1,16590.00
15639,109297,15,1,17090.00
15640,109298,38,1,2890.00
15641,109299,79,1,5390.00
15642,109299,20,1,10690.00
15643,109300,6,1,13190.00
15644,109301,123,1,1690.00
15645,109302,10,1,12690.00
15646,109303,114,1,34190.00
15647,109303,128,1,17590.00
15648,109304,98,1,869.00
15649,109305,71,2,2890.00
15650,109305,92,1,969.00
15651,109306,85,1,2390.00
15652,109306,11,1,4890.00
15653,109306,131,1,1690.00
15654,109307,57,1,489.00
15655,109307,23,1,3390.00
15656,109308,74,1,669.00
15657,109309,86,1,869.00
15658,109310,123,3,1690.00
15659,109310,20,1,10690.00
15660,109310,45,1,6790.00
15661,109310,42,3,979.00
15662,109311,17,1,63490.00
15663,109312,43,2,1290.00
15664,109313,42,2,979.00
15665,109313,29,1,2190.00
15666,109314,22,1,2390.00
15667,109314,58,1,4890.00
15668,109314,87,1,2890.00
15669,109314,89,1,389.00
15670,109315,95,1,1090.00
15671,109316,33,1,11690.00
15672,109316,40,1,31690.00
15673,109317,84,1,669.00
15674,109318,56,1,779.00
15675,109318,38,1,2890.00
15676,109318,86,1,869.00
15677,109319,86,2,869.00
15678,109319,43,1,1290.00
15679,109319,61,1,7290.00
15680,109319,57,2,489.00
15681,109320,97,1,479.00
15682,109321,15,1,17090.00
15683,109321,63,1,5790.00
15684,109321,43,1,1290.00
15685,109321,54,1,3390.00
15686,109322,97,3,479.00
15687,109323,97,1,479.00
15688,109324,128,1,17590.00
15689,109325,85,1,2390.00
15690,109325,15,1,17090.00
15691,109326,86,2,869.00
15692,109326,97,1,479.00
15693,109327,57,1,489.00
15694,109327,58,2,4890.00
15695,109327,86,1,869.00
15696,109328,71,1,2890.00
15697,109329,111,2,579.00
15698,109329,36,1,7790.00
15699,109329,40,1,31690.00
15700,109330,51,1,6290.00
15701,109330,78,1,1790.00
15702,109331,58,1,4890.00
15703,109331,24,1,16590.00
15704,109332,68,1,2390.00
15705,109333,75,1,2190.00
15706,109333,22,1,2390.00
15707,109334,23,2,3390.00
15708,109334,90,1,2790.00
15709,109334,78,1,1790.00
15710,109335,61,1,7290.00
15711,109336,91,2,1490.00
15712,109337,111,2,579.00
15713,109337,75,1,2190.00
15714,109338,10,1,12690.00
15715,109339,56,1,779.00
15716,109340,95,2,1090.00
15717,109340,66,1,1490.00
15718,109340,18,1,51790.00
15719,109341,22,1,2390.00
15720,109342,86,1,869.00
15721,109342,66,1,1490.00
15722,109342,23,1,3390.00
15723,109343,30,1,3090.00
15724,109344,16,1,41990.00
15725,109345,15,1,17090.00
15726,109346,73,2,479.00
15727,109347,23,1,3390.00
15728,109348,23,1,3390.00
15729,109348,67,1,1290.00
15730,109348,31,1,43890.00
15731,109348,86,2,869.00
15732,109349,73,3,479.00
15733,109349,23,1,3390.00
15734,109350,53,1,11190.00
15735,109350,38,2,2890.00
15736,109351,45,1,6790.00
15737,109351,85,1,2390.00
15738,109351,73,3,479.00
15739,109352,46,1,3190.00
15740,109353,15,1,17090.00
15741,109354,85,1,2390.00
15742,109355,29,1,2190.00
15743,109356,19,1,117190.00
15744,109356,21,1,7790.00
15745,109357,125,1,1890.00
15746,109358,5,1,126990.00
15747,109359,84,1,669.00
15748,109360,3,1,82990.00
15749,109360,20,1,10690.00
15750,109360,73,3,479.00
15751,109361,75,1,2190.00
15752,109361,97,1,479.00
15753,109362,43,2,1290.00
15754,109362,9,1,3190.00
15755,109362,65,1,4390.00
15756,109362,12,1,3890.00
15757,109363,86,1,869.00
15758,109363,115,1,16590.00
15759,109363,62,1,4490.00
15760,109363,56,1,779.00
15761,109364,84,1,669.00
15762,109365,79,1,5390.00
15763,109366,116,1,1890.00
15764,109366,40,1,31690.00
15765,109366,52,1,7290.00
15766,109367,86,1,869.00
15767,109368,11,1,4890.00
15768,109369,123,2,1690.00
15769,109370,86,2,869.00
15770,109370,79,1,5390.00
15771,109370,20,1,10690.00
15772,109371,3,1,82990.00
15773,109371,76,1,449.00
15774,109372,82,1,7790.00
15775,109372,79,1,5390.00
15776,109373,8,1,17590.00
15777,109374,65,1,4390.00
15778,109374,86,1,869.00
15779,109375,112,1,869.00
15780,109376,100,2,1690.00
15781,109377,46,1,3190.00
15782,109378,48,1,4890.00
15783,109379,126,1,3190.00
15784,109379,56,1,779.00
15785,109380,57,1,489.00
15786,109381,84,1,669.00
15787,109382,101,2,1590.00
15788,109382,65,2,4390.00
15789,109383,111,1,579.00
15790,109383,57,3,489.00
15791,109383,63,1,5790.00
15792,109384,17,1,63490.00
15793,109384,131,2,1690.00
15794,109385,67,1,1290.00
15795,109386,34,1,6290.00
15796,109387,12,1,3890.00
15797,109388,36,1,7790.00
15798,109389,42,2,979.00
15799,109390,131,1,1690.00
15800,109391,96,1,579.00
15801,109391,79,1,5390.00
15802,109391,17,1,63490.00
15803,109391,29,2,2190.00
15804,109392,60,1,3390.00
15805,109393,86,1,869.00
15806,109394,86,1,869.00
15807,109394,48,2,4890.00
15808,109395,123,1,1690.00
15809,109395,46,1,3190.00
15810,109396,86,1,869.00
15811,109396,76,1,449.00
15812,109397,67,1,1290.00
15813,109398,20,1,10690.00
15814,109399,45,1,6790.00
15815,109400,87,1,2890.00
15816,109401,56,1,779.00
15817,109401,68,1,2390.00
15818,109402,60,1,3390.00
15819,109402,23,1,3390.00
15820,109402,71,1,2890.00
15821,109403,78,1,1790.00
15822,109404,38,1,2890.00
15823,109404,86,2,869.00
15824,109405,46,1,3190.00
15825,109406,12,1,3890.00
15826,109406,92,1,969.00
15827,109407,122,1,2190.00
15828,109408,63,1,5790.00
15829,109409,46,1,3190.00
15830,109410,91,1,1490.00
15831,109410,97,1,479.00
15832,109411,9,2,3190.00
15833,109411,116,1,1890.00
15834,109412,64,1,3890.00
15835,109413,31,1,43990.00
15836,109414,86,2,869.00
15837,109414,89,1,389.00
15838,109415,42,1,979.00
15839,109415,90,1,2790.00
15840,109415,53,1,11190.00
15841,109416,14,1,11690.00
15842,109416,86,1,869.00
15843,109417,57,2,489.00
15844,109417,11,2,4890.00
15845,109418,99,1,1290.00
15846,109419,49,1,9790.00
15847,109420,24,1,16590.00
15848,109421,129,1,8790.00
15849,109422,131,2,1690.00
15850,109423,119,1,3390.00
15851,109423,9,1,3190.00
15852,109423,29,1,2190.00
15853,109424,131,1,1690.00
15854,109424,86,1,869.00
15855,109424,28,1,21490.00
15856,109425,34,1,6290.00
15857,109425,86,2,869.00
15858,109426,62,1,4490.00
15859,109426,67,1,1290.00
15860,109427,67,1,1290.00
15861,109428,126,1,3190.00
15862,109429,67,1,1290.00
15863,109429,58,1,4890.00
15864,109430,78,1,1790.00
15865,109430,57,1,489.00
15866,109430,45,1,6790.00
15867,109431,129,1,8790.00
15868,109432,98,1,869.00
15869,109433,26,1,48890.00
15870,109434,49,1,9790.00
15871,109435,58,1,4890.00
15872,109435,86,1,869.00
15873,109436,65,1,4390.00
15874,109437,67,1,1290.00
15875,109437,76,1,449.00
15876,109438,30,2,3090.00
15877,109438,56,1,779.00
15878,109439,12,2,3890.00
15879,109440,66,2,1490.00
15880,109440,96,2,579.00
15881,109441,125,1,1890.00
15882,109442,43,1,1290.00
15883,109442,123,1,1690.00
15884,109442,64,1,3890.00
15885,109443,46,1,3190.00
15886,109443,57,2,489.00
15887,109443,45,1,6790.00
15888,109444,58,1,4890.00
15889,109444,4,1,92790.00
15890,109445,67,1,1290.00
15891,109446,86,1,869.00
15892,109447,50,1,7790.00
15893,109448,10,1,12690.00
15894,109448,59,1,1990.00
15895,109449,95,1,1090.00
15896,109450,42,2,979.00
15897,109450,67,1,1290.00
15898,109450,104,1,4890.00
15899,109451,30,1,3090.00
15900,109452,88,1,7290.00
15901,109452,131,1,1690.00
15902,109452,76,1,449.00
15903,109453,96,1,579.00
15904,109454,86,1,869.00
15905,109455,37,1,48390.00
15906,109456,46,1,3190.00
15907,109457,86,1,869.00
15908,109457,82,1,7790.00
15909,109457,24,1,16590.00
15910,109458,73,1,479.00
15911,109459,29,1,2190.00
15912,109459,94,1,1190.00
15913,109460,6,1,13190.00
15914,109461,86,2,869.00
15915,109461,20,1,10690.00
15916,109462,10,1,12690.00
15917,109463,22,1,2390.00
15918,109464,23,1,3390.00
15919,109464,63,1,5790.00
15920,109465,86,1,869.00
15921,109466,38,1,2890.00
15922,109467,9,1,3190.00
15923,109467,104,1,4890.00
15924,109467,43,2,1290.00
15925,109468,57,2,489.00
15926,109469,128,1,17590.00
15927,109469,49,1,9790.00
15928,109470,87,2,2890.00
15929,109470,116,1,1890.00
15930,109470,67,1,1290.00
15931,109471,29,2,2190.00
15932,109472,56,1,779.00
15933,109473,10,1,12690.00
15934,109474,11,1,4890.00
15935,109475,29,1,2190.00
15936,109476,65,1,4390.00
15937,109477,121,1,2390.00
15938,109478,67,1,1290.00
15939,109479,89,2,389.00
15940,109480,17,1,63490.00
15941,109480,56,2,779.00
15942,109481,86,3,869.00
15943,109481,46,1,3190.00
15944,109482,11,1,4890.00
15945,109483,21,1,7790.00
15946,109484,98,2,869.00
15947,109484,109,1,8790.00
15948,109485,123,1,1690.00
15949,109486,75,1,2190.00
15950,109487,86,3,869.00
15951,109488,22,1,2390.00
15952,109488,93,1,769.00
15953,109489,15,1,17090.00
15954,109489,14,1,11690.00
15955,109489,11,1,4890.00
15956,109489,63,1,5790.00
15957,109490,41,1,27390.00
15958,109491,46,2,3190.00
15959,109491,131,1,1690.00
15960,109492,45,1,6790.00
15961,109493,86,3,869.00
15962,109493,75,1,2190.00
15963,109493,131,1,1690.00
15964,109494,125,1,1890.00
15965,109494,87,1,2890.00
15966,109495,58,1,4890.00
15967,109496,56,1,779.00
15968,109497,43,1,1290.00
15969,109498,6,1,13190.00
15970,109498,86,2,869.00
15971,109498,43,1,1290.00
15972,109498,98,1,869.00
15973,109499,93,1,769.00
15974,109499,111,1,579.00
15975,109499,63,1,5790.00
15976,109500,59,1,1990.00
15977,109500,89,1,389.00
15978,109501,89,1,389.00
15979,109501,76,2,449.00
15980,109502,56,1,779.00
15981,109503,95,1,1090.00
15982,109503,63,1,5790.00
15983,109504,36,1,7790.00
15984,109505,63,1,5790.00
15985,109506,118,1,9790.00
15986,109506,11,1,4890.00
15987,109506,64,1,3890.00
15988,109507,30,1,3090.00
15989,109507,125,1,1890.00
15990,109507,65,2,4390.00
15991,109507,97,1,479.00
15992,109508,43,2,1290.00
15993,109509,61,1,7290.00
15994,109509,38,1,2890.00
15995,109510,27,1,58690.00
15996,109511,92,2,969.00
15997,109511,45,1,6790.00
15998,109511,56,1,779.00
15999,109512,62,1,4490.00
16000,109513,89,2,389.00
16001,109514,43,1,1290.00
16002,109514,83,1,6790.00
16003,109515,56,1,779.00
16004,109516,41,1,27390.00
16005,109517,34,1,6290.00
16006,109518,54,1,3390.00
16007,109518,55,1,5890.00
16008,109519,129,1,8790.00
16009,109519,84,1,669.00
16010,109520,131,1,1690.00
16011,109520,12,2,3890.00
16012,109520,23,1,3390.00
16013,109521,43,1,1290.00
16014,109521,131,1,1690.00
16015,109522,60,1,3390.00
16016,109523,64,1,3890.00
16017,109523,29,1,2190.00
16018,109523,6,1,13190.00
16019,109523,55,1,5890.00
16020,109524,93,1,769.00
16021,109524,43,2,1290.00
16022,109525,74,2,669.00
16023,109525,75,1,2190.00
16024,109525,50,1,7790.00
16025,109525,57,1,489.00
16026,109526,86,1,869.00
16027,109527,46,1,3190.00
16028,109527,9,1,3190.00
16029,109527,111,2,579.00
16030,109528,97,2,479.00
16031,109529,88,1,7290.00
16032,109530,60,1,3390.00
16033,109531,90,1,2790.00
16034,109532,63,1,5790.00
16035,109533,29,2,2190.00
16036,109533,54,1,3390.00
16037,109534,26,1,48890.00
16038,109535,46,1,3190.00
16039,109535,53,1,11190.00
16040,109535,67,1,1290.00
16041,109535,87,1,2890.00
16042,109536,51,1,6290.00
16043,109537,97,1,479.00
16044,109538,60,2,3390.00
16045,109539,8,1,17590.00
16046,109539,60,1,3390.00
16047,109540,67,2,1290.00
16048,109540,111,2,579.00
16049,109540,9,1,3190.00
16050,109541,46,1,3190.00
16051,109542,67,1,1290.00
16052,109543,1,1,21490.00
16053,109543,80,1,5890.00
16054,109543,111,1,579.00
16055,109544,111,1,579.00
16056,109544,23,1,3390.00
16057,109545,93,2,769.00
16058,109545,124,2,1590.00
16059,109546,81,1,4890.00
16060,109547,3,1,83090.00
16061,109547,64,1,3890.00
16062,109548,17,1,63590.00
16063,109548,58,2,4890.00
16064,109548,38,1,2890.00
16065,109549,111,3,579.00
16066,109550,81,1,4890.00
16067,109551,86,1,869.00
16068,109552,38,1,2890.00
16069,109552,98,1,869.00
16070,109553,111,1,579.00
16071,109554,57,2,489.00
16072,109555,94,1,1190.00
16073,109556,82,1,7790.00
16074,109557,38,1,2890.00
16075,109557,86,2,869.00
16076,109557,49,1,9790.00
16077,109557,56,1,779.00
16078,109558,46,1,3190.00
16079,109559,92,2,969.00
16080,109560,26,1,48890.00
16081,109560,46,1,3190.00
16082,109561,111,2,579.00
16083,109561,68,2,2390.00
16084,109562,85,1,2390.00
16085,109562,112,2,869.00
16086,109563,47,1,12690.00
16087,109564,86,3,869.00
16088,109565,129,1,8790.00
16089,109566,111,2,579.00
16090,109567,76,1,449.00
16091,109567,112,1,869.00
16092,109567,79,1,5390.00
16093,109568,111,1,579.00
16094,109569,30,1,3090.00
16095,109570,128,1,17590.00
16096,109570,129,1,8790.00
16097,109570,9,1,3190.00
16098,109571,66,1,1490.00
16099,109571,118,1,9790.00
16100,109572,86,2,869.00
16101,109573,61,1,7290.00
16102,109574,32,1,5390.00
16103,109575,76,1,449.00
16104,109575,47,1,12690.00
16105,109575,81,1,4890.00
16106,109576,20,1,10690.00
16107,109577,42,1,979.00
16108,109578,38,1,2890.00
16109,109578,76,2,449.00
16110,109578,31,1,43990.00
16111,109579,32,1,5390.00
16112,109579,47,1,12690.00
16113,109579,96,1,579.00
16114,109580,66,1,1490.00
16115,109580,95,1,1090.00
16116,109581,122,1,2190.00
16117,109581,89,3,389.00
16118,109582,111,1,579.00
16119,109582,1,1,21490.00
16120,109582,74,2,669.00
16121,109583,9,1,3190.00
16122,109583,54,1,3390.00
16123,109583,67,1,1290.00
16124,109584,57,1,489.00
16125,109585,2,1,36190.00
16126,109585,129,1,8790.00
16127,109586,85,1,2390.00
16128,109586,47,1,12690.00
16129,109587,46,1,3190.00
16130,109587,66,2,1490.00
16131,109587,86,1,869.00
16132,109588,87,1,2890.00
16133,109588,2,1,36190.00
16134,109588,86,2,869.00
16135,109589,56,2,779.00
16136,109590,32,1,5390.00
16137,109591,80,1,5890.00
16138,109592,51,1,6290.00
16139,109592,9,2,3190.00
16140,109593,68,1,2390.00
16141,109594,45,1,6790.00
16142,109595,1,1,21490.00
16143,109596,42,2,979.00
16144,109597,86,1,869.00
16145,109597,119,1,3390.00
16146,109597,99,2,1290.00
16147,109598,43,1,1290.00
16148,109598,112,1,869.00
16149,109599,86,1,869.00
16150,109600,30,1,3090.00
16151,109601,96,1,579.00
16152,109601,32,1,5390.00
16153,109601,88,1,7290.00
16154,109601,74,2,679.00
16155,109602,71,1,2890.00
16156,109602,22,1,2390.00
16157,109603,90,1,2790.00
16158,109603,85,1,2390.00
16159,109603,57,3,489.00
16160,109604,44,1,2890.00
16161,109605,60,1,3390.00
16162,109606,15,1,17090.00
16163,109607,46,1,3190.00
16164,109608,83,1,6790.00
16165,109609,42,1,979.00
16166,109609,96,1,579.00
16167,109610,61,1,7290.00
16168,109610,53,1,11190.00
16169,109611,11,2,4890.00
16170,109612,29,1,2190.00
16171,109612,126,1,3190.00
16172,109612,56,3,779.00
16173,109613,83,1,6790.00
16174,109613,56,1,779.00
16175,109613,59,1,1990.00
16176,109614,89,1,389.00
16177,109615,17,1,63590.00
16178,109616,79,1,5390.00
16179,109617,76,1,449.00
16180,109617,53,1,11190.00
16181,109618,97,1,479.00
16182,109619,87,1,2890.00
16183,109619,131,1,1690.00
16184,109620,86,1,869.00
16185,109621,56,2,779.00
16186,109621,74,1,679.00
16187,109622,61,1,7290.00
16188,109623,12,1,3890.00
16189,109623,73,1,479.00
16190,109624,43,1,1290.00
16191,109625,10,1,12690.00
16192,109626,21,1,7790.00
16193,109627,65,2,4390.00
16194,109627,81,2,4890.00
16195,109628,23,1,3390.00
16196,109629,9,1,3190.00
16197,109629,38,2,2890.00
16198,109630,74,1,679.00
16199,109630,86,2,869.00
16200,109630,6,1,13190.00
16201,109630,85,1,2390.00
16202,109631,75,2,2190.00
16203,109632,85,1,2390.00
16204,109633,45,1,6790.00
16205,109634,73,1,479.00
16206,109634,90,1,2790.00
16207,109634,94,1,1190.00
16208,109635,8,1,17590.00
16209,109636,56,2,779.00
16210,109636,45,1,6790.00
16211,109637,46,1,3190.00
16212,109638,20,1,10790.00
16213,109639,89,1,389.00
16214,109639,65,1,4390.00
16215,109640,19,1,117390.00
16216,109641,14,1,11690.00
16217,109642,73,1,479.00
16218,109643,81,1,4890.00
16219,109644,67,1,1290.00
16220,109645,86,1,869.00
16221,109645,123,2,1790.00
16222,109645,85,1,2390.00
16223,109646,10,1,12690.00
16224,109646,2,1,36190.00
16225,109647,10,1,12690.00
16226,109648,26,1,48890.00
16227,109648,112,1,869.00
16228,109649,43,1,1290.00
16229,109650,60,1,3390.00
16230,109650,19,1,117390.00
16231,109651,16,1,42090.00
16232,109651,14,1,11690.00
16233,109652,93,3,769.00
16234,109653,86,2,869.00
16235,109654,30,1,3090.00
16236,109655,86,1,869.00
16237,109655,85,1,2390.00
16238,109656,23,2,3390.00
16239,109656,41,1,27390.00
16240,109657,36,1,7790.00
16241,109657,86,1,869.00
16242,109658,87,1,2890.00
16243,109658,91,1,1490.00
16244,109659,93,2,769.00
16245,109660,42,1,979.00
16246,109660,88,1,7290.00
16247,109661,59,1,1990.00
16248,109662,65,1,4390.00
16249,109662,124,1,1590.00
16250,109663,56,1,779.00
16251,109664,85,1,2390.00
16252,109665,43,1,1290.00
16253,109666,120,2,1490.00
16254,109666,85,1,2390.00
16255,109667,23,1,3390.00
16256,109668,3,1,83190.00
16257,109669,96,1,579.00
16258,109669,76,1,449.00
16259,109670,86,1,869.00
16260,109670,93,2,769.00
16261,109670,30,1,3090.00
16262,109670,9,2,3190.00
16263,109671,47,1,12690.00
16264,109671,61,1,7290.00
16265,109672,47,1,12690.00
16266,109673,123,2,1790.00
16267,109673,97,2,479.00
16268,109674,84,3,679.00
16269,109674,68,2,2390.00
16270,109674,38,1,2890.00
16271,109674,56,2,779.00
16272,109675,29,2,2190.00
16273,109676,65,1,4390.00
16274,109676,73,3,479.00
16275,109677,125,1,1890.00
16276,109677,73,1,479.00
16277,109678,35,1,4690.00
16278,109679,19,1,117390.00
16279,109680,30,1,3090.00
16280,109681,86,1,869.00
16281,109681,96,2,579.00
16282,109682,120,1,1490.00
16283,109682,85,1,2390.00
16284,109683,81,2,4890.00
16285,109684,85,1,2390.00
16286,109685,29,1,2190.00
16287,109685,67,1,1290.00
16288,109685,57,2,489.00
16289,109686,51,1,6390.00
16290,109686,46,1,3190.00
16291,109686,11,2,4890.00
16292,109686,86,2,869.00
16293,109687,68,1,2390.00
16294,109688,104,1,4890.00
16295,109688,11,2,4890.00
16296,109689,30,1,3090.00
16297,109690,45,1,6790.00
16298,109690,61,1,7290.00
16299,109690,39,1,5890.00
16300,109690,11,2,4890.00
16301,109691,123,2,1790.00
16302,109692,34,1,6390.00
16303,109692,16,1,42090.00
16304,109692,116,1,1890.00
16305,109693,30,1,3090.00
16306,109694,11,1,4890.00
16307,109695,97,1,479.00
16308,109696,74,2,679.00
16309,109697,66,1,1490.00
16310,109697,56,1,779.00
16311,109697,88,1,7290.00
16312,109697,78,1,1790.00
16313,109698,56,1,779.00
16314,109699,43,1,1290.00
16315,109699,81,1,4890.00
16316,109699,42,2,979.00
16317,109699,40,1,31790.00
16318,109700,84,1,679.00
16319,109701,116,2,1890.00
16320,109702,81,1,4890.00
16321,109703,74,3,679.00
16322,109704,27,1,58690.00
16323,109705,56,1,779.00
16324,109705,97,1,479.00
16325,109706,78,1,1790.00
16326,109707,46,1,3190.00
16327,109707,43,1,1290.00
16328,109708,67,1,1290.00
16329,109708,76,1,449.00
16330,109709,1,1,21490.00
16331,109710,73,1,479.00
16332,109710,42,1,979.00
16333,109711,9,1,3190.00
16334,109711,14,1,11690.00
16335,109711,42,2,979.00
16336,109712,46,1,3190.00
16337,109712,86,2,869.00
16338,109712,22,1,2390.00
16339,109713,26,1,48890.00
16340,109714,46,1,3190.00
16341,109714,10,1,12690.00
16342,109714,75,2,2190.00
16343,109714,67,2,1290.00
16344,109715,85,1,2390.00
16345,109716,30,1,3090.00
16346,109716,42,1,979.00
16347,109717,91,1,1490.00
16348,109717,22,2,2390.00
16349,109718,59,1,1990.00
16350,109718,92,1,969.00
16351,109719,87,1,2890.00
16352,109720,86,2,869.00
16353,109721,46,2,3190.00
16354,109721,81,1,4890.00
16355,109722,31,1,43990.00
16356,109722,23,2,3390.00
16357,109723,21,1,7790.00
16358,109724,42,1,979.00
16359,109724,74,2,679.00
16360,109724,63,1,5790.00
16361,109725,126,1,3190.00
16362,109725,12,1,3890.00
16363,109726,73,1,479.00
16364,109726,83,1,6790.00
16365,109727,89,1,389.00
16366,109728,98,1,869.00
16367,109729,65,1,4390.00
16368,109730,123,1,1790.00
16369,109730,77,1,2090.00
16370,109730,93,1,769.00
16371,109731,8,1,17590.00
16372,109731,83,1,6790.00
16373,109732,1,1,21490.00
16374,109732,85,1,2390.00
16375,109733,36,1,7790.00
16376,109734,11,1,4890.00
16377,109734,78,1,1890.00
16378,109735,79,1,5390.00
16379,109735,63,1,5790.00
16380,109735,90,1,2790.00
16381,109735,86,2,869.00
16382,109736,97,1,479.00
16383,109736,23,1,3390.00
16384,109737,46,1,3190.00
16385,109738,111,1,579.00
16386,109738,68,1,2390.00
16387,109739,57,3,489.00
16388,109739,47,1,12690.00
16389,109739,38,1,2890.00
16390,109740,61,1,7290.00
16391,109740,35,1,4690.00
16392,109740,111,1,579.00
16393,109741,38,1,2890.00
16394,109742,9,1,3190.00
16395,109743,47,1,12690.00
16396,109744,43,2,1290.00
16397,109745,56,3,779.00
16398,109745,14,1,11690.00
16399,109746,111,1,579.00
16400,109747,87,1,2890.00
16401,109747,120,1,1490.00
16402,109747,112,1,869.00
16403,109748,56,1,779.00
16404,109749,45,1,6790.00
16405,109750,86,1,869.00
16406,109750,58,1,4890.00
16407,109751,43,1,1290.00
16408,109752,45,1,6790.00
16409,109753,38,1,2890.00
16410,109753,120,1,1490.00
16411,109754,30,1,3090.00
16412,109754,125,1,1890.00
16413,109755,131,1,1690.00
16414,109756,47,1,12690.00
16415,109756,22,2,2390.00
16416,109757,77,2,2090.00
16417,109758,67,1,1290.00
16418,109758,85,1,2390.00
16419,109759,12,1,3890.00
16420,109760,14,1,11690.00
16421,109760,120,1,1490.00
16422,109761,89,2,389.00
16423,109762,44,1,2890.00
16424,109762,73,3,479.00
16425,109762,86,1,869.00
16426,109763,76,2,449.00
16427,109764,56,1,779.00
16428,109765,32,1,5390.00
16429,109766,111,1,579.00
16430,109767,67,2,1290.00
16431,109768,29,1,2190.00
16432,109768,42,1,979.00
16433,109768,78,1,1890.00
16434,109769,89,1,389.00
16435,109770,86,1,869.00
16436,109770,48,2,4890.00
16437,109771,68,1,2390.00
16438,109772,63,1,5790.00
16439,109772,95,1,1090.00
16440,109773,80,1,5890.00
16441,109773,131,1,1690.00
16442,109774,16,1,42090.00
16443,109775,41,1,27390.00
16444,109775,12,1,3890.00
16445,109776,19,1,117490.00
16446,109776,85,1,2390.00
16447,109776,91,1,1490.00
16448,109776,86,1,869.00
16449,109777,79,1,5390.00
16450,109778,34,1,6390.00
16451,109779,71,1,2890.00
16452,109779,68,1,2390.00
16453,109780,86,1,869.00
16454,109780,111,1,579.00
16455,109780,97,2,479.00
16456,109781,61,1,7290.00
16457,109781,50,1,7790.00
16458,109782,95,1,1090.00
16459,109783,40,1,31790.00
16460,109784,15,1,17090.00
16461,109784,71,1,2890.00
16462,109785,63,1,5790.00
16463,109785,23,1,3390.00
16464,109786,81,1,4890.00
16465,109787,91,1,1490.00
16466,109787,86,1,869.00
16467,109787,23,2,3390.00
16468,109788,84,2,679.00
16469,109789,85,1,2390.00
16470,109789,122,2,2190.00
16471,109789,86,1,869.00
16472,109790,95,1,1090.00
16473,109791,122,1,2190.00
16474,109792,77,2,2090.00
16475,109793,89,1,389.00
16476,109794,89,1,389.00
16477,109794,20,1,10790.00
16478,109794,22,1,2390.00
16479,109794,93,1,769.00
16480,109795,65,1,4390.00
16481,109796,9,1,3190.00
16482,109796,83,1,6790.00
16483,109796,123,2,1790.00
16484,109797,65,1,4390.00
16485,109798,16,1,42090.00
16486,109798,87,1,2890.00
16487,109799,2,1,36190.00
16488,109799,44,1,2890.00
16489,109799,71,2,2890.00
16490,109800,43,1,1290.00
16491,109800,67,1,1290.00
16492,109800,91,1,1490.00
16493,109801,38,1,2890.00
16494,109801,9,1,3190.00
16495,109802,32,1,5390.00
16496,109803,38,1,2890.00
16497,109804,76,1,449.00
16498,109804,56,1,779.00
16499,109804,96,1,579.00
16500,109804,85,1,2390.00
16501,109805,9,1,3190.00
16502,109805,38,1,2890.00
16503,109806,15,1,17090.00
16504,109806,89,2,389.00
16505,109807,86,2,869.00
16506,109808,123,1,1790.00
16507,109809,34,1,6390.00
16508,109810,86,1,869.00
16509,109810,49,1,9790.00
16510,109811,81,1,4890.00
16511,109811,36,1,7790.00
16512,109811,23,1,3390.00
16513,109812,86,1,869.00
16514,109813,30,2,3090.00
16515,109813,124,3,1590.00
16516,109814,76,1,449.00
16517,109815,13,1,27390.00
16518,109816,46,1,3190.00
16519,109816,96,1,579.00
16520,109817,86,1,869.00
16521,109818,25,1,24490.00
16522,109819,44,1,2890.00
16523,109819,77,1,2090.00
16524,109819,68,1,2390.00
16525,109820,61,1,7290.00
16526,109820,76,1,449.00
16527,109821,29,1,2190.00
16528,109822,61,1,7290.00
16529,109822,81,1,4890.00
16530,109823,58,1,4890.00
16531,109823,86,2,869.00
16532,109824,87,1,2890.00
16533,109824,86,2,869.00
16534,109825,2,1,36190.00
16535,109826,88,1,7290.00
16536,109827,22,1,2390.00
16537,109828,82,1,7790.00
16538,109828,36,1,7790.00
16539,109828,102,1,1890.00
16540,109828,122,1,2190.00
16541,109829,116,1,1890.00
16542,109829,38,1,2890.00
16543,109830,45,1,6790.00
16544,109831,62,1,4490.00
16545,109832,74,1,679.00
16546,109833,20,1,10790.00
16547,109833,26,1,48990.00
16548,109833,85,1,2390.00
16549,109833,45,1,6790.00
16550,109834,61,1,7290.00
16551,109835,61,1,7290.00
16552,109836,111,3,579.00
16553,109836,97,3,479.00
16554,109836,62,2,4490.00
16555,109837,43,1,1290.00
16556,109838,86,1,869.00
16557,109838,66,1,1490.00
16558,109838,22,1,2390.00
16559,109838,101,1,1590.00
16560,109839,5,1,127290.00
16561,109840,67,2,1290.00
16562,109841,38,1,2890.00
16563,109842,58,1,4890.00
16564,109843,86,1,869.00
16565,109843,60,1,3390.00
16566,109843,76,1,449.00
16567,109844,86,1,869.00
16568,109845,11,1,4890.00
16569,109846,86,2,869.00
16570,109847,68,1,2390.00
16571,109848,38,2,2890.00
16572,109848,31,1,44090.00
16573,109849,15,1,17090.00
16574,109850,28,1,21490.00
16575,109851,36,1,7790.00
16576,109852,42,1,979.00
16577,109853,89,1,389.00
16578,109854,97,2,479.00
16579,109854,85,1,2390.00
16580,109855,115,1,16590.00
16581,109856,74,2,679.00
16582,109857,10,1,12690.00
16583,109857,87,1,2890.00
16584,109857,75,1,2190.00
16585,109858,41,1,27390.00
16586,109859,17,1,63690.00
16587,109859,86,1,869.00
16588,109860,89,2,389.00
16589,109861,43,1,1290.00
16590,109862,52,1,7290.00
16591,109862,46,2,3190.00
16592,109862,48,1,4890.00
16593,109862,111,2,579.00
16594,109863,46,1,3190.00
16595,109863,83,1,6790.00
16596,109864,126,1,3190.00
16597,109865,95,1,1090.00
16598,109865,59,2,1990.00
16599,109866,81,1,4890.00
16600,109867,38,1,2890.00
16601,109867,86,1,869.00
16602,109867,89,1,389.00
16603,109868,78,1,1890.00
16604,109868,92,3,969.00
16605,109869,86,1,869.00
16606,109869,66,1,1490.00
16607,109870,23,1,3390.00
16608,109870,47,1,12690.00
16609,109870,81,1,4890.00
16610,109871,75,1,2190.00
16611,109872,16,1,42090.00
16612,109872,88,1,7290.00
16613,109872,43,1,1290.00
16614,109873,45,1,6790.00
16615,109873,89,1,389.00
16616,109874,8,1,17590.00
16617,109874,73,2,479.00
16618,109875,34,1,6390.00
16619,109875,23,1,3390.00
16620,109876,76,1,449.00
16621,109876,86,2,869.00
16622,109876,29,1,2190.00
16623,109877,35,1,4690.00
16624,109877,85,2,2390.00
16625,109877,45,1,6790.00
16626,109877,86,1,869.00
16627,109878,21,1,7790.00
16628,109879,37,1,48490.00
16629,109880,14,1,11690.00
16630,109881,8,1,17590.00
16631,109882,56,1,779.00
16632,109883,86,2,869.00
16633,109883,43,1,1290.00
16634,109883,71,1,2890.00
16635,109884,126,1,3190.00
16636,109885,54,1,3390.00
16637,109885,10,1,12690.00
16638,109885,12,1,3890.00
16639,109885,93,1,769.00
16640,109886,21,1,7790.00
16641,109887,86,1,869.00
16642,109887,66,1,1490.00
16643,109888,22,1,2390.00
16644,109889,91,1,1490.00
16645,109889,57,2,489.00
16646,109889,55,1,5890.00
16647,109889,74,1,679.00
16648,109890,32,1,5390.00
16649,109891,42,2,979.00
16650,109892,49,1,9790.00
16651,109892,42,1,979.00
16652,109892,11,1,4890.00
16653,109892,81,1,4890.00
16654,109893,9,1,3190.00
16655,109894,32,1,5390.00
16656,109894,68,1,2390.00
16657,109895,119,1,3390.00
16658,109896,38,1,2890.00
16659,109896,80,1,5890.00
16660,109896,122,1,2190.00
16661,109897,68,1,2390.00
16662,109897,36,1,7790.00
16663,109897,116,1,1890.00
16664,109897,86,1,869.00
16665,109898,42,1,979.00
16666,109899,20,1,10790.00
16667,109899,111,2,579.00
16668,109900,38,1,2890.00
16669,109901,18,1,51890.00
16670,109901,87,1,2890.00
16671,109901,57,1,489.00
16672,109902,86,1,869.00
16673,109902,20,1,10790.00
16674,109903,86,2,869.00
16675,109903,12,1,3890.00
16676,109904,67,1,1290.00
16677,109904,64,1,3890.00
16678,109905,78,1,1890.00
16679,109905,57,1,489.00
16680,109905,91,1,1490.00
16681,109905,102,2,1890.00
16682,109906,97,2,479.00
16683,109907,67,1,1290.00
16684,109908,29,1,2190.00
16685,109909,30,1,3090.00
16686,109910,93,3,769.00
16687,109910,71,1,2890.00
16688,109910,3,1,83290.00
16689,109910,44,1,2890.00
16690,109911,89,1,389.00
16691,109911,97,2,479.00
16692,109912,91,1,1490.00
16693,109912,58,1,4890.00
16694,109913,131,1,1690.00
16695,109913,51,1,6390.00
16696,109914,58,1,4890.00
16697,109914,120,1,1490.00
16698,109915,86,1,869.00
16699,109916,12,1,3890.00
16700,109916,78,1,1890.00
16701,109917,26,1,48990.00
16702,109918,116,1,1890.00
16703,109919,86,1,869.00
16704,109919,119,1,3390.00
16705,109919,115,1,16590.00
16706,109920,77,2,2090.00
16707,109921,65,2,4390.00
16708,109921,118,1,9790.00
16709,109921,38,1,2890.00
16710,109922,56,2,779.00
16711,109922,43,2,1290.00
16712,109922,42,3,979.00
16713,109923,81,2,4890.00
16714,109924,12,1,3890.00
16715,109924,68,1,2390.00
16716,109924,65,1,4390.00
16717,109925,85,2,2390.00
16718,109925,86,1,869.00
16719,109926,75,2,2190.00
16720,109927,86,1,869.00
16721,109928,78,1,1890.00
16722,109929,84,2,679.00
16723,109930,54,2,3390.00
16724,109931,30,1,3090.00
16725,109931,101,1,1590.00
16726,109932,86,3,869.00
16727,109932,43,1,1290.00
16728,109933,86,2,869.00
16729,109934,40,1,31790.00
16730,109935,78,1,1890.00
16731,109936,13,1,27390.00
16732,109936,109,1,8790.00
16733,109937,111,2,579.00
16734,109938,89,3,389.00
16735,109939,74,2,679.00
16736,109940,17,1,63690.00
16737,109941,98,1,869.00
16738,109941,75,1,2190.00
16739,109942,63,1,5790.00
16740,109942,125,1,1890.00
16741,109943,89,1,389.00
16742,109943,74,2,679.00
16743,109944,61,1,7290.00
16744,109945,116,1,1890.00
16745,109946,26,1,48990.00
16746,109946,67,1,1290.00
16747,109946,95,2,1090.00
16748,109946,54,1,3390.00
16749,109947,38,1,2890.00
16750,109947,46,1,3190.00
16751,109947,83,1,6790.00
16752,109947,56,3,779.00
16753,109948,23,2,3390.00
16754,109949,111,1,579.00
16755,109949,56,1,779.00
16756,109949,76,1,449.00
16757,109950,76,1,449.00
16758,109950,63,1,5790.00
16759,109950,20,1,10790.00
16760,109951,86,1,869.00
16761,109952,67,2,1290.00
16762,109952,57,1,489.00
16763,109953,55,1,5890.00
16764,109954,89,1,389.00
16765,109954,59,1,1990.00
16766,109955,12,1,3890.00
16767,109955,73,1,479.00
16768,109956,25,1,24490.00
16769,109956,111,1,579.00
16770,109957,77,2,2090.00
16771,109957,18,1,51890.00
16772,109958,71,1,2890.00
16773,109959,81,1,4890.00
16774,109960,12,1,3890.00
16775,109960,11,1,4890.00
16776,109961,23,1,3390.00
16777,109961,2,1,36190.00
16778,109962,84,2,679.00
16779,109962,75,1,2190.00
16780,109963,56,1,779.00
16781,109963,86,1,869.00
16782,109963,38,1,2890.00
16783,109964,82,1,7790.00
16784,109964,56,1,779.00
16785,109965,91,2,1490.00
16786,109966,42,1,979.00
16787,109967,20,1,10790.00
16788,109967,41,1,27390.00
16789,109968,13,1,27390.00
16790,109968,30,1,3090.00
16791,109968,52,1,7290.00
16792,109969,11,1,4890.00
16793,109969,38,2,2890.00
16794,109970,26,1,48990.00
16795,109971,63,1,5790.00
16796,109971,29,1,2190.00
16797,109972,118,1,9790.00
16798,109972,63,1,5790.00
16799,109973,38,1,2890.00
16800,109974,86,2,869.00
16801,109975,79,1,5390.00
16802,109975,71,2,2890.00
16803,109975,24,1,16690.00
16804,109976,63,1,5790.00
16805,109977,59,1,1990.00
16806,109978,84,1,679.00
16807,109979,98,1,869.00
16808,109979,63,1,5790.00
16809,109979,75,1,2190.00
16810,109979,115,1,16690.00
16811,109980,81,2,4890.00
16812,109981,65,1,4390.00
16813,109982,65,1,4390.00
16814,109983,43,1,1290.00
16815,109984,34,1,6390.00
16816,109984,20,1,10790.00
16817,109985,9,2,3190.00
16818,109985,13,1,27390.00
16819,109985,131,1,1690.00
16820,109986,38,1,2890.00
16821,109987,71,1,2890.00
16822,109987,64,1,3890.00
16823,109988,111,1,579.00
16824,109989,63,1,5790.00
16825,109989,13,1,27390.00
16826,109990,46,1,3190.00
16827,109990,61,1,7290.00
16828,109990,86,2,869.00
16829,109991,83,1,6890.00
16830,109991,91,1,1490.00
16831,109992,20,1,10790.00
16832,109993,30,1,3090.00
16833,109994,50,1,7790.00
16834,109994,38,1,2890.00
16835,109994,64,1,3890.00
16836,109995,40,1,31790.00
16837,109996,86,2,869.00
16838,109996,57,2,489.00
16839,109997,115,1,16690.00
16840,109998,9,1,3190.00
16841,109999,59,1,1990.00
16842,110000,92,2,969.00
16843,110000,87,1,2890.00
16844,110000,97,1,479.00
16845,110000,53,1,11290.00
16846,110001,116,2,1990.00
16847,110002,63,1,5790.00
16848,110002,56,2,779.00
16849,110003,111,3,579.00
16850,110004,46,1,3190.00
16851,110005,57,1,489.00
16852,110005,30,1,3090.00
16853,110005,11,1,4890.00
16854,110006,45,1,6890.00
16855,110006,73,1,479.00
16856,110007,111,2,579.00
16857,110007,52,1,7290.00
16858,110007,18,1,51890.00
16859,110007,68,1,2390.00
16860,110008,18,1,51890.00
16861,110008,23,1,3390.00
16862,110009,35,1,4690.00
16863,110010,131,1,1690.00
16864,110010,89,2,389.00
16865,110010,22,2,2390.00
16866,110011,94,1,1190.00
16867,110011,75,1,2190.00
16868,110012,14,1,11790.00
16869,110013,102,1,1990.00
16870,110014,81,1,4890.00
16871,110014,86,1,869.00
16872,110014,91,1,1490.00
16873,110015,15,1,17090.00
16874,110016,82,1,7790.00
16875,110017,89,2,389.00
16876,110018,75,1,2190.00
16877,110018,99,1,1290.00
16878,110019,46,1,3190.00
16879,110020,61,1,7290.00
16880,110020,76,3,449.00
16881,110021,66,1,1490.00
16882,110021,29,1,2190.00
16883,110021,43,1,1290.00
16884,110021,45,1,6890.00
16885,110022,10,1,12690.00
16886,110022,78,1,1890.00
16887,110023,89,1,389.00
16888,110023,93,2,769.00
16889,110024,48,2,4890.00
16890,110025,9,1,3190.00
16891,110026,123,1,1790.00
16892,110026,89,3,389.00
16893,110027,76,2,449.00
16894,110027,11,1,4890.00
16895,110027,86,3,869.00
16896,110028,6,1,13190.00
16897,110029,86,2,869.00
16898,110030,20,1,10790.00
16899,110031,56,1,779.00
16900,110031,67,1,1290.00
16901,110032,43,1,1290.00
16902,110032,85,1,2390.00
16903,110033,100,1,1690.00
16904,110034,71,1,2890.00
16905,110035,31,1,44090.00
16906,110036,89,3,389.00
16907,110037,65,1,4390.00
16908,110037,63,1,5790.00
16909,110038,11,1,4890.00
16910,110039,97,2,479.00
16911,110039,89,1,389.00
16912,110040,122,1,2190.00
16913,110041,57,1,489.00
16914,110042,97,1,479.00
16915,110043,86,1,869.00
16916,110043,78,2,1890.00
16917,110043,67,1,1290.00
16918,110043,22,1,2390.00
16919,110044,54,1,3390.00
16920,110045,42,3,979.00
16921,110046,43,1,1290.00
16922,110047,30,1,3090.00
16923,110047,38,1,2890.00
16924,110048,120,1,1490.00
16925,110049,55,1,5890.00
16926,110050,27,1,58790.00
16927,110050,131,1,1690.00
16928,110051,97,2,479.00
16929,110051,9,1,3190.00
16930,110052,46,2,3190.00
16931,110052,116,1,1990.00
16932,110053,131,1,1690.00
16933,110054,22,1,2390.00
16934,110055,56,1,779.00
16935,110056,26,1,48990.00
16936,110056,86,2,869.00
16937,110057,55,1,5890.00
16938,110058,47,1,12690.00
16939,110059,112,3,869.00
16940,110059,57,3,489.00
16941,110059,61,1,7290.00
16942,110060,43,1,1290.00
16943,110061,57,2,489.00
16944,110062,52,1,7290.00
16945,110062,97,2,479.00
16946,110063,77,1,2090.00
16947,110064,2,1,36290.00
16948,110064,87,1,2890.00
16949,110065,76,1,449.00
16950,110065,30,1,3090.00
16951,110065,56,1,779.00
16952,110066,122,1,2190.00
16953,110067,38,1,2890.00
16954,110068,83,1,6890.00
16955,110069,57,1,489.00
16956,110069,31,1,44090.00
16957,110070,90,2,2790.00
16958,110070,9,1,3190.00
16959,110071,57,2,489.00
16960,110072,21,1,7790.00
16961,110072,84,2,679.00
16962,110073,78,1,1890.00
16963,110074,78,1,1890.00
16964,110074,65,2,4390.00
16965,110075,86,1,869.00
16966,110076,89,2,389.00
16967,110076,111,1,579.00
16968,110077,14,1,11790.00
16969,110078,38,1,2890.00
16970,110079,42,1,979.00
16971,110079,68,1,2390.00
16972,110079,90,1,2790.00
16973,110079,35,1,4690.00
16974,110080,95,1,1090.00
16975,110080,67,2,1290.00
16976,110081,61,1,7290.00
16977,110081,97,1,479.00
16978,110082,68,2,2390.00
16979,110082,81,1,4890.00
16980,110083,29,1,2190.00
16981,110083,66,1,1490.00
16982,110084,85,2,2390.00
16983,110084,34,1,6390.00
16984,110084,131,1,1690.00
16985,110085,68,1,2390.00
16986,110086,25,1,24490.00
16987,110086,64,2,3890.00
16988,110087,86,1,869.00
16989,110088,92,1,969.00
16990,110089,12,2,3890.00
16991,110090,40,1,31890.00
16992,110090,17,1,63690.00
16993,110091,86,2,869.00
16994,110091,29,1,2190.00
16995,110092,59,1,1990.00
16996,110093,23,1,3390.00
16997,110094,111,1,579.00
16998,110094,68,1,2390.00
16999,110095,40,1,31890.00
17000,110095,42,1,979.00
17001,110096,115,1,16690.00
17002,110096,38,1,2890.00
17003,110097,85,1,2390.00
17004,110097,86,1,869.00
17005,110098,97,1,479.00
17006,110098,38,1,2890.00
17007,110098,84,1,679.00
17008,110098,89,1,389.00
17009,110099,115,1,16690.00
17010,110099,60,1,3390.00
17011,110099,118,1,9790.00
17012,110100,67,1,1290.00
17013,110100,42,1,979.00
17014,110100,86,3,869.00
17015,110101,51,1,6390.00
17016,110102,68,1,2390.00
17017,110103,7,1,32390.00
17018,110104,73,2,479.00
17019,110104,26,1,48990.00
17020,110105,84,1,679.00
17021,110106,68,1,2390.00
17022,110106,81,1,4890.00
17023,110107,57,1,489.00
17024,110107,30,1,3090.00
17025,110108,40,1,31890.00
17026,110109,12,2,3890.00
17027,110109,42,1,979.00
17028,110109,74,2,679.00
17029,110109,64,1,3890.00
17030,110110,38,1,2890.00
17031,110110,43,1,1290.00
17032,110111,76,2,449.00
17033,110112,86,2,869.00
17034,110113,26,1,48990.00
17035,110113,63,1,5790.00
17036,110114,14,1,11790.00
17037,110114,75,2,2190.00
17038,110114,86,3,869.00
17039,110114,42,2,979.00
17040,110115,74,1,679.00
17041,110116,79,1,5390.00
17042,110117,81,1,4890.00
17043,110118,9,1,3190.00
17044,110119,40,1,31890.00
17045,110120,33,1,11790.00
17046,110121,102,1,1990.00
17047,110122,22,1,2390.00
17048,110123,56,1,779.00
17049,110124,49,1,9790.00
17050,110124,43,1,1290.00
17051,110124,67,2,1290.00
17052,110125,20,1,10790.00
17053,110125,45,1,6890.00
17054,110126,76,1,449.00
17055,110126,30,1,3090.00
17056,110127,74,2,679.00
17057,110128,30,1,3090.00
17058,110129,54,1,3390.00
17059,110130,6,1,13190.00
17060,110130,89,2,389.00
17061,110131,12,1,3890.00
17062,110132,86,3,869.00
17063,110133,58,1,4890.00
17064,110134,22,1,2390.00
17065,110135,87,1,2890.00
17066,110135,38,1,2890.00
17067,110136,30,1,3090.00
17068,110136,23,1,3390.00
17069,110137,30,1,3090.00
17070,110138,56,1,779.00
17071,110139,9,1,3190.00
17072,110139,22,1,2390.00
17073,110140,76,1,449.00
17074,110140,48,1,4890.00
17075,110140,14,1,11790.00
17076,110141,56,3,779.00
17077,110142,67,1,1290.00
17078,110142,12,2,3890.00
17079,110142,89,2,389.00
17080,110143,76,1,449.00
17081,110144,86,1,869.00
17082,110145,97,1,479.00
17083,110146,86,2,869.00
17084,110147,111,1,579.00
17085,110147,83,1,6890.00
17086,110148,12,1,3890.00
17087,110149,56,2,779.00
17088,110150,56,2,779.00
17089,110151,67,1,1290.00
17090,110152,8,1,17590.00
17091,110153,111,2,579.00
17092,110153,17,1,63690.00
17093,110154,48,1,4890.00
17094,110154,42,2,979.00
17095,110155,59,1,1990.00
17096,110155,46,1,3190.00
17097,110155,15,1,17190.00
17098,110156,78,1,1890.00
17099,110156,11,2,4890.00
17100,110157,44,1,2890.00
17101,110158,89,1,389.00
17102,110158,76,2,449.00
17103,110159,87,2,2890.00
17104,110159,2,1,36290.00
17105,110160,39,1,5890.00
17106,110161,41,1,27490.00
17107,110162,85,2,2390.00
17108,110163,53,1,11290.00
17109,110164,75,2,2190.00
17110,110165,86,1,869.00
17111,110166,89,3,389.00
17112,110167,76,1,449.00
17113,110168,55,1,5890.00
17114,110169,12,1,3890.00
17115,110169,96,3,579.00
17116,110170,77,1,2090.00
17117,110171,111,1,579.00
17118,110171,86,3,869.00
17119,110171,94,1,1190.00
17120,110172,23,1,3390.00
17121,110172,66,2,1490.00
17122,110172,67,1,1290.00
17123,110173,8,1,17590.00
17124,110173,42,2,979.00
17125,110174,23,2,3390.00
17126,110174,75,1,2190.00
17127,110174,46,1,3190.00
17128,110175,58,1,4890.00
17129,110176,30,1,3090.00
17130,110177,81,1,4890.00
17131,110178,76,2,449.00
17132,110178,46,1,3190.00
17133,110179,102,1,1990.00
17134,110180,86,3,869.00
17135,110180,9,1,3190.00
17136,110180,49,1,9790.00
17137,110180,131,2,1690.00
17138,110181,86,1,869.00
17139,110182,94,1,1190.00
17140,110182,86,3,869.00
17141,110182,51,1,6390.00
17142,110183,75,1,2190.00
17143,110183,81,1,4890.00
17144,110183,42,2,979.00
17145,110184,38,1,2890.00
17146,110184,9,1,3190.00
17147,110185,78,1,1890.00
17148,110185,89,1,389.00
17149,110186,26,1,48990.00
17150,110186,86,1,869.00
17151,110187,67,1,1290.00
17152,110187,64,1,3890.00
17153,110188,20,1,10790.00
17154,110188,62,2,4490.00
17155,110189,74,1,679.00
17156,110189,71,1,2890.00
17157,110190,40,1,31890.00
17158,110190,59,1,1990.00
17159,110190,35,1,4690.00
17160,110191,123,1,1790.00
17161,110192,115,1,16690.00
17162,110193,6,1,13190.00
17163,110194,8,1,17590.00
17164,110195,85,1,2390.00
17165,110196,112,2,869.00
17166,110197,86,1,869.00
17167,110198,89,1,389.00
17168,110198,111,1,579.00
17169,110199,38,1,2890.00
17170,110199,88,1,7290.00
17171,110200,91,1,1490.00
17172,110201,12,1,3890.00
17173,110201,81,1,4890.00
17174,110202,14,1,11790.00
17175,110202,6,1,13190.00
17176,110203,9,1,3190.00
17177,110204,20,1,10790.00
17178,110205,17,1,63790.00
17179,110205,12,1,3890.00
17180,110206,34,1,6390.00
17181,110206,94,1,1190.00
17182,110206,65,1,4390.00
17183,110207,96,1,579.00
17184,110208,38,1,2890.00
17185,110208,81,1,4890.00
17186,110208,51,1,6390.00
17187,110209,38,2,2890.00
17188,110210,43,1,1290.00
17189,110211,91,1,1490.00
17190,110212,81,1,4890.00
17191,110212,23,1,3390.00
17192,110213,116,1,1990.00
17193,110213,23,1,3390.00
17194,110214,25,1,24490.00
17195,110215,76,2,449.00
17196,110216,74,3,679.00
17197,110217,98,2,869.00
17198,110218,89,1,389.00
17199,110219,63,1,5790.00
17200,110220,9,1,3190.00
17201,110221,98,3,869.00
17202,110222,54,1,3390.00
17203,110222,86,2,869.00
17204,110222,111,2,579.00
17205,110223,65,1,4390.00
17206,110223,111,1,579.00
17207,110223,22,2,2390.00
17208,110224,89,1,389.00
17209,110225,67,1,1290.00
17210,110226,122,1,2190.00
17211,110227,67,1,1290.00
17212,110228,73,3,479.00
17213,110229,78,1,1890.00
17214,110230,74,1,679.00
17215,110230,67,1,1290.00
17216,110230,77,1,2090.00
17217,110231,86,1,869.00
17218,110231,80,1,5890.00
17219,110232,9,1,3190.00
17220,110233,12,1,3890.00
17221,110234,76,1,449.00
17222,110235,56,2,779.00
17223,110235,38,1,2890.00
17224,110235,76,1,449.00
17225,110236,58,1,4890.00
17226,110237,42,1,979.00
17227,110238,41,1,27490.00
17228,110238,9,1,3190.00
17229,110239,17,1,63790.00
17230,110239,61,1,7390.00
17231,110240,85,1,2390.00
17232,110240,99,1,1290.00
17233,110240,59,1,1990.00
17234,110241,8,1,17690.00
17235,110241,9,1,3190.00
17236,110242,6,1,13190.00
17237,110243,45,1,6890.00
17238,110243,63,1,5790.00
17239,110243,57,3,489.00
17240,110244,42,1,979.00
17241,110245,86,2,869.00
17242,110246,75,1,2190.00
17243,110247,111,2,579.00
17244,110247,71,1,2890.00
17245,110248,79,1,5390.00
17246,110248,84,1,679.00
17247,110248,75,1,2190.00
17248,110249,43,1,1290.00
17249,110249,112,2,869.00
17250,110250,100,1,1690.00
17251,110251,57,1,489.00
17252,110252,81,1,4890.00
17253,110252,23,1,3390.00
17254,110253,65,1,4390.00
17255,110254,56,2,779.00
17256,110255,84,1,679.00
17257,110256,15,1,17190.00
17258,110257,60,1,3390.00
17259,110258,104,1,4890.00
17260,110259,46,2,3190.00
17261,110259,73,1,479.00
17262,110259,86,1,869.00
17263,110259,85,1,2390.00
17264,110260,76,1,449.00
17265,110261,87,2,2890.00
17266,110262,87,1,2890.00
17267,110263,80,1,5890.00
17268,110264,57,1,489.00
17269,110264,76,2,449.00
17270,110265,54,1,3390.00
17271,110266,86,2,869.00
17272,110267,89,2,389.00
17273,110267,9,1,3190.00
17274,110268,86,2,869.00
17275,110269,33,1,11790.00
17276,110269,20,1,10790.00
17277,110269,89,3,389.00
17278,110269,29,2,2190.00
17279,110270,67,1,1290.00
17280,110271,61,1,7390.00
17281,110272,15,1,17190.00
17282,110273,83,1,6890.00
17283,110274,12,2,3890.00
17284,110274,63,1,5790.00
17285,110275,17,1,63790.00
17286,110276,38,2,2890.00
17287,110277,23,1,3390.00
17288,110278,42,2,979.00
17289,110279,99,1,1290.00
17290,110280,89,1,389.00
17291,110280,112,1,869.00
17292,110281,9,2,3190.00
17293,110281,63,1,5790.00
17294,110282,46,1,3190.00
17295,110283,91,1,1490.00
17296,110284,42,2,979.00
17297,110285,49,1,9790.00
17298,110286,96,1,579.00
17299,110287,68,2,2390.00
17300,110287,27,1,58890.00
17301,110287,38,1,2890.00
17302,110288,34,1,6390.00
17303,110288,29,1,2190.00
17304,110289,12,1,3890.00
17305,110290,67,2,1290.00
17306,110290,40,1,31890.00
17307,110290,101,1,1590.00
17308,110291,45,1,6890.00
17309,110292,86,3,869.00
17310,110292,68,2,2390.00
17311,110293,73,1,479.00
17312,110293,30,2,3090.00
17313,110294,28,1,21590.00
17314,110295,62,1,4490.00
17315,110296,12,1,3890.00
17316,110297,89,1,389.00
17317,110297,65,1,4390.00
17318,110297,68,1,2390.00
17319,110297,57,2,489.00
17320,110298,77,1,2090.00
17321,110298,99,1,1290.00
17322,110298,56,2,779.00
17323,110299,60,1,3390.00
17324,110300,4,1,93190.00
17325,110301,48,1,4890.00
17326,110301,71,1,2890.00
17327,110302,111,1,579.00
17328,110303,17,1,63790.00
17329,110304,68,1,2390.00
17330,110304,38,1,2890.00
17331,110304,44,1,2890.00
17332,110305,86,1,869.00
17333,110305,2,1,36290.00
17334,110306,56,2,779.00
17335,110307,76,3,449.00
17336,110307,57,2,489.00
17337,110308,43,1,1290.00
17338,110309,83,1,6890.00
17339,110310,114,1,34290.00
17340,110310,82,1,7790.00
17341,110310,76,2,449.00
17342,110311,101,1,1590.00
17343,110311,99,1,1290.00
17344,110312,46,1,3190.00
17345,110312,81,1,4890.00
17346,110312,88,1,7390.00
17347,110313,98,2,869.00
17348,110313,85,1,2390.00
17349,110314,30,1,3090.00
17350,110314,36,1,7790.00
17351,110315,117,2,2890.00
17352,110316,8,1,17690.00
17353,110316,57,1,489.00
17354,110316,89,2,389.00
17355,110316,42,1,979.00
17356,110317,38,1,2890.00
17357,110318,65,1,4390.00
17358,110319,63,1,5790.00
17359,110320,23,1,3390.00
17360,110320,56,1,779.00
17361,110321,77,1,2190.00
17362,110322,51,1,6390.00
17363,110323,57,2,489.00
17364,110324,67,2,1290.00
17365,110324,93,3,779.00
17366,110325,56,1,779.00
17367,110326,98,1,869.00
17368,110327,9,1,3190.00
17369,110327,20,1,10790.00
17370,110327,102,1,1990.00
17371,110327,45,1,6890.00
17372,110328,88,1,7390.00
17373,110329,81,1,4890.00
17374,110330,76,1,449.00
17375,110330,6,1,13190.00
17376,110331,65,1,4390.00
17377,110331,74,2,679.00
17378,110332,73,2,479.00
17379,110333,23,1,3390.00
17380,110334,76,3,449.00
17381,110334,11,1,4890.00
17382,110335,12,1,3890.00
17383,110336,66,1,1490.00
17384,110337,34,1,6390.00
17385,110338,75,1,2190.00
17386,110338,9,1,3190.00
17387,110338,10,1,12790.00
17388,110338,86,2,869.00
17389,110339,40,1,31890.00
17390,110339,57,1,489.00
17391,110340,86,2,869.00
17392,110340,81,1,4890.00
17393,110340,66,1,1490.00
17394,110340,67,1,1290.00
17395,110341,40,1,31890.00
17396,110342,18,1,51990.00
17397,110343,86,2,869.00
17398,110343,111,2,579.00
17399,110344,86,1,869.00
17400,110345,96,1,579.00
17401,110346,68,1,2390.00
17402,110346,77,2,2190.00
17403,110347,38,1,2890.00
17404,110347,80,1,5890.00
17405,110348,56,2,779.00
17406,110349,73,1,479.00
17407,110349,88,1,7390.00
17408,110349,30,1,3090.00
17409,110349,43,1,1290.00
17410,110350,60,2,3390.00
17411,110351,81,1,4890.00
17412,110351,88,1,7390.00
17413,110352,60,1,3390.00
17414,110353,66,1,1490.00
17415,110354,90,2,2790.00
17416,110355,89,1,389.00
17417,110355,28,1,21590.00
17418,110355,126,2,3190.00
17419,110355,23,2,3390.00
17420,110356,78,1,1890.00
17421,110357,118,1,9790.00
17422,110357,89,2,389.00
17423,110358,97,3,479.00
17424,110358,82,1,7790.00
17425,110358,45,1,6890.00
17426,110359,89,1,389.00
17427,110360,63,1,5790.00
17428,110360,81,1,4890.00
17429,110361,105,2,1490.00
17430,110361,120,1,1490.00
17431,110361,45,1,6890.00
17432,110362,104,1,4890.00
17433,110362,17,1,63790.00
17434,110363,125,1,1990.00
17435,110363,35,2,4690.00
17436,110363,120,1,1490.00
17437,110364,62,1,4490.00
17438,110364,60,1,3390.00
17439,110364,114,1,34390.00
17440,110365,104,2,4890.00
17441,110366,37,1,48590.00
17442,110367,21,1,7790.00
17443,110368,86,1,869.00
17444,110369,56,2,779.00
17445,110369,10,1,12790.00
17446,110370,92,2,969.00
17447,110370,126,2,3190.00
17448,110370,112,3,869.00
17449,110371,89,2,389.00
17450,110372,49,1,9790.00
17451,110372,74,1,679.00
17452,110372,86,2,869.00
17453,110373,78,1,1890.00
17454,110374,11,1,4890.00
17455,110375,58,2,4890.00
17456,110376,43,1,1290.00
17457,110376,97,1,479.00
17458,110376,85,2,2390.00
17459,110376,23,1,3390.00
17460,110377,46,1,3190.00
17461,110378,48,1,4890.00
17462,110379,36,1,7790.00
17463,110380,18,1,51990.00
17464,110381,39,1,5890.00
17465,110382,22,1,2390.00
17466,110383,56,1,779.00
17467,110384,42,2,979.00
17468,110385,65,1,4390.00
17469,110385,131,1,1690.00
17470,110385,123,2,1790.00
17471,110385,42,2,979.00
17472,110386,89,2,389.00
17473,110387,111,2,579.00
17474,110388,104,1,4890.00
17475,110389,74,1,679.00
17476,110389,86,3,869.00
17477,110390,31,1,44190.00
17478,110390,86,2,869.00
17479,110391,104,1,4890.00
17480,110392,86,3,869.00
17481,110393,68,1,2390.00
17482,110394,46,2,3190.00
17483,110394,57,1,489.00
17484,110395,50,1,7790.00
17485,110396,116,1,1990.00
17486,110396,67,1,1290.00
17487,110397,111,2,579.00
17488,110397,73,1,479.00
17489,110398,87,1,2890.00
17490,110399,74,2,679.00
17491,110400,8,1,17690.00
17492,110401,27,1,58890.00
17493,110401,86,2,869.00
17494,110402,67,1,1290.00
17495,110403,9,2,3190.00
17496,110404,67,2,1290.00
17497,110404,29,1,2190.00
17498,110404,8,1,17690.00
17499,110405,56,1,779.00
17500,110406,87,1,2890.00
17501,110406,84,2,679.00
17502,110407,86,1,869.00
17503,110408,108,1,5390.00
17504,110409,81,1,4890.00
17505,110410,57,2,489.00
17506,110410,15,1,17190.00
17507,110411,63,1,5790.00
17508,110411,14,1,11790.00
17509,110412,77,1,2190.00
17510,110413,23,1,3390.00
17511,110414,78,1,1890.00
17512,110414,54,1,3390.00
17513,110415,38,1,2890.00
17514,110416,96,1,579.00
17515,110417,97,1,479.00
17516,110417,38,1,2890.00
17517,110417,120,1,1490.00
17518,110418,97,3,479.00
17519,110419,102,1,1990.00
17520,110419,66,1,1490.00
17521,110420,117,1,2890.00
17522,110421,86,1,869.00
17523,110422,35,1,4690.00
17524,110423,86,1,869.00
17525,110423,126,1,3190.00
17526,110423,30,1,3090.00
17527,110424,107,1,39290.00
17528,110425,97,1,479.00
17529,110426,11,2,4890.00
17530,110426,86,2,869.00
17531,110426,23,1,3390.00
17532,110427,38,1,2890.00
17533,110428,12,1,3890.00
17534,110429,124,1,1590.00
17535,110430,122,2,2190.00
17536,110431,87,2,2890.00
17537,110432,90,1,2790.00
17538,110432,46,1,3190.00
17539,110433,1,1,21590.00
17540,110433,23,2,3390.00
17541,110434,87,1,2890.00
17542,110434,12,2,3890.00
17543,110435,86,3,869.00
17544,110436,86,2,869.00
17545,110436,10,1,12790.00
17546,110436,97,3,479.00
17547,110436,5,1,127690.00
17548,110437,45,1,6890.00
17549,110438,42,1,979.00
17550,110439,90,1,2790.00
17551,110439,108,1,5390.00
17552,110439,52,1,7390.00
17553,110439,86,3,869.00
17554,110440,24,1,16690.00
17555,110441,12,2,3890.00
17556,110442,12,1,3890.00
17557,110443,96,1,579.00
17558,110444,86,2,869.00
17559,110445,73,3,479.00
17560,110445,68,2,2390.00
17561,110446,33,1,11790.00
17562,110447,38,1,2890.00
17563,110447,89,2,389.00
17564,110447,95,1,1090.00
17565,110447,57,1,489.00
17566,110448,42,2,979.00
17567,110449,86,1,869.00
17568,110450,83,1,6890.00
17569,110450,90,1,2790.00
17570,110450,86,1,869.00
17571,110450,75,1,2190.00
17572,110451,81,2,4890.00
17573,110451,46,1,3190.00
17574,110451,86,3,869.00
17575,110452,29,1,2190.00
17576,110453,66,1,1490.00
17577,110453,112,1,869.00
17578,110453,85,1,2390.00
17579,110453,86,3,869.00
17580,110454,46,1,3190.00
17581,110455,76,2,449.00
17582,110456,86,1,869.00
17583,110457,9,2,3190.00
17584,110458,111,1,579.00
17585,110459,99,1,1290.00
17586,110459,15,1,17190.00
17587,110460,29,2,2190.00
17588,110460,12,2,3890.00
17589,110461,10,1,12790.00
17590,110462,81,1,4890.00
17591,110462,68,1,2390.00
17592,110463,85,1,2390.00
17593,110463,58,1,4890.00
17594,110464,16,1,42190.00
17595,110465,54,1,3390.00
17596,110465,57,1,489.00
17597,110465,38,1,2890.00
17598,110466,75,1,2190.00
17599,110467,85,1,2390.00
17600,110467,46,1,3190.00
17601,110467,54,1,3390.00
17602,110467,112,2,869.00
17603,110468,84,2,679.00
17604,110469,38,1,2890.00
17605,110470,67,1,1290.00
17606,110470,6,1,13290.00
17607,110471,129,1,8790.00
17608,110471,112,1,869.00
17609,110472,38,1,2890.00
17610,110473,66,1,1490.00
17611,110473,114,1,34390.00
17612,110474,46,1,3190.00
17613,110474,91,1,1490.00
17614,110474,86,1,869.00
17615,110475,63,1,5790.00
17616,110476,42,1,979.00
17617,110477,79,1,5390.00
17618,110478,97,3,479.00
17619,110478,61,1,7390.00
17620,110478,95,1,1090.00
17621,110479,89,3,389.00
17622,110479,12,1,3890.00
17623,110480,128,1,17690.00
17624,110480,25,1,24490.00
17625,110480,29,1,2190.00
17626,110481,38,1,2890.00
17627,110482,24,1,16690.00
17628,110483,86,1,869.00
17629,110484,90,1,2790.00
17630,110484,111,1,579.00
17631,110485,59,1,1990.00
17632,110486,27,1,58890.00
17633,110486,11,1,4890.00
17634,110487,12,1,3890.00
17635,110488,81,1,4890.00
17636,110488,42,1,979.00
17637,110489,58,1,4890.00
17638,110489,45,1,6890.00
17639,110489,86,1,869.00
17640,110489,87,1,2890.00
17641,110490,75,1,2190.00
17642,110491,25,1,24490.00
17643,110492,2,1,36290.00
17644,110492,111,2,579.00
17645,110493,11,1,4890.00
17646,110494,111,1,579.00
17647,110495,16,1,42190.00
17648,110496,76,2,449.00
17649,110496,22,1,2390.00
17650,110496,78,2,1890.00
17651,110497,86,2,869.00
17652,110498,91,1,1490.00
17653,110498,98,2,869.00
17654,110499,56,3,789.00
17655,110500,9,2,3190.00
17656,110500,91,1,1490.00
17657,110500,100,1,1690.00
17658,110501,30,1,3090.00
17659,110501,67,2,1290.00
17660,110501,66,1,1490.00
17661,110501,42,1,979.00
17662,110502,66,1,1490.00
17663,110502,9,1,3190.00
17664,110503,131,1,1690.00
17665,110504,86,2,869.00
17666,110504,96,1,579.00
17667,110504,95,1,1090.00
17668,110505,86,2,869.00
17669,110505,43,1,1290.00
17670,110505,81,1,4890.00
17671,110506,67,1,1290.00
17672,110507,76,1,449.00
17673,110508,12,1,3890.00
17674,110509,8,1,17690.00
17675,110510,83,1,6890.00
17676,110511,96,1,579.00
17677,110512,129,1,8790.00
17678,110513,86,1,869.00
17679,110514,76,1,449.00
17680,110514,10,1,12790.00
17681,110514,12,1,3890.00
17682,110515,9,1,3190.00
17683,110515,76,1,449.00
17684,110515,38,1,2890.00
17685,110515,74,2,679.00
17686,110516,38,1,2890.00
17687,110517,6,1,13290.00
17688,110518,66,2,1490.00
17689,110519,58,2,4890.00
17690,110520,38,1,2890.00
17691,110521,76,3,449.00
17692,110522,21,1,7890.00
17693,110522,12,2,3890.00
17694,110523,76,1,449.00
17695,110523,75,1,2190.00
17696,110524,16,1,42190.00
17697,110524,56,1,789.00
17698,110524,105,1,1490.00
17699,110524,57,1,489.00
17700,110525,29,2,2190.00
17701,110526,86,1,869.00
17702,110526,76,1,449.00
17703,110527,19,1,117890.00
17704,110528,123,1,1790.00
17705,110529,89,1,389.00
17706,110530,84,1,679.00
17707,110531,22,1,2390.00
17708,110532,30,1,3090.00
17709,110533,23,1,3390.00
17710,110534,29,1,2290.00
17711,110534,86,3,869.00
17712,110534,108,1,5390.00
17713,110534,47,1,12790.00
17714,110535,91,2,1490.00
17715,110536,31,1,44190.00
17716,110537,31,1,44190.00
17717,110538,125,1,1990.00
17718,110538,6,1,13290.00
17719,110539,34,1,6390.00
17720,110540,120,1,1490.00
17721,110541,84,1,679.00
17722,110542,20,1,10790.00
17723,110542,97,1,479.00
17724,110543,42,3,979.00
17725,110544,111,2,579.00
17726,110544,67,2,1290.00
17727,110544,36,1,7890.00
17728,110545,12,2,3890.00
17729,110546,87,2,2890.00
17730,110547,78,1,1890.00
17731,110547,61,1,7390.00
17732,110547,87,2,2890.00
17733,110548,87,1,2890.00
17734,110548,10,1,12790.00
17735,110548,105,2,1490.00
17736,110549,22,1,2390.00
17737,110550,9,1,3190.00
17738,110551,24,1,16690.00
17739,110551,112,1,869.00
17740,110551,44,1,2890.00
17741,110551,43,1,1290.00
17742,110552,38,1,2890.00
17743,110552,86,1,869.00
17744,110552,29,1,2290.00
17745,110553,120,1,1490.00
17746,110553,91,1,1490.00
17747,110554,86,2,869.00
17748,110555,14,1,11790.00
17749,110555,87,1,2890.00
17750,110556,12,1,3890.00
17751,110556,19,1,117890.00
17752,110557,81,1,4890.00
17753,110558,11,1,4890.00
17754,110559,85,2,2390.00
17755,110559,86,1,869.00
17756,110560,65,2,4390.00
17757,110561,88,1,7390.00
17758,110561,30,1,3090.00
17759,110562,82,1,7890.00
17760,110562,53,1,11290.00
17761,110562,9,1,3190.00
17762,110562,46,2,3190.00
17763,110563,6,1,13290.00
17764,110563,36,1,7890.00
17765,110563,86,1,869.00
17766,110564,74,2,679.00
17767,110564,125,1,1990.00
17768,110565,67,1,1290.00
17769,110566,86,2,869.00
17770,110566,48,1,4890.00
17771,110566,58,1,4890.00
17772,110567,86,2,869.00
17773,110568,6,1,13290.00
17774,110569,94,1,1190.00
17775,110569,91,1,1490.00
17776,110570,89,2,389.00
17777,110571,1,1,21590.00
17778,110572,62,2,4490.00
17779,110572,86,2,869.00
17780,110573,97,1,479.00
17781,110574,76,3,449.00
17782,110575,91,1,1490.00
17783,110576,45,1,6890.00
17784,110576,86,1,869.00
17785,110577,126,1,3190.00
17786,110578,93,1,779.00
17787,110578,8,1,17690.00
17788,110578,42,2,979.00
17789,110578,86,1,869.00
17790,110579,38,1,2890.00
17791,110580,67,1,1290.00
17792,110581,9,1,3190.00
17793,110582,22,1,2390.00
17794,110583,66,1,1490.00
17795,110584,38,2,2890.00
17796,110584,46,1,3190.00
17797,110585,11,1,4890.00
17798,110585,65,1,4390.00
17799,110586,24,1,16690.00
17800,110586,56,1,789.00
17801,110586,38,1,2890.00
17802,110586,73,1,479.00
17803,110587,77,1,2190.00
17804,110588,89,2,389.00
17805,110588,16,1,42290.00
17806,110589,20,1,10790.00
17807,110589,54,1,3390.00
17808,110589,84,2,679.00
17809,110590,86,1,869.00
17810,110590,51,1,6390.00
17811,110591,30,2,3090.00
17812,110591,112,3,869.00
17813,110591,123,1,1790.00
17814,110592,9,1,3190.00
17815,110592,79,1,5390.00
17816,110593,101,1,1590.00
17817,110594,99,1,1290.00
17818,110595,57,2,489.00
17819,110596,23,1,3390.00
17820,110596,112,1,869.00
17821,110597,45,1,6890.00
17822,110598,42,1,979.00
17823,110599,40,1,31890.00
17824,110599,79,1,5390.00
17825,110599,65,1,4390.00
17826,110599,46,1,3190.00
17827,110600,84,1,679.00
17828,110600,16,1,42290.00
17829,110600,38,1,2890.00
17830,110600,79,1,5390.00
17831,110601,8,1,17690.00
17832,110602,88,1,7390.00
17833,110603,84,1,679.00
17834,110603,57,2,489.00
17835,110603,108,1,5390.00
17836,110604,85,1,2390.00
17837,110605,45,1,6890.00
17838,110606,81,2,4890.00
17839,110607,61,1,7390.00
17840,110608,85,1,2390.00
17841,110608,68,1,2390.00
17842,110609,67,1,1290.00
17843,110610,82,1,7890.00
17844,110610,95,1,1090.00
17845,110610,59,1,1990.00
17846,110611,89,1,389.00
17847,110612,71,1,2890.00
17848,110613,85,1,2390.00
17849,110614,76,1,449.00
17850,110615,128,1,17690.00
17851,110616,65,1,4390.00
17852,110617,58,1,4890.00
17853,110617,86,1,869.00
17854,110617,96,3,579.00
17855,110618,110,1,3890.00
17856,110619,12,1,3890.00
17857,110620,75,1,2290.00
17858,110620,111,1,579.00
17859,110621,61,1,7390.00
17860,110622,100,1,1690.00
17861,110622,89,3,389.00
17862,110622,74,1,679.00
17863,110623,114,1,34390.00
17864,110624,99,1,1290.00
17865,110624,101,1,1590.00
17866,110625,9,1,3190.00
17867,110626,74,2,679.00
17868,110627,87,1,2890.00
17869,110627,46,1,3190.00
17870,110627,23,1,3390.00
17871,110627,31,1,44190.00
17872,110628,95,2,1090.00
17873,110629,38,1,2890.00
17874,110630,86,1,869.00
17875,110631,43,1,1290.00
17876,110631,104,1,4890.00
17877,110632,54,1,3390.00
17878,110632,40,1,31890.00
17879,110633,104,2,4890.00
17880,110633,76,1,449.00
17881,110634,25,1,24590.00
17882,110634,38,2,2890.00
17883,110635,46,2,3190.00
17884,110636,92,2,969.00
17885,110636,29,1,2290.00
17886,110637,76,1,449.00
17887,110638,46,1,3190.00
17888,110638,2,1,36390.00
17889,110639,121,1,2390.00
17890,110640,86,1,869.00
17891,110640,80,1,5890.00
17892,110640,118,1,9790.00
17893,110641,46,2,3190.00
17894,110641,43,1,1290.00
17895,110642,9,1,3190.00
17896,110643,45,1,6890.00
17897,110644,131,1,1690.00
17898,110645,53,1,11290.00
17899,110646,78,2,1890.00
17900,110647,86,2,869.00
17901,110647,48,1,4890.00
17902,110648,55,1,5890.00
17903,110649,66,1,1490.00
17904,110649,29,1,2290.00
17905,110649,99,1,1290.00
17906,110650,61,1,7390.00
17907,110651,126,1,3190.00
17908,110651,85,1,2390.00
17909,110651,56,1,789.00
17910,110652,85,1,2390.00
17911,110652,48,1,4890.00
17912,110653,111,1,579.00
17913,110653,91,1,1490.00
17914,110654,30,1,3090.00
17915,110655,78,1,1890.00
17916,110655,68,1,2390.00
17917,110656,102,1,1990.00
17918,110657,31,1,44190.00
17919,110657,9,1,3190.00
17920,110658,63,1,5790.00
17921,110659,50,1,7890.00
17922,110660,38,1,2890.00
17923,110660,120,1,1490.00
17924,110661,15,1,17190.00
17925,110662,73,1,479.00
17926,110663,67,1,1290.00
17927,110663,99,1,1290.00
17928,110663,16,1,42290.00
17929,110664,24,1,16690.00
17930,110664,3,1,83590.00
17931,110665,74,2,679.00
17932,110666,46,2,3190.00
17933,110667,73,1,479.00
17934,110668,86,1,869.00
17935,110669,8,1,17690.00
17936,110670,31,1,44190.00
17937,110670,65,1,4390.00
17938,110670,75,1,2290.00
17939,110670,28,1,21590.00
17940,110671,45,1,6890.00
17941,110672,84,1,679.00
17942,110673,23,2,3390.00
17943,110673,78,1,1890.00
17944,110673,86,2,869.00
17945,110674,85,1,2390.00
17946,110675,35,1,4690.00
17947,110675,8,1,17690.00
17948,110676,86,1,869.00
17949,110677,83,1,6890.00
17950,110677,111,2,579.00
17951,110678,2,1,36390.00
17952,110679,45,1,6890.00
17953,110680,80,1,5890.00
17954,110680,89,1,389.00
17955,110681,2,1,36390.00
17956,110681,46,1,3190.00
17957,110682,22,1,2390.00
17958,110682,46,1,3190.00
17959,110683,12,2,3890.00
17960,110684,105,1,1490.00
17961,110685,31,1,44190.00
17962,110685,42,2,979.00
17963,110686,75,1,2290.00
17964,110687,67,1,1290.00
17965,110687,12,1,3890.00
17966,110688,38,1,2890.00
17967,110688,47,1,12790.00
17968,110689,87,1,2890.00
17969,110690,10,1,12790.00
17970,110691,86,1,879.00
17971,110691,23,1,3390.00
17972,110692,75,1,2290.00
17973,110693,86,1,879.00
17974,110693,85,1,2390.00
17975,110694,86,2,879.00
17976,110695,4,1,93390.00
17977,110695,116,1,1990.00
17978,110695,59,1,1990.00
17979,110696,81,1,4890.00
17980,110697,112,1,879.00
17981,110698,104,1,4890.00
17982,110698,56,3,789.00
17983,110698,91,1,1490.00
17984,110699,46,1,3190.00
17985,110699,111,1,579.00
17986,110700,86,1,879.00
17987,110701,105,1,1490.00
17988,110702,22,1,2390.00
17989,110702,85,1,2390.00
17990,110703,42,1,979.00
17991,110703,50,1,7890.00
17992,110704,119,1,3390.00
17993,110704,81,1,4890.00
17994,110705,78,1,1890.00
17995,110706,66,1,1490.00
17996,110706,125,1,1990.00
17997,110707,23,1,3390.00
17998,110708,86,2,879.00
17999,110709,111,2,579.00
18000,110710,81,1,4890.00
18001,110711,65,1,4390.00
18002,110711,20,1,10790.00
18003,110712,122,2,2290.00
18004,110712,120,1,1490.00
18005,110712,80,1,5890.00
18006,110713,67,1,1290.00
18007,110714,111,2,579.00
18008,110714,20,1,10790.00
18009,110714,57,1,489.00
18010,110715,30,1,3090.00
18011,110716,122,2,2290.00
18012,110716,28,1,21590.00
18013,110717,91,2,1490.00
18014,110718,30,1,3090.00
18015,110719,97,2,479.00
18016,110720,111,2,579.00
18017,110721,81,1,4890.00
18018,110721,25,1,24590.00
18019,110722,86,1,879.00
18020,110723,97,1,479.00
18021,110723,5,1,127790.00
18022,110723,96,2,579.00
18023,110723,8,1,17690.00
18024,110724,9,1,3190.00
18025,110724,89,3,389.00
18026,110724,92,1,969.00
18027,110725,56,2,789.00
18028,110726,76,3,449.00
18029,110727,120,1,1490.00
18030,110728,46,1,3190.00
18031,110728,122,1,2290.00
18032,110728,86,2,879.00
18033,110728,96,2,579.00
18034,110729,14,1,11790.00
18035,110730,13,1,27490.00
18036,110730,95,1,1090.00
18037,110731,41,1,27490.00
18038,110731,96,3,579.00
18039,110732,10,1,12790.00
18040,110732,65,2,4390.00
18041,110733,17,1,63890.00
18042,110734,42,1,979.00
18043,110734,107,1,39290.00
18044,110735,112,1,879.00
18045,110736,63,1,5790.00
18046,110736,96,1,579.00
18047,110736,30,2,3090.00
18048,110737,6,1,13290.00
18049,110738,38,1,2890.00
18050,110738,86,2,879.00
18051,110739,78,1,1890.00
18052,110740,33,1,11790.00
18053,110740,86,1,879.00
18054,110741,119,2,3390.00
18055,110741,76,1,449.00
18056,110742,42,1,979.00
18057,110743,57,2,489.00
18058,110744,62,1,4490.00
18059,110745,76,1,449.00
18060,110745,66,1,1490.00
18061,110746,29,1,2290.00
18062,110746,68,1,2390.00
18063,110746,86,1,879.00
18064,110746,57,2,489.00
18065,110747,46,2,3190.00
18066,110747,86,1,879.00
18067,110748,17,1,63890.00
18068,110749,78,1,1890.00
18069,110750,52,1,7390.00
18070,110751,86,1,879.00
18071,110752,45,1,6890.00
18072,110753,23,1,3390.00
18073,110754,92,2,969.00
18074,110755,57,3,489.00
18075,110756,93,2,779.00
18076,110757,40,1,31990.00
18077,110758,86,2,879.00
18078,110758,41,1,27490.00
18079,110758,73,2,479.00
18080,110759,9,1,3190.00
18081,110759,76,1,449.00
18082,110760,63,1,5790.00
18083,110761,111,1,579.00
18084,110761,128,1,17690.00
18085,110762,73,1,479.00
18086,110762,61,1,7390.00
18087,110762,75,2,2290.00
18088,110762,111,2,579.00
18089,110763,67,1,1290.00
18090,110763,97,2,479.00
18091,110763,25,1,24590.00
18092,110763,38,1,2890.00
18093,110764,58,1,4890.00
18094,110764,66,1,1490.00
18095,110764,23,2,3390.00
18096,110765,84,3,679.00
18097,110766,81,1,4890.00
18098,110766,54,2,3390.00
18099,110766,67,1,1290.00
18100,110766,86,1,879.00
18101,110767,50,1,7890.00
18102,110767,111,1,579.00
18103,110767,47,1,12790.00
18104,110768,75,1,2290.00
18105,110768,76,2,449.00
18106,110768,111,1,579.00
18107,110769,30,2,3090.00
18108,110770,86,1,879.00
18109,110770,15,1,17190.00
18110,110770,128,1,17690.00
18111,110771,111,1,579.00
18112,110772,66,1,1490.00
18113,110773,91,1,1490.00
18114,110774,102,1,1990.00
18115,110774,60,1,3390.00
18116,110775,10,1,12790.00
18117,110775,78,1,1890.00
18118,110775,73,1,479.00
18119,110776,45,1,6890.00
18120,110776,128,1,17690.00
18121,110777,85,2,2390.00
18122,110778,10,1,12790.00
18123,110778,56,1,789.00
18124,110778,131,1,1690.00
18125,110778,46,1,3190.00
18126,110779,76,2,449.00
18127,110779,56,1,789.00
18128,110780,66,2,1490.00
18129,110780,47,1,12790.00
18130,110780,79,1,5390.00
18131,110780,126,1,3190.00
18132,110781,43,1,1290.00
18133,110781,44,1,2890.00
18134,110782,39,1,5890.00
18135,110783,18,1,52090.00
18136,110784,91,1,1490.00
18137,110784,116,1,1990.00
18138,110785,86,1,879.00
18139,110785,64,1,3890.00
18140,110786,89,1,389.00
18141,110786,43,1,1290.00
18142,110786,16,1,42290.00
18143,110787,63,1,5790.00
18144,110788,6,1,13290.00
18145,110789,94,1,1190.00
18146,110789,120,1,1490.00
18147,110789,43,1,1290.00
18148,110790,13,1,27490.00
18149,110791,63,1,5790.00
18150,110791,20,1,10790.00
18151,110792,42,1,979.00
18152,110793,66,1,1490.00
18153,110794,43,1,1290.00
18154,110795,112,1,879.00
18155,110795,21,1,7890.00
18156,110795,67,2,1290.00
18157,110796,79,1,5390.00
18158,110796,75,1,2290.00
18159,110797,57,1,489.00
18160,110798,78,1,1890.00
18161,110799,86,1,879.00
18162,110799,104,2,4890.00
18163,110800,30,2,3090.00
18164,110801,67,1,1290.00
18165,110801,78,1,1890.00
18166,110802,74,1,679.00
18167,110803,46,1,3190.00
18168,110804,1,1,21590.00
18169,110804,56,1,789.00
18170,110805,17,1,63890.00
18171,110805,63,1,5790.00
18172,110805,73,1,479.00
18173,110806,120,1,1490.00
18174,110806,76,1,449.00
18175,110807,111,1,579.00
18176,110807,89,2,389.00
18177,110808,93,1,779.00
18178,110809,43,1,1290.00
18179,110809,67,1,1290.00
18180,110810,29,2,2290.00
18181,110811,58,1,4890.00
18182,110812,67,1,1290.00
18183,110813,109,1,8790.00
18184,110814,74,1,679.00
18185,110814,64,1,3890.00
18186,110815,42,1,979.00
18187,110816,94,1,1190.00
18188,110816,46,2,3190.00
18189,110817,32,1,5390.00
18190,110817,61,1,7390.00
18191,110818,11,1,4890.00
18192,110818,63,1,5790.00
18193,110819,3,1,83590.00
18194,110819,86,2,879.00
18195,110820,86,1,879.00
18196,110820,25,1,24590.00
18197,110820,56,3,789.00
18198,110820,42,1,979.00
18199,110821,21,1,7890.00
18200,110822,22,2,2390.00
18201,110822,33,1,11790.00
18202,110822,78,2,1890.00
18203,110823,109,1,8790.00
18204,110823,85,1,2390.00
18205,110824,119,1,3390.00
18206,110824,39,1,5890.00
18207,110825,83,1,6890.00
18208,110825,74,1,679.00
18209,110826,96,1,579.00
18210,110826,30,1,3090.00
18211,110826,86,1,879.00
18212,110827,10,1,12790.00
18213,110827,131,1,1690.00
18214,110828,86,1,879.00
18215,110828,111,1,579.00
18216,110829,30,1,3090.00
18217,110830,122,1,2290.00
18218,110830,85,1,2390.00
18219,110831,30,1,3090.00
18220,110832,83,1,6890.00
18221,110833,57,1,489.00
18222,110834,131,1,1690.00
18223,110834,85,1,2390.00
18224,110835,76,1,449.00
18225,110836,56,2,789.00
18226,110837,99,1,1290.00
18227,110837,112,1,879.00
18228,110838,21,1,7890.00
18229,110839,78,1,1890.00
18230,110840,43,1,1290.00
18231,110841,14,1,11790.00
18232,110842,73,2,479.00
18233,110843,81,1,4890.00
18234,110844,9,1,3190.00
18235,110845,6,1,13290.00
18236,110846,123,2,1790.00
18237,110847,95,1,1090.00
18238,110848,26,1,49190.00
18239,110849,86,1,879.00
18240,110849,46,1,3190.00
18241,110850,29,1,2290.00
18242,110850,9,1,3190.00
18243,110851,46,2,3190.00
18244,110852,42,2,979.00
18245,110853,42,3,979.00
18246,110853,74,2,679.00
18247,110854,71,1,2890.00
18248,110854,18,1,52090.00
18249,110854,86,1,879.00
18250,110854,14,1,11790.00
18251,110855,26,1,49190.00
18252,110856,42,1,979.00
18253,110857,20,1,10790.00
18254,110857,64,1,3890.00
18255,110858,78,1,1890.00
18256,110859,8,1,17690.00
18257,110860,63,1,5790.00
18258,110860,129,1,8790.00
18259,110861,42,2,979.00
18260,110862,81,1,4890.00
18261,110863,92,3,969.00
18262,110863,85,1,2490.00
18263,110863,20,1,10790.00
18264,110863,29,1,2290.00
18265,110864,111,1,579.00
18266,110865,42,1,979.00
18267,110866,122,1,2290.00
18268,110867,92,1,969.00
18269,110868,47,1,12790.00
18270,110869,98,2,879.00
18271,110869,118,1,9790.00
18272,110870,33,1,11790.00
18273,110871,67,2,1290.00
18274,110872,19,1,118090.00
18275,110873,108,1,5390.00
18276,110874,86,1,879.00
18277,110875,67,1,1290.00
18278,110875,118,1,9790.00
18279,110876,86,2,879.00
18280,110877,35,1,4690.00
18281,110878,58,1,4890.00
18282,110879,77,1,2190.00
18283,110880,125,1,1990.00
18284,110881,87,2,2890.00
18285,110881,12,1,3890.00
18286,110882,75,1,2290.00
18287,110882,51,1,6390.00
18288,110883,109,1,8790.00
18289,110884,86,1,879.00
18290,110884,127,1,6890.00
18291,110885,11,1,4890.00
18292,110885,22,1,2490.00
18293,110886,34,1,6390.00
18294,110887,92,1,969.00
18295,110888,124,1,1590.00
18296,110889,80,1,5890.00
18297,110890,83,1,6890.00
18298,110890,104,1,4890.00
18299,110890,46,1,3190.00
18300,110890,87,1,2890.00
18301,110891,12,1,3890.00
18302,110892,86,1,879.00
18303,110893,38,1,2890.00
18304,110894,123,2,1790.00
18305,110894,57,2,489.00
18306,110895,20,1,10790.00
18307,110896,86,1,879.00
18308,110896,104,1,4890.00
18309,110897,111,2,579.00
18310,110897,80,1,5890.00
18311,110898,56,1,789.00
18312,110899,109,1,8790.00
18313,110900,54,1,3390.00
18314,110901,112,2,879.00
18315,110902,123,2,1790.00
18316,110903,38,1,2890.00
18317,110903,2,1,36390.00
18318,110904,9,1,3190.00
18319,110905,127,1,6890.00
18320,110905,86,1,879.00
18321,110906,84,1,679.00
18322,110907,42,1,979.00
18323,110907,80,1,5890.00
18324,110908,38,1,2890.00
18325,110909,123,1,1790.00
18326,110910,91,1,1490.00
18327,110911,45,1,6890.00
18328,110911,89,1,389.00
18329,110911,86,1,879.00
18330,110912,131,1,1690.00
18331,110913,38,1,2890.00
18332,110914,65,1,4390.00
18333,110914,45,1,6890.00
18334,110915,86,1,879.00
18335,110916,86,2,879.00
18336,110916,43,1,1290.00
18337,110917,35,1,4690.00
18338,110918,47,1,12790.00
18339,110919,42,3,979.00
18340,110920,76,1,449.00
18341,110920,3,1,83690.00
18342,110921,58,1,4890.00
18343,110922,43,1,1290.00
18344,110922,75,1,2290.00
18345,110922,85,1,2490.00
18346,110922,79,1,5390.00
18347,110923,85,1,2490.00
18348,110924,111,1,579.00
18349,110924,36,1,7890.00
18350,110925,123,1,1790.00
18351,110925,111,2,579.00
18352,110926,89,1,389.00
18353,110927,78,2,1890.00
18354,110927,8,1,17690.00
18355,110927,131,1,1690.00
18356,110927,57,1,489.00
18357,110928,81,2,4890.00
18358,110929,25,1,24590.00
18359,110930,86,1,879.00
18360,110931,88,1,7390.00
18361,110931,9,1,3190.00
18362,110931,47,1,12790.00
18363,110932,102,1,1990.00
18364,110933,32,1,5390.00
18365,110933,45,1,6890.00
18366,110933,66,1,1490.00
18367,110933,61,1,7390.00
18368,110934,102,1,1990.00
18369,110934,42,2,979.00
18370,110935,82,1,7890.00
18371,110935,6,1,13290.00
18372,110936,17,1,63990.00
18373,110936,27,1,58990.00
18374,110937,96,1,579.00
18375,110938,25,1,24590.00
18376,110938,57,1,489.00
18377,110938,23,1,3390.00
18378,110939,2,1,36390.00
18379,110940,38,1,2890.00
18380,110940,42,1,979.00
18381,110940,81,1,4890.00
18382,110940,46,2,3190.00
18383,110941,12,1,3890.00
18384,110941,44,1,2990.00
18385,110942,62,1,4490.00
18386,110943,75,1,2290.00
18387,110943,67,1,1290.00
18388,110943,40,1,31990.00
18389,110943,86,1,879.00
18390,110944,93,1,779.00
18391,110945,86,2,879.00
18392,110945,57,1,489.00
18393,110945,66,1,1490.00
18394,110946,74,2,679.00
18395,110947,54,1,3390.00
18396,110947,94,1,1190.00
18397,110948,32,1,5390.00
18398,110949,14,1,11790.00
18399,110950,76,2,449.00
18400,110950,46,1,3190.00
18401,110951,54,1,3390.00
18402,110952,78,1,1890.00
18403,110952,89,1,389.00
18404,110952,91,1,1490.00
18405,110953,95,1,1090.00
18406,110953,46,1,3190.00
18407,110954,21,1,7890.00
18408,110955,22,2,2490.00
18409,110956,35,1,4690.00
18410,110957,86,3,879.00
18411,110958,83,1,6890.00
18412,110959,116,1,1990.00
18413,110960,27,1,59090.00
18414,110960,77,1,2190.00
18415,110960,94,1,1190.00
18416,110961,93,2,779.00
18417,110962,41,1,27590.00
18418,110962,67,1,1290.00
18419,110962,82,1,7890.00
18420,110962,43,1,1290.00
18421,110963,86,1,879.00
18422,110964,76,1,449.00
18423,110965,111,1,579.00
18424,110966,19,1,118090.00
18425,110966,118,1,9790.00
18426,110967,5,1,127990.00
18427,110967,79,1,5390.00
18428,110968,86,1,879.00
18429,110969,93,1,779.00
18430,110969,86,3,879.00
18431,110970,114,1,34390.00
18432,110970,61,1,7390.00
18433,110971,76,2,449.00
18434,110971,82,1,7890.00
18435,110971,85,1,2490.00
18436,110972,96,2,579.00
18437,110972,26,1,49190.00
18438,110973,87,1,2890.00
18439,110974,52,1,7390.00
18440,110975,61,1,7390.00
18441,110976,58,1,4890.00
18442,110977,65,1,4390.00
18443,110977,46,2,3190.00
18444,110978,81,1,4890.00
18445,110979,30,1,3090.00
18446,110980,89,1,389.00
18447,110981,45,1,6890.00
18448,110981,12,1,3890.00
18449,110981,86,1,879.00
18450,110982,125,1,1990.00
18451,110982,86,1,879.00
18452,110982,67,1,1290.00
18453,110983,14,1,11790.00
18454,110984,38,1,2890.00
18455,110984,44,1,2990.00
18456,110984,32,1,5390.00
18457,110985,57,1,489.00
18458,110985,56,1,789.00
18459,110985,67,1,1290.00
18460,110986,91,1,1490.00
18461,110987,123,1,1790.00
18462,110988,76,1,449.00
18463,110988,15,1,17190.00
18464,110989,22,1,2490.00
18465,110990,42,2,979.00
18466,110990,45,1,6890.00
18467,110991,74,1,679.00
18468,110992,75,1,2290.00
18469,110993,67,1,1290.00
18470,110993,112,1,879.00
18471,110993,14,1,11790.00
18472,110993,40,1,31990.00
18473,110994,86,1,879.00
18474,110994,45,1,6890.00
18475,110995,74,1,679.00
18476,110995,112,1,879.00
18477,110996,16,1,42290.00
18478,110997,107,1,39390.00
18479,110998,105,1,1490.00
18480,110999,48,1,4890.00
18481,110999,118,1,9790.00
18482,111000,97,1,479.00
18483,111000,86,1,879.00
18484,111001,87,2,2890.00
18485,111002,19,1,118090.00
18486,111003,44,1,2990.00
18487,111003,120,1,1490.00
18488,111004,92,2,969.00
18489,111004,14,1,11790.00
18490,111005,34,1,6390.00
18491,111005,43,1,1290.00
18492,111006,11,1,4890.00
18493,111006,51,1,6390.00
18494,111006,85,1,2490.00
18495,111006,76,3,449.00
18496,111007,79,1,5390.00
18497,111008,66,1,1490.00
18498,111008,41,1,27590.00
18499,111008,43,1,1290.00
18500,111008,87,1,2890.00
18501,111009,42,1,979.00
18502,111010,43,1,1290.00
18503,111011,89,2,389.00
18504,111012,49,1,9790.00
18505,111013,67,1,1290.00
18506,111014,86,1,879.00
18507,111015,76,3,449.00
18508,111015,29,1,2290.00
18509,111015,65,1,4390.00
18510,111015,68,1,2490.00
18511,111016,58,1,4890.00
18512,111017,57,2,489.00
18513,111018,98,1,879.00
18514,111019,45,1,6890.00
18515,111019,67,1,1290.00
18516,111019,131,1,1690.00
18517,111020,98,2,879.00
18518,111021,16,1,42290.00
18519,111022,88,1,7390.00
18520,111023,11,1,4890.00
18521,111023,9,1,3190.00
18522,111024,86,3,879.00
18523,111024,61,1,7390.00
18524,111025,58,1,4890.00
18525,111025,85,1,2490.00
18526,111026,104,2,4890.00
18527,111026,67,1,1290.00
18528,111027,85,2,2490.00
18529,111027,78,1,1890.00
18530,111028,39,1,5890.00
18531,111028,23,1,3390.00
18532,111029,66,1,1490.00
18533,111029,129,1,8890.00
18534,111029,111,1,579.00
18535,111030,91,1,1490.00
18536,111031,63,1,5790.00
18537,111031,71,1,2890.00
18538,111032,11,2,4890.00
18539,111033,86,2,879.00
18540,111034,54,1,3390.00
18541,111035,86,1,879.00
18542,111036,77,1,2190.00
18543,111037,67,1,1290.00
18544,111038,77,1,2190.00
18545,111038,8,1,17690.00
18546,111038,36,1,7890.00
18547,111038,122,1,2290.00
18548,111039,111,3,579.00
18549,111039,65,1,4390.00
18550,111039,89,1,389.00
18551,111039,31,1,44290.00
18552,111040,38,1,2890.00
18553,111041,29,1,2290.00
18554,111041,73,1,479.00
18555,111042,84,3,679.00
18556,111043,86,1,879.00
18557,111044,62,1,4490.00
18558,111044,129,1,8890.00
18559,111045,109,1,8890.00
18560,111045,88,1,7390.00
18561,111046,2,1,36390.00
18562,111047,41,1,27590.00
18563,111048,30,1,3090.00
18564,111048,78,1,1890.00
18565,111049,63,1,5790.00
18566,111050,35,2,4690.00
18567,111051,75,1,2290.00
18568,111052,66,1,1490.00
18569,111053,51,1,6390.00
18570,111054,41,1,27590.00
18571,111055,15,1,17190.00
18572,111056,67,1,1290.00
18573,111057,26,1,49190.00
18574,111058,95,1,1090.00
18575,111058,121,1,2490.00
18576,111059,42,1,979.00
18577,111060,76,1,449.00
18578,111061,11,1,4890.00
18579,111061,44,1,2990.00
18580,111061,57,1,489.00
18581,111061,8,1,17690.00
18582,111062,67,1,1290.00
18583,111063,57,3,489.00
18584,111064,9,1,3190.00
18585,111064,67,1,1290.00
18586,111064,84,1,679.00
18587,111065,11,2,4890.00
18588,111066,65,2,4390.00
18589,111066,67,1,1290.00
18590,111067,9,1,3190.00
18591,111068,52,1,7390.00
18592,111068,63,1,5790.00
18593,111069,111,3,579.00
18594,111069,36,1,7890.00
18595,111069,86,1,879.00
18596,111069,29,1,2290.00
18597,111070,84,3,679.00
18598,111071,91,2,1490.00
18599,111071,128,1,17690.00
18600,111071,9,1,3190.00
18601,111072,89,1,389.00
18602,111072,127,1,6890.00
18603,111073,85,1,2490.00
18604,111073,89,3,389.00
18605,111074,54,1,3390.00
18606,111074,67,1,1290.00
18607,111075,35,1,4690.00
18608,111076,46,1,3190.00
18609,111077,85,1,2490.00
18610,111078,59,1,1990.00
18611,111079,31,1,44290.00
18612,111080,86,1,879.00
18613,111081,12,1,3890.00
18614,111081,63,1,5790.00
18615,111081,51,1,6390.00
18616,111081,9,1,3190.00
18617,111082,88,1,7390.00
18618,111083,26,1,49190.00
18619,111084,82,1,7890.00
18620,111084,86,1,879.00
18621,111085,64,1,3890.00
18622,111085,86,1,879.00
18623,111086,83,1,6890.00
18624,111087,26,1,49190.00
18625,111088,8,1,17690.00
18626,111089,123,1,1790.00
18627,111090,16,1,42290.00
18628,111091,119,1,3390.00
18629,111091,46,1,3190.00
18630,111091,86,1,879.00
18631,111092,17,1,63990.00
18632,111093,31,1,44290.00
18633,111094,43,1,1290.00
18634,111095,81,1,4890.00
18635,111096,86,1,879.00
18636,111096,58,1,4890.00
18637,111096,99,1,1290.00
18638,111097,96,1,579.00
18639,111098,9,1,3190.00
18640,111099,75,1,2290.00
18641,111100,125,1,1990.00
18642,111101,121,1,2490.00
18643,111102,42,1,979.00
18644,111103,22,1,2490.00
18645,111103,59,2,1990.00
18646,111104,30,2,3090.00
18647,111104,29,1,2290.00
18648,111105,112,2,879.00
18649,111105,104,1,4890.00
18650,111106,43,1,1290.00
18651,111107,43,1,1290.00
18652,111107,20,1,10790.00
18653,111108,65,1,4390.00
18654,111109,95,1,1090.00
18655,111109,65,2,4390.00
18656,111110,86,2,879.00
18657,111111,118,1,9790.00
18658,111111,42,2,979.00
18659,111111,86,1,879.00
18660,111112,84,1,679.00
18661,111113,23,1,3390.00
18662,111114,87,1,2890.00
18663,111115,78,2,1890.00
18664,111116,56,2,789.00
18665,111117,76,1,449.00
18666,111118,21,1,7890.00
18667,111119,44,1,2990.00
18668,111120,105,1,1490.00
18669,111120,120,1,1490.00
18670,111120,131,1,1690.00
18671,111120,58,1,4890.00
18672,111121,38,1,2890.00
18673,111122,89,1,389.00
18674,111123,42,1,979.00
18675,111123,12,1,3890.00
18676,111123,111,2,579.00
18677,111123,23,1,3390.00
18678,111124,45,1,6890.00
18679,111125,86,1,879.00
18680,111126,86,1,879.00
18681,111126,57,1,489.00
18682,111126,46,1,3290.00
18683,111127,111,1,579.00
18684,111128,58,2,4890.00
18685,111128,2,1,36390.00
18686,111128,38,1,2890.00
18687,111129,14,1,11790.00
18688,111129,86,2,879.00
18689,111129,96,2,579.00
18690,111129,66,1,1490.00
18691,111130,122,1,2290.00
18692,111131,38,1,2890.00
18693,111131,9,1,3190.00
18694,111132,42,3,979.00
18695,111133,87,2,2890.00
18696,111133,84,1,679.00
18697,111134,50,1,7890.00
18698,111134,56,2,789.00
18699,111135,49,1,9790.00
18700,111136,40,1,31990.00
18701,111136,92,1,979.00
18702,111137,84,1,679.00
18703,111137,111,2,579.00
18704,111138,17,1,63990.00
18705,111139,32,1,5390.00
18706,111139,42,1,979.00
18707,111140,73,2,479.00
18708,111140,86,1,879.00
18709,111140,3,1,83690.00
18710,111141,46,1,3290.00
18711,111142,96,3,579.00
18712,111142,131,1,1690.00
18713,111142,50,1,7890.00
18714,111143,67,1,1290.00
18715,111143,21,1,7890.00
18716,111143,61,1,7390.00
18717,111143,99,1,1290.00
18718,111144,23,2,3390.00
18719,111145,44,1,2990.00
18720,111146,86,3,879.00
18721,111146,99,1,1290.00
18722,111147,40,1,31990.00
18723,111147,36,1,7890.00
18724,111148,23,1,3390.00
18725,111148,46,1,3290.00
18726,111149,11,1,4890.00
18727,111150,51,1,6390.00
18728,111151,38,1,2890.00
18729,111152,63,1,5790.00
18730,111152,96,1,579.00
18731,111152,57,3,489.00
18732,111153,51,1,6390.00
18733,111153,111,1,579.00
18734,111154,20,1,10790.00
18735,111155,96,2,579.00
18736,111155,46,1,3290.00
18737,111156,98,1,879.00
18738,111157,86,1,879.00
18739,111158,89,1,389.00
18740,111158,123,2,1790.00
18741,111159,38,1,2890.00
18742,111159,29,2,2290.00
18743,111160,95,1,1090.00
18744,111160,85,1,2490.00
18745,111160,86,1,879.00
18746,111161,9,1,3190.00
18747,111161,81,1,4890.00
18748,111162,42,1,979.00
18749,111163,87,1,2890.00
18750,111163,38,1,2890.00
18751,111163,30,1,3090.00
18752,111163,86,2,879.00
18753,111164,56,3,789.00
18754,111164,13,1,27590.00
18755,111165,86,2,879.00
18756,111165,10,1,12790.00
18757,111165,111,1,579.00
18758,111166,87,1,2890.00
18759,111166,21,1,7890.00
18760,111166,2,1,36390.00
18761,111166,71,1,2890.00
18762,111167,86,1,879.00
18763,111167,91,1,1490.00
18764,111168,23,1,3390.00
18765,111168,46,1,3290.00
18766,111169,61,1,7390.00
18767,111169,50,1,7890.00
18768,111169,45,1,6890.00
18769,111170,25,1,24590.00
18770,111170,52,1,7390.00
18771,111171,81,1,4890.00
18772,111171,86,1,879.00
18773,111171,56,2,789.00
18774,111172,126,1,3190.00
18775,111173,89,1,389.00
18776,111173,74,2,679.00
18777,111174,49,1,9790.00
18778,111175,77,1,2190.00
18779,111175,76,1,449.00
18780,111175,119,1,3390.00
18781,111176,95,1,1090.00
18782,111177,1,1,21690.00
18783,111177,78,2,1890.00
18784,111178,102,1,1990.00
18785,111178,98,1,879.00
18786,111178,73,2,479.00
18787,111178,89,1,389.00
18788,111179,96,2,579.00
18789,111179,11,1,4890.00
18790,111180,111,2,579.00
18791,111180,76,3,449.00
18792,111181,16,1,42390.00
18793,111181,57,2,489.00
18794,111182,14,1,11790.00
18795,111182,1,1,21690.00
18796,111182,73,2,479.00
18797,111183,34,1,6390.00
18798,111184,51,1,6390.00
18799,111185,57,1,489.00
18800,111185,58,1,4890.00
18801,111186,81,2,4890.00
18802,111187,123,3,1790.00
18803,111188,86,1,879.00
18804,111188,68,1,2490.00
18805,111188,78,1,1890.00
18806,111188,95,1,1090.00
18807,111189,93,1,779.00
18808,111189,89,2,389.00
18809,111189,63,1,5790.00
18810,111190,23,1,3390.00
18811,111191,53,1,11290.00
18812,111191,68,1,2490.00
18813,111192,89,1,389.00
18814,111192,62,1,4490.00
18815,111192,29,1,2290.00
18816,111193,61,1,7390.00
18817,111193,3,1,83790.00
18818,111194,38,1,2890.00
18819,111194,85,1,2490.00
18820,111194,20,1,10790.00
18821,111195,54,2,3390.00
18822,111195,66,1,1490.00
18823,111196,89,1,389.00
18824,111197,119,1,3390.00
18825,111197,86,1,879.00
18826,111198,31,1,44290.00
18827,111199,97,2,479.00
18828,111200,12,1,3890.00
18829,111200,25,1,24590.00
18830,111200,93,1,779.00
18831,111201,60,1,3390.00
18832,111202,74,2,679.00
18833,111203,97,1,479.00
18834,111204,24,1,16690.00
18835,111205,42,1,979.00
18836,111206,73,3,479.00
18837,111207,91,1,1490.00
18838,111207,86,1,879.00
18839,111207,74,1,679.00
18840,111208,73,1,479.00
18841,111209,11,1,4890.00
18842,111209,111,2,579.00
18843,111210,12,1,3890.00
18844,111210,46,1,3290.00
18845,111211,86,1,879.00
18846,111212,86,1,879.00
18847,111212,66,1,1490.00
18848,111213,43,1,1290.00
18849,111214,44,1,2990.00
18850,111215,86,1,879.00
18851,111215,44,1,2990.00
18852,111216,30,1,3090.00
18853,111217,92,1,979.00
18854,111218,81,1,4890.00
18855,111218,74,1,679.00
18856,111219,29,1,2290.00
18857,111220,83,1,6890.00
18858,111221,9,1,3190.00
18859,111221,86,1,879.00
18860,111222,81,1,4890.00
18861,111223,43,1,1290.00
18862,111223,51,1,6390.00
18863,111224,10,1,12790.00
18864,111225,54,1,3390.00
18865,111226,86,2,879.00
18866,111227,101,1,1590.00
18867,111227,46,1,3290.00
18868,111228,25,1,24590.00
18869,111229,39,1,5890.00
18870,111229,124,1,1590.00
18871,111230,75,2,2290.00
18872,111231,78,1,1890.00
18873,111232,41,1,27590.00
18874,111233,86,1,879.00
18875,111234,105,1,1490.00
18876,111235,29,1,2290.00
18877,111235,112,1,879.00
18878,111236,42,1,979.00
18879,111237,78,1,1890.00
18880,111238,92,1,979.00
18881,111239,77,2,2190.00
18882,111240,89,1,389.00
18883,111240,76,1,449.00
18884,111241,89,1,389.00
18885,111242,55,1,5890.00
18886,111243,85,1,2490.00
18887,111243,76,2,449.00
18888,111243,78,1,1890.00
18889,111243,51,1,6390.00
18890,111244,51,1,6390.00
18891,111245,64,1,3890.00
18892,111246,44,1,2990.00
18893,111246,122,1,2290.00
18894,111246,78,1,1890.00
18895,111246,86,1,879.00
18896,111247,76,1,449.00
18897,111247,97,2,479.00
18898,111247,11,1,4890.00
18899,111248,121,1,2490.00
18900,111249,75,1,2290.00
18901,111249,62,1,4490.00
18902,111249,83,1,6890.00
18903,111249,65,1,4390.00
18904,111250,74,1,679.00
18905,111250,43,1,1290.00
18906,111251,67,1,1290.00
18907,111252,74,1,679.00
18908,111252,75,1,2290.00
18909,111253,86,1,879.00
18910,111253,114,1,34490.00
18911,111254,20,1,10790.00
18912,111255,91,1,1490.00
18913,111256,67,1,1290.00
18914,111257,34,1,6390.00
18915,111257,58,1,4890.00
18916,111257,79,1,5390.00
18917,111258,30,1,3090.00
18918,111259,29,1,2290.00
18919,111259,120,1,1490.00
18920,111260,86,1,879.00
18921,111261,48,1,4890.00
18922,111261,21,1,7890.00
18923,111261,9,1,3190.00
18924,111262,46,1,3290.00
18925,111263,16,1,42390.00
18926,111264,112,1,879.00
18927,111264,29,1,2290.00
18928,111265,86,2,879.00
18929,111266,77,1,2190.00
18930,111267,65,1,4390.00
18931,111268,85,2,2490.00
18932,111269,75,1,2290.00
18933,111270,92,1,979.00
18934,111271,90,1,2790.00
18935,111272,9,1,3190.00
18936,111273,31,1,44390.00
18937,111273,75,1,2290.00
18938,111273,86,1,879.00
18939,111274,89,1,389.00
18940,111275,75,1,2290.00
18941,111276,97,1,479.00
18942,111276,12,1,3890.00
18943,111276,56,1,789.00
18944,111277,122,2,2290.00
18945,111278,58,1,4890.00
18946,111279,86,2,879.00
18947,111280,42,2,979.00
18948,111280,8,1,17690.00
18949,111281,3,1,83790.00
18950,111282,85,1,2490.00
18951,111283,43,1,1290.00
18952,111284,25,1,24590.00
18953,111285,97,2,479.00
18954,111285,65,1,4390.00
18955,111285,75,1,2290.00
18956,111285,31,1,44390.00
18957,111286,65,1,4390.00
18958,111286,61,1,7390.00
18959,111286,86,1,879.00
18960,111286,63,1,5790.00
18961,111287,22,1,2490.00
18962,111287,79,1,5390.00
18963,111288,65,1,4390.00
18964,111288,111,2,579.00
18965,111289,86,3,879.00
18966,111289,68,1,2490.00
18967,111290,75,1,2290.00
18968,111290,59,1,1990.00
18969,111291,22,2,2490.00
18970,111292,33,1,11790.00
18971,111293,17,1,64090.00
18972,111293,82,1,7890.00
18973,111294,86,2,879.00
18974,111295,45,1,6890.00
18975,111296,28,1,21690.00
18976,111297,59,1,1990.00
18977,111298,18,1,52190.00
18978,111299,108,1,5390.00
18979,111299,46,1,3290.00
18980,111300,15,1,17190.00
18981,111300,38,2,2890.00
18982,111300,78,1,1890.00
18983,111301,57,2,489.00
18984,111302,48,1,4890.00
18985,111303,126,1,3190.00
18986,111303,46,2,3290.00
18987,111303,36,1,7890.00
18988,111304,116,1,1990.00
18989,111305,9,2,3190.00
18990,111305,42,1,989.00
18991,111305,38,1,2890.00
18992,111305,30,1,3090.00
18993,111306,111,1,579.00
18994,111307,119,1,3390.00
18995,111308,75,1,2290.00
18996,111309,82,1,7890.00
18997,111310,22,1,2490.00
18998,111310,43,1,1290.00
18999,111310,16,1,42390.00
19000,111310,57,1,489.00
19001,111311,26,1,49290.00
19002,111312,45,1,6890.00
19003,111312,43,1,1290.00
19004,111313,45,1,6890.00
19005,111313,42,1,989.00
19006,111314,57,2,489.00
19007,111315,85,1,2490.00
19008,111316,60,2,3390.00
19009,111316,104,2,4890.00
19010,111316,42,2,989.00
19011,111316,26,1,49290.00
19012,111317,67,1,1290.00
19013,111317,63,1,5790.00
19014,111317,86,3,879.00
19015,111318,58,1,4890.00
19016,111318,86,1,879.00
19017,111319,1,1,21690.00
19018,111319,118,1,9890.00
19019,111319,52,1,7390.00
19020,111320,122,1,2290.00
19021,111320,57,1,489.00
19022,111320,125,1,1990.00
19023,111321,101,1,1590.00
19024,111322,65,1,4390.00
19025,111323,61,1,7390.00
19026,111324,105,1,1490.00
19027,111325,89,1,389.00
19028,111325,86,3,879.00
19029,111326,101,1,1590.00
19030,111327,85,1,2490.00
19031,111327,30,1,3090.00
19032,111327,83,1,6890.00
19033,111327,89,1,389.00
19034,111328,23,1,3390.00
19035,111329,65,1,4390.00
19036,111329,12,1,3890.00
19037,111330,90,2,2790.00
19038,111330,104,1,4890.00
19039,111331,30,2,3090.00
19040,111332,85,1,2490.00
19041,111333,29,1,2290.00
19042,111333,5,1,128190.00
19043,111334,81,1,4890.00
19044,111334,20,1,10790.00
19045,111335,77,1,2190.00
19046,111336,9,1,3190.00
19047,111336,57,1,489.00
19048,111336,20,1,10790.00
19049,111337,15,1,17190.00
19050,111337,80,1,5890.00
19051,111338,63,1,5790.00
19052,111339,73,2,479.00
19053,111340,131,1,1690.00
19054,111341,74,1,679.00
19055,111341,86,1,879.00
19056,111342,124,1,1590.00
19057,111343,25,1,24590.00
19058,111343,29,1,2290.00
19059,111344,90,1,2890.00
19060,111345,118,1,9890.00
19061,111346,28,1,21690.00
19062,111346,57,1,489.00
19063,111346,67,1,1290.00
19064,111347,111,3,579.00
19065,111348,84,2,679.00
19066,111348,99,1,1290.00
19067,111348,48,1,4890.00
19068,111349,76,1,449.00
19069,111350,66,1,1490.00
19070,111351,126,1,3190.00
19071,111351,111,1,579.00
19072,111352,11,1,4890.00
19073,111353,42,1,989.00
19074,111353,67,1,1290.00
19075,111354,59,1,1990.00
19076,111354,57,1,489.00
19077,111354,67,1,1290.00
19078,111355,57,1,489.00
19079,111356,78,2,1890.00
19080,111356,88,1,7390.00
19081,111357,57,2,489.00
19082,111358,11,1,4890.00
19083,111359,12,1,3890.00
19084,111360,38,2,2890.00
19085,111360,86,1,879.00
19086,111361,36,1,7890.00
19087,111362,111,2,579.00
19088,111363,83,1,6890.00
19089,111363,126,1,3190.00
19090,111364,126,1,3190.00
19091,111364,77,1,2190.00
19092,111364,78,1,1890.00
19093,111364,84,1,679.00
19094,111365,75,2,2290.00
19095,111365,40,1,31990.00
19096,111365,76,2,449.00
19097,111366,29,1,2290.00
19098,111367,2,1,36490.00
19099,111368,122,1,2290.00
19100,111369,63,1,5790.00
19101,111369,84,1,679.00
19102,111370,73,2,479.00
19103,111371,34,1,6390.00
19104,111372,91,1,1490.00
19105,111372,77,1,2190.00
19106,111373,23,1,3390.00
19107,111373,79,1,5390.00
19108,111374,86,2,879.00
19109,111375,86,3,879.00
19110,111376,23,2,3390.00
19111,111376,95,1,1090.00
19112,111376,15,1,17290.00
19113,111377,30,1,3090.00
19114,111377,23,1,3390.00
19115,111377,12,2,3890.00
19116,111378,65,1,4390.00
19117,111378,86,1,879.00
19118,111378,43,1,1290.00
19119,111378,117,1,2890.00
19120,111379,86,2,879.00
19121,111379,58,1,4890.00
19122,111379,57,1,489.00
19123,111379,112,1,879.00
19124,111380,2,1,36490.00
19125,111381,14,1,11790.00
19126,111382,58,1,4890.00
19127,111382,81,1,4890.00
19128,111382,52,1,7390.00
19129,111383,82,1,7890.00
19130,111384,85,1,2490.00
19131,111384,88,1,7390.00
19132,111385,84,1,679.00
19133,111385,30,2,3090.00
19134,111386,35,1,4690.00
19135,111386,44,1,2990.00
19136,111386,57,1,489.00
19137,111387,14,1,11790.00
19138,111387,67,1,1290.00
19139,111388,46,1,3290.00
19140,111389,101,1,1590.00
19141,111390,74,1,679.00
19142,111390,76,2,449.00
19143,111391,50,1,7890.00
19144,111392,102,1,1990.00
19145,111393,33,1,11790.00
19146,111393,57,1,489.00
19147,111394,87,1,2890.00
19148,111394,35,1,4690.00
19149,111394,86,1,879.00
19150,111395,63,1,5790.00
19151,111395,78,1,1890.00
19152,111396,59,1,1990.00
19153,111397,77,2,2190.00
19154,111398,111,1,579.00
19155,111399,63,1,5790.00
19156,111399,128,1,17690.00
19157,111399,38,1,2890.00
19158,111400,67,1,1290.00
19159,111401,22,1,2490.00
19160,111402,29,1,2290.00
19161,111403,23,1,3390.00
19162,111404,74,2,679.00
19163,111405,96,1,579.00
19164,111405,111,2,579.00
19165,111406,12,1,3890.00
19166,111407,86,1,879.00
19167,111408,21,1,7890.00
19168,111408,44,1,2990.00
19169,111408,86,3,879.00
19170,111408,57,1,489.00
19171,111409,85,1,2490.00
19172,111410,11,1,4890.00
19173,111411,91,1,1490.00
19174,111412,90,1,2890.00
19175,111412,122,1,2290.00
19176,111413,6,1,13290.00
19177,111414,76,2,449.00
19178,111414,86,1,879.00
19179,111415,104,1,4890.00
19180,111415,124,1,1590.00
19181,111416,86,1,879.00
19182,111416,66,1,1490.00
19183,111416,96,2,579.00
19184,111416,79,1,5390.00
19185,111417,66,1,1490.00
19186,111418,36,1,7890.00
19187,111418,77,1,2190.00
19188,111418,12,1,3890.00
19189,111418,73,1,479.00
19190,111419,20,1,10790.00
19191,111419,46,2,3290.00
19192,111420,12,1,3890.00
19193,111420,59,1,1990.00
19194,111421,46,1,3290.00
19195,111421,23,1,3390.00
19196,111422,120,2,1490.00
19197,111423,86,3,879.00
19198,111424,86,1,879.00
19199,111424,10,1,12790.00
19200,111424,56,1,789.00
19201,111425,76,1,449.00
19202,111426,46,2,3290.00
19203,111427,93,1,779.00
19204,111428,57,1,489.00
19205,111428,43,1,1290.00
19206,111428,46,2,3290.00
19207,111429,40,1,32090.00
19208,111430,3,1,83790.00
19209,111431,82,1,7890.00
19210,111431,81,1,4890.00
19211,111432,67,1,1290.00
19212,111432,83,1,6890.00
19213,111433,35,1,4690.00
19214,111434,58,1,4890.00
19215,111434,76,2,449.00
19216,111435,86,1,879.00
19217,111435,29,1,2290.00
19218,111436,38,1,2890.00
19219,111437,112,1,879.00
19220,111437,58,1,4890.00
19221,111438,34,1,6390.00
19222,111438,89,1,389.00
19223,111439,57,2,489.00
19224,111439,44,1,2990.00
19225,111440,17,1,64090.00
19226,111440,12,1,3890.00
19227,111441,81,1,4890.00
19228,111441,59,1,1990.00
19229,111442,67,1,1290.00
19230,111443,13,1,27590.00
19231,111443,75,2,2290.00
19232,111443,23,2,3390.00
19233,111444,81,1,4890.00
19234,111444,23,1,3390.00
19235,111444,86,1,879.00
19236,111445,127,1,6890.00
19237,111446,57,3,489.00
19238,111447,122,1,2290.00
19239,111448,119,1,3390.00
19240,111449,89,1,389.00
19241,111449,75,1,2290.00
19242,111449,43,2,1290.00
19243,111450,65,1,4390.00
19244,111451,79,1,5390.00
19245,111452,30,1,3090.00
19246,111453,10,1,12790.00
19247,111453,86,1,879.00
19248,111454,74,1,679.00
19249,111455,91,1,1490.00
19250,111456,65,1,4390.00
19251,111457,76,1,449.00
19252,111458,99,2,1290.00
19253,111459,97,2,479.00
19254,111460,57,1,489.00
19255,111461,86,1,879.00
19256,111462,84,3,679.00
19257,111462,78,1,1890.00
19258,111463,34,1,6390.00
19259,111464,82,1,7890.00
19260,111464,10,1,12790.00
19261,111465,13,1,27590.00
19262,111466,57,2,489.00
19263,111467,43,1,1290.00
19264,111468,57,1,489.00
19265,111469,85,1,2490.00
19266,111469,83,1,6890.00
19267,111470,117,1,2990.00
19268,111470,66,1,1490.00
19269,111471,89,1,389.00
19270,111472,76,1,449.00
19271,111473,22,2,2490.00
19272,111474,99,1,1290.00
19273,111475,22,1,2490.00
19274,111476,86,2,879.00
19275,111477,57,1,489.00
19276,111477,67,2,1290.00
19277,111477,86,2,879.00
19278,111477,15,1,17290.00
19279,111478,27,1,59190.00
19280,111479,95,1,1090.00
19281,111479,111,1,579.00
19282,111479,119,1,3390.00
19283,111480,43,1,1290.00
19284,111480,89,1,389.00
19285,111480,91,1,1490.00
19286,111481,88,1,7390.00
19287,111481,118,1,9890.00
19288,111482,109,1,8890.00
19289,111482,125,1,1990.00
19290,111483,94,1,1190.00
19291,111483,67,1,1290.00
19292,111484,26,1,49290.00
19293,111485,81,1,4890.00
19294,111486,44,2,2990.00
19295,111486,97,2,479.00
19296,111487,111,1,579.00
19297,111488,58,2,4890.00
19298,111489,10,1,12790.00
19299,111490,43,2,1290.00
19300,111490,76,1,449.00
19301,111491,93,2,779.00
19302,111492,76,1,449.00
19303,111493,67,1,1290.00
19304,111493,95,1,1090.00
19305,111494,74,1,679.00
19306,111495,86,1,879.00
19307,111495,58,2,4890.00
19308,111495,84,1,679.00
19309,111496,105,1,1490.00
19310,111496,42,1,989.00
19311,111496,111,2,579.00
19312,111496,12,1,3890.00
19313,111497,63,1,5790.00
19314,111498,117,1,2990.00
19315,111499,43,1,1290.00
19316,111500,50,1,7890.00
19317,111501,85,1,2490.00
19318,111501,81,1,4890.00
19319,111502,12,1,3890.00
19320,111502,38,1,2990.00
19321,111503,43,1,1290.00
19322,111504,86,1,879.00
19323,111505,42,1,989.00
19324,111506,23,1,3390.00
19325,111507,9,1,3190.00
19326,111507,110,1,3890.00
19327,111508,22,1,2490.00
19328,111509,33,1,11790.00
19329,111510,76,1,449.00
19330,111511,63,1,5790.00
19331,111512,123,2,1790.00
19332,111513,117,1,2990.00
19333,111513,76,1,449.00
19334,111513,78,1,1890.00
19335,111514,76,3,449.00
19336,111515,10,1,12790.00
19337,111516,20,1,10790.00
19338,111516,3,1,83890.00
19339,111516,43,1,1290.00
19340,111517,11,1,4890.00
19341,111518,86,2,879.00
19342,111518,23,2,3390.00
19343,111519,30,1,3090.00
19344,111519,47,1,12790.00
19345,111519,58,1,4890.00
19346,111520,64,1,3890.00
19347,111520,74,1,679.00
19348,111521,46,1,3290.00
19349,111522,86,1,879.00
19350,111523,14,1,11790.00
19351,111523,57,1,489.00
19352,111523,89,2,389.00
19353,111523,20,1,10790.00
19354,111524,46,1,3290.00
19355,111525,47,1,12790.00
19356,111526,14,1,11790.00
19357,111526,86,1,879.00
19358,111526,121,1,2490.00
19359,111527,43,1,1290.00
19360,111527,105,1,1490.00
19361,111528,118,1,9890.00
19362,111528,38,1,2990.00
19363,111529,42,2,989.00
19364,111529,131,1,1690.00
19365,111530,79,1,5390.00
19366,111531,110,1,3890.00
19367,111531,66,1,1490.00
19368,111532,22,1,2490.00
19369,111533,86,1,879.00
19370,111534,74,1,679.00
19371,111535,123,1,1790.00
19372,111536,42,1,989.00
19373,111536,33,1,11790.00
19374,111537,75,1,2290.00
19375,111538,42,1,989.00
19376,111539,117,2,2990.00
19377,111539,101,2,1590.00
19378,111539,86,1,879.00
19379,111540,111,1,579.00
19380,111541,2,1,36490.00
19381,111542,85,1,2490.00
19382,111543,46,1,3290.00
19383,111543,57,1,489.00
19384,111543,123,2,1790.00
19385,111543,78,1,1890.00
19386,111544,90,1,2890.00
19387,111545,82,1,7890.00
19388,111545,76,1,449.00
19389,111546,60,1,3390.00
19390,111546,89,1,389.00
19391,111547,24,1,16790.00
19392,111548,50,1,7890.00
19393,111549,32,1,5390.00
19394,111549,83,1,6890.00
19395,111549,92,1,979.00
19396,111550,85,1,2490.00
19397,111551,63,1,5790.00
19398,111551,105,1,1490.00
19399,111552,58,1,4890.00
19400,111552,46,1,3290.00
19401,111552,123,1,1790.00
19402,111552,23,2,3390.00
19403,111553,76,1,449.00
19404,111554,38,2,2990.00
19405,111554,123,2,1790.00
19406,111555,99,1,1290.00
19407,111556,111,2,579.00
19408,111556,125,1,1990.00
19409,111557,86,1,879.00
19410,111558,73,1,479.00
19411,111558,36,1,7890.00
19412,111559,66,1,1490.00
19413,111560,11,1,4890.00
19414,111561,26,1,49290.00
19415,111562,80,1,5890.00
19416,111563,12,1,3890.00
19417,111563,42,1,989.00
19418,111563,74,3,679.00
19419,111564,17,1,64190.00
19420,111565,91,1,1490.00
19421,111565,57,3,489.00
19422,111566,126,1,3190.00
19423,111566,65,1,4390.00
19424,111567,75,1,2290.00
19425,111568,71,1,2990.00
19426,111568,117,1,2990.00
19427,111569,97,1,479.00
19428,111569,81,1,4890.00
19429,111569,16,1,42390.00
19430,111570,67,1,1290.00
19431,111570,75,1,2290.00
19432,111571,73,1,479.00
19433,111572,41,1,27590.00
19434,111573,76,3,449.00
19435,111574,23,1,3390.00
19436,111575,99,2,1290.00
19437,111576,93,1,779.00
19438,111577,29,1,2290.00
19439,111578,61,1,7390.00
19440,111579,15,1,17290.00
19441,111580,23,1,3390.00
19442,111581,86,1,879.00
19443,111582,20,1,10790.00
19444,111583,91,1,1490.00
19445,111583,1,1,21690.00
19446,111584,58,1,4890.00
19447,111585,51,1,6390.00
19448,111585,86,1,879.00
19449,111585,9,1,3190.00
19450,111586,71,1,2990.00
19451,111586,109,1,8890.00
19452,111587,111,1,579.00
19453,111587,84,1,679.00
19454,111588,27,1,59190.00
19455,111589,57,1,489.00
19456,111590,25,1,24690.00
19457,111591,111,2,579.00
19458,111592,30,1,3090.00
19459,111593,84,1,679.00
19460,111594,68,1,2490.00
19461,111595,23,1,3390.00
19462,111595,111,1,579.00
19463,111595,76,1,449.00
19464,111596,67,1,1290.00
19465,111596,2,1,36490.00
19466,111596,110,1,3890.00
19467,111596,23,1,3390.00
19468,111597,86,2,879.00
19469,111598,89,3,389.00
19470,111598,6,1,13290.00
19471,111599,101,1,1590.00
19472,111600,129,1,8890.00
19473,111600,10,1,12790.00
19474,111601,38,1,2990.00
19475,111601,13,1,27590.00
19476,111601,60,1,3390.00
19477,111602,36,1,7890.00
19478,111602,31,1,44390.00
19479,111603,12,1,3890.00
19480,111604,111,1,579.00
19481,111605,46,2,3290.00
19482,111605,57,1,489.00
19483,111605,14,1,11790.00
19484,111605,126,1,3190.00
19485,111606,111,2,579.00
19486,111607,93,1,779.00
19487,111607,83,1,6890.00
19488,111607,42,2,989.00
19489,111608,110,1,3890.00
19490,111609,102,1,1990.00
19491,111610,74,1,679.00
19492,111611,6,1,13290.00
19493,111611,42,1,989.00
19494,111612,117,2,2990.00
19495,111612,125,1,1990.00
19496,111613,82,1,7890.00
19497,111613,127,1,6890.00
19498,111614,56,1,789.00
19499,111614,15,1,17290.00
19500,111615,111,2,579.00
19501,111616,13,1,27590.00
19502,111616,88,1,7390.00
19503,111616,46,1,3290.00
19504,111616,86,1,879.00
19505,111617,12,1,3890.00
19506,111618,89,3,389.00
19507,111619,89,3,389.00
19508,111619,45,1,6890.00
19509,111620,65,2,4390.00
19510,111620,74,1,679.00
19511,111621,68,1,2490.00
19512,111622,19,1,118490.00
19513,111623,36,1,7890.00
19514,111624,83,1,6890.00
19515,111625,61,1,7390.00
19516,111625,38,1,2990.00
19517,111626,38,1,2990.00
19518,111626,58,1,4890.00
19519,111626,117,1,2990.00
19520,111626,93,1,779.00
19521,111627,8,1,17790.00
19522,111628,43,1,1290.00
19523,111629,107,1,39490.00
19524,111630,75,1,2290.00
19525,111631,111,1,579.00
19526,111631,78,1,1890.00
19527,111631,44,1,2990.00
19528,111632,86,2,879.00
19529,111633,42,3,989.00
19530,111633,44,1,2990.00
19531,111634,111,2,579.00
19532,111635,117,1,2990.00
19533,111635,14,1,11790.00
19534,111636,43,2,1290.00
19535,111637,27,1,59190.00
19536,111638,12,1,3890.00
19537,111639,106,1,24690.00
19538,111640,110,1,3890.00
19539,111640,11,1,4890.00
19540,111641,59,1,1990.00
19541,111641,42,1,989.00
19542,111642,11,1,4890.00
19543,111643,65,1,4390.00
19544,111643,117,1,2990.00
19545,111644,38,1,2990.00
19546,111644,74,2,679.00
19547,111645,85,1,2490.00
19548,111646,98,1,879.00
19549,111646,74,1,679.00
19550,111646,86,2,879.00
19551,111647,119,1,3390.00
19552,111648,43,2,1290.00
19553,111649,7,1,32590.00
19554,111650,67,1,1290.00
19555,111650,65,1,4390.00
19556,111650,59,1,1990.00
19557,111650,63,1,5790.00
19558,111651,122,1,2290.00
19559,111652,111,1,579.00
19560,111653,43,1,1290.00
19561,111654,89,3,389.00
19562,111655,73,1,479.00
19563,111656,93,2,779.00
19564,111656,95,2,1090.00
19565,111656,117,1,2990.00
19566,111657,131,1,1690.00
19567,111657,57,1,489.00
19568,111658,42,1,989.00
19569,111658,111,1,579.00
19570,111659,68,1,2490.00
19571,111660,90,1,2890.00
19572,111661,94,1,1190.00
19573,111662,5,1,128390.00
19574,111663,20,1,10890.00
19575,111663,67,1,1290.00
19576,111663,58,1,4890.00
19577,111664,117,2,2990.00
19578,111665,91,1,1490.00
19579,111666,80,1,5890.00
19580,111666,10,1,12790.00
19581,111667,87,1,2990.00
19582,111668,111,1,579.00
19583,111668,3,1,83890.00
19584,111668,78,1,1890.00
19585,111668,73,1,479.00
19586,111669,57,1,489.00
19587,111669,122,1,2290.00
19588,111670,59,1,1990.00
19589,111670,23,1,3390.00
19590,111670,66,1,1490.00
19591,111671,86,1,879.00
19592,111672,67,1,1290.00
19593,111672,75,2,2290.00
19594,111673,58,1,4890.00
19595,111673,84,1,679.00
19596,111674,88,1,7390.00
19597,111675,74,2,679.00
19598,111676,112,2,879.00
19599,111677,12,2,3890.00
19600,111678,57,1,489.00
19601,111678,73,1,479.00
19602,111678,109,1,8890.00
19603,111679,63,1,5790.00
19604,111679,23,1,3390.00
19605,111680,59,1,1990.00
19606,111681,45,1,6890.00
19607,111681,88,1,7390.00
19608,111682,60,1,3390.00
19609,111683,79,1,5390.00
19610,111683,78,1,1890.00
19611,111684,86,1,879.00
19612,111685,6,1,13290.00
19613,111686,74,2,679.00
19614,111686,79,1,5390.00
19615,111687,38,1,2990.00
19616,111687,56,1,789.00
19617,111688,67,1,1290.00
19618,111689,110,1,3890.00
19619,111689,34,1,6390.00
19620,111690,94,1,1190.00
19621,111691,57,1,489.00
19622,111692,38,1,2990.00
19623,111692,107,1,39490.00
19624,111693,29,1,2290.00
19625,111694,46,1,3290.00
19626,111695,15,1,17290.00
19627,111696,86,1,879.00
19628,111697,21,1,7890.00
19629,111698,68,1,2490.00
19630,111699,46,1,3290.00
19631,111700,57,3,489.00
19632,111700,65,1,4390.00
19633,111700,31,1,44390.00
19634,111701,82,1,7890.00
19635,111701,100,1,1690.00
19636,111701,81,1,4890.00
19637,111701,86,2,879.00
19638,111702,63,1,5790.00
19639,111703,77,1,2190.00
19640,111703,96,1,579.00
19641,111704,89,3,389.00
19642,111705,59,1,1990.00
19643,111706,12,1,3890.00
19644,111707,100,1,1690.00
19645,111707,3,1,83890.00
19646,111707,43,1,1290.00
19647,111707,95,1,1090.00
19648,111708,65,1,4390.00
19649,111709,8,1,17790.00
19650,111710,25,1,24690.00
19651,111710,75,1,2290.00
19652,111710,23,1,3390.00
19653,111710,9,1,3190.00
19654,111711,22,1,2490.00
19655,111712,123,1,1790.00
19656,111712,21,1,7890.00
19657,111712,67,1,1290.00
19658,111713,85,1,2490.00
19659,111714,44,2,2990.00
19660,111715,111,3,579.00
19661,111715,42,1,989.00
19662,111715,99,1,1290.00
19663,111716,65,1,4390.00
19664,111717,38,1,2990.00
19665,111717,98,2,879.00
19666,111718,73,3,479.00
19667,111719,39,1,5890.00
19668,111719,111,1,579.00
19669,111719,86,1,879.00
19670,111720,38,1,2990.00
19671,111720,74,2,679.00
19672,111721,27,1,59290.00
19673,111721,21,1,7890.00
19674,111722,93,2,779.00
19675,111723,128,1,17790.00
19676,111723,29,1,2290.00
19677,111724,41,1,27590.00
19678,111724,74,2,679.00
19679,111725,23,1,3390.00
19680,111726,30,2,3190.00
19681,111727,65,1,4390.00
19682,111727,33,1,11790.00
19683,111728,97,1,479.00
19684,111728,88,1,7390.00
19685,111729,91,1,1490.00
19686,111730,8,1,17790.00
19687,111730,108,1,5390.00
19688,111731,112,1,879.00
19689,111731,57,3,489.00
19690,111731,13,1,27590.00
19691,111731,81,1,4890.00
19692,111732,97,1,479.00
19693,111732,29,1,2290.00
19694,111732,102,1,1990.00
19695,111732,58,2,4890.00
19696,111733,112,1,879.00
19697,111733,56,1,789.00
19698,111733,58,1,4890.00
19699,111734,79,1,5390.00
19700,111734,95,1,1090.00
19701,111735,85,1,2490.00
19702,111736,97,1,479.00
19703,111737,3,1,83990.00
19704,111738,57,2,489.00
19705,111739,57,1,489.00
19706,111739,29,1,2290.00
19707,111740,43,1,1290.00
19708,111741,110,2,3890.00
19709,111742,79,1,5390.00
19710,111742,126,1,3190.00
19711,111742,97,2,479.00
19712,111743,110,1,3890.00
19713,111744,35,1,4690.00
19714,111744,89,1,389.00
19715,111744,86,1,879.00
19716,111745,11,1,4890.00
19717,111746,42,2,989.00
19718,111747,60,1,3390.00
19719,111748,23,1,3390.00
19720,111748,30,1,3190.00
19721,111749,34,1,6390.00
19722,111749,25,1,24690.00
19723,111750,24,1,16790.00
19724,111750,81,2,4890.00
19725,111751,74,1,679.00
19726,111752,57,1,489.00
19727,111752,6,1,13290.00
19728,111753,10,1,12790.00
19729,111753,117,1,2990.00
19730,111753,64,1,3890.00
19731,111754,86,1,879.00
19732,111754,64,1,3890.00
19733,111755,88,1,7390.00
19734,111755,31,1,44390.00
19735,111755,109,1,8890.00
19736,111756,23,1,3390.00
19737,111757,41,1,27690.00
19738,111757,76,1,449.00
19739,111758,38,1,2990.00
19740,111758,25,1,24690.00
19741,111759,9,1,3290.00
19742,111759,12,1,3890.00
19743,111759,111,1,579.00
19744,111760,111,2,579.00
19745,111761,111,1,579.00
19746,111761,42,2,989.00
19747,111761,77,1,2190.00
19748,111762,59,1,1990.00
19749,111762,86,1,879.00
19750,111762,111,1,579.00
19751,111762,23,1,3390.00
19752,111763,111,2,579.00
19753,111763,89,2,389.00
19754,111763,31,1,44390.00
19755,111764,17,1,64190.00
19756,111764,117,1,2990.00
19757,111764,91,1,1490.00
19758,111765,73,2,479.00
19759,111766,30,1,3190.00
19760,111766,46,1,3290.00
19761,111767,40,1,32090.00
19762,111767,30,1,3190.00
19763,111767,29,1,2290.00
19764,111768,30,2,3190.00
19765,111769,122,1,2290.00
19766,111770,52,1,7390.00
19767,111770,131,1,1690.00
19768,111770,51,1,6390.00
19769,111770,59,1,1990.00
19770,111771,131,1,1690.00
19771,111771,86,1,879.00
19772,111772,94,2,1190.00
19773,111773,86,1,879.00
19774,111774,65,1,4390.00
19775,111774,38,2,2990.00
19776,111775,57,1,489.00
19777,111775,12,1,3890.00
19778,111776,97,2,479.00
19779,111777,83,1,6890.00
19780,111778,74,3,679.00
19781,111779,97,1,479.00
19782,111779,8,1,17790.00
19783,111780,89,1,389.00
19784,111781,24,1,16790.00
19785,111781,100,2,1690.00
19786,111781,20,1,10890.00
19787,111781,54,1,3490.00
19788,111782,96,1,579.00
19789,111783,97,1,479.00
19790,111784,14,1,11790.00
19791,111785,85,1,2490.00
19792,111785,63,1,5790.00
19793,111785,110,1,3890.00
19794,111786,75,1,2290.00
19795,111787,19,1,118590.00
19796,111787,85,1,2490.00
19797,111787,58,1,4890.00
19798,111788,86,2,879.00
19799,111789,111,1,579.00
19800,111790,38,1,2990.00
19801,111791,105,1,1490.00
19802,111792,117,1,2990.00
19803,111792,17,1,64190.00
19804,111793,31,1,44490.00
19805,111793,45,1,6890.00
19806,111794,88,1,7390.00
19807,111795,8,1,17790.00
19808,111796,80,1,5890.00
19809,111796,55,1,5890.00
19810,111796,2,1,36590.00
19811,111797,68,1,2490.00
19812,111798,41,1,27690.00
19813,111799,63,1,5790.00
19814,111799,46,1,3290.00
19815,111799,91,1,1490.00
19816,111800,63,1,5790.00
19817,111800,7,1,32590.00
19818,111801,66,1,1490.00
19819,111801,17,1,64190.00
19820,111802,42,1,989.00
19821,111802,86,3,879.00
19822,111802,38,1,2990.00
19823,111803,95,1,1090.00
19824,111804,90,2,2890.00
19825,111805,21,1,7890.00
19826,111805,38,1,2990.00
19827,111805,74,1,679.00
19828,111805,58,1,4890.00
19829,111806,23,1,3390.00
19830,111807,111,1,579.00
19831,111808,25,1,24690.00
19832,111808,43,1,1290.00
19833,111808,111,1,579.00
19834,111808,117,1,2990.00
19835,111809,123,1,1790.00
19836,111809,86,2,879.00
19837,111809,2,1,36590.00
19838,111809,38,1,2990.00
19839,111810,108,1,5390.00
19840,111811,90,1,2890.00
19841,111812,54,1,3490.00
19842,111812,14,1,11790.00
19843,111812,26,1,49390.00
19844,111813,63,1,5790.00
19845,111814,131,1,1690.00
19846,111814,61,1,7390.00
19847,111814,52,1,7390.00
19848,111814,86,2,879.00
19849,111815,97,1,479.00
19850,111815,110,1,3890.00
19851,111815,12,1,3890.00
19852,111815,43,1,1290.00
19853,111816,76,1,449.00
19854,111817,57,1,489.00
19855,111818,111,1,579.00
19856,111819,11,1,4890.00
19857,111820,23,1,3390.00
19858,111820,43,2,1290.00
19859,111820,46,1,3290.00
19860,111821,65,1,4390.00
19861,111822,96,1,579.00
19862,111823,10,1,12790.00
19863,111823,121,2,2490.00
19864,111823,65,1,4390.00
19865,111824,59,2,1990.00
19866,111824,76,1,449.00
19867,111825,20,1,10890.00
19868,111825,131,1,1690.00
19869,111825,54,1,3490.00
19870,111825,30,1,3190.00
19871,111826,43,1,1290.00
19872,111827,43,2,1290.00
19873,111828,34,1,6390.00
19874,111829,26,1,49390.00
19875,111830,31,1,44490.00
19876,111830,34,1,6390.00
19877,111831,8,1,17790.00
19878,111832,88,1,7390.00
19879,111833,59,2,1990.00
19880,111833,46,1,3290.00
19881,111834,57,2,489.00
19882,111835,25,1,24690.00
19883,111836,86,2,879.00
19884,111836,9,1,3290.00
19885,111836,12,1,3890.00
19886,111836,74,2,679.00
19887,111837,91,1,1490.00
19888,111838,124,2,1590.00
19889,111839,11,1,4890.00
19890,111839,112,2,879.00
19891,111840,9,1,3290.00
19892,111840,112,1,879.00
19893,111840,20,1,10890.00
19894,111840,75,1,2290.00
19895,111841,46,2,3290.00
19896,111842,45,1,6890.00
19897,111842,21,1,7890.00
19898,111843,68,1,2490.00
19899,111844,68,1,2490.00
19900,111845,86,2,879.00
19901,111845,40,1,32090.00
19902,111846,73,3,479.00
19903,111846,83,1,6890.00
19904,111847,16,1,42490.00
19905,111848,20,1,10890.00
19906,111848,12,1,3890.00
19907,111848,38,1,2990.00
19908,111848,42,2,989.00
19909,111849,27,1,59290.00
19910,111849,66,1,1490.00
19911,111849,8,1,17790.00
19912,111849,65,1,4390.00
19913,111850,46,1,3290.00
19914,111851,57,2,489.00
19915,111852,95,1,1090.00
19916,111852,15,1,17290.00
19917,111852,76,1,449.00
19918,111852,82,1,7890.00
19919,111853,61,1,7390.00
19920,111854,83,1,6890.00
19921,111854,111,1,579.00
19922,111855,45,1,6890.00
19923,111856,74,1,679.00
19924,111856,60,1,3390.00
19925,111857,77,1,2190.00
19926,111858,84,2,679.00
19927,111859,12,1,3890.00
19928,111859,111,1,579.00
19929,111859,42,1,989.00
19930,111859,9,1,3290.00
19931,111860,31,1,44490.00
19932,111861,46,1,3290.00
19933,111861,86,1,879.00
19934,111862,87,1,2990.00
19935,111862,42,2,989.00
19936,111862,93,1,779.00
19937,111863,86,2,879.00
19938,111863,109,1,8890.00
19939,111863,78,1,1890.00
19940,111864,123,1,1790.00
19941,111865,71,1,2990.00
19942,111866,34,1,6390.00
19943,111867,32,1,5390.00
19944,111868,98,1,879.00
19945,111868,86,2,879.00
19946,111869,57,2,489.00
19947,111870,3,1,83990.00
19948,111871,94,1,1190.00
19949,111872,42,1,989.00
19950,111872,46,1,3290.00
19951,111872,26,1,49390.00
19952,111873,46,1,3290.00
19953,111874,57,2,489.00
19954,111874,86,2,879.00
19955,111875,75,1,2290.00
19956,111876,74,1,679.00
19957,111876,95,1,1090.00
19958,111876,57,1,489.00
19959,111876,86,1,879.00
19960,111877,57,2,489.00
19961,111878,110,1,3890.00
19962,111879,111,3,579.00
19963,111879,68,1,2490.00
19964,111880,17,1,64190.00
19965,111881,29,1,2290.00
19966,111882,11,1,4890.00
19967,111882,38,1,2990.00
19968,111883,28,1,21690.00
19969,111883,105,1,1490.00
19970,111884,38,1,2990.00
19971,111885,30,2,3190.00
19972,111886,23,1,3390.00
19973,111886,58,1,4890.00
19974,111886,9,1,3290.00
19975,111887,30,1,3190.00
19976,111887,41,1,27690.00
19977,111887,58,1,4890.00
19978,111887,63,1,5790.00
19979,111888,98,2,879.00
19980,111889,73,1,479.00
19981,111890,131,1,1690.00
19982,111891,7,1,32590.00
19983,111892,27,1,59290.00
19984,111893,12,2,3890.00
19985,111893,11,1,4890.00
19986,111893,125,1,1990.00
19987,111893,96,1,579.00
19988,111894,46,1,3290.00
19989,111895,39,1,5890.00
19990,111895,12,1,3890.00
19991,111896,99,1,1290.00
19992,111896,14,1,11890.00
19993,111897,86,1,879.00
19994,111898,108,1,5390.00
19995,111899,12,1,3890.00
19996,111900,95,1,1090.00
19997,111901,20,1,10890.00
19998,111901,57,2,489.00
19999,111902,95,1,1090.00
20000,111903,89,1,389.00
20001,111903,127,1,6890.00
20002,111903,73,3,479.00
20003,111904,45,1,6890.00
20004,111904,125,2,1990.00
20005,111905,9,1,3290.00
20006,111905,17,1,64190.00
20007,111906,102,1,1990.00
20008,111906,60,1,3490.00
20009,111906,23,1,3490.00
20010,111907,121,1,2490.00
20011,111908,91,2,1490.00
20012,111909,95,1,1090.00
20013,111910,83,1,6890.00
20014,111910,63,1,5790.00
20015,111911,51,1,6390.00
20016,111911,38,1,2990.00
20017,111912,86,2,879.00
20018,111913,110,1,3890.00
20019,111914,86,2,879.00
20020,111915,57,2,489.00
20021,111916,38,1,2990.00
20022,111916,73,1,479.00
20023,111916,112,2,879.00
20024,111916,99,1,1290.00
20025,111917,86,2,879.00
20026,111917,73,1,479.00
20027,111918,8,1,17790.00
20028,111919,45,1,6890.00
20029,111920,79,1,5390.00
20030,111921,92,1,979.00
20031,111922,78,1,1890.00
20032,111922,67,2,1290.00
20033,111922,101,1,1590.00
20034,111922,23,1,3490.00
20035,111923,46,1,3290.00
20036,111923,86,1,879.00
20037,111924,67,1,1290.00
20038,111925,78,1,1890.00
20039,111925,20,1,10890.00
20040,111925,6,1,13290.00
20041,111925,36,1,7890.00
20042,111926,42,1,989.00
20043,111927,97,2,479.00
20044,111928,125,1,1990.00
20045,111929,15,1,17290.00
20046,111929,2,1,36590.00
20047,111929,107,1,39490.00
20048,111930,85,1,2490.00
20049,111930,111,1,579.00
20050,111931,12,1,3890.00
20051,111932,76,1,449.00
20052,111933,78,1,1890.00
20053,111933,105,1,1490.00
20054,111933,57,1,489.00
20055,111934,86,3,879.00
20056,111934,65,1,4390.00
20057,111935,36,1,7890.00
20058,111935,62,1,4490.00
20059,111935,12,1,3890.00
20060,111936,32,1,5390.00
20061,111937,83,1,6890.00
20062,111938,97,1,479.00
20063,111939,92,1,979.00
20064,111940,43,1,1290.00
20065,111940,17,1,64290.00
20066,111941,42,3,989.00
20067,111942,26,1,49390.00
20068,111942,54,1,3490.00
20069,111943,8,1,17790.00
20070,111943,38,1,2990.00
20071,111944,131,1,1690.00
20072,111944,60,2,3490.00
20073,111945,15,1,17290.00
20074,111945,73,1,479.00
20075,111946,42,3,989.00
20076,111946,98,1,879.00
20077,111947,42,2,989.00
20078,111948,91,1,1490.00
20079,111949,30,1,3190.00
20080,111950,84,3,679.00
20081,111951,45,1,6890.00
20082,111951,8,1,17790.00
20083,111952,75,1,2290.00
20084,111952,74,2,679.00
20085,111952,45,1,6890.00
20086,111953,29,1,2290.00
20087,111954,42,2,989.00
20088,111954,32,1,5390.00
20089,111955,21,1,7890.00
20090,111955,102,1,1990.00
20091,111955,112,1,879.00
20092,111956,57,1,489.00
20093,111956,48,2,4890.00
20094,111956,42,1,989.00
20095,111957,10,1,12790.00
20096,111958,26,1,49390.00
20097,111959,38,1,2990.00
20098,111960,86,1,879.00
20099,111961,84,3,679.00
20100,111961,111,1,579.00
20101,111961,67,1,1290.00
20102,111961,30,1,3190.00
20103,111962,63,1,5790.00
20104,111963,111,1,579.00
20105,111963,8,1,17790.00
20106,111964,42,1,989.00
20107,111965,107,1,39490.00
20108,111966,86,1,879.00
20109,111967,111,3,579.00
20110,111968,15,1,17290.00
20111,111969,86,1,879.00
20112,111969,74,1,679.00
20113,111970,65,1,4390.00
20114,111971,25,1,24690.00
20115,111971,31,1,44490.00
20116,111971,66,1,1490.00
20117,111972,66,1,1490.00
20118,111973,89,2,389.00
20119,111973,56,2,789.00
20120,111974,46,1,3290.00
20121,111975,86,2,879.00
20122,111976,25,1,24690.00
20123,111976,65,2,4390.00
20124,111977,126,1,3290.00
20125,111977,111,2,579.00
20126,111977,63,1,5790.00
20127,111978,9,1,3290.00
20128,111979,120,1,1490.00
20129,111980,127,1,6890.00
20130,111981,95,1,1090.00
20131,111982,23,2,3490.00
20132,111982,9,1,3290.00
20133,111983,111,1,579.00
20134,111983,31,1,44490.00
20135,111984,42,1,989.00
20136,111985,108,1,5390.00
20137,111986,104,1,4890.00
20138,111987,42,1,989.00
20139,111988,38,1,2990.00
20140,111988,14,1,11890.00
20141,111989,20,1,10890.00
20142,111990,10,1,12790.00
20143,111990,66,1,1490.00
20144,111991,57,2,489.00
20145,111992,75,1,2290.00
20146,111992,67,1,1290.00
20147,111992,12,1,3890.00
20148,111992,14,1,11890.00
20149,111993,82,1,7890.00
20150,111994,12,1,3890.00
20151,111995,67,1,1290.00
20152,111996,46,2,3290.00
20153,111997,15,1,17290.00
20154,111998,73,1,479.00
20155,111999,111,2,579.00
20156,112000,17,1,64290.00
20157,112000,95,1,1090.00
20158,112001,46,1,3290.00
20159,112002,58,1,4890.00
20160,112002,65,1,4390.00
20161,112003,120,1,1490.00
20162,112003,46,1,3290.00
20163,112003,29,1,2290.00
20164,112004,66,1,1490.00
20165,112004,67,1,1290.00
20166,112004,110,1,3890.00
20167,112005,23,1,3490.00
20168,112006,42,1,989.00
20169,112007,78,1,1890.00
20170,112007,16,1,42490.00
20171,112008,42,3,989.00
20172,112009,80,1,5890.00
20173,112010,30,1,3190.00
20174,112010,125,2,1990.00
20175,112011,39,1,5890.00
20176,112011,34,1,6390.00
20177,112012,80,1,5890.00
20178,112012,109,1,8890.00
20179,112013,45,1,6890.00
20180,112014,54,1,3490.00
20181,112015,43,1,1290.00
20182,112016,68,1,2490.00
20183,112017,94,1,1190.00
20184,112018,127,1,6890.00
20185,112018,80,1,5890.00
20186,112019,64,2,3890.00
20187,112020,42,2,989.00
20188,112020,117,1,2990.00
20189,112021,38,1,2990.00
20190,112022,19,1,118690.00
20191,112022,108,1,5390.00
20192,112023,57,1,489.00
20193,112024,54,1,3490.00
20194,112024,40,1,32090.00
20195,112025,81,1,4890.00
20196,112026,1,1,21790.00
20197,112026,40,1,32090.00
20198,112026,57,1,489.00
20199,112027,61,1,7390.00
20200,112028,46,1,3290.00
20201,112029,15,1,17290.00
20202,112030,38,1,2990.00
20203,112030,66,1,1490.00
20204,112030,42,2,989.00
20205,112031,47,1,12790.00
20206,112031,98,1,879.00
20207,112032,109,1,8890.00
20208,112033,58,2,4890.00
20209,112034,6,1,13290.00
20210,112034,64,1,3890.00
20211,112035,104,1,4890.00
20212,112035,43,2,1290.00
20213,112036,52,1,7390.00
20214,112036,91,1,1490.00
20215,112036,23,2,3490.00
20216,112037,126,1,3290.00
20217,112038,73,1,479.00
20218,112038,77,1,2190.00
20219,112039,107,1,39590.00
20220,112039,93,1,779.00
20221,112040,23,2,3490.00
20222,112040,58,1,4890.00
20223,112041,45,1,6890.00
20224,112042,109,1,8890.00
20225,112043,86,1,879.00
20226,112043,36,1,7890.00
20227,112044,56,1,789.00
20228,112045,66,1,1490.00
20229,112045,12,1,3890.00
20230,112045,42,1,989.00
20231,112046,34,1,6390.00
20232,112046,57,1,489.00
20233,112047,42,1,989.00
20234,112048,86,1,879.00
20235,112048,74,1,679.00
20236,112048,57,1,489.00
20237,112049,86,1,879.00
20238,112050,105,1,1490.00
20239,112050,9,1,3290.00
20240,112051,89,1,389.00
20241,112051,95,1,1090.00
20242,112051,74,1,679.00
20243,112052,79,1,5390.00
20244,112052,77,1,2190.00
20245,112053,110,1,3890.00
20246,112054,43,1,1290.00
20247,112055,57,2,489.00
20248,112055,131,1,1690.00
20249,112055,46,1,3290.00
20250,112056,7,1,32590.00
20251,112057,10,1,12890.00
20252,112057,38,2,2990.00
20253,112057,9,2,3290.00
20254,112058,71,2,2990.00
20255,112059,126,1,3290.00
20256,112059,109,1,8890.00
20257,112060,76,2,449.00
20258,112061,117,1,2990.00
20259,112062,29,1,2290.00
20260,112063,99,1,1290.00
20261,112064,23,1,3490.00
20262,112064,122,1,2290.00
20263,112065,66,2,1490.00
20264,112065,31,1,44490.00
20265,112066,77,1,2190.00
20266,112066,96,1,579.00
20267,112067,95,2,1090.00
20268,112068,46,1,3290.00
20269,112069,95,2,1090.00
20270,112069,32,1,5390.00
20271,112069,68,1,2490.00
20272,112070,48,1,4890.00
20273,112071,23,1,3490.00
20274,112072,67,2,1290.00
20275,112072,126,1,3290.00
20276,112073,58,1,4890.00
20277,112074,80,1,5890.00
20278,112074,12,1,3890.00
20279,112074,111,3,579.00
20280,112074,78,1,1890.00
20281,112075,31,1,44490.00
20282,112075,57,1,489.00
20283,112075,46,1,3290.00
20284,112076,30,1,3190.00
20285,112076,46,1,3290.00
20286,112077,42,2,989.00
20287,112078,92,1,979.00
20288,112079,86,1,879.00
20289,112079,60,1,3490.00
20290,112080,61,1,7390.00
20291,112080,109,1,8890.00
20292,112081,66,1,1490.00
20293,112082,86,3,879.00
20294,112083,46,1,3290.00
20295,112084,58,1,4890.00
20296,112085,111,1,579.00
20297,112086,34,1,6390.00
20298,112086,117,1,2990.00
20299,112087,86,2,879.00
20300,112088,71,1,2990.00
20301,112088,43,1,1290.00
20302,112089,25,1,24690.00
20303,112090,74,3,679.00
20304,112091,21,1,7890.00
20305,112091,86,1,879.00
20306,112092,46,1,3290.00
20307,112093,12,1,3890.00
20308,112094,54,1,3490.00
20309,112094,14,1,11890.00
20310,112095,74,1,679.00
20311,112096,65,1,4390.00
20312,112096,120,1,1490.00
20313,112097,75,1,2290.00
20314,112097,38,1,2990.00
20315,112098,104,1,4890.00
20316,112098,65,2,4390.00
20317,112099,110,1,3890.00
20318,112099,67,1,1290.00
20319,112099,76,2,449.00
20320,112099,63,1,5790.00
20321,112100,71,1,2990.00
20322,112101,99,1,1290.00
20323,112101,31,1,44490.00
20324,112102,118,1,9890.00
20325,112102,74,1,679.00
20326,112103,11,1,4890.00
20327,112104,58,1,4890.00
20328,112105,36,1,7890.00
20329,112105,63,1,5790.00
20330,112106,96,1,579.00
20331,112107,36,1,7890.00
20332,112107,110,1,3890.00
20333,112108,86,2,879.00
20334,112109,61,1,7390.00
20335,112110,86,1,879.00
20336,112110,123,3,1790.00
20337,112110,84,1,679.00
20338,112111,50,1,7890.00
20339,112112,91,2,1490.00
20340,112112,86,1,879.00
20341,112112,81,2,4890.00
20342,112113,14,1,11890.00
20343,112114,42,3,989.00
20344,112114,80,1,5890.00
20345,112115,54,1,3490.00
20346,112115,86,1,879.00
20347,112116,111,2,579.00
20348,112117,58,1,4890.00
20349,112117,45,1,6890.00
20350,112118,76,2,449.00
20351,112119,46,2,3290.00
20352,112119,67,1,1290.00
20353,112120,86,2,879.00
20354,112120,45,1,6890.00
20355,112120,62,1,4490.00
20356,112121,131,1,1690.00
20357,112121,51,1,6390.00
20358,112122,86,2,879.00
20359,112123,97,1,479.00
20360,112124,59,2,1990.00
20361,112124,57,3,489.00
20362,112125,48,2,4890.00
20363,112125,110,2,3890.00
20364,112125,31,1,44490.00
20365,112126,30,1,3190.00
20366,112126,61,1,7390.00
20367,112127,86,2,879.00
20368,112127,51,1,6390.00
20369,112127,42,1,989.00
20370,112127,71,1,2990.00
20371,112128,67,1,1290.00
20372,112128,111,1,579.00
20373,112129,22,1,2490.00
20374,112130,131,1,1690.00
20375,112131,63,1,5790.00
20376,112132,65,1,4390.00
20377,112133,78,1,1890.00
20378,112134,86,1,879.00
20379,112134,105,1,1490.00
20380,112134,9,1,3290.00
20381,112135,74,2,679.00
20382,112136,40,1,32090.00
20383,112137,1,1,21790.00
20384,112137,43,2,1290.00
20385,112138,109,1,8890.00
20386,112139,34,1,6390.00
20387,112139,31,1,44490.00
20388,112139,86,2,879.00
20389,112139,117,2,2990.00
20390,112140,46,1,3290.00
20391,112140,74,2,679.00
20392,112141,86,2,879.00
20393,112142,76,1,449.00
20394,112143,66,1,1490.00
20395,112143,84,1,679.00
20396,112144,43,1,1290.00
20397,112144,40,1,32090.00
20398,112145,57,1,489.00
20399,112146,37,1,48990.00
20400,112147,78,1,1890.00
20401,112147,51,1,6390.00
20402,112147,86,2,879.00
20403,112147,57,2,489.00
20404,112148,110,1,3890.00
20405,112148,97,1,479.00
20406,112149,38,1,2990.00
20407,112150,67,1,1290.00
20408,112151,91,1,1490.00
20409,112152,77,1,2190.00
20410,112153,58,1,4890.00
20411,112154,9,1,3290.00
20412,112154,61,1,7390.00
20413,112154,126,2,3290.00
20414,112155,57,1,489.00
20415,112156,16,1,42490.00
20416,112156,67,1,1290.00
20417,112156,97,1,479.00
20418,112156,42,1,989.00
20419,112157,86,2,879.00
20420,112158,57,1,489.00
20421,112159,38,1,2990.00
20422,112159,125,1,1990.00
20423,112160,97,3,479.00
20424,112160,77,1,2190.00
20425,112161,82,1,7890.00
20426,112161,91,2,1490.00
20427,112161,12,1,3890.00
20428,112162,15,1,17290.00
20429,112163,12,1,3890.00
20430,112163,42,2,989.00
20431,112164,111,1,579.00
20432,112165,7,1,32590.00
20433,112165,43,2,1290.00
20434,112166,6,1,13290.00
20435,112167,57,1,489.00
20436,112168,127,1,6890.00
20437,112169,29,1,2290.00
20438,112170,20,1,10890.00
20439,112171,106,1,24690.00
20440,112171,3,1,84090.00
20441,112172,30,1,3190.00
20442,112173,14,1,11890.00
20443,112174,23,1,3490.00
20444,112174,43,1,1290.00
20445,112174,78,1,1890.00
20446,112175,50,1,7890.00
20447,112176,83,1,6890.00
20448,112176,105,1,1490.00
20449,112177,23,2,3490.00
20450,112178,43,1,1290.00
20451,112179,108,1,5390.00
20452,112179,97,1,479.00
20453,112180,42,2,989.00
20454,112180,74,1,679.00
20455,112181,43,1,1290.00
20456,112182,57,1,489.00
20457,112183,97,2,479.00
20458,112184,110,2,3890.00
20459,112185,45,1,6890.00
20460,112186,86,1,879.00
20461,112186,13,1,27690.00
20462,112186,31,1,44490.00
20463,112186,35,1,4690.00
20464,112187,8,1,17790.00
20465,112188,18,1,52390.00
20466,112189,30,1,3190.00
20467,112190,61,1,7390.00
20468,112191,63,1,5790.00
20469,112191,9,1,3290.00
20470,112191,127,1,6890.00
20471,112192,110,1,3890.00
20472,112192,65,1,4390.00
20473,112193,86,1,879.00
20474,112194,82,1,7890.00
20475,112194,22,1,2490.00
20476,112194,112,1,879.00
20477,112195,95,1,1090.00
20478,112195,117,1,2990.00
20479,112195,57,2,489.00
20480,112196,12,1,3890.00
20481,112196,43,1,1290.00
20482,112197,123,3,1790.00
20483,112198,17,1,64290.00
20484,112198,26,1,49490.00
20485,112198,68,1,2490.00
20486,112198,34,1,6390.00
20487,112199,99,1,1290.00
20488,112199,108,1,5390.00
20489,112199,96,2,579.00
20490,112200,42,1,989.00
20491,112200,12,1,3890.00
20492,112201,123,1,1790.00
20493,112201,34,1,6390.00
20494,112202,91,2,1490.00
20495,112203,29,2,2290.00
20496,112204,40,1,32190.00
20497,112205,85,2,2490.00
20498,112205,23,1,3490.00
20499,112205,109,1,8890.00
20500,112205,38,1,2990.00
20501,112206,109,1,8890.00
20502,112207,63,1,5790.00
20503,112208,42,1,989.00
20504,112209,82,1,7890.00
20505,112210,30,2,3190.00
20506,112211,74,2,679.00
20507,112212,96,2,579.00
20508,112213,6,1,13390.00
20509,112213,76,2,449.00
20510,112213,78,1,1890.00
20511,112213,8,1,17790.00
20512,112214,66,1,1490.00
20513,112215,57,2,489.00
20514,112215,91,1,1490.00
20515,112216,86,1,879.00
20516,112217,109,1,8890.00
20517,112218,97,1,489.00
20518,112218,86,3,879.00
20519,112219,67,1,1290.00
20520,112220,41,1,27690.00
20521,112220,29,2,2290.00
20522,112221,11,1,4890.00
20523,112222,100,1,1690.00
20524,112223,57,1,489.00
20525,112223,129,1,8890.00
20526,112223,86,3,879.00
20527,112224,65,1,4390.00
20528,112224,42,1,989.00
20529,112224,26,1,49490.00
20530,112225,75,2,2290.00
20531,112226,76,2,449.00
20532,112226,58,1,4890.00
20533,112227,54,1,3490.00
20534,112228,122,2,2290.00
20535,112229,119,1,3490.00
20536,112230,38,1,2990.00
20537,112230,8,1,17790.00
20538,112231,81,2,4890.00
20539,112232,51,1,6390.00
20540,112232,89,2,389.00
20541,112232,110,1,3890.00
20542,112233,12,1,3890.00
20543,112233,111,1,579.00
20544,112233,42,1,989.00
20545,112234,112,1,879.00
20546,112235,111,1,579.00
20547,112236,21,1,7890.00
20548,112236,88,1,7390.00
20549,112236,42,1,989.00
20550,112237,57,1,489.00
20551,112238,14,1,11890.00
20552,112238,37,1,48990.00
20553,112239,62,1,4490.00
20554,112240,117,1,2990.00
20555,112241,35,1,4690.00
20556,112241,46,1,3290.00
20557,112242,108,1,5390.00
20558,112243,34,1,6390.00
20559,112244,22,1,2490.00
20560,112245,73,1,489.00
20561,112245,6,1,13390.00
20562,112246,12,1,3890.00
20563,112247,63,1,5790.00
20564,112247,45,1,6890.00
20565,112248,43,1,1290.00
20566,112248,31,1,44490.00
20567,112248,30,2,3190.00
20568,112249,86,2,879.00
20569,112249,76,1,449.00
20570,112250,118,1,9890.00
20571,112250,89,2,399.00
20572,112251,42,1,989.00
20573,112251,71,2,2990.00
20574,112251,111,2,579.00
20575,112251,93,3,779.00
20576,112252,125,1,1990.00
20577,112253,109,1,8890.00
20578,112254,10,1,12890.00
20579,112255,58,1,4890.00
20580,112256,22,1,2490.00
20581,112256,40,1,32190.00
20582,112256,46,1,3290.00
20583,112257,112,1,879.00
20584,112257,38,1,2990.00
20585,112258,68,1,2490.00
20586,112258,111,1,579.00
20587,112259,9,1,3290.00
20588,112260,111,1,579.00
20589,112260,36,1,7890.00
20590,112261,60,1,3490.00
20591,112262,67,1,1290.00
20592,112263,2,1,36590.00
20593,112264,97,1,489.00
20594,112264,123,2,1790.00
20595,112264,9,1,3290.00
20596,112265,97,1,489.00
20597,112266,67,1,1290.00
20598,112267,68,1,2490.00
20599,112268,9,1,3290.00
20600,112269,58,2,4890.00
20601,112269,57,3,489.00
20602,112269,27,1,59390.00
20603,112269,111,1,579.00
20604,112270,68,1,2490.00
20605,112270,86,1,879.00
20606,112270,75,1,2290.00
20607,112271,111,1,579.00
20608,112272,58,1,4890.00
20609,112273,9,2,3290.00
20610,112274,43,1,1290.00
20611,112275,44,1,2990.00
20612,112276,87,1,2990.00
20613,112276,83,1,6890.00
20614,112276,28,1,21790.00
20615,112277,35,1,4690.00
20616,112277,57,1,489.00
20617,112278,86,1,879.00
20618,112279,30,1,3190.00
20619,112280,63,1,5790.00
20620,112280,86,1,879.00
20621,112281,85,1,2490.00
20622,112281,121,1,2490.00
20623,112282,117,1,2990.00
20624,112283,23,1,3490.00
20625,112284,117,1,2990.00
20626,112285,111,2,579.00
20627,112285,1,1,21790.00
20628,112285,109,1,8890.00
20629,112286,29,1,2290.00
20630,112287,125,1,1990.00
20631,112287,8,1,17790.00
20632,112288,76,1,449.00
20633,112289,104,2,4890.00
20634,112289,68,1,2490.00
20635,112290,44,1,2990.00
20636,112290,83,1,6890.00
20637,112290,76,2,449.00
20638,112290,23,2,3490.00
20639,112291,38,1,2990.00
20640,112292,81,2,4890.00
20641,112293,98,1,879.00
20642,112293,23,1,3490.00
20643,112294,127,1,6890.00
20644,112294,23,1,3490.00
20645,112295,117,1,2990.00
20646,112295,21,1,7890.00
20647,112296,67,1,1290.00
20648,112297,85,2,2490.00
20649,112298,58,1,4890.00
20650,112298,57,1,489.00
20651,112298,78,1,1890.00
20652,112298,35,1,4690.00
20653,112299,57,1,489.00
20654,112300,58,1,4890.00
20655,112300,10,1,12890.00
20656,112301,32,1,5390.00
20657,112302,74,1,679.00
20658,112303,22,1,2490.00
20659,112304,97,1,489.00
20660,112304,67,1,1290.00
20661,112304,16,1,42590.00
20662,112304,30,1,3190.00
20663,112305,58,1,4890.00
20664,112306,83,1,6890.00
20665,112306,85,1,2490.00
20666,112306,54,1,3490.00
20667,112307,43,1,1290.00
20668,112307,111,2,579.00
20669,112308,114,1,34590.00
20670,112308,2,1,36590.00
20671,112308,96,1,579.00
20672,112309,30,1,3190.00
20673,112310,63,1,5790.00
20674,112310,86,1,879.00
20675,112311,86,2,879.00
20676,112312,102,1,1990.00
20677,112313,14,1,11890.00
20678,112313,29,1,2290.00
20679,112314,58,1,4890.00
20680,112315,59,1,1990.00
20681,112316,31,1,44490.00
20682,112316,58,2,4890.00
20683,112317,59,1,1990.00
20684,112318,91,1,1490.00
20685,112319,98,1,879.00
20686,112319,57,2,489.00
20687,112319,6,1,13390.00
20688,112320,80,1,5890.00
20689,112321,63,1,5790.00
20690,112321,111,3,579.00
20691,112322,123,3,1790.00
20692,112322,43,1,1290.00
20693,112323,25,1,24690.00
20694,112324,109,1,8890.00
20695,112325,9,1,3290.00
20696,112325,65,1,4390.00
20697,112325,86,3,879.00
20698,112326,91,2,1490.00
20699,112326,75,1,2290.00
20700,112327,86,3,879.00
20701,112327,20,1,10890.00
20702,112328,92,1,979.00
20703,112328,76,1,449.00
20704,112328,91,1,1490.00
20705,112328,67,1,1290.00
20706,112329,57,3,489.00
20707,112329,11,1,4890.00
20708,112329,67,2,1290.00
20709,112330,48,1,4990.00
20710,112331,30,1,3190.00
20711,112331,128,1,17790.00
20712,112332,109,1,8890.00
20713,112332,6,1,13390.00
20714,112333,47,1,12890.00
20715,112334,8,1,17790.00
20716,112334,110,1,3990.00
20717,112334,117,1,2990.00
20718,112335,128,1,17790.00
20719,112336,26,1,49490.00
20720,112337,68,1,2490.00
20721,112337,21,1,7890.00
20722,112337,58,1,4890.00
20723,112338,89,1,399.00
20724,112339,86,1,879.00
20725,112340,117,2,2990.00
20726,112341,108,1,5390.00
20727,112342,75,1,2290.00
20728,112343,65,1,4390.00
20729,112344,29,1,2290.00
20730,112344,91,1,1490.00
20731,112344,89,1,399.00
20732,112345,107,1,39590.00
20733,112346,82,1,7890.00
20734,112347,68,1,2490.00
20735,112348,76,2,449.00
20736,112348,131,1,1690.00
20737,112348,25,1,24690.00
20738,112349,110,1,3990.00
20739,112349,46,1,3290.00
20740,112350,46,1,3290.00
20741,112351,122,1,2290.00
20742,112352,76,2,449.00
20743,112353,46,1,3290.00
20744,112353,42,1,989.00
20745,112353,86,1,879.00
20746,112353,35,1,4690.00
20747,112354,30,1,3190.00
20748,112355,78,1,1890.00
20749,112356,12,1,3990.00
20750,112356,97,1,489.00
20751,112357,91,2,1490.00
20752,112358,23,1,3490.00
20753,112358,67,1,1290.00
20754,112358,83,1,6890.00
20755,112359,109,1,8890.00
20756,112359,86,2,879.00
20757,112360,36,1,7890.00
20758,112360,30,1,3190.00
20759,112361,42,1,989.00
20760,112362,97,1,489.00
20761,112363,66,2,1490.00
20762,112364,67,1,1290.00
20763,112365,65,1,4390.00
20764,112365,17,1,64390.00
20765,112366,95,1,1090.00
20766,112366,42,1,989.00
20767,112366,2,1,36590.00
20768,112367,81,1,4890.00
20769,112368,107,1,39590.00
20770,112368,34,1,6390.00
20771,112368,16,1,42590.00
20772,112369,67,1,1290.00
20773,112370,89,2,399.00
20774,112371,78,1,1890.00
20775,112372,57,1,489.00
20776,112372,45,1,6890.00
20777,112373,38,1,2990.00
20778,112373,110,2,3990.00
20779,112373,92,1,979.00
20780,112374,65,1,4390.00
20781,112375,123,1,1790.00
20782,112376,93,1,779.00
20783,112377,81,2,4890.00
20784,112377,65,1,4390.00
20785,112378,58,1,4890.00
20786,112378,42,3,989.00
20787,112378,59,1,1990.00
20788,112378,99,1,1290.00
20789,112379,75,1,2290.00
20790,112379,58,1,4890.00
20791,112379,22,1,2490.00
20792,112380,59,1,1990.00
20793,112381,123,1,1790.00
20794,112381,86,1,879.00
20795,112381,94,1,1190.00
20796,112382,82,1,7890.00
20797,112382,68,1,2490.00
20798,112383,74,1,679.00
20799,112384,54,1,3490.00
20800,112384,15,1,17290.00
20801,112385,86,1,879.00
20802,112386,16,1,42590.00
20803,112387,124,3,1590.00
20804,112387,66,1,1490.00
20805,112388,91,1,1490.00
20806,112389,125,1,1990.00
20807,112389,10,1,12890.00
20808,112389,57,2,489.00
20809,112390,83,1,6890.00
20810,112390,98,1,879.00
20811,112391,75,1,2290.00
20812,112391,122,1,2290.00
20813,112392,46,1,3290.00
20814,112393,20,1,10890.00
20815,112393,66,1,1490.00
20816,112393,112,1,879.00
20817,112394,110,1,3990.00
20818,112394,86,2,879.00
20819,112395,59,1,1990.00
20820,112396,41,1,27690.00
20821,112397,88,1,7390.00
20822,112397,83,1,6890.00
20823,112398,67,1,1290.00
20824,112398,23,1,3490.00
20825,112399,58,1,4890.00
20826,112400,96,1,579.00
20827,112400,59,2,1990.00
20828,112401,102,1,1990.00
20829,112402,36,1,7890.00
20830,112403,89,2,399.00
20831,112403,111,1,579.00
20832,112404,22,1,2490.00
20833,112405,42,2,989.00
20834,112405,29,1,2290.00
20835,112406,86,3,879.00
20836,112407,120,1,1490.00
20837,112408,4,1,94090.00
20838,112409,43,1,1290.00
20839,112409,29,1,2290.00
20840,112409,58,1,4890.00
20841,112410,23,1,3490.00
20842,112410,81,1,4890.00
20843,112411,40,1,32190.00
20844,112412,57,1,489.00
20845,112413,38,1,2990.00
20846,112414,57,1,489.00
20847,112415,90,1,2890.00
20848,112416,62,1,4490.00
20849,112417,34,1,6390.00
20850,112418,111,1,579.00
20851,112418,30,1,3190.00
20852,112419,31,1,44590.00
20853,112420,59,1,1990.00
20854,112421,117,1,2990.00
20855,112422,11,1,4890.00
20856,112422,78,1,1890.00
20857,112422,59,2,1990.00
20858,112422,85,1,2490.00
20859,112423,62,2,4490.00
20860,112424,119,1,3490.00
20861,112425,85,1,2490.00
20862,112425,57,1,489.00
20863,112426,88,1,7390.00
20864,112427,111,1,579.00
20865,112427,45,1,6890.00
20866,112427,42,1,989.00
20867,112427,117,1,2990.00
20868,112428,59,1,1990.00
20869,112428,111,2,579.00
20870,112428,68,2,2490.00
20871,112429,47,1,12890.00
20872,112430,11,1,4890.00
20873,112430,99,1,1290.00
20874,112431,82,1,7890.00
20875,112432,91,1,1490.00
20876,112432,92,1,979.00
20877,112432,85,1,2490.00
20878,112433,46,1,3290.00
20879,112434,131,1,1690.00
20880,112434,9,1,3290.00
20881,112434,56,1,789.00
20882,112435,112,3,879.00
20883,112436,2,1,36590.00
20884,112437,57,1,489.00
20885,112438,75,1,2290.00
20886,112438,114,1,34690.00
20887,112439,63,1,5790.00
20888,112440,65,1,4390.00
20889,112440,56,1,789.00
20890,112440,117,1,2990.00
20891,112441,42,2,989.00
20892,112441,65,1,4390.00
20893,112442,77,1,2190.00
20894,112443,68,1,2490.00
20895,112443,117,1,2990.00
20896,112443,15,1,17290.00
20897,112444,30,1,3190.00
20898,112445,86,2,879.00
20899,112445,38,2,2990.00
20900,112445,77,1,2190.00
20901,112446,58,1,4890.00
20902,112447,19,1,118890.00
20903,112447,20,1,10890.00
20904,112447,89,1,399.00
20905,112448,79,1,5390.00
20906,112449,56,2,789.00
20907,112450,102,1,1990.00
20908,112451,20,1,10890.00
20909,112451,12,1,3990.00
20910,112451,104,1,4890.00
20911,112451,29,1,2290.00
20912,112452,95,1,1090.00
20913,112452,12,2,3990.00
20914,112452,46,1,3290.00
20915,112452,110,1,3990.00
20916,112453,30,1,3190.00
20917,112454,57,2,489.00
20918,112455,86,1,879.00
20919,112455,57,1,489.00
20920,112455,122,1,2290.00
20921,112456,117,2,2990.00
20922,112457,52,1,7390.00
20923,112458,5,1,128790.00
20924,112459,89,1,399.00
20925,112459,58,2,4890.00
20926,112460,84,2,679.00
20927,112461,65,2,4390.00
20928,112461,91,1,1490.00
20929,112462,67,1,1290.00
20930,112463,112,1,879.00
20931,112464,93,1,779.00
20932,112465,17,1,64390.00
20933,112466,121,1,2490.00
20934,112466,36,1,7890.00
20935,112467,85,1,2490.00
20936,112468,117,1,2990.00
20937,112469,99,2,1290.00
20938,112469,59,1,1990.00
20939,112469,58,2,4890.00
20940,112469,42,1,989.00
20941,112470,66,1,1490.00
20942,112470,36,1,7890.00
20943,112470,95,1,1090.00
20944,112470,94,1,1190.00
20945,112471,81,1,4890.00
20946,112472,41,1,27690.00
20947,112473,2,1,36590.00
20948,112473,86,3,879.00
20949,112474,35,2,4690.00
20950,112475,52,1,7390.00
20951,112476,131,1,1690.00
20952,112476,58,1,4890.00
20953,112476,51,1,6390.00
20954,112476,33,1,11890.00
20955,112477,46,1,3290.00
20956,112477,9,1,3290.00
20957,112478,29,1,2290.00
20958,112479,89,2,399.00
20959,112480,14,1,11890.00
20960,112480,43,1,1290.00
20961,112481,54,1,3490.00
20962,112481,75,1,2290.00
20963,112482,9,1,3290.00
20964,112482,112,3,879.00
20965,112482,59,2,1990.00
20966,112482,20,1,10890.00
20967,112483,109,1,8890.00
20968,112483,89,2,399.00
20969,112483,31,1,44590.00
20970,112484,111,1,579.00
20971,112484,67,1,1290.00
20972,112484,123,1,1790.00
20973,112484,85,2,2490.00
20974,112485,16,1,42590.00
20975,112485,22,1,2490.00
20976,112486,117,1,2990.00
20977,112487,8,1,17790.00
20978,112487,74,2,679.00
20979,112488,118,1,9890.00
20980,112489,10,1,12890.00
20981,112489,46,1,3290.00
20982,112489,127,1,6890.00
20983,112490,90,1,2890.00
20984,112490,36,1,7890.00
20985,112491,46,1,3290.00
20986,112492,98,2,879.00
20987,112492,73,1,489.00
20988,112493,102,1,1990.00
20989,112494,85,2,2490.00
20990,112495,109,1,8890.00
20991,112496,87,1,2990.00
20992,112496,68,1,2490.00
20993,112497,97,2,489.00
20994,112498,56,1,789.00
20995,112499,67,1,1290.00
20996,112500,59,1,1990.00
20997,112501,46,1,3290.00
20998,112501,51,1,6390.00
20999,112502,86,1,879.00
21000,112502,28,1,21790.00
21001,112502,119,1,3490.00
21002,112502,58,2,4890.00
21003,112503,68,1,2490.00
21004,112504,42,1,989.00
21005,112505,114,1,34690.00
21006,112505,63,1,5790.00
21007,112505,86,1,879.00
21008,112506,100,1,1690.00
21009,112506,17,1,64390.00
21010,112507,26,1,49490.00
21011,112508,108,1,5390.00
21012,112508,74,1,679.00
21013,112509,68,1,2490.00
21014,112510,122,1,2290.00
21015,112510,64,1,3990.00
21016,112510,47,1,12890.00
21017,112511,86,2,879.00
21018,112512,17,1,64390.00
21019,112512,86,2,879.00
21020,112512,8,1,17790.00
21021,112512,38,1,2990.00
21022,112513,3,1,84190.00
21023,112513,56,1,789.00
21024,112514,80,1,5890.00
21025,112515,12,2,3990.00
21026,112516,89,3,399.00
21027,112517,111,3,579.00
21028,112518,58,2,4890.00
21029,112518,85,1,2490.00
21030,112518,117,1,2990.00
21031,112519,75,1,2290.00
21032,112519,79,1,5390.00
21033,112519,74,3,679.00
21034,112519,111,2,579.00
21035,112520,9,1,3290.00
21036,112520,2,1,36690.00
21037,112521,63,1,5790.00
21038,112522,111,1,579.00
21039,112523,59,2,1990.00
21040,112524,42,1,989.00
21041,112524,67,1,1290.00
21042,112525,91,1,1490.00
21043,112526,102,1,1990.00
21044,112526,2,1,36690.00
21045,112526,44,1,2990.00
21046,112526,57,2,489.00
21047,112527,131,1,1690.00
21048,112528,43,1,1290.00
21049,112529,84,1,679.00
21050,112529,56,2,789.00
21051,112529,6,1,13390.00
21052,112530,104,2,4890.00
21053,112530,111,3,579.00
21054,112530,75,1,2290.00
21055,112530,25,1,24790.00
21056,112531,128,1,17790.00
21057,112532,114,1,34690.00
21058,112532,11,1,4890.00
21059,112533,119,1,3490.00
21060,112534,131,1,1690.00
21061,112534,29,1,2290.00
21062,112535,76,3,449.00
21063,112536,131,1,1690.00
21064,112536,29,2,2290.00
21065,112536,68,1,2490.00
21066,112537,86,2,879.00
21067,112538,123,4,1790.00
21068,112539,81,2,4890.00
21069,112539,46,1,3290.00
21070,112539,84,2,679.00
21071,112540,42,1,989.00
21072,112540,38,2,2990.00
21073,112540,66,1,1490.00
21074,112541,46,1,3290.00
21075,112541,122,1,2290.00
21076,112541,74,1,679.00
21077,112542,86,2,879.00
21078,112543,63,1,5790.00
21079,112544,111,2,579.00
21080,112545,117,1,2990.00
21081,112545,41,1,27690.00
21082,112545,125,1,1990.00
21083,112546,79,1,5390.00
21084,112546,87,1,2990.00
21085,112546,25,1,24790.00
21086,112546,46,1,3290.00
21087,112547,110,1,3990.00
21088,112547,1,1,21790.00
21089,112548,79,1,5390.00
21090,112548,67,1,1290.00
21091,112549,85,1,2490.00
21092,112550,85,1,2490.00
21093,112550,20,1,10890.00
21094,112550,24,1,16790.00
21095,112551,54,1,3490.00
21096,112552,11,2,4890.00
21097,112553,75,2,2290.00
21098,112554,45,1,6890.00
21099,112555,17,1,64390.00
21100,112556,89,1,399.00
21101,112557,48,1,4990.00
21102,112557,45,1,6890.00
21103,112558,42,2,989.00
21104,112559,57,1,489.00
21105,112559,43,1,1290.00
21106,112560,106,1,24790.00
21107,112561,46,1,3290.00
21108,112561,31,1,44590.00
21109,112562,98,1,879.00
21110,112563,117,2,2990.00
21111,112564,131,1,1690.00
21112,112565,93,2,779.00
21113,112566,88,1,7390.00
21114,112566,111,1,579.00
21115,112566,14,1,11890.00
21116,112567,110,1,3990.00
21117,112568,38,1,2990.00
21118,112569,75,1,2290.00
21119,112569,42,1,989.00
21120,112569,67,1,1290.00
21121,112569,95,2,1090.00
21122,112570,121,1,2490.00
21123,112571,86,1,879.00
21124,112571,76,3,449.00
21125,112572,111,1,579.00
21126,112573,99,1,1290.00
21127,112573,84,3,679.00
21128,112574,91,1,1490.00
21129,112574,32,1,5390.00
21130,112575,42,2,989.00
21131,112576,92,1,979.00
21132,112577,21,1,7890.00
21133,112577,111,2,579.00
21134,112578,86,1,879.00
21135,112578,42,1,989.00
21136,112578,20,1,10890.00
21137,112579,22,1,2490.00
21138,112579,19,1,118890.00
21139,112579,29,2,2290.00
21140,112580,91,2,1490.00
21141,112581,82,1,7890.00
21142,112582,3,1,84190.00
21143,112583,45,1,6890.00
21144,112583,74,1,679.00
21145,112583,44,1,2990.00
21146,112584,30,1,3190.00
21147,112585,38,2,2990.00
21148,112585,111,2,579.00
21149,112586,86,2,879.00
21150,112586,110,2,3990.00
21151,112586,23,1,3490.00
21152,112587,12,1,3990.00
21153,112588,46,1,3290.00
21154,112588,110,1,3990.00
21155,112589,74,1,679.00
21156,112589,45,1,6890.00
21157,112589,111,2,579.00
21158,112590,65,1,4490.00
21159,112590,111,2,579.00
21160,112590,78,1,1890.00
21161,112590,88,1,7390.00
21162,112591,14,1,11890.00
21163,112592,68,1,2490.00
21164,112593,12,1,3990.00
21165,112594,34,1,6390.00
21166,112595,64,1,3990.00
21167,112595,86,3,879.00
21168,112596,99,1,1290.00
21169,112597,46,1,3290.00
21170,112598,107,1,39590.00
21171,112599,117,1,2990.00
21172,112600,9,1,3290.00
21173,112600,58,2,4890.00
21174,112600,33,1,11890.00
21175,112601,87,1,2990.00
21176,112601,86,1,879.00
21177,112602,46,1,3290.00
21178,112603,109,1,8890.00
21179,112603,20,1,10890.00
21180,112603,24,1,16790.00
21181,112604,30,1,3190.00
21182,112604,91,1,1490.00
21183,112605,38,2,2990.00
21184,112606,86,1,879.00
21185,112607,65,1,4490.00
21186,112608,117,1,2990.00
21187,112609,76,2,459.00
21188,112610,11,2,4890.00
21189,112610,12,2,3990.00
21190,112611,85,1,2490.00
21191,112611,17,1,64390.00
21192,112611,43,1,1290.00
21193,112611,122,1,2290.00
21194,112612,96,2,579.00
21195,112613,63,1,5790.00
21196,112614,111,1,579.00
21197,112614,12,1,3990.00
21198,112615,25,1,24790.00
21199,112616,104,1,4890.00
21200,112616,73,2,489.00
21201,112617,104,1,4890.00
21202,112618,117,2,2990.00
21203,112618,110,1,3990.00
21204,112619,67,1,1290.00
21205,112620,43,1,1290.00
21206,112620,42,2,989.00
21207,112620,78,1,1890.00
21208,112621,86,1,879.00
21209,112621,110,1,3990.00
21210,112622,52,1,7390.00
21211,112623,75,1,2290.00
21212,112624,124,4,1590.00
21213,112625,9,1,3290.00
21214,112626,22,2,2490.00
21215,112627,43,2,1290.00
21216,112627,95,1,1090.00
21217,112627,46,2,3290.00
21218,112627,57,1,489.00
21219,112628,89,2,399.00
21220,112629,54,1,3490.00
21221,112630,57,1,489.00
21222,112631,60,1,3490.00
21223,112632,98,1,879.00
21224,112633,61,1,7390.00
21225,112634,79,1,5390.00
21226,112635,108,1,5390.00
21227,112635,117,1,2990.00
21228,112636,110,1,3990.00
21229,112636,57,2,489.00
21230,112637,48,1,4990.00
21231,112638,45,1,6890.00
21232,112639,42,1,989.00
21233,112639,110,1,3990.00
21234,112640,122,1,2290.00
21235,112641,105,1,1490.00
21236,112642,86,1,879.00
21237,112643,34,1,6390.00
21238,112644,58,1,4890.00
21239,112645,58,1,4890.00
21240,112646,42,1,989.00
21241,112646,127,1,6890.00
21242,112646,98,2,879.00
21243,112647,75,1,2290.00
21244,112648,32,1,5390.00
21245,112649,111,1,579.00
21246,112650,86,1,879.00
21247,112650,102,1,1990.00
21248,112651,85,1,2490.00
21249,112652,111,2,579.00
21250,112653,109,1,8890.00
21251,112653,29,1,2290.00
21252,112654,90,1,2890.00
21253,112654,9,1,3290.00
21254,112654,68,2,2490.00
21255,112655,68,1,2490.00
21256,112655,117,2,2990.00
21257,112656,108,1,5390.00
21258,112656,86,1,879.00
21259,112657,109,1,8890.00
21260,112658,65,1,4490.00
21261,112659,64,1,3990.00
21262,112660,26,1,49590.00
21263,112660,51,1,6390.00
21264,112661,22,1,2490.00
21265,112661,127,1,6890.00
21266,112662,108,1,5390.00
21267,112663,75,1,2290.00
21268,112664,111,2,579.00
21269,112665,42,2,989.00
21270,112665,12,2,3990.00
21271,112666,77,1,2190.00
21272,112667,117,1,2990.00
21273,112668,57,2,489.00
21274,112668,109,1,8890.00
21275,112669,110,1,3990.00
21276,112670,86,1,879.00
21277,112671,127,1,6890.00
21278,112672,95,1,1090.00
21279,112673,108,1,5390.00
21280,112673,125,1,1990.00
21281,112673,111,1,589.00
21282,112674,92,1,979.00
21283,112675,97,1,489.00
21284,112675,23,1,3490.00
21285,112675,98,1,879.00
21286,112676,18,1,52490.00
21287,112677,101,1,1590.00
21288,112678,76,3,459.00
21289,112678,70,1,8890.00
21290,112679,110,1,3990.00
21291,112680,117,1,2990.00
21292,112681,29,1,2290.00
21293,112681,3,1,84290.00
21294,112681,57,1,489.00
21295,112682,12,1,3990.00
21296,112682,111,1,589.00
21297,112683,86,1,879.00
21298,112683,6,1,13390.00
21299,112684,110,1,3990.00
21300,112685,86,2,879.00
21301,112685,127,1,6890.00
21302,112686,11,1,4890.00
21303,112686,76,1,459.00
21304,112687,54,1,3490.00
21305,112688,106,1,24790.00
21306,112689,22,2,2490.00
21307,112689,108,1,5390.00
21308,112690,11,1,4890.00
21309,112691,117,1,2990.00
21310,112692,97,1,489.00
21311,112693,84,2,679.00
21312,112694,46,2,3290.00
21313,112695,86,2,879.00
21314,112696,96,3,589.00
21315,112696,20,1,10890.00
21316,112696,88,1,7390.00
21317,112697,4,1,94190.00
21318,112698,127,1,6890.00
21319,112699,89,1,399.00
21320,112699,42,2,989.00
21321,112700,46,1,3290.00
21322,112701,26,1,49590.00
21323,112702,76,1,459.00
21324,112703,76,2,459.00
21325,112704,97,1,489.00
21326,112704,9,1,3290.00
21327,112705,6,1,13390.00
21328,112705,97,2,489.00
21329,112706,36,1,7890.00
21330,112707,73,1,489.00
21331,112707,109,1,8890.00
21332,112708,9,1,3290.00
21333,112708,40,1,32190.00
21334,112708,63,1,5790.00
21335,112708,114,1,34690.00
21336,112709,68,1,2490.00
21337,112710,80,1,5890.00
21338,112710,29,1,2290.00
21339,112710,11,1,4890.00
21340,112710,23,1,3490.00
21341,112711,20,1,10890.00
21342,112712,22,1,2490.00
21343,112712,9,1,3290.00
21344,112712,86,1,879.00
21345,112713,83,1,6890.00
21346,112714,54,1,3490.00
21347,112715,57,1,489.00
21348,112716,105,2,1490.00
21349,112717,46,1,3290.00
21350,112718,42,1,989.00
21351,112718,110,1,3990.00
21352,112719,111,1,589.00
21353,112720,86,3,879.00
21354,112720,61,1,7390.00
21355,112720,12,1,3990.00
21356,112721,117,1,2990.00
21357,112722,96,1,589.00
21358,112722,108,1,5390.00
21359,112723,95,1,1090.00
21360,112724,86,1,879.00
21361,112724,109,1,8890.00
21362,112724,92,1,979.00
21363,112724,30,1,3190.00
21364,112725,45,1,6890.00
21365,112726,99,2,1290.00
21366,112726,9,1,3290.00
21367,112727,20,1,10890.00
21368,112728,111,1,589.00
21369,112728,117,1,2990.00
21370,112729,57,2,489.00
21371,112729,14,1,11890.00
21372,112729,117,1,2990.00
21373,112730,109,1,8890.00
21374,112731,98,1,879.00
21375,112731,34,1,6390.00
21376,112731,76,1,459.00
21377,112731,57,1,489.00
21378,112732,23,1,3490.00
21379,112732,58,1,4890.00
21380,112732,60,1,3490.00
21381,112732,67,2,1290.00
21382,112733,102,1,1990.00
21383,112734,38,2,2990.00
21384,112735,108,1,5390.00
21385,112736,86,1,879.00
21386,112736,42,1,989.00
21387,112736,117,1,2990.00
21388,112736,65,1,4490.00
21389,112737,111,1,589.00
21390,112738,85,1,2490.00
21391,112738,77,1,2190.00
21392,112739,68,1,2490.00
21393,112739,78,2,1890.00
21394,112740,91,1,1490.00
21395,112740,65,2,4490.00
21396,112740,109,1,8890.00
21397,112741,23,1,3490.00
21398,112741,122,1,2290.00
21399,112741,67,1,1290.00
21400,112742,29,1,2290.00
21401,112743,43,1,1290.00
21402,112744,117,1,2990.00
21403,112745,25,1,24790.00
21404,112746,123,1,1790.00
21405,112746,15,1,17290.00
21406,112747,88,1,7390.00
21407,112748,6,1,13390.00
21408,112749,118,1,9890.00
21409,112750,59,1,1990.00
21410,112751,21,1,7890.00
21411,112751,7,1,32690.00
21412,112752,98,1,879.00
21413,112752,109,1,8890.00
21414,112752,42,1,989.00
21415,112752,17,1,64490.00
21416,112753,42,2,989.00
21417,112754,109,1,8890.00
21418,112755,87,1,2990.00
21419,112755,33,1,11890.00
21420,112756,106,1,24790.00
21421,112756,111,1,589.00
21422,112756,110,1,3990.00
21423,112757,31,1,44590.00
21424,112758,111,1,589.00
21425,112759,127,1,6890.00
21426,112759,11,1,4890.00
21427,112760,38,1,2990.00
21428,112760,22,1,2490.00
21429,112761,2,1,36690.00
21430,112761,126,2,3290.00
21431,112762,120,1,1490.00
21432,112763,46,1,3290.00
21433,112764,14,1,11890.00
21434,112765,2,1,36690.00
21435,112766,108,1,5390.00
21436,112766,119,1,3490.00
21437,112767,6,1,13390.00
21438,112768,20,1,10890.00
21439,112768,85,1,2490.00
21440,112769,119,1,3490.00
21441,112770,46,1,3290.00
21442,112771,68,1,2490.00
21443,112772,111,2,589.00
21444,112773,42,1,989.00
21445,112773,24,1,16890.00
21446,112774,111,1,589.00
21447,112775,109,1,8890.00
21448,112776,105,1,1490.00
21449,112776,42,1,989.00
21450,112777,117,1,2990.00
21451,112778,46,1,3290.00
21452,112779,121,1,2490.00
21453,112780,23,2,3490.00
21454,112780,10,1,12890.00
21455,112781,106,1,24790.00
21456,112782,79,1,5390.00
21457,112783,131,1,1690.00
21458,112783,127,1,6890.00
21459,112784,41,1,27790.00
21460,112784,46,1,3290.00
21461,112784,45,1,6890.00
21462,112784,68,1,2490.00
21463,112785,127,1,6890.00
21464,112785,20,1,10890.00
21465,112786,125,1,1990.00
21466,112786,117,2,2990.00
21467,112786,63,1,5790.00
21468,112787,8,1,17790.00
21469,112788,109,1,8890.00
21470,112789,40,1,32190.00
21471,112790,9,2,3290.00
21472,112791,25,1,24790.00
21473,112792,78,1,1890.00
21474,112793,57,1,499.00
21475,112793,58,1,4990.00
21476,112794,120,1,1490.00
21477,112795,23,1,3490.00
21478,112796,110,2,3990.00
21479,112796,33,1,11890.00
21480,112796,86,1,879.00
21481,112797,67,1,1290.00
21482,112797,42,1,989.00
21483,112798,110,1,3990.00
21484,112798,40,1,32190.00
21485,112799,96,1,589.00
21486,112800,89,1,399.00
21487,112800,45,1,6890.00
21488,112800,90,1,2890.00
21489,112800,20,1,10890.00
21490,112801,66,1,1490.00
21491,112801,97,1,489.00
21492,112801,21,1,7890.00
21493,112801,76,1,459.00
21494,112802,111,1,589.00
21495,112803,86,2,879.00
21496,112804,47,1,12890.00
21497,112804,35,1,4790.00
21498,112804,111,2,589.00
21499,112805,81,2,4990.00
21500,112806,42,1,989.00
21501,112807,12,2,3990.00
21502,112807,111,1,589.00
21503,112808,21,1,7890.00
21504,112809,85,1,2490.00
21505,112809,127,1,6890.00
21506,112809,20,1,10890.00
21507,112809,86,1,879.00
21508,112810,9,1,3290.00
21509,112810,34,1,6390.00
21510,112811,66,1,1490.00
21511,112812,85,1,2490.00
21512,112813,110,2,3990.00
21513,112814,31,1,44590.00
21514,112814,35,1,4790.00
21515,112815,111,1,589.00
21516,112815,23,1,3490.00
21517,112815,45,1,6890.00
21518,112815,21,1,7890.00
21519,112816,127,1,6890.00
21520,112816,12,1,3990.00
21521,112817,109,1,8890.00
21522,112818,108,1,5390.00
21523,112819,122,1,2290.00
21524,112819,11,1,4990.00
21525,112820,78,1,1890.00
21526,112821,117,2,2990.00
21527,112822,78,1,1890.00
21528,112822,42,3,989.00
21529,112823,86,1,879.00
21530,112824,32,1,5390.00
21531,112824,30,1,3190.00
21532,112824,100,1,1690.00
21533,112825,62,1,4590.00
21534,112826,86,1,879.00
21535,112827,9,1,3290.00
21536,112827,81,1,4990.00
21537,112828,107,1,39690.00
21538,112829,91,1,1490.00
21539,112829,117,1,2990.00
21540,112829,43,1,1290.00
21541,112830,86,2,879.00
21542,112831,118,1,9890.00
21543,112832,110,2,3990.00
21544,112832,45,1,6890.00
21545,112832,123,1,1790.00
21546,112833,86,1,879.00
21547,112834,78,1,1890.00
21548,112835,30,1,3190.00
21549,112835,86,1,879.00
21550,112835,56,3,789.00
21551,112836,109,1,8890.00
21552,112836,32,1,5390.00
21553,112837,30,1,3190.00
21554,112837,2,1,36690.00
21555,112838,96,1,589.00
21556,112839,99,2,1290.00
21557,112840,63,1,5790.00
21558,112841,22,1,2490.00
21559,112842,54,1,3490.00
21560,112842,42,1,989.00
21561,112843,28,1,21790.00
21562,112844,109,1,8890.00
21563,112845,125,1,1990.00
21564,112846,106,1,24790.00
21565,112846,110,1,3990.00
21566,112846,21,1,7890.00
21567,112846,123,2,1790.00
21568,112847,6,1,13390.00
21569,112848,111,1,589.00
21570,112848,25,1,24790.00
21571,112848,8,1,17890.00
21572,112849,112,1,879.00
21573,112849,42,1,989.00
21574,112849,30,1,3190.00
21575,112849,107,1,39690.00
21576,112850,96,1,589.00
21577,112850,10,1,12890.00
21578,112851,42,2,989.00
21579,112852,22,1,2490.00
21580,112852,117,1,2990.00
21581,112852,75,1,2290.00
21582,112853,20,1,10890.00
21583,112854,46,1,3290.00
21584,112855,109,1,8890.00
21585,112855,32,1,5390.00
21586,112856,36,1,7890.00
21587,112857,86,2,879.00
21588,112858,45,1,6890.00
21589,112858,111,2,589.00
21590,112858,20,1,10890.00
21591,112859,96,2,589.00
21592,112859,84,1,679.00
21593,112859,46,1,3290.00
21594,112860,110,1,3990.00
21595,112861,117,1,2990.00
21596,112862,18,1,52590.00
21597,112862,30,1,3190.00
21598,112863,117,1,2990.00
21599,112864,55,1,5890.00
21600,112864,29,1,2290.00
21601,112864,22,1,2490.00
21602,112865,29,1,2290.00
21603,112865,85,1,2490.00
21604,112866,99,1,1290.00
21605,112867,106,1,24790.00
21606,112867,63,1,5790.00
21607,112868,110,1,3990.00
21608,112868,86,1,879.00
21609,112868,89,1,399.00
21610,112868,12,2,3990.00
21611,112869,46,1,3290.00
21612,112870,108,1,5390.00
21613,112870,66,1,1490.00
21614,112871,117,1,2990.00
21615,112871,93,1,779.00
21616,112871,20,1,10890.00
21617,112872,36,1,7890.00
21618,112872,43,2,1290.00
21619,112873,108,1,5390.00
21620,112873,65,2,4490.00
21621,112874,67,1,1290.00
21622,112875,66,1,1490.00
21623,112876,9,1,3290.00
21624,112876,89,3,399.00
21625,112876,110,2,3990.00
21626,112876,85,1,2490.00
21627,112877,112,1,879.00
21628,112878,58,1,4990.00
21629,112879,10,1,12890.00
21630,112880,42,1,989.00
21631,112880,17,1,64490.00
21632,112880,99,1,1290.00
21633,112881,117,1,2990.00
21634,112882,117,1,2990.00
21635,112882,48,1,4990.00
21636,112882,74,2,679.00
21637,112883,38,2,2990.00
21638,112884,64,1,3990.00
21639,112885,14,1,11890.00
21640,112886,13,1,27790.00
21641,112887,73,2,489.00
21642,112888,110,1,3990.00
21643,112889,57,3,499.00
21644,112890,80,1,5890.00
21645,112891,67,1,1290.00
21646,112891,9,1,3290.00
21647,112892,87,1,2990.00
21648,112892,12,1,3990.00
21649,112893,127,1,6890.00
21650,112894,66,1,1490.00
21651,112895,105,1,1490.00
21652,112895,45,1,6890.00
21653,112895,46,1,3290.00
21654,112896,22,1,2490.00
21655,112896,127,1,6890.00
21656,112896,1,1,21790.00
21657,112897,26,1,49590.00
21658,112898,117,1,2990.00
21659,112898,98,1,879.00
21660,112899,94,2,1190.00
21661,112899,3,1,84390.00
21662,112900,58,2,4990.00
21663,112901,23,2,3490.00
21664,112901,91,1,1490.00
21665,112901,83,1,6890.00
21666,112902,109,1,8890.00
21667,112903,42,1,989.00
21668,112904,38,2,2990.00
21669,112904,99,1,1290.00
21670,112904,109,1,8890.00
21671,112904,1,1,21790.00
21672,112905,4,1,94290.00
21673,112905,112,1,879.00
21674,112906,38,1,2990.00
21675,112907,61,1,7390.00
21676,112908,81,1,4990.00
21677,112909,65,1,4490.00
21678,112910,64,1,3990.00
21679,112910,96,1,589.00
21680,112911,29,2,2290.00
21681,112912,26,1,49590.00
21682,112912,30,1,3190.00
21683,112912,91,2,1490.00
21684,112912,85,1,2490.00
21685,112913,89,2,399.00
21686,112913,75,1,2290.00
21687,112914,65,2,4490.00
21688,112915,85,1,2490.00
21689,112916,74,2,679.00
21690,112916,57,2,499.00
21691,112916,98,1,879.00
21692,112916,42,2,989.00
21693,112917,122,1,2290.00
21694,112918,52,1,7390.00
21695,112919,22,1,2490.00
21696,112919,100,1,1690.00
21697,112919,65,2,4490.00
21698,112919,82,1,7890.00
21699,112920,66,1,1490.00
21700,112920,85,1,2490.00
21701,112921,85,1,2490.00
21702,112922,46,1,3290.00
21703,112922,95,1,1090.00
21704,112923,46,1,3290.00
21705,112924,106,1,24790.00
21706,112924,91,1,1490.00
21707,112924,111,2,589.00
21708,112925,67,1,1290.00
21709,112926,86,2,879.00
21710,112926,36,1,7890.00
21711,112927,25,1,24790.00
21712,112928,91,1,1490.00
21713,112928,106,1,24790.00
21714,112929,48,1,4990.00
21715,112930,75,1,2290.00
21716,112931,61,1,7390.00
21717,112932,58,1,4990.00
21718,112932,89,1,399.00
21719,112933,23,1,3490.00
21720,112933,117,1,2990.00
21721,112934,52,1,7390.00
21722,112934,119,1,3490.00
21723,112934,86,1,879.00
21724,112935,46,1,3290.00
21725,112935,14,1,11890.00
21726,112935,38,2,2990.00
21727,112935,33,1,11890.00
21728,112936,46,2,3290.00
21729,112937,43,2,1290.00
21730,112938,126,1,3290.00
21731,112939,107,1,39690.00
21732,112940,112,1,879.00
21733,112941,63,1,5790.00
21734,112942,11,1,4990.00
21735,112943,110,1,3990.00
21736,112943,38,1,2990.00
21737,112944,46,1,3290.00
21738,112944,98,2,879.00
21739,112944,11,2,4990.00
21740,112945,86,1,879.00
21741,112945,60,1,3490.00
21742,112945,38,1,2990.00
21743,112946,62,1,4590.00
21744,112947,40,1,32290.00
21745,112948,117,1,2990.00
21746,112949,63,1,5790.00
21747,112949,108,1,5390.00
21748,112950,110,1,3990.00
21749,112951,122,1,2290.00
21750,112952,76,1,459.00
21751,112953,109,1,8890.00
21752,112953,63,1,5790.00
21753,112953,86,3,879.00
21754,112953,108,1,5390.00
21755,112954,31,1,44690.00
21756,112955,48,1,4990.00
21757,112956,9,1,3290.00
21758,112956,83,1,6890.00
21759,112956,23,1,3490.00
21760,112957,71,1,2990.00
21761,112957,12,1,3990.00
21762,112957,108,1,5490.00
21763,112958,117,1,2990.00
21764,112958,38,1,2990.00
21765,112959,111,2,589.00
21766,112960,66,1,1490.00
21767,112961,66,1,1490.00
21768,112962,48,1,4990.00
21769,112962,71,2,2990.00
21770,112962,126,1,3290.00
21771,112962,127,1,6890.00
21772,112963,86,2,879.00
21773,112964,57,3,499.00
21774,112964,117,2,2990.00
21775,112964,17,1,64490.00
21776,112964,65,1,4490.00
21777,112965,74,3,689.00
21778,112966,43,2,1290.00
21779,112967,10,1,12890.00
21780,112968,38,1,2990.00
21781,112969,19,1,119090.00
21782,112969,67,1,1290.00
21783,112970,117,1,2990.00
21784,112970,66,1,1490.00
21785,112971,85,1,2490.00
21786,112971,34,1,6390.00
21787,112971,20,1,10890.00
21788,112972,23,1,3490.00
21789,112972,111,1,589.00
21790,112972,54,1,3490.00
21791,112973,23,1,3490.00
21792,112974,90,1,2890.00
21793,112974,110,1,3990.00
21794,112975,65,1,4490.00
21795,112976,104,1,4990.00
21796,112976,46,1,3290.00
21797,112976,67,1,1290.00
21798,112976,108,1,5490.00
21799,112977,42,1,989.00
21800,112978,38,2,2990.00
21801,112979,66,1,1490.00
21802,112980,57,1,499.00
21803,112980,111,3,589.00
21804,112980,35,2,4790.00
21805,112981,74,1,689.00
21806,112982,61,1,7390.00
21807,112982,40,1,32290.00
21808,112982,108,1,5490.00
21809,112983,112,1,879.00
21810,112984,66,1,1490.00
21811,112984,65,1,4490.00
21812,112984,131,1,1690.00
21813,112985,13,1,27790.00
21814,112986,91,1,1490.00
21815,112986,108,1,5490.00
21816,112986,75,2,2290.00
21817,112986,18,1,52590.00
21818,112987,10,1,12890.00
21819,112987,81,1,4990.00
21820,112987,110,1,3990.00
21821,112988,8,1,17890.00
21822,112989,111,2,589.00
21823,112989,79,1,5490.00
21824,112990,31,1,44690.00
21825,112991,86,1,879.00
21826,112991,118,1,9890.00
21827,112992,66,1,1490.00
21828,112993,38,1,2990.00
21829,112994,57,1,499.00
21830,112995,22,1,2490.00
21831,112996,54,1,3490.00
21832,112997,12,1,3990.00
21833,112998,67,1,1290.00
21834,112999,81,1,4990.00
21835,113000,59,2,1990.00
21836,113000,32,1,5490.00
21837,113001,30,1,3190.00
21838,113001,63,1,5790.00
21839,113001,108,1,5490.00
21840,113001,43,1,1290.00
21841,113002,108,1,5490.00
21842,113003,86,2,879.00
21843,113004,91,1,1490.00
21844,113004,79,1,5490.00
21845,113005,83,1,6890.00
21846,113006,54,1,3490.00
21847,113007,124,3,1590.00
21848,113008,112,1,879.00
21849,113008,107,1,39690.00
21850,113008,60,1,3490.00
21851,113009,38,1,2990.00
21852,113010,42,1,989.00
21853,113010,38,1,2990.00
21854,113010,40,1,32290.00
21855,113011,109,1,8890.00
21856,113012,46,1,3290.00
21857,113013,16,1,42690.00
21858,113014,44,1,2990.00
21859,113015,118,1,9890.00
21860,113016,35,1,4790.00
21861,113017,41,1,27790.00
21862,113018,29,1,2290.00
21863,113018,123,4,1790.00
21864,113019,86,1,879.00
21865,113020,86,1,879.00
21866,113021,36,1,7890.00
21867,113021,94,1,1190.00
21868,113022,45,1,6890.00
21869,113022,48,1,4990.00
21870,113023,83,1,6890.00
21871,113024,62,1,4590.00
21872,113024,29,1,2290.00
21873,113025,22,1,2490.00
21874,113026,111,2,589.00
21875,113027,60,1,3490.00
21876,113027,57,1,499.00
21877,113028,9,1,3290.00
21878,113028,14,1,11890.00
21879,113029,86,1,879.00
21880,113029,59,1,1990.00
21881,113030,42,3,989.00
21882,113030,9,1,3290.00
21883,113031,43,1,1290.00
21884,113032,42,1,989.00
21885,113032,110,1,3990.00
21886,113033,11,2,4990.00
21887,113034,38,1,2990.00
21888,113035,86,1,879.00
21889,113036,27,1,59590.00
21890,113037,43,1,1290.00
21891,113037,46,1,3290.00
21892,113037,109,1,8890.00
21893,113038,85,1,2490.00
21894,113038,65,1,4490.00
21895,113038,23,1,3490.00
21896,113038,46,1,3290.00
21897,113039,109,1,8890.00
21898,113039,123,1,1790.00
21899,113040,11,1,4990.00
21900,113041,58,1,4990.00
21901,113042,86,1,879.00
21902,113042,57,1,499.00
21903,113043,86,1,879.00
21904,113043,63,1,5790.00
21905,113044,86,1,879.00
21906,113045,109,1,8890.00
21907,113045,86,1,879.00
21908,113045,63,1,5790.00
21909,113046,82,1,7890.00
21910,113047,89,2,399.00
21911,113047,62,1,4590.00
21912,113047,107,1,39690.00
21913,113048,22,1,2490.00
21914,113049,122,1,2290.00
21915,113049,84,3,689.00
21916,113050,95,1,1090.00
21917,113051,46,1,3290.00
21918,113051,127,1,6890.00
21919,113051,107,1,39690.00
21920,113052,29,1,2290.00
21921,113052,46,1,3290.00
21922,113053,43,1,1290.00
21923,113054,66,1,1490.00
21924,113055,51,1,6390.00
21925,113056,21,1,7890.00
21926,113057,106,1,24790.00
21927,113057,40,1,32290.00
21928,113058,95,1,1090.00
21929,113058,29,1,2290.00
21930,113058,2,1,36690.00
21931,113059,10,1,12890.00
21932,113060,8,1,17890.00
21933,113060,46,1,3290.00
21934,113061,42,1,989.00
21935,113062,36,1,7890.00
21936,113063,86,1,879.00
21937,113064,125,1,1990.00
21938,113064,111,1,589.00
21939,113065,21,1,7890.00
21940,113066,58,2,4990.00
21941,113066,67,1,1290.00
21942,113067,42,2,989.00
21943,113068,110,1,3990.00
21944,113068,6,1,13390.00
21945,113068,131,1,1690.00
21946,113069,29,1,2290.00
21947,113069,117,1,2990.00
21948,113070,9,2,3290.00
21949,113071,57,3,499.00
21950,113072,2,1,36690.00
21951,113073,57,2,499.00
21952,113073,97,2,489.00
21953,113074,57,1,499.00
21954,113074,128,1,17890.00
21955,113075,81,2,4990.00
21956,113076,15,1,17390.00
21957,113077,110,1,3990.00
21958,113078,109,1,8890.00
21959,113078,30,1,3190.00
21960,113078,67,1,1290.00
21961,113078,32,1,5490.00
21962,113079,111,1,589.00
21963,113080,110,1,3990.00
21964,113080,102,1,1990.00
21965,113081,36,1,7890.00
21966,113081,26,1,49690.00
21967,113082,86,3,879.00
21968,113082,67,2,1290.00
21969,113082,48,1,4990.00
21970,113083,97,1,489.00
21971,113083,86,1,879.00
21972,113084,118,1,9890.00
21973,113085,108,1,5490.00
21974,113086,112,2,879.00
21975,113087,57,1,499.00
21976,113088,46,1,3290.00
21977,113089,61,1,7390.00
21978,113090,111,1,589.00
21979,113091,9,2,3290.00
21980,113092,52,1,7390.00
21981,113092,11,1,4990.00
21982,113092,82,1,7890.00
21983,113093,38,1,2990.00
21984,113094,6,1,13390.00
21985,113095,114,1,34790.00
21986,113096,117,1,2990.00
21987,113096,99,1,1290.00
21988,113097,111,1,589.00
21989,113097,42,1,989.00
21990,113098,42,2,989.00
21991,113099,81,1,4990.00
21992,113100,125,1,1990.00
21993,113101,117,1,2990.00
21994,113101,66,1,1490.00
21995,113101,30,1,3190.00
21996,113101,111,2,589.00
21997,113102,110,1,3990.00
21998,113103,31,1,44690.00
21999,113103,42,3,989.00
22000,113104,6,1,13390.00
22001,113105,77,2,2190.00
22002,113105,131,1,1690.00
22003,113105,62,1,4590.00
22004,113106,111,1,589.00
22005,113106,57,3,499.00
22006,113106,91,1,1490.00
22007,113107,65,1,4490.00
22008,113107,118,1,9890.00
22009,113108,9,1,3290.00
22010,113108,86,2,879.00
22011,113108,58,1,4990.00
22012,113108,111,1,589.00
22013,113109,78,1,1890.00
22014,113109,17,1,64590.00
22015,113109,20,1,10890.00
22016,113110,111,1,589.00
22017,113111,57,1,499.00
22018,113111,59,1,1990.00
22019,113112,64,1,3990.00
22020,113112,86,1,879.00
22021,113112,109,1,8890.00
22022,113112,108,1,5490.00
22023,113113,117,2,2990.00
22024,113114,38,2,2990.00
22025,113115,23,1,3490.00
22026,113115,108,1,5490.00
22027,113116,73,1,489.00
22028,113116,42,2,989.00
22029,113116,67,1,1290.00
22030,113117,54,1,3490.00
22031,113117,109,1,8890.00
22032,113118,86,1,879.00
22033,113118,60,1,3490.00
22034,113119,2,1,36690.00
22035,113120,76,1,459.00
22036,113121,66,1,1490.00
22037,113122,9,1,3290.00
22038,113122,45,1,6890.00
22039,113123,126,1,3290.00
22040,113123,111,2,589.00
22041,113124,56,3,789.00
22042,113125,95,2,1090.00
22043,113126,77,1,2190.00
22044,113126,108,1,5490.00
22045,113127,77,1,2190.00
22046,113127,120,1,1490.00
22047,113128,86,1,879.00
22048,113129,78,1,1890.00
22049,113130,111,1,589.00
22050,113130,29,1,2290.00
22051,113131,110,1,3990.00
22052,113132,86,3,879.00
22053,113133,6,1,13390.00
22054,113133,54,1,3490.00
22055,113134,67,2,1290.00
22056,113135,109,1,8890.00
22057,113136,111,2,589.00
22058,113136,127,1,6890.00
22059,113137,111,1,589.00
22060,113138,131,2,1690.00
22061,113139,73,1,489.00
22062,113140,57,1,499.00
22063,113141,38,1,2990.00
22064,113142,104,1,4990.00
22065,113143,73,1,489.00
22066,113143,76,1,459.00
22067,113143,65,1,4490.00
22068,113143,105,1,1490.00
22069,113144,12,1,3990.00
22070,113144,123,1,1790.00
22071,113145,108,1,5490.00
22072,113146,29,1,2290.00
22073,113147,117,1,2990.00
22074,113147,61,1,7390.00
22075,113148,117,1,2990.00
22076,113148,38,1,2990.00
22077,113149,45,1,6890.00
22078,113150,57,2,499.00
22079,113150,38,1,2990.00
22080,113151,23,1,3490.00
22081,113152,80,1,5990.00
22082,113153,109,1,8890.00
22083,113153,25,1,24790.00
22084,113154,39,1,5990.00
22085,113155,9,1,3290.00
22086,113155,54,2,3490.00
22087,113156,107,1,39690.00
22088,113156,109,1,8890.00
22089,113157,8,1,17890.00
22090,113158,117,1,2990.00
22091,113159,67,1,1290.00
22092,113160,91,2,1490.00
22093,113160,86,1,879.00
22094,113160,93,2,779.00
22095,113161,73,3,489.00
22096,113161,109,1,8890.00
22097,113161,118,1,9890.00
22098,113162,95,2,1090.00
22099,113163,15,1,17390.00
22100,113164,73,3,489.00
22101,113165,42,1,989.00
22102,113166,38,1,2990.00
22103,113167,83,1,6890.00
22104,113167,97,1,489.00
22105,113168,123,4,1790.00
22106,113169,64,1,3990.00
22107,113170,43,1,1290.00
22108,113171,109,1,8890.00
22109,113171,57,1,499.00
22110,113171,46,1,3290.00
22111,113171,97,2,489.00
22112,113172,57,2,499.00
22113,113173,20,1,10890.00
22114,113174,93,2,779.00
22115,113175,76,1,459.00
22116,113176,63,1,5890.00
22117,113177,38,1,2990.00
22118,113178,80,1,5990.00
22119,113179,63,1,5890.00
22120,113179,57,1,499.00
22121,113180,2,1,36790.00
22122,113180,65,1,4490.00
22123,113181,62,1,4590.00
22124,113181,90,1,2890.00
22125,113181,63,1,5890.00
22126,113181,119,2,3490.00
22127,113182,106,1,24790.00
22128,113182,44,1,2990.00
22129,113183,111,1,589.00
22130,113184,111,1,589.00
22131,113184,57,1,499.00
22132,113185,86,1,879.00
22133,113185,13,1,27790.00
22134,113186,110,1,3990.00
22135,113186,14,1,11890.00
22136,113186,76,1,459.00
22137,113187,40,1,32290.00
22138,113188,80,1,5990.00
22139,113188,131,2,1690.00
22140,113189,50,1,7890.00
22141,113190,43,1,1290.00
22142,113191,20,1,10890.00
22143,113191,75,1,2290.00
22144,113192,11,1,4990.00
22145,113193,86,1,879.00
22146,113193,69,2,879.00
22147,113194,86,1,879.00
22148,113194,13,1,27790.00
22149,113195,57,1,499.00
22150,113196,110,1,3990.00
22151,113197,64,1,3990.00
22152,113197,117,2,2990.00
22153,113198,109,1,8890.00
22154,113199,54,1,3490.00
22155,113200,86,1,879.00
22156,113200,42,1,989.00
22157,113200,45,1,6890.00
22158,113201,89,1,399.00
22159,113202,75,1,2290.00
22160,113202,76,1,459.00
22161,113203,64,1,3990.00
22162,113204,65,1,4490.00
22163,113205,24,1,16890.00
22164,113205,111,1,589.00
22165,113206,111,2,589.00
22166,113206,131,1,1690.00
22167,113207,99,2,1290.00
22168,113208,30,1,3190.00
22169,113209,66,2,1490.00
22170,113210,36,1,7890.00
22171,113210,78,1,1890.00
22172,113210,14,1,11890.00
22173,113210,3,1,84490.00
22174,113211,86,1,879.00
22175,113212,111,2,589.00
22176,113213,76,1,459.00
22177,113214,16,1,42690.00
22178,113214,54,1,3490.00
22179,113214,117,1,2990.00
22180,113215,2,1,36790.00
22181,113215,110,1,3990.00
22182,113215,107,1,39690.00
22183,113215,20,1,10890.00
22184,113216,58,1,4990.00
22185,113217,33,1,11890.00
22186,113217,93,1,789.00
22187,113218,91,1,1490.00
22188,113218,46,1,3290.00
22189,113219,46,1,3290.00
22190,113220,63,1,5890.00
22191,113221,126,1,3290.00
22192,113221,42,1,989.00
22193,113222,16,1,42690.00
22194,113222,99,1,1290.00
22195,113223,30,1,3190.00
22196,113224,109,1,8890.00
22197,113225,46,1,3290.00
22198,113225,11,1,4990.00
22199,113226,108,1,5490.00
22200,113227,23,1,3490.00
22201,113227,67,1,1290.00
22202,113227,46,1,3290.00
22203,113228,18,1,52690.00
22204,113229,129,1,8890.00
22205,113230,117,1,2990.00
22206,113231,42,2,989.00
22207,113232,91,1,1490.00
22208,113233,117,1,2990.00
22209,113234,73,2,489.00
22210,113234,105,1,1490.00
22211,113235,5,1,129190.00
22212,113235,87,1,2990.00
22213,113235,12,2,3990.00
22214,113236,58,1,4990.00
22215,113237,23,1,3490.00
22216,113238,119,2,3490.00
22217,113238,11,1,4990.00
22218,113239,57,1,499.00
22219,113240,40,1,32290.00
22220,113241,43,1,1290.00
22221,113242,23,1,3490.00
22222,113242,30,1,3190.00
22223,113242,110,1,3990.00
22224,113243,73,1,489.00
22225,113243,46,1,3290.00
22226,113243,111,1,589.00
22227,113243,76,1,459.00
22228,113244,88,1,7390.00
22229,113244,29,1,2290.00
22230,113244,42,1,989.00
22231,113244,43,1,1290.00
22232,113245,12,1,3990.00
22233,113246,20,1,10890.00
22234,113247,42,1,989.00
22235,113248,57,3,499.00
22236,113248,110,1,3990.00
22237,113249,76,1,459.00
22238,113250,51,1,6490.00
22239,113250,111,2,589.00
22240,113251,8,1,17890.00
22241,113252,23,1,3490.00
22242,113253,104,1,4990.00
22243,113254,58,1,4990.00
22244,113254,93,1,789.00
22245,113254,74,2,689.00
22246,113255,86,1,879.00
22247,113256,51,1,6490.00
22248,113256,14,1,11890.00
22249,113257,36,1,7890.00
22250,113258,12,1,3990.00
22251,113259,68,1,2490.00
22252,113259,121,1,2490.00
22253,113259,77,1,2190.00
22254,113260,111,1,589.00
22255,113260,42,2,989.00
22256,113261,3,1,84490.00
22257,113261,110,1,3990.00
22258,113262,92,1,979.00
22259,113263,58,1,4990.00
22260,113263,66,2,1490.00
22261,113264,43,1,1290.00
22262,113265,43,1,1290.00
22263,113266,73,1,489.00
22264,113267,21,1,7890.00
22265,113267,117,1,2990.00
22266,113268,67,1,1290.00
22267,113269,38,1,2990.00
22268,113269,78,1,1890.00
22269,113269,111,2,589.00
22270,113270,45,1,6890.00
22271,113271,109,1,8890.00
22272,113271,86,2,879.00
22273,113272,88,1,7390.00
22274,113273,63,1,5890.00
22275,113273,22,2,2490.00
22276,113274,66,1,1490.00
22277,113274,28,1,21890.00
22278,113274,125,1,1990.00
22279,113275,74,1,689.00
22280,113276,43,1,1290.00
22281,113277,109,1,8890.00
22282,113278,62,1,4590.00
22283,113278,111,2,589.00
22284,113279,117,1,2990.00
22285,113280,50,1,7890.00
22286,113281,95,1,1090.00
22287,113281,110,1,3990.00
22288,113282,86,2,879.00
22289,113282,80,1,5990.00
22290,113283,38,1,2990.00
22291,113283,95,1,1090.00
22292,113284,81,1,4990.00
22293,113285,17,1,64590.00
22294,113286,110,1,3990.00
22295,113287,42,3,989.00
22296,113287,15,1,17390.00
22297,113288,43,1,1290.00
22298,113289,94,1,1190.00
22299,113290,86,2,879.00
22300,113290,128,1,17890.00
22301,113291,48,1,4990.00
22302,113292,43,1,1290.00
22303,113293,102,1,1990.00
22304,113293,1,1,21890.00
22305,113293,64,1,3990.00
22306,113294,42,1,989.00
22307,113294,22,1,2490.00
22308,113294,65,1,4490.00
22309,113295,111,1,589.00
22310,113296,109,1,8890.00
22311,113296,74,2,689.00
22312,113296,68,1,2490.00
22313,113297,43,1,1290.00
22314,113297,52,1,7390.00
22315,113298,73,3,489.00
22316,113299,58,2,4990.00
22317,113299,33,1,11890.00
22318,113300,30,2,3190.00
22319,113301,57,3,499.00
22320,113302,104,1,4990.00
22321,113303,83,1,6890.00
22322,113303,111,2,589.00
22323,113303,80,1,5990.00
22324,113304,71,1,2990.00
22325,113304,125,1,1990.00
22326,113305,86,2,879.00
22327,113306,42,1,989.00
22328,113306,76,1,459.00
22329,113306,110,1,3990.00
22330,113306,46,2,3290.00
22331,113307,89,1,399.00
22332,113307,11,1,4990.00
22333,113308,46,2,3290.00
22334,113308,42,1,989.00
22335,113308,67,1,1290.00
22336,113309,78,1,1890.00
22337,113309,74,2,689.00
22338,113309,93,3,789.00
22339,113310,96,2,589.00
22340,113310,64,1,3990.00
22341,113310,118,1,9890.00
22342,113310,65,1,4490.00
22343,113311,67,1,1290.00
22344,113311,86,2,879.00
22345,113311,106,1,24790.00
22346,113311,38,1,2990.00
22347,113312,110,1,3990.00
22348,113313,38,1,2990.00
22349,113313,68,1,2490.00
22350,113313,20,1,10890.00
22351,113313,111,1,589.00
22352,113314,12,1,3990.00
22353,113315,117,1,2990.00
22354,113316,67,1,1290.00
22355,113317,66,1,1490.00
22356,113318,112,1,879.00
22357,113318,22,1,2490.00
22358,113319,57,3,499.00
22359,113319,106,1,24790.00
22360,113320,57,1,499.00
22361,113320,67,1,1290.00
22362,113321,112,2,879.00
22363,113321,29,1,2290.00
22364,113322,40,1,32290.00
22365,113322,88,1,7390.00
22366,113322,23,1,3490.00
22367,113322,43,1,1290.00
22368,113323,85,1,2490.00
22369,113323,43,2,1290.00
22370,113324,105,1,1490.00
22371,113324,109,1,8890.00
22372,113324,9,1,3290.00
22373,113325,9,1,3290.00
22374,113326,23,1,3490.00
22375,113326,109,1,8890.00
22376,113326,2,1,36790.00
22377,113326,86,2,879.00
22378,113327,9,1,3290.00
22379,113328,12,1,3990.00
22380,113329,74,2,689.00
22381,113329,104,1,4990.00
22382,113330,109,1,8890.00
22383,113331,38,1,2990.00
22384,113331,111,1,589.00
22385,113332,85,1,2490.00
22386,113333,117,1,2990.00
22387,113333,85,1,2490.00
22388,113334,94,2,1190.00
22389,113335,25,1,24790.00
22390,113335,17,1,64590.00
22391,113335,104,1,4990.00
22392,113335,79,1,5490.00
22393,113336,85,1,2490.00
22394,113336,108,1,5490.00
22395,113337,22,1,2490.00
22396,113337,11,1,4990.00
22397,113338,11,1,4990.00
22398,113339,108,1,5490.00
22399,113340,111,2,589.00
22400,113341,111,1,589.00
22401,113342,61,1,7390.00
22402,113343,15,1,17390.00
22403,113344,80,1,5990.00
22404,113345,112,3,879.00
22405,113345,117,1,2990.00
22406,113346,117,1,2990.00
22407,113346,83,1,6990.00
22408,113347,45,1,6990.00
22409,113348,65,2,4490.00
22410,113348,42,2,989.00
22411,113349,42,2,989.00
22412,113349,104,1,4990.00
22413,113349,64,1,3990.00
22414,113350,54,1,3490.00
22415,113350,112,1,889.00
22416,113351,43,1,1290.00
22417,113351,12,1,3990.00
22418,113352,110,1,3990.00
22419,113352,117,1,2990.00
22420,113353,86,1,889.00
22421,113354,43,1,1290.00
22422,113354,62,1,4590.00
22423,113355,67,1,1290.00
22424,113356,25,1,24890.00
22425,113357,95,2,1090.00
22426,113358,38,1,2990.00
22427,113358,28,1,21890.00
22428,113359,11,1,4990.00
22429,113360,111,1,589.00
22430,113361,75,1,2290.00
22431,113361,127,1,6990.00
22432,113361,107,1,39790.00
22433,113361,63,1,5890.00
22434,113362,66,1,1490.00
22435,113362,55,1,5990.00
22436,113362,65,1,4490.00
22437,113363,127,1,6990.00
22438,113364,12,2,3990.00
22439,113364,42,2,989.00
22440,113365,110,1,3990.00
22441,113366,63,1,5890.00
22442,113366,91,1,1490.00
22443,113366,122,1,2290.00
22444,113366,108,1,5490.00
22445,113367,67,2,1290.00
22446,113367,23,1,3490.00
22447,113368,64,2,3990.00
22448,113368,108,1,5490.00
22449,113369,22,1,2490.00
22450,113370,30,1,3190.00
22451,113370,18,1,52690.00
22452,113371,97,1,489.00
22453,113372,25,1,24890.00
22454,113373,46,1,3290.00
22455,113373,102,1,1990.00
22456,113373,80,1,5990.00
22457,113374,68,1,2490.00
22458,113375,45,1,6990.00
22459,113376,50,1,7890.00
22460,113376,112,1,889.00
22461,113376,117,2,2990.00
22462,113377,88,1,7390.00
22463,113377,61,1,7390.00
22464,113378,110,1,3990.00
22465,113378,12,1,3990.00
22466,113378,77,1,2190.00
22467,113378,31,1,44690.00
22468,113379,23,1,3490.00
22469,113379,109,1,8890.00
22470,113379,13,1,27790.00
22471,113379,108,1,5490.00
22472,113380,10,1,12890.00
22473,113381,46,1,3290.00
22474,113382,42,1,989.00
22475,113383,96,3,589.00
22476,113384,23,1,3490.00
22477,113385,46,1,3290.00
22478,113385,43,2,1290.00
22479,113386,45,1,6990.00
22480,113386,38,1,2990.00
22481,113387,12,2,3990.00
22482,113388,85,1,2490.00
22483,113388,31,1,44690.00
22484,113389,86,1,889.00
22485,113390,117,1,2990.00
22486,113390,46,2,3290.00
22487,113390,71,1,2990.00
22488,113391,63,1,5890.00
22489,113392,17,1,64590.00
22490,113393,97,1,489.00
22491,113394,36,1,7890.00
22492,113394,42,1,989.00
22493,113395,45,1,6990.00
22494,113396,117,1,2990.00
22495,113396,17,1,64590.00
22496,113397,66,1,1490.00
22497,113398,22,2,2490.00
22498,113399,110,1,3990.00
22499,113399,67,1,1290.00
22500,113400,38,1,2990.00
22501,113401,42,1,989.00
22502,113401,86,1,889.00
22503,113401,66,2,1490.00
22504,113402,107,1,39790.00
22505,113403,88,1,7390.00
22506,113403,2,1,36790.00
22507,113404,8,1,17890.00
22508,113404,15,1,17390.00
22509,113405,112,2,889.00
22510,113405,31,1,44690.00
22511,113406,94,1,1190.00
22512,113407,89,2,399.00
22513,113408,3,1,84490.00
22514,113408,45,1,6990.00
22515,113408,46,1,3290.00
22516,113408,9,1,3290.00
22517,113409,30,1,3190.00
22518,113410,86,1,889.00
22519,113410,58,2,4990.00
22520,113411,111,2,589.00
22521,113412,57,1,499.00
22522,113413,42,2,989.00
22523,113414,65,2,4490.00
22524,113414,64,2,3990.00
22525,113414,21,1,7890.00
22526,113414,104,1,4990.00
22527,113415,109,1,8890.00
22528,113416,86,1,889.00
22529,113416,42,1,989.00
22530,113417,44,1,2990.00
22531,113417,8,1,17890.00
22532,113418,86,1,889.00
22533,113418,63,1,5890.00
22534,113419,85,1,2490.00
22535,113420,57,2,499.00
22536,113421,57,2,499.00
22537,113421,12,1,3990.00
22538,113422,101,1,1590.00
22539,113422,82,1,7890.00
22540,113423,117,2,2990.00
22541,113424,88,1,7390.00
22542,113424,122,1,2290.00
22543,113425,85,1,2490.00
22544,113425,123,2,1790.00
22545,113426,92,1,979.00
22546,113426,87,2,2990.00
22547,113426,54,1,3490.00
22548,113426,67,1,1290.00
22549,113427,22,1,2490.00
22550,113428,68,1,2490.00
22551,113429,75,1,2290.00
22552,113429,46,2,3290.00
22553,113429,36,1,7890.00
22554,113429,86,1,889.00
22555,113430,74,1,689.00
22556,113430,22,1,2490.00
22557,113431,125,2,1990.00
22558,113432,107,1,39790.00
22559,113433,117,1,2990.00
22560,113434,46,1,3290.00
22561,113434,108,1,5490.00
22562,113435,52,1,7390.00
22563,113436,86,2,889.00
22564,113436,60,1,3490.00
22565,113437,42,2,989.00
22566,113437,43,1,1290.00
22567,113438,42,1,989.00
22568,113439,102,2,1990.00
22569,113440,59,1,1990.00
22570,113441,86,1,889.00
22571,113441,131,2,1690.00
22572,113441,57,2,499.00
22573,113441,111,1,589.00
22574,113442,50,1,7890.00
22575,113443,29,2,2290.00
22576,113443,86,1,889.00
22577,113444,111,3,589.00
22578,113444,110,1,3990.00
22579,113445,48,2,4990.00
22580,113445,122,2,2290.00
22581,113445,112,2,889.00
22582,113445,79,1,5490.00
22583,113446,123,1,1790.00
22584,113447,131,1,1690.00
22585,113447,57,1,499.00
22586,113447,21,1,7890.00
22587,113448,97,1,489.00
22588,113449,92,1,979.00
22589,113449,73,2,489.00
22590,113450,85,1,2490.00
22591,113451,40,1,32290.00
22592,113451,123,2,1790.00
22593,113451,20,1,10890.00
22594,113452,129,1,8890.00
22595,113453,111,1,589.00
22596,113453,29,2,2290.00
22597,113454,5,1,129290.00
22598,113455,67,1,1290.00
22599,113455,21,1,7890.00
22600,113455,65,2,4490.00
22601,113456,29,1,2290.00
22602,113456,109,1,8890.00
22603,113457,110,1,3990.00
22604,113457,73,1,489.00
22605,113458,10,1,12890.00
22606,113459,46,2,3290.00
22607,113460,118,1,9890.00
22608,113461,127,1,6990.00
22609,113462,71,1,2990.00
22610,113463,10,1,12890.00
22611,113464,62,1,4590.00
22612,113464,45,1,6990.00
22613,113465,123,3,1790.00
22614,113466,83,1,6990.00
22615,113466,51,1,6490.00
22616,113466,67,1,1290.00
22617,113467,67,2,1290.00
22618,113468,76,1,459.00
22619,113469,108,1,5490.00
22620,113469,63,1,5890.00
22621,113470,45,1,6990.00
22622,113470,111,2,589.00
22623,113471,108,1,5490.00
22624,113472,39,1,5990.00
22625,113473,78,2,1890.00
22626,113473,3,1,84590.00
22627,113474,46,1,3290.00
22628,113475,109,1,8890.00
22629,113476,50,1,7890.00
22630,113477,19,1,119390.00
22631,113477,50,1,7890.00
22632,113477,109,1,8890.00
22633,113478,90,2,2890.00
22634,113479,129,1,8890.00
22635,113480,42,2,989.00
22636,113480,109,1,8890.00
22637,113480,38,1,2990.00
22638,113480,91,1,1490.00
22639,113481,85,1,2490.00
22640,113482,110,1,3990.00
22641,113483,62,1,4590.00
22642,113484,120,1,1490.00
22643,113485,108,1,5490.00
22644,113486,42,2,989.00
22645,113487,30,1,3190.00
22646,113488,68,1,2490.00
22647,113489,126,2,3290.00
22648,113490,42,2,989.00
22649,113491,29,1,2290.00
22650,113491,65,1,4490.00
22651,113491,54,1,3490.00
22652,113491,68,2,2490.00
22653,113492,9,1,3290.00
22654,113492,67,1,1290.00
22655,113493,63,1,5890.00
22656,113493,110,1,3990.00
22657,113494,57,2,499.00
22658,113495,66,1,1490.00
22659,113495,57,1,499.00
22660,113495,93,2,789.00
22661,113495,71,1,2990.00
22662,113496,12,1,3990.00
22663,113496,127,1,6990.00
22664,113496,112,1,889.00
22665,113497,85,1,2490.00
22666,113498,92,1,979.00
22667,113499,109,1,8890.00
22668,113499,111,3,589.00
22669,113499,91,1,1490.00
22670,113500,31,1,44790.00
22671,113500,110,1,3990.00
22672,113500,59,1,1990.00
22673,113501,74,1,689.00
22674,113501,76,1,459.00
22675,113501,40,1,32290.00
22676,113502,111,2,589.00
22677,113502,26,1,49690.00
22678,113502,60,1,3490.00
22679,113503,86,3,889.00
22680,113504,38,1,2990.00
22681,113504,108,1,5490.00
22682,113504,78,1,1890.00
22683,113504,43,1,1290.00
22684,113505,66,1,1490.00
22685,113505,6,1,13390.00
22686,113505,117,1,2990.00
22687,113506,57,2,499.00
22688,113506,9,2,3290.00
22689,113507,17,1,64690.00
22690,113507,80,1,5990.00
22691,113508,7,1,32790.00
22692,113508,30,1,3190.00
22693,113509,58,1,4990.00
22694,113510,99,1,1290.00
22695,113511,63,1,5890.00
22696,113511,77,2,2190.00
22697,113512,122,1,2290.00
22698,113513,108,1,5490.00
22699,113514,111,1,589.00
22700,113515,18,1,52690.00
22701,113515,74,1,689.00
22702,113516,42,1,989.00
22703,113516,32,1,5490.00
22704,113517,61,1,7490.00
22705,113517,89,1,399.00
22706,113518,91,1,1490.00
22707,113518,61,1,7490.00
22708,113519,11,1,4990.00
22709,113520,11,1,4990.00
22710,113521,75,1,2290.00
22711,113521,60,1,3490.00
22712,113521,54,1,3490.00
22713,113522,118,1,9890.00
22714,113522,81,1,4990.00
22715,113522,97,1,489.00
22716,113522,84,2,689.00
22717,113523,75,1,2290.00
22718,113524,108,1,5490.00
22719,113525,67,1,1290.00
22720,113525,66,1,1490.00
22721,113526,126,1,3290.00
22722,113526,42,3,989.00
22723,113527,73,2,489.00
22724,113528,89,1,399.00
22725,113529,122,1,2290.00
22726,113530,47,1,12890.00
22727,113531,97,1,489.00
22728,113531,9,1,3290.00
22729,113532,36,1,7990.00
22730,113532,46,1,3290.00
22731,113533,51,1,6490.00
22732,113533,11,1,4990.00
22733,113534,67,2,1290.00
22734,113535,98,1,889.00
22735,113536,36,1,7990.00
22736,113537,84,1,689.00
22737,113538,97,2,489.00
22738,113538,105,1,1490.00
22739,113538,42,2,989.00
22740,113538,77,1,2190.00
22741,113539,54,2,3490.00
22742,113540,112,2,889.00
22743,113541,96,2,589.00
22744,113541,67,2,1290.00
22745,113541,46,1,3290.00
22746,113542,11,1,4990.00
22747,113543,50,1,7990.00
22748,113543,63,1,5890.00
22749,113543,12,1,3990.00
22750,113544,43,1,1290.00
22751,113545,86,1,889.00
22752,113546,38,1,2990.00
22753,113547,42,1,989.00
22754,113548,62,1,4590.00
22755,113549,78,1,1890.00
22756,113550,77,1,2190.00
22757,113551,92,3,989.00
22758,113552,30,1,3190.00
22759,113552,9,1,3290.00
22760,113553,46,1,3290.00
22761,113554,39,1,5990.00
22762,113555,76,1,459.00
22763,113555,38,1,2990.00
22764,113556,40,1,32290.00
22765,113557,117,1,2990.00
22766,113557,98,2,889.00
22767,113558,59,1,1990.00
22768,113559,91,1,1490.00
22769,113560,108,1,5490.00
22770,113561,5,1,129390.00
22771,113562,62,2,4590.00
22772,113562,117,1,2990.00
22773,113563,75,1,2290.00
22774,113564,38,1,2990.00
22775,113564,29,2,2290.00
22776,113564,32,1,5490.00
22777,113565,93,1,789.00
22778,113565,12,2,3990.00
22779,113565,73,1,489.00
22780,113566,124,2,1590.00
22781,113567,30,1,3190.00
22782,113568,92,2,989.00
22783,113569,36,1,7990.00
22784,113569,57,1,499.00
22785,113570,16,1,42790.00
22786,113571,111,2,589.00
22787,113572,2,1,36790.00
22788,113573,46,1,3290.00
22789,113574,73,1,489.00
22790,113575,42,2,989.00
22791,113575,45,1,6990.00
22792,113575,61,1,7490.00
22793,113575,67,1,1290.00
22794,113576,23,2,3490.00
22795,113577,74,2,689.00
22796,113578,16,1,42790.00
22797,113578,67,1,1290.00
22798,113579,44,1,2990.00
22799,113579,110,1,3990.00
22800,113580,25,1,24890.00
22801,113580,111,3,589.00
22802,113580,42,2,989.00
22803,113580,45,1,6990.00
22804,113581,105,1,1490.00
22805,113582,9,1,3290.00
22806,113583,30,1,3190.00
22807,113583,42,2,989.00
22808,113583,1,1,21890.00
22809,113584,21,1,7990.00
22810,113585,62,1,4590.00
22811,113586,42,1,989.00
22812,113586,88,1,7490.00
22813,113586,58,1,4990.00
22814,113586,93,2,789.00
22815,113587,89,1,399.00
22816,113587,122,1,2290.00
22817,113588,86,1,889.00
22818,113589,108,1,5490.00
22819,113590,89,1,399.00
22820,113590,108,1,5490.00
22821,113590,30,2,3190.00
22822,113591,71,1,2990.00
22823,113592,7,1,32790.00
22824,113593,120,1,1490.00
22825,113594,111,1,589.00
22826,113595,81,1,4990.00
22827,113596,104,1,4990.00
22828,113597,129,1,8890.00
22829,113597,86,1,889.00
22830,113597,67,1,1290.00
22831,113598,92,2,989.00
22832,113598,118,1,9890.00
22833,113598,76,2,459.00
22834,113599,9,1,3290.00
22835,113599,58,1,4990.00
22836,113599,46,1,3290.00
22837,113600,111,3,589.00
22838,113601,108,1,5490.00
22839,113602,110,1,3990.00
22840,113603,111,2,589.00
22841,113603,59,1,1990.00
22842,113603,68,1,2490.00
22843,113603,108,1,5490.00
22844,113604,78,1,1890.00
22845,113605,86,2,889.00
22846,113606,83,1,6990.00
22847,113607,12,1,3990.00
22848,113608,64,1,3990.00
22849,113608,63,1,5890.00
22850,113609,119,1,3490.00
22851,113609,36,1,7990.00
22852,113610,38,1,2990.00
22853,113611,111,2,589.00
22854,113611,58,1,4990.00
22855,113612,51,1,6490.00
22856,113612,101,1,1590.00
22857,113612,23,2,3490.00
22858,113612,33,1,11890.00
22859,113613,34,1,6490.00
22860,113613,91,1,1490.00
22861,113614,78,1,1890.00
22862,113614,122,1,2290.00
22863,113615,17,1,64690.00
22864,113616,61,1,7490.00
22865,113616,79,1,5490.00
22866,113617,62,1,4590.00
22867,113618,105,1,1490.00
22868,113619,51,1,6490.00
22869,113619,40,1,32290.00
22870,113620,131,1,1690.00
22871,113621,43,1,1290.00
22872,113622,109,1,8890.00
22873,113623,91,1,1490.00
22874,113623,42,1,989.00
22875,113624,12,1,3990.00
22876,113624,78,2,1890.00
22877,113625,102,1,1990.00
22878,113626,97,1,489.00
22879,113627,117,1,2990.00
22880,113628,76,1,459.00
22881,113629,73,3,489.00
22882,113629,9,1,3290.00
22883,113630,39,1,5990.00
22884,113631,110,1,3990.00
22885,113631,42,1,989.00
22886,113632,120,1,1490.00
22887,113633,125,1,1990.00
22888,113634,23,1,3490.00
22889,113634,30,1,3190.00
22890,113635,12,1,3990.00
22891,113636,16,1,42790.00
22892,113637,45,1,6990.00
22893,113638,117,1,2990.00
22894,113639,106,1,24890.00
22895,113640,57,1,499.00
22896,113640,110,1,3990.00
22897,113640,80,1,5990.00
22898,113641,54,1,3490.00
22899,113641,65,2,4490.00
22900,113641,89,2,399.00
22901,113642,38,1,2990.00
22902,113643,34,1,6490.00
22903,113643,85,1,2490.00
22904,113644,66,1,1490.00
22905,113644,67,1,1290.00
22906,113644,86,1,889.00
22907,113645,30,2,3190.00
22908,113645,38,1,2990.00
22909,113646,86,1,889.00
22910,113647,78,1,1890.00
22911,113647,23,1,3490.00
22912,113648,9,1,3290.00
22913,113649,68,1,2490.00
22914,113649,73,1,489.00
22915,113649,131,1,1690.00
22916,113649,38,1,2990.00
22917,113650,73,2,489.00
22918,113651,74,2,689.00
22919,113652,59,1,1990.00
22920,113653,46,1,3290.00
22921,113654,73,1,489.00
22922,113655,84,2,689.00
22923,113655,111,2,589.00
22924,113656,86,1,889.00
22925,113657,7,1,32790.00
22926,113658,112,1,889.00
22927,113658,68,1,2490.00
22928,113659,117,1,2990.00
22929,113660,50,1,7990.00
22930,113661,16,1,42790.00
22931,113661,11,1,4990.00
22932,113661,38,1,2990.00
22933,113662,95,1,1090.00
22934,113662,78,2,1890.00
22935,113663,1,1,21890.00
22936,113663,46,1,3290.00
22937,113664,67,1,1290.00
22938,113665,102,1,1990.00
22939,113665,63,1,5890.00
22940,113665,52,1,7490.00
22941,113666,17,1,64690.00
22942,113667,20,1,10890.00
22943,113667,50,1,7990.00
22944,113667,71,1,2990.00
22945,113668,94,1,1190.00
22946,113668,131,1,1690.00
22947,113669,85,2,2490.00
22948,113669,66,1,1490.00
22949,113669,30,1,3190.00
22950,113669,126,1,3290.00
22951,113670,94,1,1190.00
22952,113670,107,1,39790.00
22953,113670,108,1,5490.00
22954,113670,9,1,3290.00
22955,113671,91,1,1490.00
22956,113671,123,1,1790.00
22957,113672,66,1,1490.00
22958,113673,66,1,1490.00
22959,113674,97,2,489.00
22960,113675,111,1,589.00
22961,113676,42,1,989.00
22962,113677,86,1,889.00
22963,113678,51,1,6490.00
22964,113678,60,1,3490.00
22965,113679,38,1,2990.00
22966,113680,31,1,44790.00
22967,113681,127,1,6990.00
22968,113682,88,1,7490.00
22969,113682,50,1,7990.00
22970,113683,108,1,5490.00
22971,113683,111,1,589.00
22972,113684,10,1,12890.00
22973,113684,86,1,889.00
22974,113685,57,1,499.00
22975,113685,86,1,889.00
22976,113686,23,1,3490.00
22977,113687,112,2,889.00
22978,113688,84,1,689.00
22979,113688,97,2,489.00
22980,113688,106,1,24890.00
22981,113689,31,1,44790.00
22982,113690,109,1,8990.00
22983,113691,106,1,24890.00
22984,113692,102,1,1990.00
22985,113692,58,1,4990.00
22986,113693,56,2,799.00
22987,113693,42,2,989.00
22988,113694,79,1,5490.00
22989,113695,96,2,589.00
22990,113696,31,1,44790.00
22991,113697,121,1,2490.00
22992,113698,9,1,3290.00
22993,113699,127,1,6990.00
22994,113700,76,1,459.00
22995,113701,105,1,1490.00
22996,113702,86,3,889.00
22997,113702,82,1,7990.00
22998,113703,109,1,8990.00
22999,113704,38,2,2990.00
23000,113704,96,1,589.00
23001,113704,46,1,3290.00
23002,113705,32,1,5490.00
23003,113705,42,1,989.00
23004,113705,102,1,1990.00
23005,113705,8,1,17890.00
23006,113706,91,1,1490.00
23007,113707,117,1,2990.00
23008,113708,117,2,2990.00
23009,113709,109,1,8990.00
23010,113710,111,1,589.00
23011,113711,9,2,3290.00
23012,113711,74,1,689.00
23013,113711,111,1,589.00
23014,113711,76,1,459.00
23015,113712,97,3,489.00
23016,113712,76,1,459.00
23017,113713,73,2,489.00
23018,113713,67,1,1290.00
23019,113713,58,1,4990.00
23020,113713,86,1,889.00
23021,113714,106,1,24890.00
23022,113715,111,1,589.00
23023,113715,10,1,12890.00
23024,113716,73,2,489.00
23025,113717,65,1,4490.00
23026,113718,82,1,7990.00
23027,113718,23,1,3490.00
23028,113719,86,1,889.00
23029,113719,110,1,3990.00
23030,113720,44,1,2990.00
23031,113721,42,1,989.00
23032,113721,25,1,24890.00
23033,113722,2,1,36790.00
23034,113722,40,1,32290.00
23035,113723,36,1,7990.00
23036,113723,110,2,3990.00
23037,113724,20,1,10890.00
23038,113725,41,1,27890.00
23039,113726,120,1,1490.00
23040,113727,52,1,7490.00
23041,113728,95,2,1090.00
23042,113728,111,2,589.00
23043,113728,25,1,24890.00
23044,113728,109,1,8990.00
23045,113729,76,2,459.00
23046,113729,85,1,2490.00
23047,113730,2,1,36790.00
23048,113731,86,1,889.00
23049,113732,65,1,4490.00
23050,113733,20,1,10890.00
23051,113734,74,1,689.00
23052,113735,24,1,16890.00
23053,113736,111,2,589.00
23054,113736,67,1,1290.00
23055,113736,81,1,4990.00
23056,113737,19,1,119490.00
23057,113738,94,1,1190.00
23058,113738,57,2,499.00
23059,113739,126,1,3290.00
23060,113739,63,1,5890.00
23061,113740,46,1,3290.00
23062,113740,65,1,4490.00
23063,113740,12,1,3990.00
23064,113741,101,1,1590.00
23065,113742,86,2,889.00
23066,113742,109,1,8990.00
23067,113743,93,2,789.00
23068,113743,63,1,5890.00
23069,113744,109,1,8990.00
23070,113745,105,1,1490.00
23071,113746,42,1,989.00
23072,113746,58,1,4990.00
23073,113747,78,1,1890.00
23074,113748,75,1,2290.00
23075,113749,111,1,589.00
23076,113749,26,1,49790.00
23077,113750,131,2,1690.00
23078,113750,59,1,1990.00
23079,113751,108,1,5490.00
23080,113751,112,2,889.00
23081,113752,51,1,6490.00
23082,113752,111,1,589.00
23083,113753,110,1,3990.00
23084,113753,91,1,1490.00
23085,113754,98,3,889.00
23086,113754,67,1,1290.00
23087,113755,127,1,6990.00
23088,113755,108,1,5490.00
23089,113756,79,1,5490.00
23090,113757,46,1,3290.00
23091,113757,121,2,2490.00
23092,113758,111,3,589.00
23093,113759,12,2,3990.00
23094,113760,127,1,6990.00
23095,113761,117,1,2990.00
23096,113762,63,1,5890.00
23097,113763,38,1,2990.00
23098,113763,59,2,1990.00
23099,113763,81,1,4990.00
23100,113764,110,2,3990.00
23101,113765,121,1,2490.00
23102,113766,73,1,489.00
23103,113767,75,1,2290.00
23104,113768,45,1,6990.00
23105,113768,117,1,2990.00
23106,113768,68,1,2490.00
23107,113768,108,1,5490.00
23108,113769,117,1,2990.00
23109,113769,54,1,3490.00
23110,113770,43,1,1290.00
23111,113770,111,1,589.00
23112,113771,110,1,3990.00
23113,113772,46,2,3290.00
23114,113773,36,1,7990.00
23115,113774,131,1,1690.00
23116,113775,80,1,5990.00
23117,113776,31,1,44790.00
23118,113777,79,1,5490.00
23119,113777,24,1,16890.00
23120,113778,46,1,3290.00
23121,113779,46,1,3290.00
23122,113780,1,1,21890.00
23123,113780,89,2,399.00
23124,113781,31,1,44790.00
23125,113781,109,1,8990.00
23126,113781,23,1,3490.00
23127,113782,76,1,459.00
23128,113783,83,1,6990.00
23129,113783,111,1,589.00
23130,113784,76,2,459.00
23131,113784,15,1,17390.00
23132,113785,86,1,889.00
23133,113785,109,1,8990.00
23134,113786,2,1,36790.00
23135,113787,98,1,889.00
23136,113787,110,1,3990.00
23137,113787,105,1,1490.00
23138,113788,86,3,889.00
23139,113789,109,1,8990.00
23140,113790,20,1,10890.00
23141,113791,57,1,499.00
23142,113792,127,1,6990.00
23143,113793,76,2,459.00
23144,113794,68,1,2490.00
23145,113794,109,1,8990.00
23146,113794,111,1,589.00
23147,113794,65,1,4490.00
23148,113795,53,1,11390.00
23149,113795,89,1,399.00
23150,113795,78,1,1890.00
23151,113795,74,1,689.00
23152,113796,105,1,1490.00
23153,113797,8,1,17890.00
23154,113798,74,2,689.00
23155,113799,120,1,1490.00
23156,113800,16,1,42790.00
23157,113800,111,1,589.00
23158,113801,20,1,10890.00
23159,113802,76,2,459.00
23160,113802,86,3,889.00
23161,113802,14,1,11890.00
23162,113802,112,1,889.00
23163,113803,82,1,7990.00
23164,113803,38,1,2990.00
23165,113804,9,1,3290.00
23166,113804,95,2,1090.00
23167,113805,30,1,3190.00
23168,113805,84,1,689.00
23169,113805,108,1,5490.00
23170,113805,110,1,3990.00
23171,113806,65,1,4490.00
23172,113807,109,1,8990.00
23173,113808,45,1,6990.00
23174,113809,11,1,4990.00
23175,113810,71,1,2990.00
23176,113811,88,1,7490.00
23177,113812,86,2,889.00
23178,113813,106,1,24890.00
23179,113814,42,1,999.00
23180,113814,9,1,3290.00
23181,113815,97,3,489.00
23182,113815,76,1,459.00
23183,113816,46,1,3290.00
23184,113816,38,1,2990.00
23185,113816,10,1,12890.00
23186,113817,111,1,589.00
23187,113818,91,1,1490.00
23188,113818,105,1,1490.00
23189,113818,110,1,3990.00
23190,113818,17,1,64690.00
23191,113819,67,1,1290.00
23192,113819,73,1,489.00
23193,113820,92,1,989.00
23194,113821,38,1,2990.00
23195,113822,86,2,889.00
23196,113823,111,2,589.00
23197,113824,86,1,889.00
23198,113825,109,1,8990.00
23199,113826,90,1,2890.00
23200,113826,109,1,8990.00
23201,113826,20,1,10890.00
23202,113827,38,1,2990.00
23203,113828,16,1,42790.00
23204,113828,65,1,4490.00
23205,113828,15,1,17390.00
23206,113829,110,2,3990.00
23207,113829,63,1,5890.00
23208,113830,30,1,3190.00
23209,113831,32,1,5490.00
23210,113832,46,2,3290.00
23211,113832,85,1,2490.00
23212,113833,38,1,2990.00
23213,113833,86,1,889.00
23214,113833,12,1,3990.00
23215,113834,66,2,1490.00
23216,113834,81,1,4990.00
23217,113835,44,2,2990.00
23218,113836,127,1,6990.00
23219,113837,38,1,2990.00
23220,113837,110,1,3990.00
23221,113838,123,2,1790.00
23222,113839,57,1,499.00
23223,113840,34,1,6490.00
23224,113841,75,1,2290.00
23225,113841,86,2,889.00
23226,113842,56,3,799.00
23227,113843,22,1,2490.00
23228,113844,43,1,1290.00
23229,113844,108,1,5490.00
23230,113845,86,1,889.00
23231,113846,93,1,789.00
23232,113847,24,1,16890.00
23233,113848,123,1,1790.00
23234,113848,108,1,5490.00
23235,113849,97,1,489.00
23236,113850,121,1,2490.00
23237,113851,57,2,499.00
23238,113851,106,1,24890.00
23239,113852,65,1,4490.00
23240,113853,76,3,459.00
23241,113854,117,1,2990.00
23242,113854,74,1,689.00
23243,113855,86,1,889.00
23244,113855,60,1,3490.00
23245,113856,104,1,4990.00
23246,113857,3,1,84690.00
23247,113858,33,1,11890.00
23248,113859,85,1,2490.00
23249,113860,65,2,4490.00
23250,113861,58,1,4990.00
23251,113861,125,2,1990.00
23252,113861,117,2,2990.00
23253,113861,110,1,3990.00
23254,113862,95,1,1090.00
23255,113863,117,1,2990.00
23256,113863,86,1,889.00
23257,113863,125,1,1990.00
23258,113863,9,1,3290.00
23259,113864,46,1,3290.00
23260,113864,42,1,999.00
23261,113865,111,1,589.00
23262,113865,109,1,8990.00
23263,113866,109,1,8990.00
23264,113866,97,1,489.00
23265,113866,93,1,789.00
23266,113867,86,1,889.00
23267,113867,57,1,499.00
23268,113868,8,1,17890.00
23269,113869,67,1,1290.00
23270,113870,84,3,689.00
23271,113871,86,1,889.00
23272,113872,33,1,11890.00
23273,113873,39,1,5990.00
23274,113873,111,2,589.00
23275,113874,17,1,64790.00
23276,113875,125,1,1990.00
23277,113875,122,1,2290.00
23278,113876,74,2,689.00
23279,113877,75,2,2290.00
23280,113878,40,1,32390.00
23281,113879,89,2,399.00
23282,113880,42,2,999.00
23283,113881,11,1,4990.00
23284,113882,110,1,3990.00
23285,113883,43,2,1290.00
23286,113884,68,2,2490.00
23287,113885,123,1,1790.00
23288,113885,38,1,2990.00
23289,113885,110,1,3990.00
23290,113886,89,2,399.00
23291,113887,45,1,6990.00
23292,113888,106,1,24890.00
23293,113889,20,1,10990.00
23294,113890,74,1,689.00
23295,113891,109,1,8990.00
23296,113891,96,1,589.00
23297,113891,23,1,3490.00
23298,113892,80,1,5990.00
23299,113893,108,1,5490.00
23300,113893,12,1,3990.00
23301,113893,42,1,999.00
23302,113894,24,1,16890.00
23303,113894,93,1,789.00
23304,113894,98,1,889.00
23305,113895,67,1,1290.00
23306,113896,126,1,3290.00
23307,113897,9,1,3290.00
23308,113898,89,1,399.00
23309,113899,93,2,789.00
23310,113899,109,1,8990.00
23311,113900,82,1,7990.00
23312,113901,131,1,1690.00
23313,113902,20,1,10990.00
23314,113902,75,1,2290.00
23315,113903,86,1,889.00
23316,113903,57,1,499.00
23317,113904,105,1,1490.00
23318,113904,9,1,3290.00
23319,113904,108,1,5490.00
23320,113904,75,1,2290.00
23321,113905,30,1,3190.00
23322,113906,111,2,589.00
23323,113907,46,2,3290.00
23324,113907,111,1,589.00
23325,113908,8,1,17890.00
23326,113909,114,1,34890.00
23327,113910,79,1,5490.00
23328,113910,85,1,2490.00
23329,113910,110,1,3990.00
23330,113911,2,1,36890.00
23331,113912,91,1,1490.00
23332,113912,89,1,399.00
23333,113913,17,1,64790.00
23334,113913,90,1,2890.00
23335,113913,65,1,4490.00
23336,113913,108,1,5490.00
23337,113914,67,1,1290.00
23338,113915,86,2,889.00
23339,113915,62,1,4590.00
23340,113915,43,1,1290.00
23341,113916,11,1,4990.00
23342,113917,11,1,4990.00
23343,113918,22,1,2490.00
23344,113918,6,1,13390.00
23345,113918,86,1,889.00
23346,113918,10,1,12890.00
23347,113919,17,1,64790.00
23348,113920,95,1,1090.00
23349,113920,109,1,8990.00
23350,113920,4,1,94690.00
23351,113921,42,2,999.00
23352,113921,112,1,889.00
23353,113922,20,1,10990.00
23354,113922,117,1,2990.00
23355,113923,116,2,1990.00
23356,113924,121,1,2490.00
23357,113925,73,1,489.00
23358,113925,67,1,1290.00
23359,113926,108,1,5490.00
23360,113927,9,1,3290.00
23361,113927,29,1,2290.00
23362,113928,74,1,689.00
23363,113929,86,1,889.00
23364,113929,117,1,2990.00
23365,113930,85,1,2490.00
23366,113930,82,1,7990.00
23367,113931,97,1,489.00
23368,113932,120,1,1490.00
23369,113932,9,1,3290.00
23370,113933,36,1,7990.00
23371,113934,21,1,7990.00
23372,113935,90,1,2890.00
23373,113936,30,1,3190.00
23374,113937,48,1,4990.00
23375,113937,76,2,459.00
23376,113938,22,1,2490.00
23377,113939,92,1,989.00
23378,113939,63,1,5890.00
23379,113939,54,1,3490.00
23380,113940,82,1,7990.00
23381,113940,111,1,589.00
23382,113941,66,1,1490.00
23383,113941,110,1,3990.00
23384,113942,11,1,4990.00
23385,113943,88,1,7490.00
23386,113944,11,1,4990.00
23387,113945,29,2,2290.00
23388,113946,123,3,1790.00
23389,113947,109,1,8990.00
23390,113948,117,1,2990.00
23391,113948,108,1,5490.00
23392,113949,23,1,3490.00
23393,113949,97,1,489.00
23394,113950,108,1,5490.00
23395,113950,52,1,7490.00
23396,113951,86,2,889.00
23397,113951,111,3,589.00
23398,113952,22,1,2490.00
23399,113953,12,1,3990.00
23400,113953,20,1,10990.00
23401,113953,57,1,499.00
23402,113953,107,1,39890.00
23403,113954,126,1,3290.00
23404,113954,107,1,39890.00
23405,113955,23,1,3490.00
23406,113956,119,1,3490.00
23407,113956,42,2,999.00
23408,113957,17,1,64790.00
23409,113957,74,1,689.00
23410,113957,12,1,3990.00
23411,113958,64,1,3990.00
23412,113959,86,1,889.00
23413,113960,126,1,3290.00
23414,113960,90,1,2890.00
23415,113961,46,1,3290.00
23416,113962,109,1,8990.00
23417,113962,117,1,2990.00
23418,113963,127,1,6990.00
23419,113963,121,1,2490.00
23420,113964,44,1,2990.00
23421,113965,127,1,6990.00
23422,113966,43,1,1290.00
23423,113967,40,1,32390.00
23424,113967,68,1,2490.00
23425,113968,20,1,10990.00
23426,113968,40,1,32390.00
23427,113968,125,1,1990.00
23428,113968,48,1,4990.00
23429,113969,117,1,2990.00
23430,113970,38,1,2990.00
23431,113970,66,1,1490.00
23432,113970,112,2,889.00
23433,113971,16,1,42890.00
23434,113972,86,1,889.00
23435,113973,12,1,3990.00
23436,113974,131,1,1690.00
23437,113974,66,1,1490.00
23438,113975,61,1,7490.00
23439,113975,46,2,3290.00
23440,113975,11,1,4990.00
23441,113976,38,2,2990.00
23442,113976,16,1,42890.00
23443,113977,119,1,3490.00
23444,113977,46,1,3290.00
23445,113978,89,2,399.00
23446,113978,104,1,4990.00
23447,113979,117,1,2990.00
23448,113980,99,1,1290.00
23449,113981,111,1,589.00
23450,113982,67,1,1290.00
23451,113982,102,2,1990.00
23452,113983,85,1,2490.00
23453,113984,45,1,6990.00
23454,113984,73,3,489.00
23455,113985,108,1,5490.00
23456,113986,117,2,2990.00
23457,113987,89,1,399.00
23458,113987,86,2,889.00
23459,113987,91,1,1490.00
23460,113987,78,1,1890.00
23461,113988,46,1,3290.00
23462,113989,89,1,399.00
23463,113990,66,1,1490.00
23464,113991,68,1,2490.00
23465,113991,42,1,999.00
23466,113992,117,1,2990.00
23467,113993,117,1,2990.00
23468,113994,61,1,7490.00
23469,113994,46,1,3290.00
23470,113994,111,2,589.00
23471,113994,38,1,2990.00
23472,113995,42,2,999.00
23473,113996,91,1,1490.00
23474,113997,46,2,3290.00
23475,113998,97,2,489.00
23476,113998,11,1,4990.00
23477,113999,30,1,3190.00
23478,114000,67,1,1290.00
23479,114001,112,1,889.00
23480,114001,30,1,3190.00
23481,114001,23,1,3490.00
23482,114002,23,1,3490.00
23483,114002,119,1,3490.00
23484,114002,24,1,16890.00
23485,114003,10,1,12890.00
23486,114004,22,1,2490.00
23487,114005,54,1,3490.00
23488,114005,127,1,6990.00
23489,114005,122,1,2290.00
23490,114005,107,1,39890.00
23491,114006,111,2,589.00
23492,114007,123,1,1790.00
23493,114008,57,1,499.00
23494,114008,67,1,1290.00
23495,114009,98,1,889.00
23496,114009,125,2,1990.00
23497,114010,122,1,2290.00
23498,114011,35,1,4790.00
23499,114012,120,1,1490.00
23500,114013,89,2,399.00
23501,114013,57,2,499.00
23502,114014,131,2,1690.00
23503,114014,114,1,34890.00
23504,114014,109,1,8990.00
23505,114015,4,1,94690.00
23506,114016,109,1,8990.00
23507,114016,126,2,3290.00
23508,114016,107,1,39890.00
23509,114016,23,1,3490.00
23510,114017,61,1,7490.00
23511,114018,86,1,889.00
23512,114019,66,1,1490.00
23513,114019,110,1,3990.00
23514,114019,111,1,589.00
23515,114020,121,1,2490.00
23516,114020,65,1,4490.00
23517,114020,71,1,2990.00
23518,114021,75,1,2290.00
23519,114021,102,1,1990.00
23520,114021,12,1,3990.00
23521,114022,2,1,36890.00
23522,114023,31,1,44890.00
23523,114024,2,1,36890.00
23524,114025,15,1,17390.00
23525,114026,110,1,3990.00
23526,114027,97,1,489.00
23527,114028,112,1,889.00
23528,114029,29,1,2290.00
23529,114030,9,2,3290.00
23530,114031,89,1,399.00
23531,114032,91,1,1490.00
23532,114032,25,1,24890.00
23533,114033,78,1,1890.00
23534,114034,11,1,4990.00
23535,114035,50,1,7990.00
23536,114036,110,2,3990.00
23537,114036,117,1,2990.00
23538,114037,9,1,3290.00
23539,114038,63,1,5890.00
23540,114038,58,1,4990.00
23541,114039,91,1,1490.00
23542,114040,105,1,1490.00
23543,114041,117,1,2990.00
23544,114042,109,1,8990.00
23545,114043,40,1,32390.00
23546,114044,19,1,119590.00
23547,114044,40,1,32390.00
23548,114044,86,2,889.00
23549,114045,14,1,11990.00
23550,114046,96,1,589.00
23551,114046,36,1,7990.00
23552,114047,93,1,789.00
23553,114047,10,1,12890.00
23554,114047,117,1,2990.00
23555,114048,128,1,17890.00
23556,114049,109,1,8990.00
23557,114050,46,1,3290.00
23558,114051,73,1,489.00
23559,114052,99,1,1290.00
23560,114052,28,1,21890.00
23561,114052,9,1,3290.00
23562,114053,60,1,3490.00
23563,114054,102,2,1990.00
23564,114054,11,2,4990.00
23565,114054,23,1,3490.00
23566,114054,95,1,1090.00
23567,114055,42,1,999.00
23568,114055,109,1,8990.00
23569,114055,2,1,36890.00
23570,114056,127,1,6990.00
23571,114056,119,1,3490.00
23572,114056,111,2,589.00
23573,114056,109,1,8990.00
23574,114057,66,1,1490.00
23575,114058,45,1,6990.00
23576,114059,122,1,2290.00
23577,114059,108,1,5490.00
23578,114060,67,1,1290.00
23579,114061,15,1,17390.00
23580,114061,34,1,6490.00
23581,114062,86,3,889.00
23582,114062,89,1,399.00
23583,114063,63,1,5890.00
23584,114063,109,1,8990.00
23585,114063,42,3,999.00
23586,114064,39,1,5990.00
23587,114065,68,1,2490.00
23588,114065,106,1,24890.00
23589,114066,58,1,4990.00
23590,114067,85,1,2490.00
23591,114067,73,1,489.00
23592,114067,79,1,5490.00
23593,114067,92,1,989.00
23594,114068,9,1,3290.00
23595,114069,123,1,1790.00
23596,114070,79,1,5490.00
23597,114071,106,1,24890.00
23598,114071,111,1,589.00
23599,114071,57,1,499.00
23600,114072,117,1,2990.00
23601,114073,117,1,2990.00
23602,114074,109,1,8990.00
23603,114074,85,2,2490.00
23604,114075,22,1,2490.00
23605,114076,12,1,3990.00
23606,114077,106,1,24890.00
23607,114077,9,1,3290.00
23608,114078,126,1,3290.00
23609,114079,10,1,12990.00
23610,114080,46,1,3290.00
23611,114080,29,1,2290.00
23612,114081,71,1,2990.00
23613,114081,108,1,5490.00
23614,114082,75,1,2290.00
23615,114082,76,1,459.00
23616,114082,32,1,5490.00
23617,114082,8,1,17890.00
23618,114083,12,1,3990.00
23619,114084,40,1,32390.00
23620,114085,111,1,589.00
23621,114086,74,1,689.00
23622,114087,6,1,13490.00
23623,114088,20,1,10990.00
23624,114088,26,1,49890.00
23625,114089,38,1,2990.00
23626,114090,35,1,4790.00
23627,114091,25,1,24890.00
23628,114092,86,1,889.00
23629,114093,48,1,4990.00
23630,114094,112,1,889.00
23631,114095,125,1,1990.00
23632,114095,96,2,589.00
23633,114095,45,1,6990.00
23634,114096,43,2,1290.00
23635,114097,86,1,889.00
23636,114098,16,1,42890.00
23637,114098,58,1,4990.00
23638,114098,21,1,7990.00
23639,114098,119,1,3490.00
23640,114099,42,1,999.00
23641,114100,119,1,3490.00
23642,114100,74,1,689.00
23643,114100,86,1,889.00
23644,114100,9,2,3290.00
23645,114101,63,1,5890.00
23646,114102,10,1,12990.00
23647,114102,43,1,1290.00
23648,114103,12,1,3990.00
23649,114104,91,1,1490.00
23650,114105,45,1,6990.00
23651,114105,86,1,889.00
23652,114106,3,1,84790.00
23653,114107,67,1,1290.00
23654,114107,8,1,17890.00
23655,114107,39,1,5990.00
23656,114108,30,1,3190.00
23657,114108,112,1,889.00
23658,114109,85,1,2490.00
23659,114110,48,1,4990.00
23660,114111,117,1,2990.00
23661,114112,81,1,4990.00
23662,114113,31,1,44890.00
23663,114113,110,1,3990.00
23664,114114,68,1,2490.00
23665,114115,73,1,489.00
23666,114115,99,1,1290.00
23667,114115,110,2,3990.00
23668,114116,101,1,1590.00
23669,114116,43,1,1290.00
23670,114117,54,1,3490.00
23671,114118,63,1,5890.00
23672,114119,5,1,129590.00
23673,114120,127,1,6990.00
23674,114121,21,1,7990.00
23675,114121,2,1,36890.00
23676,114122,74,1,689.00
23677,114122,45,1,6990.00
23678,114123,8,1,17890.00
23679,114123,57,2,499.00
23680,114124,86,1,889.00
23681,114124,109,1,8990.00
23682,114124,46,1,3290.00
23683,114125,21,1,7990.00
23684,114126,112,1,889.00
23685,114126,68,1,2490.00
23686,114126,131,1,1690.00
23687,114127,3,1,84790.00
23688,114128,122,1,2290.00
23689,114128,109,1,8990.00
23690,114128,85,1,2490.00
23691,114129,83,1,6990.00
23692,114129,95,1,1090.00
23693,114130,6,1,13490.00
23694,114131,63,1,5890.00
23695,114132,86,1,889.00
23696,114133,108,1,5490.00
23697,114134,117,1,2990.00
23698,114135,122,1,2290.00
23699,114135,120,1,1490.00
23700,114136,45,1,6990.00
23701,114137,85,2,2490.00
23702,114138,110,2,3990.00
23703,114138,19,1,119690.00
23704,114139,21,1,7990.00
23705,114140,86,1,889.00
23706,114140,77,1,2190.00
23707,114141,117,2,2990.00
23708,114142,39,1,5990.00
23709,114143,108,1,5490.00
23710,114143,15,1,17390.00
23711,114144,102,1,1990.00
23712,114145,125,2,1990.00
23713,114145,34,1,6490.00
23714,114146,86,2,889.00
23715,114146,11,1,4990.00
23716,114147,35,1,4790.00
23717,114147,11,2,4990.00
23718,114148,43,1,1290.00
23719,114148,64,1,3990.00
23720,114149,127,1,6990.00
23721,114150,42,1,999.00
23722,114151,43,1,1290.00
23723,114152,112,2,889.00
23724,114153,76,1,459.00
23725,114153,51,1,6490.00
23726,114153,17,1,64790.00
23727,114154,66,1,1490.00
23728,114155,111,1,589.00
23729,114156,68,1,2490.00
23730,114157,120,1,1490.00
23731,114157,86,1,889.00
23732,114158,9,1,3290.00
23733,114159,131,1,1690.00
23734,114160,35,1,4790.00
23735,114160,110,2,3990.00
23736,114160,23,2,3490.00
23737,114160,91,1,1490.00
23738,114161,59,1,1990.00
23739,114162,23,1,3490.00
23740,114163,97,1,489.00
23741,114163,11,1,4990.00
23742,114163,51,1,6490.00
23743,114164,98,1,889.00
23744,114165,42,2,999.00
23745,114165,117,2,2990.00
23746,114166,30,1,3190.00
23747,114166,131,1,1690.00
23748,114166,9,1,3290.00
23749,114167,86,1,889.00
23750,114167,8,1,17890.00
23751,114167,40,1,32390.00
23752,114167,87,1,2990.00
23753,114168,38,1,2990.00
23754,114168,78,1,1890.00
23755,114169,86,2,889.00
23756,114170,84,1,689.00
23757,114170,90,1,2890.00
23758,114170,117,1,2990.00
23759,114171,91,1,1490.00
23760,114171,120,1,1490.00
23761,114171,30,1,3190.00
23762,114171,26,1,49890.00
23763,114172,42,1,999.00
23764,114173,86,2,889.00
23765,114173,57,1,499.00
23766,114174,88,1,7490.00
23767,114175,117,1,2990.00
23768,114176,74,1,689.00
23769,114177,26,1,49890.00
23770,114178,67,1,1290.00
23771,114178,82,1,7990.00
23772,114179,86,1,889.00
23773,114179,109,1,8990.00
23774,114179,16,1,42890.00
23775,114179,23,2,3490.00
23776,114180,45,1,6990.00
23777,114180,89,1,399.00
23778,114180,6,1,13490.00
23779,114180,108,1,5490.00
23780,114181,42,2,999.00
23781,114182,19,1,119690.00
23782,114182,33,1,11990.00
23783,114183,57,2,499.00
23784,114183,117,1,2990.00
23785,114183,17,1,64790.00
23786,114183,38,1,2990.00
23787,114184,86,1,889.00
23788,114185,108,1,5490.00
23789,114185,50,1,7990.00
23790,114185,109,1,8990.00
23791,114185,9,1,3290.00
23792,114186,127,1,6990.00
23793,114186,88,1,7490.00
23794,114186,45,1,6990.00
23795,114187,107,1,39890.00
23796,114188,14,1,11990.00
23797,114188,108,1,5490.00
23798,114189,54,1,3490.00
23799,114189,42,2,999.00
23800,114189,48,1,4990.00
23801,114189,120,1,1490.00
23802,114190,96,1,589.00
23803,114191,110,1,3990.00
23804,114191,81,1,4990.00
23805,114191,86,1,889.00
23806,114192,86,1,889.00
23807,114193,31,1,44890.00
23808,114193,42,3,999.00
23809,114194,97,3,489.00
23810,114195,111,1,589.00
23811,114195,99,1,1290.00
23812,114196,91,1,1490.00
23813,114197,108,1,5490.00
23814,114198,13,1,27890.00
23815,114198,65,1,4490.00
23816,114198,96,2,589.00
23817,114198,109,1,8990.00
23818,114199,76,1,459.00
23819,114199,78,1,1890.00
23820,114200,12,1,3990.00
23821,114201,88,1,7490.00
23822,114202,92,3,989.00
23823,114203,77,1,2190.00
23824,114204,21,1,7990.00
23825,114205,39,1,5990.00
23826,114205,40,1,32390.00
23827,114205,42,1,999.00
23828,114205,23,2,3490.00
23829,114206,104,1,4990.00
23830,114206,11,1,4990.00
23831,114207,86,3,889.00
23832,114208,65,1,4490.00
23833,114209,86,1,889.00
23834,114209,117,1,2990.00
23835,114210,51,1,6490.00
23836,114211,108,1,5490.00
23837,114211,42,2,999.00
23838,114211,84,2,689.00
23839,114212,14,1,11990.00
23840,114213,90,1,2890.00
23841,114214,3,1,84790.00
23842,114215,42,1,999.00
23843,114216,46,1,3290.00
23844,114217,110,1,3990.00
23845,114217,120,1,1490.00
23846,114218,42,2,999.00
23847,114219,8,1,17890.00
23848,114220,117,1,2990.00
23849,114220,96,1,589.00
23850,114220,85,1,2490.00
23851,114221,118,1,9990.00
23852,114221,10,1,12990.00
23853,114222,51,1,6490.00
23854,114222,109,1,8990.00
23855,114222,11,1,4990.00
23856,114222,9,1,3290.00
23857,114223,111,1,589.00
23858,114224,13,1,27890.00
23859,114225,108,1,5490.00
23860,114225,121,1,2490.00
23861,114226,30,1,3190.00
23862,114226,86,1,889.00
23863,114226,124,1,1590.00
23864,114226,26,1,49890.00
23865,114227,127,1,6990.00
23866,114227,89,3,399.00
23867,114228,117,1,2990.00
23868,114228,20,1,10990.00
23869,114229,29,2,2290.00
23870,114230,108,1,5490.00
23871,114230,27,1,59890.00
23872,114231,117,1,2990.00
23873,114232,108,1,5490.00
23874,114233,9,2,3290.00
23875,114233,64,2,3990.00
23876,114234,102,2,1990.00
23877,114235,61,1,7490.00
23878,114235,11,1,4990.00
23879,114235,38,1,2990.00
23880,114235,78,1,1890.00
23881,114236,48,1,4990.00
23882,114237,57,1,499.00
23883,114238,45,1,6990.00
23884,114238,64,1,3990.00
23885,114239,20,1,10990.00
23886,114239,127,1,6990.00
23887,114239,68,1,2490.00
23888,114239,81,1,4990.00
23889,114240,89,1,399.00
23890,114241,104,1,4990.00
23891,114241,86,1,889.00
23892,114242,70,1,8990.00
23893,114242,96,3,589.00
23894,114243,110,1,3990.00
23895,114243,74,2,689.00
23896,114244,45,1,6990.00
23897,114245,111,1,589.00
23898,114245,86,1,889.00
23899,114245,108,1,5490.00
23900,114246,89,1,399.00
23901,114247,106,1,24890.00
23902,114247,30,1,3190.00
23903,114248,85,1,2490.00
23904,114249,24,1,16990.00
23905,114249,126,1,3290.00
23906,114249,97,1,489.00
23907,114250,38,1,2990.00
23908,114251,102,2,1990.00
23909,114252,78,1,1890.00
23910,114252,96,1,589.00
23911,114252,111,1,589.00
23912,114253,107,1,39890.00
23913,114254,131,1,1690.00
23914,114255,6,1,13490.00
23915,114255,21,1,7990.00
23916,114255,66,1,1490.00
23917,114255,51,1,6490.00
23918,114256,93,2,789.00
23919,114257,43,1,1290.00
23920,114257,8,1,17990.00
23921,114257,112,1,889.00
23922,114258,109,1,8990.00
23923,114258,36,1,7990.00
23924,114258,63,1,5890.00
23925,114258,66,1,1490.00
23926,114259,12,1,3990.00
23927,114260,80,1,5990.00
23928,114260,8,1,17990.00
23929,114260,111,1,589.00
23930,114261,75,1,2290.00
23931,114261,89,2,399.00
23932,114262,60,1,3490.00
23933,114263,57,1,499.00
23934,114264,46,1,3290.00
23935,114264,74,2,689.00
23936,114265,67,1,1290.00
23937,114266,110,1,3990.00
23938,114266,120,1,1490.00
23939,114266,79,1,5490.00
23940,114266,75,1,2290.00
23941,114267,61,1,7490.00
23942,114268,122,1,2290.00
23943,114269,109,1,8990.00
23944,114269,119,1,3490.00
23945,114270,30,1,3190.00
23946,114270,111,2,589.00
23947,114270,61,1,7490.00
23948,114271,98,1,889.00
23949,114272,25,1,24890.00
23950,114273,111,1,589.00
23951,114274,81,1,4990.00
23952,114274,17,1,64890.00
23953,114275,110,1,3990.00
23954,114276,46,1,3290.00
23955,114277,106,1,24890.00
23956,114278,29,1,2290.00
23957,114278,128,1,17990.00
23958,114279,121,1,2490.00
23959,114280,131,1,1690.00
23960,114281,78,1,1890.00
23961,114281,30,1,3190.00
23962,114281,86,1,889.00
23963,114282,127,1,6990.00
23964,114283,112,2,889.00
23965,114284,78,1,1890.00
23966,114285,86,1,889.00
23967,114286,28,1,21890.00
23968,114286,3,1,84790.00
23969,114287,102,2,1990.00
23970,114287,95,1,1090.00
23971,114287,5,1,129690.00
23972,114287,38,1,2990.00
23973,114288,85,1,2490.00
23974,114288,108,1,5490.00
23975,114289,36,1,7990.00
23976,114289,18,1,52890.00
23977,114289,109,1,8990.00
23978,114289,46,1,3290.00
23979,114290,63,1,5890.00
23980,114291,32,1,5490.00
23981,114292,75,1,2290.00
23982,114293,38,1,2990.00
23983,114293,67,2,1290.00
23984,114294,18,1,52890.00
23985,114294,109,1,8990.00
23986,114294,42,1,999.00
23987,114295,111,1,589.00
23988,114296,91,1,1490.00
23989,114296,112,2,889.00
23990,114297,77,1,2190.00
23991,114298,93,1,789.00
23992,114299,80,1,5990.00
23993,114299,76,2,459.00
23994,114299,100,1,1690.00
23995,114300,110,1,3990.00
23996,114300,109,1,8990.00
23997,114300,127,1,6990.00
23998,114301,34,1,6490.00
23999,114302,56,1,799.00
24000,114302,104,1,4990.00
24001,114302,11,2,4990.00
24002,114303,38,1,2990.00
24003,114304,121,1,2490.00
24004,114305,127,1,6990.00
24005,114305,110,1,3990.00
24006,114306,2,1,36890.00
24007,114307,126,1,3290.00
24008,114307,65,1,4490.00
24009,114308,117,1,2990.00
24010,114309,108,1,5490.00
24011,114310,60,2,3490.00
24012,114310,78,1,1890.00
24013,114311,121,2,2490.00
24014,114311,42,1,999.00
24015,114312,78,1,1890.00
24016,114313,86,1,889.00
24017,114314,118,1,9990.00
24018,114315,13,1,27890.00
24019,114316,86,2,889.00
24020,114316,109,1,8990.00
24021,114317,68,1,2490.00
24022,114317,117,2,2990.00
24023,114318,57,2,499.00
24024,114318,112,2,889.00
24025,114318,42,1,999.00
24026,114318,60,1,3490.00
24027,114319,78,1,1890.00
24028,114319,124,2,1590.00
24029,114320,96,3,589.00
24030,114321,109,1,8990.00
24031,114321,118,1,9990.00
24032,114322,15,1,17490.00
24033,114323,60,1,3490.00
24034,114323,57,1,499.00
24035,114324,117,1,2990.00
24036,114324,86,1,889.00
24037,114325,60,1,3490.00
24038,114326,89,1,399.00
24039,114327,12,1,3990.00
24040,114328,107,1,39890.00
24041,114329,65,1,4490.00
24042,114330,90,1,2890.00
24043,114331,42,2,999.00
24044,114331,114,1,34890.00
24045,114331,120,1,1490.00
24046,114332,30,1,3190.00
24047,114332,125,1,1990.00
24048,114332,86,1,889.00
24049,114333,112,1,889.00
24050,114333,23,1,3490.00
24051,114334,111,1,589.00
24052,114334,44,2,2990.00
24053,114334,110,1,3990.00
24054,114335,68,1,2490.00
24055,114335,20,1,10990.00
24056,114336,96,1,589.00
24057,114337,19,1,119790.00
24058,114337,29,2,2290.00
24059,114338,2,1,36890.00
24060,114339,122,2,2290.00
24061,114340,25,1,24890.00
24062,114340,63,1,5890.00
24063,114341,76,2,459.00
24064,114341,109,1,8990.00
24065,114341,29,1,2290.00
24066,114342,90,1,2890.00
24067,114342,86,2,889.00
24068,114343,38,1,2990.00
24069,114344,114,1,34890.00
24070,114345,75,1,2290.00
24071,114345,63,1,5890.00
24072,114346,110,2,3990.00
24073,114347,111,1,589.00
24074,114348,20,1,10990.00
24075,114348,38,1,2990.00
24076,114349,1,1,21990.00
24077,114349,3,1,84790.00
24078,114350,86,2,889.00
24079,114350,112,1,889.00
24080,114350,5,1,129790.00
24081,114350,75,1,2290.00
24082,114351,109,1,8990.00
24083,114352,117,2,2990.00
24084,114353,91,1,1490.00
24085,114353,111,1,589.00
24086,114354,131,1,1690.00
24087,114354,112,1,889.00
24088,114354,42,1,999.00
24089,114354,51,1,6490.00
24090,114355,88,1,7490.00
24091,114355,63,1,5890.00
24092,114355,26,1,49890.00
24093,114355,21,1,7990.00
24094,114356,123,1,1790.00
24095,114357,123,1,1790.00
24096,114357,127,1,6990.00
24097,114358,51,1,6490.00
24098,114358,81,1,4990.00
24099,114359,20,1,10990.00
24100,114359,112,2,889.00
24101,114360,68,1,2490.00
24102,114360,29,1,2290.00
24103,114361,107,1,39890.00
24104,114361,108,1,5490.00
24105,114362,86,1,889.00
24106,114363,30,1,3190.00
24107,114363,84,1,689.00
24108,114364,108,1,5490.00
24109,114364,75,1,2290.00
24110,114364,91,1,1490.00
24111,114365,112,1,889.00
24112,114366,65,1,4490.00
24113,114366,110,1,3990.00
24114,114367,99,1,1290.00
24115,114367,123,2,1790.00
24116,114367,86,1,889.00
24117,114368,96,1,589.00
24118,114368,68,1,2490.00
24119,114369,52,1,7490.00
24120,114370,84,2,689.00
24121,114370,63,1,5890.00
24122,114370,79,1,5490.00
24123,114371,75,1,2290.00
24124,114371,57,3,499.00
24125,114371,12,1,3990.00
24126,114372,58,1,4990.00
24127,114373,2,1,36890.00
24128,114374,109,1,8990.00
24129,114374,66,1,1490.00
24130,114375,63,1,5890.00
24131,114376,19,1,119790.00
24132,114377,84,1,689.00
24133,114377,19,1,119790.00
24134,114377,67,2,1290.00
24135,114377,110,1,3990.00
24136,114378,63,1,5890.00
24137,114379,109,1,8990.00
24138,114379,110,2,3990.00
24139,114379,67,1,1290.00
24140,114380,24,1,16990.00
24141,114381,67,1,1290.00
24142,114382,20,1,10990.00
24143,114383,75,2,2290.00
24144,114383,131,1,1690.00
24145,114383,109,1,8990.00
24146,114384,97,2,489.00
24147,114384,61,1,7490.00
24148,114385,67,1,1290.00
24149,114385,111,1,589.00
24150,114385,101,2,1590.00
24151,114386,73,2,489.00
24152,114386,110,1,3990.00
24153,114386,117,1,2990.00
24154,114386,24,1,16990.00
24155,114387,22,1,2490.00
24156,114388,111,2,589.00
24157,114388,58,1,4990.00
24158,114388,76,2,459.00
24159,114389,11,2,4990.00
24160,114389,57,1,499.00
24161,114390,11,1,4990.00
24162,114390,40,1,32390.00
24163,114391,11,1,4990.00
24164,114391,42,1,999.00
24165,114392,8,1,17990.00
24166,114392,66,1,1490.00
24167,114392,112,1,889.00
24168,114393,57,1,499.00
24169,114394,86,1,889.00
24170,114394,14,1,11990.00
24171,114394,2,1,36890.00
24172,114395,65,1,4490.00
24173,114395,110,1,3990.00
24174,114396,86,1,889.00
24175,114397,118,1,9990.00
24176,114397,89,1,399.00
24177,114398,11,1,4990.00
24178,114399,85,1,2490.00
24179,114399,111,1,589.00
24180,114400,110,1,3990.00
24181,114401,109,1,8990.00
24182,114401,89,2,399.00
24183,114402,11,1,4990.00
24184,114403,43,1,1290.00
24185,114404,98,2,889.00
24186,114404,67,1,1290.00
24187,114405,86,1,889.00
24188,114406,6,1,13490.00
24189,114407,108,1,5490.00
24190,114408,24,1,16990.00
24191,114409,111,2,589.00
24192,114409,110,1,3990.00
24193,114410,65,1,4490.00
24194,114410,108,1,5490.00
24195,114411,61,1,7490.00
24196,114411,6,1,13490.00
24197,114412,42,2,999.00
24198,114413,114,1,34890.00
24199,114414,27,1,59890.00
24200,114415,42,1,999.00
24201,114416,17,1,64890.00
24202,114417,91,1,1490.00
24203,114417,9,1,3290.00
24204,114417,86,1,889.00
24205,114417,42,1,999.00
24206,114418,109,1,8990.00
24207,114418,97,3,489.00
24208,114419,122,1,2290.00
24209,114420,86,1,889.00
24210,114421,81,1,4990.00
24211,114422,64,1,3990.00
24212,114423,11,2,4990.00
24213,114424,91,1,1490.00
24214,114425,109,1,8990.00
24215,114426,117,1,2990.00
24216,114427,12,2,3990.00
24217,114428,28,1,21990.00
24218,114428,63,1,5890.00
24219,114428,57,1,499.00
24220,114429,127,1,6990.00
24221,114429,21,1,7990.00
24222,114429,111,2,589.00
24223,114430,86,3,889.00
24224,114431,17,1,64890.00
24225,114431,75,1,2290.00
24226,114431,93,1,789.00
24227,114431,65,1,4490.00
24228,114432,101,1,1590.00
24229,114432,63,1,5890.00
24230,114433,1,1,21990.00
24231,114434,111,1,589.00
24232,114435,31,1,44890.00
24233,114435,36,1,7990.00
24234,114435,30,1,3190.00
24235,114435,61,1,7490.00
24236,114436,8,1,17990.00
24237,114437,110,1,3990.00
24238,114438,86,1,889.00
24239,114439,81,1,4990.00
24240,114440,126,1,3290.00
24241,114441,43,1,1290.00
24242,114442,100,1,1690.00
24243,114443,86,2,889.00
24244,114444,111,2,589.00
24245,114444,48,1,4990.00
24246,114444,118,1,9990.00
24247,114445,48,1,4990.00
24248,114445,43,1,1290.00
24249,114445,52,1,7490.00
24250,114446,111,1,589.00
24251,114446,88,1,7490.00
24252,114446,58,1,4990.00
24253,114447,95,1,1090.00
24254,114448,32,1,5490.00
24255,114449,80,1,5990.00
24256,114450,61,1,7490.00
24257,114450,8,1,17990.00
24258,114451,126,2,3290.00
24259,114452,36,1,7990.00
24260,114452,42,1,999.00
24261,114453,86,1,889.00
24262,114453,45,1,6990.00
24263,114454,122,1,2290.00
24264,114454,84,2,689.00
24265,114455,58,1,4990.00
24266,114455,108,1,5490.00
24267,114456,8,1,17990.00
24268,114457,58,1,4990.00
24269,114458,111,3,589.00
24270,114458,86,2,889.00
24271,114458,108,1,5490.00
24272,114459,86,1,889.00
24273,114460,29,2,2290.00
24274,114460,34,1,6490.00
24275,114460,97,1,489.00
24276,114460,6,1,13490.00
24277,114461,116,1,1990.00
24278,114461,26,1,49890.00
24279,114462,67,1,1290.00
24280,114463,78,2,1890.00
24281,114463,26,1,49890.00
24282,114463,43,1,1290.00
24283,114464,79,1,5490.00
24284,114464,42,1,999.00
24285,114465,65,1,4490.00
24286,114465,89,2,399.00
24287,114466,22,1,2490.00
24288,114466,81,1,4990.00
24289,114466,42,2,999.00
24290,114467,66,1,1490.00
24291,114468,111,1,589.00
24292,114469,62,1,4590.00
24293,114470,35,1,4790.00
24294,114471,48,1,4990.00
24295,114471,110,2,3990.00
24296,114472,58,1,4990.00
24297,114472,57,2,499.00
24298,114472,106,1,24990.00
24299,114472,109,1,8990.00
24300,114473,95,1,1090.00
24301,114473,76,1,459.00
24302,114474,86,1,889.00
24303,114474,121,1,2490.00
24304,114475,85,1,2490.00
24305,114476,76,2,459.00
24306,114477,79,1,5490.00
24307,114478,107,1,39890.00
24308,114478,6,1,13490.00
24309,114479,107,1,39890.00
24310,114480,85,1,2490.00
24311,114480,65,1,4490.00
24312,114481,91,1,1490.00
24313,114482,23,1,3490.00
24314,114482,30,1,3190.00
24315,114483,111,1,589.00
24316,114484,67,1,1290.00
24317,114485,34,1,6490.00
24318,114486,111,1,589.00
24319,114487,111,1,589.00
24320,114488,109,1,8990.00
24321,114489,42,1,999.00
24322,114489,58,1,4990.00
24323,114490,111,1,589.00
24324,114490,91,1,1490.00
24325,114491,9,1,3290.00
24326,114492,52,1,7490.00
24327,114493,117,1,2990.00
24328,114494,62,1,4590.00
24329,114494,57,1,499.00
24330,114495,111,2,589.00
24331,114495,109,1,8990.00
24332,114496,62,1,4590.00
24333,114497,109,1,8990.00
24334,114498,75,1,2290.00
24335,114499,82,1,7990.00
24336,114499,76,1,459.00
24337,114500,32,1,5490.00
24338,114500,110,2,3990.00
24339,114500,43,1,1290.00
24340,114501,31,1,44890.00
24341,114502,26,1,49890.00
24342,114502,108,1,5490.00
24343,114502,66,1,1490.00
24344,114502,101,2,1590.00
24345,114503,16,1,42890.00
24346,114504,66,1,1490.00
24347,114504,42,2,999.00
24348,114505,37,1,49390.00
24349,114505,78,1,1890.00
24350,114505,54,1,3490.00
24351,114505,35,1,4790.00
24352,114506,95,1,1090.00
24353,114507,57,2,499.00
24354,114508,23,1,3490.00
24355,114508,111,1,589.00
24356,114509,38,1,2990.00
24357,114510,14,1,11990.00
24358,114510,42,1,999.00
24359,114511,8,1,17990.00
24360,114511,9,1,3290.00
24361,114512,35,1,4790.00
24362,114512,19,1,119790.00
24363,114512,74,1,689.00
24364,114513,86,1,889.00
24365,114514,109,1,8990.00
24366,114515,93,2,789.00
24367,114515,86,2,889.00
24368,114515,11,1,4990.00
24369,114516,117,1,2990.00
24370,114517,30,1,3190.00
24371,114518,108,1,5490.00
24372,114518,38,2,2990.00
24373,114518,71,1,2990.00
24374,114518,11,2,4990.00
24375,114519,110,2,3990.00
24376,114519,79,1,5490.00
24377,114520,80,1,5990.00
24378,114521,17,1,64890.00
24379,114521,86,2,889.00
24380,114521,104,1,4990.00
24381,114522,89,1,399.00
24382,114522,126,1,3290.00
24383,114522,29,1,2290.00
24384,114522,86,2,889.00
24385,114523,86,1,889.00
24386,114523,107,1,39890.00
24387,114524,21,1,7990.00
24388,114524,89,1,399.00
24389,114525,8,1,17990.00
24390,114526,9,2,3290.00
24391,114526,86,1,889.00
24392,114527,64,2,3990.00
24393,114528,20,1,10990.00
24394,114528,98,2,889.00
24395,114528,73,2,489.00
24396,114529,89,2,399.00
24397,114530,85,1,2490.00
24398,114530,110,1,3990.00
24399,114530,123,2,1790.00
24400,114531,42,1,999.00
24401,114531,97,2,489.00
24402,114531,105,1,1490.00
24403,114531,121,2,2490.00
24404,114532,108,1,5490.00
24405,114532,109,1,8990.00
24406,114533,93,1,789.00
24407,114533,23,1,3490.00
24408,114534,31,1,44890.00
24409,114534,16,1,42890.00
24410,114535,73,1,489.00
24411,114536,22,1,2490.00
24412,114537,67,2,1290.00
24413,114537,12,1,3990.00
24414,114538,46,2,3290.00
24415,114538,109,1,8990.00
24416,114539,123,3,1790.00
24417,114540,10,1,12990.00
24418,114541,111,1,589.00
24419,114541,110,1,3990.00
24420,114541,42,1,999.00
24421,114542,112,2,889.00
24422,114543,92,1,989.00
24423,114544,109,1,8990.00
24424,114545,108,1,5490.00
24425,114545,131,1,1690.00
24426,114546,25,1,24990.00
24427,114547,109,1,8990.00
24428,114548,86,1,889.00
24429,114549,106,1,24990.00
24430,114549,11,1,4990.00
24431,114550,56,2,799.00
24432,114551,15,1,17490.00
24433,114552,5,1,129890.00
24434,114552,96,2,589.00
24435,114553,65,2,4490.00
24436,114553,43,1,1290.00
24437,114554,95,1,1090.00
24438,114555,58,1,4990.00
24439,114555,125,1,1990.00
24440,114556,83,1,6990.00
24441,114556,112,1,889.00
24442,114557,86,1,889.00
24443,114558,96,1,589.00
24444,114558,63,1,5890.00
24445,114559,9,1,3290.00
24446,114559,52,1,7490.00
24447,114560,42,3,999.00
24448,114561,30,1,3190.00
24449,114562,21,1,7990.00
24450,114562,109,1,8990.00
24451,114563,89,1,399.00
24452,114563,12,1,3990.00
24453,114564,126,1,3290.00
24454,114565,68,1,2490.00
24455,114566,109,1,8990.00
24456,114566,86,2,889.00
24457,114566,44,1,2990.00
24458,114567,48,1,4990.00
24459,114568,108,1,5490.00
24460,114569,109,1,8990.00
24461,114570,42,1,999.00
24462,114570,71,1,2990.00
24463,114571,43,1,1290.00
24464,114571,117,1,2990.00
24465,114571,93,1,789.00
24466,114572,86,2,889.00
24467,114572,23,1,3490.00
24468,114573,31,1,44990.00
24469,114573,63,1,5890.00
24470,114573,76,1,459.00
24471,114574,41,1,27990.00
24472,114574,30,1,3190.00
24473,114575,66,1,1490.00
24474,114576,89,2,399.00
24475,114576,42,1,999.00
24476,114577,76,1,459.00
24477,114578,8,1,17990.00
24478,114579,45,1,6990.00
24479,114579,131,1,1690.00
24480,114580,107,1,39990.00
24481,114581,39,1,5990.00
24482,114581,11,1,4990.00
24483,114582,121,1,2490.00
24484,114582,107,1,39990.00
24485,114583,54,1,3490.00
24486,114584,105,1,1490.00
24487,114584,86,2,889.00
24488,114584,104,1,4990.00
24489,114584,29,1,2290.00
24490,114585,9,2,3290.00
24491,114585,125,1,1990.00
24492,114586,84,1,689.00
24493,114587,11,1,4990.00
24494,114588,65,1,4490.00
24495,114589,122,1,2290.00
24496,114590,125,2,1990.00
24497,114590,8,1,17990.00
24498,114591,67,1,1290.00
24499,114592,108,1,5490.00
24500,114593,125,1,1990.00
24501,114593,57,1,499.00
24502,114593,21,1,7990.00
24503,114593,10,1,12990.00
24504,114594,83,1,6990.00
24505,114595,97,1,489.00
24506,114596,102,1,1990.00
24507,114597,117,1,2990.00
24508,114598,109,1,8990.00
24509,114598,63,1,5890.00
24510,114599,20,1,10990.00
24511,114600,101,1,1590.00
24512,114600,11,1,4990.00
24513,114601,74,2,689.00
24514,114601,12,1,3990.00
24515,114601,75,1,2290.00
24516,114602,88,1,7490.00
24517,114603,111,1,589.00
24518,114604,11,1,4990.00
24519,114605,127,1,6990.00
24520,114605,57,3,499.00
24521,114605,32,1,5490.00
24522,114605,91,1,1490.00
24523,114606,91,1,1490.00
24524,114606,117,1,2990.00
24525,114607,88,1,7490.00
24526,114608,75,1,2290.00
24527,114609,75,1,2290.00
24528,114609,38,1,2990.00
24529,114610,111,1,589.00
24530,114611,118,1,9990.00
24531,114611,117,1,2990.00
24532,114611,77,1,2190.00
24533,114611,4,1,94890.00
24534,114612,65,1,4490.00
24535,114613,110,1,3990.00
24536,114613,43,1,1290.00
24537,114614,5,1,129890.00
24538,114615,78,2,1890.00
24539,114616,117,1,2990.00
24540,114617,11,1,4990.00
24541,114618,21,1,7990.00
24542,114618,75,1,2290.00
24543,114618,63,1,5890.00
24544,114619,35,1,4790.00
24545,114620,117,1,2990.00
24546,114620,97,1,489.00
24547,114621,25,1,24990.00
24548,114622,43,1,1290.00
24549,114622,78,1,1890.00
24550,114622,46,1,3290.00
24551,114623,23,2,3490.00
24552,114623,86,1,889.00
24553,114623,38,1,2990.00
24554,114624,40,1,32490.00
24555,114625,125,1,1990.00
24556,114625,23,1,3490.00
24557,114625,3,1,84890.00
24558,114626,62,1,4590.00
24559,114627,30,1,3190.00
24560,114627,51,1,6490.00
24561,114628,86,1,889.00
24562,114629,122,1,2290.00
24563,114629,77,1,2190.00
24564,114630,23,2,3490.00
24565,114631,112,1,889.00
24566,114632,7,1,32990.00
24567,114632,29,1,2290.00
24568,114633,43,1,1290.00
24569,114634,29,1,2290.00
24570,114635,110,2,3990.00
24571,114636,111,1,589.00
24572,114637,85,2,2490.00
24573,114638,101,1,1590.00
24574,114638,117,2,2990.00
24575,114638,2,1,36990.00
24576,114638,46,2,3290.00
24577,114639,57,2,499.00
24578,114639,117,1,2990.00
24579,114639,44,1,2990.00
24580,114639,86,1,889.00
24581,114640,108,1,5490.00
24582,114641,41,1,27990.00
24583,114642,43,2,1290.00
24584,114642,86,1,889.00
24585,114643,46,1,3290.00
24586,114644,22,1,2490.00
24587,114645,10,1,12990.00
24588,114645,30,2,3190.00
24589,114645,86,1,889.00
24590,114645,48,1,4990.00
24591,114646,23,1,3490.00
24592,114647,108,1,5490.00
24593,114648,109,1,8990.00
24594,114649,23,1,3490.00
24595,114650,117,2,2990.00
24596,114650,81,1,4990.00
24597,114651,43,1,1290.00
24598,114651,68,1,2490.00
24599,114652,42,2,999.00
24600,114652,111,1,589.00
24601,114652,122,1,2290.00
24602,114652,10,1,12990.00
24603,114653,40,1,32490.00
24604,114653,20,1,10990.00
24605,114654,95,1,1090.00
24606,114655,106,1,24990.00
24607,114656,30,1,3190.00
24608,114656,86,2,889.00
24609,114657,48,1,4990.00
24610,114658,11,1,4990.00
24611,114658,105,1,1490.00
24612,114658,111,1,589.00
24613,114659,110,1,3990.00
24614,114659,7,1,32990.00
24615,114660,24,1,16990.00
24616,114661,84,1,689.00
24617,114661,3,1,84890.00
24618,114661,85,2,2490.00
24619,114661,79,1,5490.00
24620,114662,123,1,1790.00
24621,114662,43,1,1290.00
24622,114663,86,1,889.00
24623,114664,86,1,889.00
24624,114665,104,1,4990.00
24625,114665,59,1,1990.00
24626,114666,76,1,459.00
24627,114667,119,1,3490.00
24628,114667,101,2,1590.00
24629,114667,107,1,39990.00
24630,114668,4,1,94890.00
24631,114668,86,1,889.00
24632,114669,105,1,1490.00
24633,114670,78,1,1890.00
24634,114671,84,1,689.00
24635,114672,26,1,49990.00
24636,114673,30,2,3190.00
24637,114673,71,2,2990.00
24638,114673,117,1,2990.00
24639,114674,82,1,7990.00
24640,114674,86,3,889.00
24641,114674,123,3,1790.00
24642,114674,45,1,6990.00
24643,114675,52,1,7490.00
24644,114675,108,1,5490.00
24645,114676,12,1,3990.00
24646,114677,91,1,1490.00
24647,114678,109,1,8990.00
24648,114678,57,2,499.00
24649,114678,31,1,44990.00
24650,114678,36,1,7990.00
24651,114679,3,1,84990.00
24652,114680,102,2,1990.00
24653,114681,108,1,5490.00
24654,114681,63,1,5890.00
24655,114682,20,1,10990.00
24656,114683,112,2,889.00
24657,114684,11,1,4990.00
24658,114684,9,1,3290.00
24659,114685,20,1,10990.00
24660,114686,20,1,10990.00
24661,114687,120,1,1490.00
24662,114688,58,2,4990.00
24663,114689,43,2,1290.00
24664,114689,110,1,3990.00
24665,114690,59,1,1990.00
24666,114691,45,1,6990.00
24667,114692,20,1,10990.00
24668,114692,119,1,3490.00
24669,114692,30,1,3190.00
24670,114693,86,2,889.00
24671,114693,52,1,7490.00
24672,114694,62,1,4590.00
24673,114694,86,1,889.00
24674,114694,38,2,2990.00
24675,114695,68,1,2490.00
24676,114696,87,1,2990.00
24677,114697,45,1,6990.00
24678,114698,43,1,1290.00
24679,114698,117,1,2990.00
24680,114699,19,1,119990.00
24681,114700,43,2,1290.00
24682,114701,86,1,889.00
24683,114701,42,3,999.00
24684,114702,77,1,2190.00
24685,114702,10,1,12990.00
24686,114703,31,1,44990.00
24687,114703,112,3,889.00
24688,114703,82,1,7990.00
24689,114704,42,1,999.00
24690,114704,97,1,489.00
24691,114705,21,1,7990.00
24692,114706,108,1,5490.00
24693,114706,64,2,3990.00
24694,114707,86,3,889.00
24695,114707,60,1,3490.00
24696,114708,112,1,889.00
24697,114708,15,1,17490.00
24698,114708,31,1,44990.00
24699,114709,111,3,589.00
24700,114710,9,1,3290.00
24701,114710,117,1,2990.00
24702,114711,31,1,44990.00
24703,114712,38,1,2990.00
24704,114712,33,1,11990.00
24705,114713,86,2,889.00
24706,114713,118,1,9990.00
24707,114714,31,1,44990.00
24708,114714,58,1,4990.00
24709,114714,86,2,889.00
24710,114715,42,3,999.00
24711,114716,109,1,8990.00
24712,114717,9,2,3290.00
24713,114718,99,1,1290.00
24714,114719,131,1,1690.00
24715,114719,15,1,17490.00
24716,114719,108,1,5490.00
24717,114720,92,3,989.00
24718,114721,77,2,2190.00
24719,114722,38,1,2990.00
24720,114723,117,1,2990.00
24721,114723,97,1,489.00
24722,114724,126,2,3290.00
24723,114725,42,2,999.00
24724,114726,66,1,1490.00
24725,114726,107,1,39990.00
24726,114726,21,1,7990.00
24727,114727,95,1,1090.00
24728,114728,76,3,459.00
24729,114728,85,1,2490.00
24730,114729,108,1,5490.00
24731,114729,48,2,4990.00
24732,114729,11,1,4990.00
24733,114730,36,1,7990.00
24734,114731,110,1,3990.00
24735,114732,9,2,3290.00
24736,114733,86,2,889.00
24737,114734,60,1,3490.00
24738,114735,128,1,17990.00
24739,114736,126,1,3290.00
24740,114737,26,1,49990.00
24741,114738,29,2,2290.00
24742,114738,76,1,459.00
24743,114739,114,1,34990.00
24744,114740,38,1,2990.00
24745,114740,122,1,2290.00
24746,114740,117,1,2990.00
24747,114740,67,1,1290.00
24748,114741,35,1,4790.00
24749,114741,54,1,3490.00
24750,114741,43,1,1290.00
24751,114742,58,1,4990.00
24752,114742,71,1,2990.00
24753,114743,14,1,11990.00
24754,114744,126,1,3290.00
24755,114745,57,1,499.00
24756,114745,86,2,889.00
24757,114745,110,1,3990.00
24758,114745,44,1,2990.00
24759,114746,111,1,589.00
24760,114747,43,1,1290.00
24761,114747,98,2,889.00
24762,114747,109,1,8990.00
24763,114748,83,1,6990.00
24764,114748,51,1,6490.00
24765,114748,64,1,3990.00
24766,114749,78,1,1890.00
24767,114750,119,2,3490.00
24768,114751,31,1,44990.00
24769,114752,23,1,3490.00
24770,114753,65,1,4490.00
24771,114754,128,1,17990.00
24772,114755,12,1,3990.00
24773,114755,96,2,589.00
24774,114755,58,1,4990.00
24775,114755,71,1,2990.00
24776,114756,73,2,489.00
24777,114756,83,1,6990.00
24778,114757,117,2,2990.00
24779,114757,108,1,5490.00
24780,114758,11,1,4990.00
24781,114758,91,1,1490.00
24782,114759,117,1,2990.00
24783,114760,57,2,499.00
24784,114761,25,1,24990.00
24785,114762,8,1,17990.00
24786,114762,123,2,1790.00
24787,114763,75,1,2290.00
24788,114764,3,1,84990.00
24789,114764,75,1,2290.00
24790,114765,78,1,1890.00
24791,114765,112,1,889.00
24792,114766,91,1,1490.00
24793,114767,66,1,1490.00
24794,114768,111,3,589.00
24795,114768,42,1,999.00
24796,114768,43,1,1290.00
24797,114769,86,1,889.00
24798,114770,23,1,3490.00
24799,114770,94,1,1190.00
24800,114770,117,1,2990.00
24801,114771,30,2,3190.00
24802,114771,89,2,399.00
24803,114771,117,1,2990.00
24804,114772,42,3,999.00
24805,114773,98,2,889.00
24806,114773,120,2,1490.00
24807,114773,67,1,1290.00
24808,114774,117,2,2990.00
24809,114774,12,1,3990.00
24810,114774,29,1,2290.00
24811,114774,123,2,1790.00
24812,114775,82,1,7990.00
24813,114776,2,1,36990.00
24814,114776,30,1,3190.00
24815,114777,29,1,2290.00
24816,114778,57,1,499.00
24817,114779,10,1,12990.00
24818,114780,38,1,2990.00
24819,114780,104,1,4990.00
24820,114781,63,1,5890.00
24821,114782,59,1,1990.00
24822,114782,9,1,3290.00
24823,114783,29,1,2290.00
24824,114783,102,1,1990.00
24825,114783,66,1,1490.00
24826,114783,111,2,589.00
24827,114784,117,1,2990.00
24828,114784,2,1,36990.00
24829,114785,131,1,1690.00
24830,114785,30,1,3190.00
24831,114785,97,1,489.00
24832,114785,74,2,689.00
24833,114786,48,1,4990.00
24834,114787,34,1,6490.00
24835,114788,19,1,119990.00
24836,114788,6,1,13490.00
24837,114789,89,2,399.00
24838,114789,36,1,7990.00
24839,114790,125,1,1990.00
24840,114791,107,1,39990.00
24841,114791,22,2,2490.00
24842,114791,63,1,5890.00
24843,114792,91,1,1490.00
24844,114792,110,1,3990.00
24845,114793,57,2,499.00
24846,114793,9,1,3290.00
24847,114793,112,3,889.00
24848,114794,109,1,8990.00
24849,114795,3,1,84990.00
24850,114795,5,1,129990.00
24851,114796,127,1,6990.00
24852,114797,43,1,1290.00
24853,114797,68,1,2490.00
24854,114797,74,2,689.00
24855,114798,92,2,989.00
24856,114798,74,2,689.00
24857,114798,82,1,7990.00
24858,114799,93,2,789.00
24859,114799,128,1,17990.00
24860,114799,45,1,6990.00
24861,114800,11,2,4990.00
24862,114801,26,1,49990.00
24863,114802,61,1,7490.00
24864,114803,114,1,34990.00
24865,114803,118,1,9990.00
24866,114804,78,1,1890.00
24867,114805,45,1,6990.00
24868,114806,20,1,10990.00
24869,114806,89,1,399.00
24870,114807,86,1,889.00
24871,114807,91,1,1490.00
24872,114807,40,1,32490.00
24873,114808,26,1,49990.00
24874,114809,126,1,3290.00
24875,114810,125,1,1990.00
24876,114810,86,2,889.00
24877,114811,30,1,3190.00
24878,114811,25,1,24990.00
24879,114812,110,2,3990.00
24880,114812,111,3,589.00
24881,114813,58,1,4990.00
24882,114813,46,1,3290.00
24883,114814,42,3,999.00
24884,114814,64,1,3990.00
24885,114815,109,1,8990.00
