record_id,prod_date,line_id,shift,operator_id,product,planned_units,produced_units,defect_units,downtime_min
1,2025-07-01,1,день,1,Чайник электрический,420,351,15,39
2,2025-07-01,1,ночь,7,Чайник электрический,420,382,10,30
3,2025-07-01,2,день,2,Чайник электрический,480,474,6,10
4,2025-07-01,2,ночь,8,Чайник электрический,480,448,2,0
5,2025-07-01,3,день,3,Блендер погружной,300,281,9,26
6,2025-07-01,3,ночь,9,Блендер погружной,300,264,11,41
7,2025-07-01,4,день,4,Блендер погружной,360,349,4,6
8,2025-07-01,4,ночь,10,Блендер погружной,360,293,11,11
9,2025-07-01,5,день,5,Упаковка комплектов,900,781,33,22
10,2025-07-01,5,ночь,11,Упаковка комплектов,900,779,21,22
11,2025-07-01,6,день,6,Корпуса утюгов,520,484,11,23
12,2025-07-01,6,ночь,12,Корпуса утюгов,520,437,9,19
13,2025-07-02,1,день,1,Чайник электрический,420,357,13,32
14,2025-07-02,1,ночь,7,Чайник электрический,420,408,7,8
15,2025-07-02,2,день,2,Чайник электрический,480,452,0,8
16,2025-07-02,2,ночь,8,Чайник электрический,480,455,4,13
17,2025-07-02,3,день,3,Блендер погружной,300,207,7,154
18,2025-07-02,3,ночь,9,Блендер погружной,300,261,10,38
19,2025-07-02,4,день,4,Блендер погружной,360,339,6,18
20,2025-07-02,4,ночь,10,Блендер погружной,360,307,7,3
21,2025-07-02,5,день,5,Упаковка комплектов,900,751,40,24
22,2025-07-02,5,ночь,11,Упаковка комплектов,900,811,18,19
23,2025-07-02,6,день,6,Корпуса утюгов,520,498,11,20
24,2025-07-02,6,ночь,12,Корпуса утюгов,520,435,6,25
25,2025-07-03,1,день,1,Чайник электрический,420,357,13,38
26,2025-07-03,1,ночь,7,Чайник электрический,420,397,8,14
27,2025-07-03,2,день,2,Чайник электрический,480,476,5,14
28,2025-07-03,2,ночь,8,Чайник электрический,480,442,5,16
29,2025-07-03,3,день,3,Блендер погружной,300,276,7,
30,2025-07-03,3,ночь,9,Блендер погружной,300,270,10,16
31,2025-07-03,4,день,4,Блендер погружной,360,341,3,19
32,2025-07-03,4,ночь,10,Блендер погружной,360,296,7,8
33,2025-07-03,5,день,5,Упаковка комплектов,900,806,31,0
34,2025-07-03,5,ночь,11,Упаковка комплектов,900,784,14,32
35,2025-07-03,6,день,6,Корпуса утюгов,520,490,10,8
36,2025-07-03,6,ночь,12,Корпуса утюгов,520,444,10,25
37,2025-07-04,1,день,1,Чайник электрический,420,367,14,19
38,2025-07-04,1,ночь,7,Чайник электрический,420,384,10,17
39,2025-07-04,2,день,2,Чайник электрический,480,455,8,14
40,2025-07-04,2,ночь,8,Чайник электрический,480,429,10,17
41,2025-07-04,3,день,3,Блендер погружной,300,270,10,44
42,2025-07-04,3,ночь,9,Блендер погружной,300,280,9,21
43,2025-07-04,4,день,4,Блендер погружной,360,344,4,7
44,2025-07-04,4,ночь,10,Блендер погружной,360,300,7,12
45,2025-07-04,5,день,5,Упаковка комплектов,900,801,43,19
46,2025-07-04,5,ночь,11,Упаковка комплектов,900,772,20,31
47,2025-07-04,6,день,6,Корпуса утюгов,520,529,9,4
48,2025-07-04,6,ночь,12,Корпуса утюгов,520,436,13,30
49,2025-07-05,1,день,1,Чайник электрический,420,345,17,38
50,2025-07-05,1,ночь,7,Чайник электрический,420,392,6,19
51,2025-07-05,2,день,2,Чайник электрический,480,453,0,36
52,2025-07-05,2,ночь,8,Чайник электрический,480,433,7,3
53,2025-07-05,3,день,3,Блендер погружной,300,289,8,28
54,2025-07-05,3,ночь,9,Блендер погружной,300,275,12,22
55,2025-07-05,4,день,4,Блендер погружной,360,331,0,20
56,2025-07-05,4,ночь,10,Блендер погружной,360,300,13,23
57,2025-07-05,5,день,5,Упаковка комплектов,900,822,33,8
58,2025-07-05,5,ночь,11,Упаковка комплектов,900,740,17,37
59,2025-07-05,6,день,6,Корпуса утюгов,520,506,7,17
60,2025-07-05,6,ночь,12,Корпуса утюгов,520,442,6,22
61,2025-07-06,4,день,4,Блендер погружной,360,351,0,0
62,2025-07-06,5,день,5,Упаковка комплектов,900,828,24,0
63,2025-07-06,6,день,6,Корпуса утюгов,520,524,10,3
64,2025-07-07,1,день,1,Чайник электрический,420,364,11,13
65,2025-07-07,1,ночь,7,Чайник электрический,420,382,9,23
66,2025-07-07,2,день,2,Чайник электрический,480,453,0,12
67,2025-07-07,2,ночь,8,Чайник электрический,480,431,5,9
68,2025-07-07,3,день,3,Блендер погружной,300,261,6,43
69,2025-07-07,3,ночь,9,Блендер погружной,300,270,11,42
70,2025-07-07,4,день,4,Блендер погружной,360,345,3,3
71,2025-07-07,4,ночь,10,Блендер погружной,360,296,9,24
72,2025-07-07,5,день,5,Упаковка комплектов,900,749,34,27
73,2025-07-07,5,ночь,11,Упаковка комплектов,900,798,27,5
74,2025-07-07,6,день,6,Корпуса утюгов,520,514,1,12
75,2025-07-07,6,ночь,12,Корпуса утюгов,520,435,10,12
76,2025-07-08,1,день,7,Чайник электрический,420,200,5,248
77,2025-07-08,1,ночь,13,Чайник электрический,420,366,8,28
78,2025-07-08,2,день,8,Чайник электрический,480,459,4,16
79,2025-07-08,2,ночь,14,Чайник электрический,480,443,10,32
80,2025-07-08,3,день,9,Блендер погружной,300,268,9,36
81,2025-07-08,3,ночь,15,Блендер погружной,300,257,23,0
82,2025-07-08,4,день,10,Блендер погружной,360,298,4,16
83,2025-07-08,4,ночь,16,Блендер погружной,360,332,5,6
84,2025-07-08,5,день,11,Упаковка комплектов,900,835,19,5
85,2025-07-08,5,ночь,17,Упаковка комплектов,900,805,13,22
86,2025-07-08,6,день,12,Корпуса утюгов,520,473,14,6
87,2025-07-08,6,ночь,18,Корпуса утюгов,520,482,12,13
88,2025-07-09,1,день,7,Чайник электрический,420,386,10,27
89,2025-07-09,1,ночь,13,Чайник электрический,420,382,11,5
90,2025-07-09,2,день,8,Чайник электрический,480,445,10,22
91,2025-07-09,2,ночь,14,Чайник электрический,480,445,8,19
92,2025-07-09,3,день,9,Блендер погружной,300,279,9,22
93,2025-07-09,3,ночь,15,Блендер погружной,300,234,17,44
94,2025-07-09,4,день,10,Блендер погружной,360,318,9,19
95,2025-07-09,4,ночь,16,Блендер погружной,360,333,7,1
96,2025-07-09,5,день,11,Упаковка комплектов,900,863,21,10
97,2025-07-09,5,ночь,17,Упаковка комплектов,900,750,15,44
98,2025-07-09,6,день,12,Корпуса утюгов,520,465,10,9
99,2025-07-09,6,ночь,18,Корпуса утюгов,520,243,2,252
100,2025-07-10,1,день,7,Чайник электрический,420,413,5,21
101,2025-07-10,1,ночь,13,Чайник электрический,420,227,8,196
102,2025-07-10,2,день,8,Чайник электрический,480,450,7,13
103,2025-07-10,2,ночь,14,Чайник электрический,480,453,11,16
104,2025-07-10,3,день,9,Блендер погружной,300,277,7,43
105,2025-07-10,3,ночь,15,Блендер погружной,300,235,20,25
106,2025-07-10,4,день,10,Блендер погружной,360,313,13,11
107,2025-07-10,4,ночь,16,Блендер погружной,360,341,3,12
108,2025-07-10,5,день,11,Упаковка комплектов,900,817,15,16
109,2025-07-10,5,ночь,17,Упаковка комплектов,900,840,20,8
110,2025-07-10,6,день,12,Корпуса утюгов,520,434,6,26
111,2025-07-10,6,ночь,18,Корпуса утюгов,520,451,10,27
112,2025-07-11,1,день,7,Чайник электрический,420,406,10,4
113,2025-07-11,1,ночь,13,Чайник электрический,420,394,8,19
114,2025-07-11,2,день,8,Чайник электрический,480,454,4,5
115,2025-07-11,2,ночь,14,Чайник электрический,480,443,6,10
116,2025-07-11,3,день,9,Блендер погружной,300,270,9,27
117,2025-07-11,3,ночь,15,Блендер погружной,300,247,19,19
118,2025-07-11,4,день,10,Блендер погружной,360,309,11,8
119,2025-07-11,4,ночь,16,Блендер погружной,360,339,4,15
120,2025-07-11,5,день,11,Упаковка комплектов,900,853,12,8
121,2025-07-11,5,ночь,17,Упаковка комплектов,900,806,24,23
122,2025-07-11,6,день,12,Корпуса утюгов,520,467,6,8
123,2025-07-11,6,ночь,18,Корпуса утюгов,520,451,11,31
124,2025-07-12,1,день,7,Чайник электрический,420,425,13,4
125,2025-07-12,1,ночь,13,Чайник электрический,420,381,10,11
126,2025-07-12,2,день,8,Чайник электрический,480,433,5,22
127,2025-07-12,2,ночь,14,Чайник электрический,480,444,8,10
128,2025-07-12,3,день,9,Блендер погружной,300,272,7,32
129,2025-07-12,3,ночь,15,Блендер погружной,300,239,15,29
130,2025-07-12,4,день,10,Блендер погружной,360,320,10,12
131,2025-07-12,4,ночь,16,Блендер погружной,360,343,6,14
132,2025-07-12,5,день,11,Упаковка комплектов,900,794,19,30
133,2025-07-12,5,ночь,17,Упаковка комплектов,900,776,20,38
134,2025-07-12,6,день,12,Корпуса утюгов,520,447,6,12
135,2025-07-12,6,ночь,18,Корпуса утюгов,520,461,2,29
136,2025-07-13,1,день,7,Чайник электрический,420,402,3,29
137,2025-07-13,4,день,10,Блендер погружной,360,320,10,11
138,2025-07-13,5,день,11,Упаковка комплектов,900,840,13,16
139,2025-07-14,1,день,7,Чайник электрический,420,408,8,8
140,2025-07-14,1,ночь,13,Чайник электрический,420,366,10,25
141,2025-07-14,2,день,8,Чайник электрический,480,471,7,8
142,2025-07-14,2,ночь,14,Чайник электрический,480,469,5,1
143,2025-07-14,3,день,9,Блендер погружной,300,274,7,42
144,2025-07-14,3,ночь,15,Блендер погружной,300,263,22,2
145,2025-07-14,4,день,10,Блендер погружной,360,301,7,
146,2025-07-14,4,ночь,16,Блендер погружной,360,340,5,14
147,2025-07-14,5,день,11,Упаковка комплектов,900,829,15,32
148,2025-07-14,5,ночь,17,Упаковка комплектов,900,804,18,24
149,2025-07-14,6,день,12,Корпуса утюгов,520,465,9,7
150,2025-07-14,6,ночь,18,Корпуса утюгов,520,477,12,21
151,2025-07-15,1,день,13,Чайник электрический,420,404,8,24
152,2025-07-15,1,ночь,19,Чайник электрический,420,398,10,0
153,2025-07-15,2,день,14,Чайник электрический,480,477,5,12
154,2025-07-15,2,ночь,20,Чайник электрический,480,400,12,18
155,2025-07-15,3,день,15,Блендер погружной,300,241,16,47
156,2025-07-15,3,ночь,21,Блендер погружной,300,269,10,22
157,2025-07-15,4,день,16,Блендер погружной,360,351,7,24
158,2025-07-15,4,ночь,22,Блендер погружной,360,311,3,7
159,2025-07-15,5,день,17,Упаковка комплектов,900,886,23,11
160,2025-07-15,5,ночь,23,Упаковка комплектов,900,821,22,22
161,2025-07-15,6,день,18,Корпуса утюгов,520,506,9,6
162,2025-07-15,6,ночь,24,Корпуса утюгов,520,452,10,25
163,2025-07-16,1,день,13,Чайник электрический,420,362,9,40
164,2025-07-16,1,ночь,19,Чайник электрический,420,389,4,20
165,2025-07-16,2,день,14,Чайник электрический,480,466,11,6
166,2025-07-16,2,ночь,20,Чайник электрический,480,409,10,19
167,2025-07-16,3,день,15,Блендер погружной,300,260,16,18
168,2025-07-16,3,ночь,21,Блендер погружной,300,263,10,19
169,2025-07-16,4,день,16,Блендер погружной,360,348,3,12
170,2025-07-16,4,ночь,22,Блендер погружной,360,320,2,14
171,2025-07-16,5,день,17,Упаковка комплектов,900,913,23,3
172,2025-07-16,5,ночь,23,Упаковка комплектов,900,836,24,15
173,2025-07-16,6,день,18,Корпуса утюгов,520,497,13,31
174,2025-07-16,6,ночь,24,Корпуса утюгов,520,455,8,24
175,2025-07-17,1,день,13,Чайник электрический,420,417,9,0
176,2025-07-17,1,ночь,19,Чайник электрический,420,387,9,26
177,2025-07-17,2,день,14,Чайник электрический,480,462,4,19
178,2025-07-17,2,ночь,20,Чайник электрический,480,414,15,12
179,2025-07-17,3,день,15,Блендер погружной,300,223,16,
180,2025-07-17,3,ночь,21,Блендер погружной,300,265,10,33
181,2025-07-17,4,день,16,Блендер погружной,360,331,3,29
182,2025-07-17,4,ночь,22,Блендер погружной,360,320,5,18
183,2025-07-17,5,день,17,Упаковка комплектов,900,834,17,19
184,2025-07-17,5,ночь,23,Упаковка комплектов,900,791,22,33
185,2025-07-17,6,день,18,Корпуса утюгов,520,504,6,20
186,2025-07-17,6,ночь,24,Корпуса утюгов,520,481,6,6
187,2025-07-18,1,день,13,Чайник электрический,420,410,8,6
188,2025-07-18,1,ночь,19,Чайник электрический,420,395,14,13
189,2025-07-18,2,день,14,Чайник электрический,480,438,2,23
190,2025-07-18,2,ночь,20,Чайник электрический,480,416,18,9
191,2025-07-18,3,день,15,Блендер погружной,300,265,15,0
192,2025-07-18,3,ночь,21,Блендер погружной,300,235,11,72
193,2025-07-18,4,день,16,Блендер погружной,360,364,7,9
194,2025-07-18,4,ночь,22,Блендер погружной,360,315,3,3
195,2025-07-18,5,день,17,Упаковка комплектов,900,863,22,25
196,2025-07-18,5,ночь,23,Упаковка комплектов,900,857,25,2
197,2025-07-18,6,день,18,Корпуса утюгов,520,500,9,14
198,2025-07-18,6,ночь,24,Корпуса утюгов,520,491,10,14
199,2025-07-19,1,день,13,Чайник электрический,420,388,11,24
200,2025-07-19,1,ночь,19,Чайник электрический,420,382,12,20
201,2025-07-19,2,день,14,Чайник электрический,480,452,4,7
202,2025-07-19,2,ночь,20,Чайник электрический,480,394,16,4
203,2025-07-19,3,день,15,Блендер погружной,300,246,16,35
204,2025-07-19,3,ночь,21,Блендер погружной,300,271,8,25
205,2025-07-19,4,день,16,Блендер погружной,360,328,1,20
206,2025-07-19,4,ночь,22,Блендер погружной,360,311,6,21
207,2025-07-19,5,день,17,Упаковка комплектов,900,825,15,24
208,2025-07-19,5,ночь,23,Упаковка комплектов,900,807,19,22
209,2025-07-19,6,день,18,Корпуса утюгов,520,470,11,25
210,2025-07-19,6,ночь,24,Корпуса утюгов,520,441,7,37
211,2025-07-20,2,день,14,Чайник электрический,480,447,7,11
212,2025-07-20,3,день,15,Блендер погружной,300,259,15,22
213,2025-07-20,4,день,16,Блендер погружной,360,335,1,10
214,2025-07-20,5,день,17,Упаковка комплектов,900,826,22,17
215,2025-07-20,6,день,18,Корпуса утюгов,520,515,9,16
216,2025-07-21,1,день,13,Чайник электрический,420,387,6,21
217,2025-07-21,1,ночь,19,Чайник электрический,420,393,17,19
218,2025-07-21,2,день,14,Чайник электрический,480,490,5,3
219,2025-07-21,2,ночь,20,Чайник электрический,480,403,16,21
220,2025-07-21,3,день,15,Блендер погружной,300,235,14,
221,2025-07-21,3,ночь,21,Блендер погружной,300,276,10,21
222,2025-07-21,4,день,16,Блендер погружной,360,337,5,19
223,2025-07-21,4,ночь,22,Блендер погружной,360,317,3,0
224,2025-07-21,5,день,17,Упаковка комплектов,900,885,19,0
225,2025-07-21,5,ночь,23,Упаковка комплектов,900,839,17,12
226,2025-07-21,6,день,18,Корпуса утюгов,520,521,1,8
227,2025-07-21,6,ночь,24,Корпуса утюгов,520,471,13,29
228,2025-07-22,1,день,19,Чайник электрический,420,406,8,23
229,2025-07-22,1,ночь,1,Чайник электрический,420,343,13,17
230,2025-07-22,2,день,20,Чайник электрический,480,427,11,10
231,2025-07-22,2,ночь,2,Чайник электрический,480,437,10,9
232,2025-07-22,3,день,21,Блендер погружной,300,287,8,13
233,2025-07-22,3,ночь,3,Блендер погружной,300,255,11,35
234,2025-07-22,4,день,22,Блендер погружной,360,323,4,15
235,2025-07-22,4,ночь,4,Блендер погружной,360,328,4,26
236,2025-07-22,5,день,23,Упаковка комплектов,900,895,8,0
237,2025-07-22,5,ночь,5,Упаковка комплектов,900,752,39,34
238,2025-07-22,6,день,24,Корпуса утюгов,520,491,10,26
239,2025-07-22,6,ночь,6,Корпуса утюгов,520,472,7,34
240,2025-07-23,1,день,19,Чайник электрический,420,386,5,34
241,2025-07-23,1,ночь,1,Чайник электрический,420,359,16,21
242,2025-07-23,2,день,20,Чайник электрический,480,433,13,12
243,2025-07-23,2,ночь,2,Чайник электрический,480,449,10,22
244,2025-07-23,3,день,21,Блендер погружной,300,275,10,52
245,2025-07-23,3,ночь,3,Блендер погружной,300,252,9,56
246,2025-07-23,4,день,22,Блендер погружной,360,340,3,10
247,2025-07-23,4,ночь,4,Блендер погружной,360,344,7,12
248,2025-07-23,5,день,23,Упаковка комплектов,900,797,13,45
249,2025-07-23,5,ночь,5,Упаковка комплектов,900,740,46,29
250,2025-07-23,6,день,24,Корпуса утюгов,520,473,8,24
251,2025-07-23,6,ночь,6,Корпуса утюгов,520,478,9,21
252,2025-07-24,1,день,19,Чайник электрический,420,382,10,24
253,2025-07-24,1,ночь,1,Чайник электрический,420,353,17,18
254,2025-07-24,2,день,20,Чайник электрический,480,429,9,15
255,2025-07-24,2,ночь,2,Чайник электрический,480,442,8,1
256,2025-07-24,3,день,21,Блендер погружной,300,298,6,17
257,2025-07-24,3,ночь,3,Блендер погружной,300,260,8,25
258,2025-07-24,4,день,22,Блендер погружной,360,311,3,20
259,2025-07-24,4,ночь,4,Блендер погружной,360,338,7,5
260,2025-07-24,5,день,23,Упаковка комплектов,900,905,24,3
261,2025-07-24,5,ночь,5,Упаковка комплектов,900,740,36,34
262,2025-07-24,6,день,24,Корпуса утюгов,520,487,9,16
263,2025-07-24,6,ночь,6,Корпуса утюгов,520,478,10,11
264,2025-07-25,1,день,19,Чайник электрический,420,401,9,4
265,2025-07-25,1,ночь,1,Чайник электрический,420,350,19,6
266,2025-07-25,2,день,20,Чайник электрический,480,421,10,16
267,2025-07-25,2,ночь,2,Чайник электрический,480,440,6,13
268,2025-07-25,3,день,21,Блендер погружной,300,307,9,0
269,2025-07-25,3,ночь,3,Блендер погружной,300,277,12,16
270,2025-07-25,4,день,22,Блендер погружной,360,321,4,30
271,2025-07-25,4,ночь,4,Блендер погружной,360,330,0,11
272,2025-07-25,5,день,23,Упаковка комплектов,900,811,15,42
273,2025-07-25,5,ночь,5,Упаковка комплектов,900,710,40,32
274,2025-07-25,6,день,24,Корпуса утюгов,520,488,8,
275,2025-07-25,6,ночь,6,Корпуса утюгов,520,488,18,4
276,2025-07-26,1,день,19,Чайник электрический,420,406,7,29
277,2025-07-26,1,ночь,1,Чайник электрический,420,340,15,20
278,2025-07-26,2,день,20,Чайник электрический,480,384,11,36
279,2025-07-26,2,ночь,2,Чайник электрический,480,418,9,30
280,2025-07-26,3,день,21,Блендер погружной,300,274,10,26
281,2025-07-26,3,ночь,3,Блендер погружной,300,260,9,38
282,2025-07-26,4,день,22,Блендер погружной,360,328,0,14
283,2025-07-26,4,ночь,4,Блендер погружной,360,318,3,16
284,2025-07-26,5,день,23,Упаковка комплектов,900,854,10,26
285,2025-07-26,5,ночь,5,Упаковка комплектов,900,770,44,20
286,2025-07-26,6,день,24,Корпуса утюгов,520,476,8,18
287,2025-07-26,6,ночь,6,Корпуса утюгов,520,497,9,8
288,2025-07-27,2,день,20,Чайник электрический,480,397,13,32
289,2025-07-27,3,день,21,Блендер погружной,300,276,6,46
290,2025-07-27,5,день,23,Упаковка комплектов,900,864,9,26
291,2025-07-28,1,день,19,Чайник электрический,420,409,9,7
292,2025-07-28,1,ночь,1,Чайник электрический,420,359,20,21
293,2025-07-28,2,день,20,Чайник электрический,480,405,14,9
294,2025-07-28,2,ночь,2,Чайник электрический,480,429,6,18
295,2025-07-28,3,день,21,Блендер погружной,300,273,6,28
296,2025-07-28,3,ночь,3,Блендер погружной,300,274,11,28
297,2025-07-28,4,день,22,Блендер погружной,360,324,4,5
298,2025-07-28,4,ночь,4,Блендер погружной,360,328,5,27
299,2025-07-28,5,день,23,Упаковка комплектов,900,852,15,27
300,2025-07-28,5,ночь,5,Упаковка комплектов,900,723,41,25
301,2025-07-28,6,день,24,Корпуса утюгов,520,505,10,12
302,2025-07-28,6,ночь,6,Корпуса утюгов,520,505,9,0
303,2025-07-29,1,день,1,Чайник электрический,420,386,16,2
304,2025-07-29,1,ночь,7,Чайник электрический,420,387,8,18
305,2025-07-29,2,день,2,Чайник электрический,480,472,6,13
306,2025-07-29,2,ночь,8,Чайник электрический,480,457,9,9
307,2025-07-29,3,день,3,Блендер погружной,300,283,9,5
308,2025-07-29,3,ночь,9,Блендер погружной,300,267,10,13
309,2025-07-29,4,день,4,Блендер погружной,360,352,4,9
310,2025-07-29,4,ночь,10,Блендер погружной,360,299,12,8
311,2025-07-29,5,день,5,Упаковка комплектов,900,831,39,4
312,2025-07-29,5,ночь,11,Упаковка комплектов,900,841,22,11
313,2025-07-29,6,день,6,Корпуса утюгов,520,471,7,24
314,2025-07-29,6,ночь,12,Корпуса утюгов,520,428,8,23
315,2025-07-30,1,день,1,Чайник электрический,420,364,16,17
316,2025-07-30,1,ночь,7,Чайник электрический,420,389,12,14
317,2025-07-30,2,день,2,Чайник электрический,480,443,2,
318,2025-07-30,2,ночь,8,Чайник электрический,480,431,9,22
319,2025-07-30,3,день,3,Блендер погружной,300,287,9,34
320,2025-07-30,3,ночь,9,Блендер погружной,300,257,13,35
321,2025-07-30,4,день,4,Блендер погружной,360,351,5,10
322,2025-07-30,4,ночь,10,Блендер погружной,360,303,9,8
323,2025-07-30,5,день,5,Упаковка комплектов,900,769,35,15
324,2025-07-30,5,ночь,11,Упаковка комплектов,900,836,18,7
325,2025-07-30,6,день,6,Корпуса утюгов,520,500,9,17
326,2025-07-30,6,ночь,12,Корпуса утюгов,520,451,11,0
327,2025-07-31,1,день,1,Чайник электрический,420,359,14,12
328,2025-07-31,1,ночь,7,Чайник электрический,420,370,11,29
329,2025-07-31,2,день,2,Чайник электрический,480,480,4,0
330,2025-07-31,2,ночь,8,Чайник электрический,480,435,10,13
331,2025-07-31,3,день,3,Блендер погружной,300,263,5,67
332,2025-07-31,3,ночь,9,Блендер погружной,300,277,10,32
333,2025-07-31,4,день,4,Блендер погружной,360,335,5,14
334,2025-07-31,4,ночь,10,Блендер погружной,360,286,10,20
335,2025-07-31,5,день,5,Упаковка комплектов,900,785,35,14
336,2025-07-31,5,ночь,11,Упаковка комплектов,900,827,22,0
337,2025-07-31,6,день,6,Корпуса утюгов,520,329,6,
338,2025-07-31,6,ночь,12,Корпуса утюгов,520,433,7,25
339,2025-08-01,1,день,1,Чайник электрический,380,314,9,
340,2025-08-01,1,ночь,7,Чайник электрический,380,353,5,6
341,2025-08-01,2,день,2,Чайник электрический,440,412,6,18
342,2025-08-01,2,ночь,8,Чайник электрический,440,389,5,15
343,2025-08-01,3,день,3,Блендер погружной,260,247,5,33
344,2025-08-01,3,ночь,9,Блендер погружной,260,231,6,35
345,2025-08-01,4,день,4,Блендер погружной,320,304,2,16
346,2025-08-01,4,ночь,10,Блендер погружной,320,272,7,9
347,2025-08-01,5,день,5,Упаковка комплектов,860,772,29,14
348,2025-08-01,5,ночь,11,Упаковка комплектов,860,769,18,0
349,2025-08-01,6,день,6,Корпуса утюгов,480,464,10,10
350,2025-08-01,6,ночь,12,Корпуса утюгов,480,423,4,1
351,2025-08-02,1,день,1,Чайник электрический,380,321,12,24
352,2025-08-02,1,ночь,7,Чайник электрический,380,338,6,29
353,2025-08-02,2,день,2,Чайник электрический,440,415,8,8
354,2025-08-02,2,ночь,8,Чайник электрический,440,383,6,18
355,2025-08-02,3,день,3,Блендер погружной,260,248,5,22
356,2025-08-02,3,ночь,9,Блендер погружной,260,237,8,35
357,2025-08-02,4,день,4,Блендер погружной,320,306,2,25
358,2025-08-02,4,ночь,10,Блендер погружной,320,254,7,20
359,2025-08-02,5,день,5,Упаковка комплектов,860,741,29,5
360,2025-08-02,5,ночь,11,Упаковка комплектов,860,782,17,17
361,2025-08-02,6,день,6,Корпуса утюгов,480,445,5,20
362,2025-08-02,6,ночь,12,Корпуса утюгов,480,412,10,7
363,2025-08-03,1,день,1,Чайник электрический,380,325,11,20
364,2025-08-03,2,день,2,Чайник электрический,440,406,6,14
365,2025-08-03,3,день,3,Блендер погружной,260,242,9,41
366,2025-08-03,5,день,5,Упаковка комплектов,860,755,34,10
367,2025-08-04,1,день,1,Чайник электрический,380,316,13,37
368,2025-08-04,1,ночь,7,Чайник электрический,380,361,4,13
369,2025-08-04,2,день,2,Чайник электрический,440,449,5,4
370,2025-08-04,2,ночь,8,Чайник электрический,440,390,4,13
371,2025-08-04,3,день,3,Блендер погружной,260,238,4,20
372,2025-08-04,3,ночь,9,Блендер погружной,260,234,13,33
373,2025-08-04,4,день,4,Блендер погружной,320,316,4,7
374,2025-08-04,4,ночь,10,Блендер погружной,320,261,6,18
375,2025-08-04,5,день,5,Упаковка комплектов,860,717,34,
376,2025-08-04,5,ночь,11,Упаковка комплектов,860,779,23,4
377,2025-08-04,6,день,6,Корпуса утюгов,480,487,12,6
378,2025-08-04,6,ночь,12,Корпуса утюгов,480,428,7,6
379,2025-08-05,1,день,7,Чайник электрический,380,387,8,1
380,2025-08-05,1,ночь,13,Чайник электрический,380,369,11,0
381,2025-08-05,2,день,8,Чайник электрический,440,427,4,11
382,2025-08-05,2,ночь,14,Чайник электрический,440,415,6,15
383,2025-08-05,3,день,9,Блендер погружной,260,236,9,31
384,2025-08-05,3,ночь,15,Блендер погружной,260,218,17,28
385,2025-08-05,4,день,10,Блендер погружной,320,275,7,23
386,2025-08-05,4,ночь,16,Блендер погружной,320,297,2,12
387,2025-08-05,5,день,11,Упаковка комплектов,860,834,23,10
388,2025-08-05,5,ночь,17,Упаковка комплектов,860,780,15,24
389,2025-08-05,6,день,12,Корпуса утюгов,480,432,8,6
390,2025-08-05,6,ночь,18,Корпуса утюгов,480,462,8,0
391,2025-08-06,1,день,7,Чайник электрический,380,359,7,12
392,2025-08-06,1,ночь,13,Чайник электрический,380,349,10,25
393,2025-08-06,2,день,8,Чайник электрический,440,425,5,10
394,2025-08-06,2,ночь,14,Чайник электрический,440,392,8,19
395,2025-08-06,3,день,9,Блендер погружной,260,235,8,39
396,2025-08-06,3,ночь,15,Блендер погружной,260,215,16,27
397,2025-08-06,4,день,10,Блендер погружной,320,278,8,23
398,2025-08-06,4,ночь,16,Блендер погружной,320,296,5,11
399,2025-08-06,5,день,11,Упаковка комплектов,860,772,20,19
400,2025-08-06,5,ночь,17,Упаковка комплектов,860,793,18,31
401,2025-08-06,6,день,12,Корпуса утюгов,480,448,12,5
402,2025-08-06,6,ночь,18,Корпуса утюгов,480,435,16,29
403,2025-08-07,1,день,7,Чайник электрический,380,366,10,9
404,2025-08-07,1,ночь,13,Чайник электрический,380,333,5,26
405,2025-08-07,2,день,8,Чайник электрический,440,443,4,0
406,2025-08-07,2,ночь,14,Чайник электрический,440,415,6,
407,2025-08-07,3,день,9,Блендер погружной,260,240,8,36
408,2025-08-07,3,ночь,15,Блендер погружной,260,219,17,12
409,2025-08-07,4,день,10,Блендер погружной,320,279,2,14
410,2025-08-07,4,ночь,16,Блендер погружной,320,294,5,4
411,2025-08-07,5,день,11,Упаковка комплектов,860,769,15,18
412,2025-08-07,5,ночь,17,Упаковка комплектов,860,773,26,14
413,2025-08-07,6,день,12,Корпуса утюгов,480,445,10,10
414,2025-08-07,6,ночь,18,Корпуса утюгов,480,462,7,9
415,2025-08-08,1,день,7,Чайник электрический,380,368,8,15
416,2025-08-08,1,ночь,13,Чайник электрический,380,345,8,31
417,2025-08-08,2,день,8,Чайник электрический,440,418,7,19
418,2025-08-08,2,ночь,14,Чайник электрический,440,401,3,7
419,2025-08-08,3,день,9,Блендер погружной,260,265,8,3
420,2025-08-08,3,ночь,15,Блендер погружной,260,216,17,20
421,2025-08-08,4,день,10,Блендер погружной,320,276,10,6
422,2025-08-08,4,ночь,16,Блендер погружной,320,305,4,8
423,2025-08-08,5,день,11,Упаковка комплектов,860,841,24,0
424,2025-08-08,5,ночь,17,Упаковка комплектов,860,759,13,26
425,2025-08-08,6,день,12,Корпуса утюгов,480,417,8,16
426,2025-08-08,6,ночь,18,Корпуса утюгов,480,457,10,8
427,2025-08-09,1,день,7,Чайник электрический,380,358,7,16
428,2025-08-09,1,ночь,13,Чайник электрический,380,349,8,25
429,2025-08-09,2,день,8,Чайник электрический,440,432,3,8
430,2025-08-09,2,ночь,14,Чайник электрический,440,399,7,21
431,2025-08-09,3,день,9,Блендер погружной,260,247,6,22
432,2025-08-09,3,ночь,15,Блендер погружной,260,222,17,13
433,2025-08-09,4,день,10,Блендер погружной,320,270,6,15
434,2025-08-09,4,ночь,16,Блендер погружной,320,286,5,14
435,2025-08-09,5,день,11,Упаковка комплектов,860,791,18,30
436,2025-08-09,5,ночь,17,Упаковка комплектов,860,792,14,8
437,2025-08-09,6,день,12,Корпуса утюгов,480,408,3,30
438,2025-08-09,6,ночь,18,Корпуса утюгов,480,426,10,36
439,2025-08-10,1,день,7,Чайник электрический,380,376,10,11
440,2025-08-10,4,день,10,Блендер погружной,320,281,6,7
441,2025-08-10,5,день,11,Упаковка комплектов,860,756,14,32
442,2025-08-11,1,день,7,Чайник электрический,380,364,6,7
443,2025-08-11,1,ночь,13,Чайник электрический,380,349,7,18
444,2025-08-11,2,день,8,Чайник электрический,440,442,5,6
445,2025-08-11,2,ночь,14,Чайник электрический,440,411,5,16
446,2025-08-11,3,день,9,Блендер погружной,260,245,6,25
447,2025-08-11,3,ночь,15,Блендер погружной,260,204,15,26
448,2025-08-11,4,день,10,Блендер погружной,320,282,5,4
449,2025-08-11,4,ночь,16,Блендер погружной,320,294,3,20
450,2025-08-11,5,день,11,Упаковка комплектов,860,805,22,26
451,2025-08-11,5,ночь,17,Упаковка комплектов,860,734,17,43
452,2025-08-11,6,день,12,Корпуса утюгов,480,447,4,8
453,2025-08-11,6,ночь,18,Корпуса утюгов,480,448,10,4
454,2025-08-12,1,день,13,Чайник электрический,380,357,8,22
455,2025-08-12,1,ночь,19,Чайник электрический,380,334,5,28
456,2025-08-12,2,день,14,Чайник электрический,440,435,2,0
457,2025-08-12,2,ночь,20,Чайник электрический,440,389,9,2
458,2025-08-12,3,день,15,Блендер погружной,260,219,14,17
459,2025-08-12,3,ночь,21,Блендер погружной,260,234,9,36
460,2025-08-12,4,день,16,Блендер погружной,320,324,1,1
461,2025-08-12,4,ночь,22,Блендер погружной,320,277,4,12
462,2025-08-12,5,день,17,Упаковка комплектов,860,782,17,40
463,2025-08-12,5,ночь,23,Упаковка комплектов,860,811,14,1
464,2025-08-12,6,день,18,Корпуса утюгов,480,443,8,15
465,2025-08-12,6,ночь,24,Корпуса утюгов,480,445,5,12
466,2025-08-13,1,день,13,Чайник электрический,380,346,4,27
467,2025-08-13,1,ночь,19,Чайник электрический,380,343,9,
468,2025-08-13,2,день,14,Чайник электрический,440,441,2,11
469,2025-08-13,2,ночь,20,Чайник электрический,440,367,10,8
470,2025-08-13,3,день,15,Блендер погружной,260,219,15,40
471,2025-08-13,3,ночь,21,Блендер погружной,260,248,10,13
472,2025-08-13,4,день,16,Блендер погружной,320,313,3,12
473,2025-08-13,4,ночь,22,Блендер погружной,320,285,3,6
474,2025-08-13,5,день,17,Упаковка комплектов,860,825,15,0
475,2025-08-13,5,ночь,23,Упаковка комплектов,860,810,13,1
476,2025-08-13,6,день,18,Корпуса утюгов,480,457,9,18
477,2025-08-13,6,ночь,24,Корпуса утюгов,480,434,6,19
478,2025-08-14,1,день,13,Чайник электрический,380,365,9,18
479,2025-08-14,1,ночь,19,Чайник электрический,380,364,5,11
480,2025-08-14,2,день,14,Чайник электрический,440,435,3,12
481,2025-08-14,2,ночь,20,Чайник электрический,440,348,8,20
482,2025-08-14,3,день,15,Блендер погружной,260,223,14,23
483,2025-08-14,3,ночь,21,Блендер погружной,260,233,8,11
484,2025-08-14,4,день,16,Блендер погружной,320,314,1,5
485,2025-08-14,4,ночь,22,Блендер погружной,320,283,2,6
486,2025-08-14,5,день,17,Упаковка комплектов,860,756,15,46
487,2025-08-14,5,ночь,23,Упаковка комплектов,860,757,19,24
488,2025-08-14,6,день,18,Корпуса утюгов,480,475,9,11
489,2025-08-14,6,ночь,24,Корпуса утюгов,480,472,5,2
490,2025-08-15,1,день,13,Чайник электрический,380,356,8,24
491,2025-08-15,1,ночь,19,Чайник электрический,380,331,9,23
492,2025-08-15,2,день,14,Чайник электрический,440,445,5,0
493,2025-08-15,2,ночь,20,Чайник электрический,440,364,14,8
494,2025-08-15,3,день,15,Блендер погружной,260,201,11,55
495,2025-08-15,3,ночь,21,Блендер погружной,260,221,7,48
496,2025-08-15,4,день,16,Блендер погружной,320,305,4,11
497,2025-08-15,4,ночь,22,Блендер погружной,320,281,5,12
498,2025-08-15,5,день,17,Упаковка комплектов,860,789,24,22
499,2025-08-15,5,ночь,23,Упаковка комплектов,860,762,20,28
500,2025-08-15,6,день,18,Корпуса утюгов,480,450,6,13
501,2025-08-15,6,ночь,24,Корпуса утюгов,480,439,3,8
502,2025-08-16,1,день,13,Чайник электрический,380,346,8,19
503,2025-08-16,1,ночь,19,Чайник электрический,380,345,11,30
504,2025-08-16,2,день,14,Чайник электрический,440,427,9,0
505,2025-08-16,2,ночь,20,Чайник электрический,440,380,14,12
506,2025-08-16,3,день,15,Блендер погружной,260,227,15,0
507,2025-08-16,3,ночь,21,Блендер погружной,260,233,8,24
508,2025-08-16,4,день,16,Блендер погружной,320,304,5,22
509,2025-08-16,4,ночь,22,Блендер погружной,320,284,6,13
510,2025-08-16,5,день,17,Упаковка комплектов,860,816,21,13
511,2025-08-16,5,ночь,23,Упаковка комплектов,860,826,15,6
512,2025-08-16,6,день,18,Корпуса утюгов,480,475,8,11
513,2025-08-16,6,ночь,24,Корпуса утюгов,480,436,10,18
514,2025-08-17,2,день,14,Чайник электрический,440,431,8,6
515,2025-08-17,3,день,15,Блендер погружной,260,217,15,32
516,2025-08-17,5,день,17,Упаковка комплектов,860,627,11,134
517,2025-08-18,1,день,13,Чайник электрический,380,367,8,10
518,2025-08-18,1,ночь,19,Чайник электрический,380,333,7,22
519,2025-08-18,2,день,14,Чайник электрический,440,412,4,29
520,2025-08-18,2,ночь,20,Чайник электрический,440,365,14,11
521,2025-08-18,3,день,15,Блендер погружной,260,225,14,11
522,2025-08-18,3,ночь,21,Блендер погружной,260,224,8,34
523,2025-08-18,4,день,16,Блендер погружной,320,310,3,0
524,2025-08-18,4,ночь,22,Блендер погружной,320,293,2,11
525,2025-08-18,5,день,17,Упаковка комплектов,860,799,20,29
526,2025-08-18,5,ночь,23,Упаковка комплектов,860,764,24,20
527,2025-08-18,6,день,18,Корпуса утюгов,480,448,6,26
528,2025-08-18,6,ночь,24,Корпуса утюгов,480,461,9,3
529,2025-08-19,1,день,19,Чайник электрический,380,335,12,47
530,2025-08-19,1,ночь,1,Чайник электрический,380,309,13,36
531,2025-08-19,2,день,20,Чайник электрический,440,392,9,0
532,2025-08-19,2,ночь,2,Чайник электрический,440,409,9,0
533,2025-08-19,3,день,21,Блендер погружной,260,248,8,29
534,2025-08-19,3,ночь,3,Блендер погружной,260,232,9,25
535,2025-08-19,4,день,22,Блендер погружной,320,288,2,10
536,2025-08-19,4,ночь,4,Блендер погружной,320,295,2,8
537,2025-08-19,5,день,23,Упаковка комплектов,860,849,19,8
538,2025-08-19,5,ночь,5,Упаковка комплектов,860,683,34,43
539,2025-08-19,6,день,24,Корпуса утюгов,480,434,11,38
540,2025-08-19,6,ночь,6,Корпуса утюгов,480,454,11,11
541,2025-08-20,1,день,19,Чайник электрический,380,360,6,11
542,2025-08-20,1,ночь,1,Чайник электрический,380,320,18,28
543,2025-08-20,2,день,20,Чайник электрический,440,160,5,287
544,2025-08-20,2,ночь,2,Чайник электрический,440,399,10,25
545,2025-08-20,3,день,21,Блендер погружной,260,102,2,282
546,2025-08-20,3,ночь,3,Блендер погружной,260,240,9,7
547,2025-08-20,4,день,22,Блендер погружной,320,296,1,17
548,2025-08-20,4,ночь,4,Блендер погружной,320,291,2,28
549,2025-08-20,5,день,23,Упаковка комплектов,860,511,14,193
550,2025-08-20,5,ночь,5,Упаковка комплектов,860,509,33,163
551,2025-08-20,6,день,24,Корпуса утюгов,480,464,10,11
552,2025-08-20,6,ночь,6,Корпуса утюгов,480,440,8,12
553,2025-08-21,1,день,19,Чайник электрический,380,363,8,28
554,2025-08-21,1,ночь,1,Чайник электрический,380,326,15,17
555,2025-08-21,2,день,20,Чайник электрический,440,375,12,15
556,2025-08-21,2,ночь,2,Чайник электрический,440,402,7,5
557,2025-08-21,3,день,21,Блендер погружной,260,240,7,39
558,2025-08-21,3,ночь,3,Блендер погружной,260,233,8,19
559,2025-08-21,4,день,22,Блендер погружной,320,304,2,4
560,2025-08-21,4,ночь,4,Блендер погружной,320,300,4,10
561,2025-08-21,5,день,23,Упаковка комплектов,860,804,13,14
562,2025-08-21,5,ночь,5,Упаковка комплектов,860,695,37,26
563,2025-08-21,6,день,24,Корпуса утюгов,480,482,7,10
564,2025-08-21,6,ночь,6,Корпуса утюгов,480,443,13,9
565,2025-08-22,1,день,19,Чайник электрический,380,353,6,23
566,2025-08-22,1,ночь,1,Чайник электрический,380,316,14,9
567,2025-08-22,2,день,20,Чайник электрический,440,373,6,13
568,2025-08-22,2,ночь,2,Чайник электрический,440,413,5,20
569,2025-08-22,3,день,21,Блендер погружной,260,226,7,60
570,2025-08-22,3,ночь,3,Блендер погружной,260,229,10,37
571,2025-08-22,4,день,22,Блендер погружной,320,280,2,24
572,2025-08-22,4,ночь,4,Блендер погружной,320,282,4,22
573,2025-08-22,5,день,23,Упаковка комплектов,860,787,19,43
574,2025-08-22,5,ночь,5,Упаковка комплектов,860,696,38,14
575,2025-08-22,6,день,24,Корпуса утюгов,480,456,6,11
576,2025-08-22,6,ночь,6,Корпуса утюгов,480,452,9,17
577,2025-08-23,1,день,19,Чайник электрический,380,369,5,6
578,2025-08-23,1,ночь,1,Чайник электрический,380,315,15,29
579,2025-08-23,2,день,20,Чайник электрический,440,399,12,1
580,2025-08-23,2,ночь,2,Чайник электрический,440,398,7,25
581,2025-08-23,3,день,21,Блендер погружной,260,229,6,42
582,2025-08-23,3,ночь,3,Блендер погружной,260,248,8,12
583,2025-08-23,4,день,22,Блендер погружной,320,278,1,24
584,2025-08-23,4,ночь,4,Блендер погружной,320,302,1,6
585,2025-08-23,5,день,23,Упаковка комплектов,860,812,22,16
586,2025-08-23,5,ночь,5,Упаковка комплектов,860,706,42,11
587,2025-08-23,6,день,24,Корпуса утюгов,480,464,12,29
588,2025-08-23,6,ночь,6,Корпуса утюгов,480,440,6,9
589,2025-08-24,2,день,20,Чайник электрический,440,391,9,6
590,2025-08-24,5,день,23,Упаковка комплектов,860,819,8,1
591,2025-08-24,6,день,24,Корпуса утюгов,480,462,6,19
592,2025-08-25,1,день,19,Чайник электрический,380,368,3,16
593,2025-08-25,1,ночь,1,Чайник электрический,380,327,18,14
594,2025-08-25,2,день,20,Чайник электрический,440,387,15,25
595,2025-08-25,2,ночь,2,Чайник электрический,440,384,7,21
596,2025-08-25,3,день,21,Блендер погружной,260,256,6,17
597,2025-08-25,3,ночь,3,Блендер погружной,260,214,7,51
598,2025-08-25,4,день,22,Блендер погружной,320,297,1,16
599,2025-08-25,4,ночь,4,Блендер погружной,320,306,3,8
600,2025-08-25,5,день,23,Упаковка комплектов,860,755,22,43
601,2025-08-25,5,ночь,5,Упаковка комплектов,860,706,31,
602,2025-08-25,6,день,24,Корпуса утюгов,480,470,12,0
603,2025-08-25,6,ночь,6,Корпуса утюгов,480,445,8,14
604,2025-08-26,1,день,1,Чайник электрический,380,352,15,0
605,2025-08-26,1,ночь,7,Чайник электрический,380,357,5,8
606,2025-08-26,2,день,2,Чайник электрический,440,405,6,24
607,2025-08-26,2,ночь,8,Чайник электрический,440,400,7,16
608,2025-08-26,3,день,3,Блендер погружной,260,205,6,101
609,2025-08-26,3,ночь,9,Блендер погружной,260,223,10,37
610,2025-08-26,4,день,4,Блендер погружной,320,322,0,7
611,2025-08-26,4,ночь,10,Блендер погружной,320,260,8,12
612,2025-08-26,5,день,5,Упаковка комплектов,860,769,39,4
613,2025-08-26,5,ночь,11,Упаковка комплектов,860,759,10,30
614,2025-08-26,6,день,6,Корпуса утюгов,480,461,6,17
615,2025-08-26,6,ночь,12,Корпуса утюгов,480,412,11,22
616,2025-08-27,1,день,1,Чайник электрический,380,319,16,15
617,2025-08-27,1,ночь,7,Чайник электрический,380,340,9,11
618,2025-08-27,2,день,2,Чайник электрический,440,415,10,4
619,2025-08-27,2,ночь,8,Чайник электрический,440,429,5,1
620,2025-08-27,3,день,3,Блендер погружной,260,250,8,10
621,2025-08-27,3,ночь,9,Блендер погружной,260,233,8,42
622,2025-08-27,4,день,4,Блендер погружной,320,320,5,8
623,2025-08-27,4,ночь,10,Блендер погружной,320,260,4,8
624,2025-08-27,5,день,5,Упаковка комплектов,860,762,42,21
625,2025-08-27,5,ночь,11,Упаковка комплектов,860,776,19,7
626,2025-08-27,6,день,6,Корпуса утюгов,480,456,11,22
627,2025-08-27,6,ночь,12,Корпуса утюгов,480,392,8,26
628,2025-08-28,1,день,1,Чайник электрический,380,325,10,17
629,2025-08-28,1,ночь,7,Чайник электрический,380,360,9,9
630,2025-08-28,2,день,2,Чайник электрический,440,425,5,10
631,2025-08-28,2,ночь,8,Чайник электрический,440,405,4,8
632,2025-08-28,3,день,3,Блендер погружной,260,246,6,7
633,2025-08-28,3,ночь,9,Блендер погружной,260,237,10,20
634,2025-08-28,4,день,4,Блендер погружной,320,310,1,12
635,2025-08-28,4,ночь,10,Блендер погружной,320,279,8,5
636,2025-08-28,5,день,5,Упаковка комплектов,860,720,38,40
637,2025-08-28,5,ночь,11,Упаковка комплектов,860,742,18,18
638,2025-08-28,6,день,6,Корпуса утюгов,480,446,4,26
639,2025-08-28,6,ночь,12,Корпуса утюгов,480,402,5,27
640,2025-08-29,1,день,1,Чайник электрический,380,330,15,28
641,2025-08-29,1,ночь,7,Чайник электрический,380,348,6,27
642,2025-08-29,2,день,2,Чайник электрический,440,422,10,0
643,2025-08-29,2,ночь,8,Чайник электрический,440,399,9,17
644,2025-08-29,3,день,3,Блендер погружной,260,243,6,40
645,2025-08-29,3,ночь,9,Блендер погружной,260,234,8,20
646,2025-08-29,4,день,4,Блендер погружной,320,301,4,13
647,2025-08-29,4,ночь,10,Блендер погружной,320,273,7,14
648,2025-08-29,5,день,5,Упаковка комплектов,860,751,33,32
649,2025-08-29,5,ночь,11,Упаковка комплектов,860,764,13,35
650,2025-08-29,6,день,6,Корпуса утюгов,480,473,6,16
651,2025-08-29,6,ночь,12,Корпуса утюгов,480,410,6,17
652,2025-08-30,1,день,1,Чайник электрический,380,337,17,19
653,2025-08-30,1,ночь,7,Чайник электрический,380,346,6,2
654,2025-08-30,2,день,2,Чайник электрический,440,423,6,25
655,2025-08-30,2,ночь,8,Чайник электрический,440,403,12,31
656,2025-08-30,3,день,3,Блендер погружной,260,239,5,20
657,2025-08-30,3,ночь,9,Блендер погружной,260,234,10,30
658,2025-08-30,4,день,4,Блендер погружной,320,320,3,12
659,2025-08-30,4,ночь,10,Блендер погружной,320,264,8,
660,2025-08-30,5,день,5,Упаковка комплектов,860,739,35,32
661,2025-08-30,5,ночь,11,Упаковка комплектов,860,728,13,36
662,2025-08-30,6,день,6,Корпуса утюгов,480,459,4,7
663,2025-08-30,6,ночь,12,Корпуса утюгов,480,407,8,0
664,2025-08-31,1,день,1,Чайник электрический,380,338,14,18
665,2025-08-31,2,день,2,Чайник электрический,440,432,6,7
666,2025-08-31,4,день,4,Блендер погружной,320,299,2,14
667,2025-08-31,5,день,5,Упаковка комплектов,860,757,29,0
668,2025-09-01,1,день,1,Чайник электрический,420,376,21,0
669,2025-09-01,1,ночь,7,Чайник электрический,420,391,9,20
670,2025-09-01,2,день,2,Чайник электрический,480,449,4,29
671,2025-09-01,2,ночь,8,Чайник электрический,480,454,8,9
672,2025-09-01,3,день,3,Блендер погружной,300,289,7,23
673,2025-09-01,3,ночь,9,Блендер погружной,300,279,9,23
674,2025-09-01,4,день,4,Блендер погружной,360,335,4,19
675,2025-09-01,4,ночь,10,Блендер погружной,360,294,8,14
676,2025-09-01,5,день,5,Упаковка комплектов,900,783,34,22
677,2025-09-01,5,ночь,11,Упаковка комплектов,900,799,21,0
678,2025-09-01,6,день,6,Корпуса утюгов,520,487,11,16
679,2025-09-01,6,ночь,12,Корпуса утюгов,520,460,9,13
680,2025-09-02,1,день,7,Чайник электрический,420,397,7,10
681,2025-09-02,1,ночь,13,Чайник электрический,420,382,10,17
682,2025-09-02,2,день,8,Чайник электрический,480,461,2,18
683,2025-09-02,2,ночь,14,Чайник электрический,480,446,4,21
684,2025-09-02,3,день,9,Блендер погружной,300,252,9,59
685,2025-09-02,3,ночь,15,Блендер погружной,300,249,17,20
686,2025-09-02,4,день,10,Блендер погружной,360,305,2,11
687,2025-09-02,4,ночь,16,Блендер погружной,360,340,8,0
688,2025-09-02,5,день,11,Упаковка комплектов,900,835,13,12
689,2025-09-02,5,ночь,17,Упаковка комплектов,900,796,23,34
690,2025-09-02,6,день,12,Корпуса утюгов,520,473,6,8
691,2025-09-02,6,ночь,18,Корпуса утюгов,520,497,10,15
692,2025-09-03,1,день,7,Чайник электрический,420,374,6,32
693,2025-09-03,1,ночь,13,Чайник электрический,420,390,8,4
694,2025-09-03,2,день,8,Чайник электрический,480,476,4,13
695,2025-09-03,2,ночь,14,Чайник электрический,480,450,10,5
696,2025-09-03,3,день,9,Блендер погружной,300,264,11,56
697,2025-09-03,3,ночь,15,Блендер погружной,300,227,20,72
698,2025-09-03,4,день,10,Блендер погружной,360,312,8,19
699,2025-09-03,4,ночь,16,Блендер погружной,360,324,1,17
700,2025-09-03,5,день,11,Упаковка комплектов,900,829,19,26
701,2025-09-03,5,ночь,17,Упаковка комплектов,900,823,23,32
702,2025-09-03,6,день,12,Корпуса утюгов,520,469,4,19
703,2025-09-03,6,ночь,18,Корпуса утюгов,520,481,10,0
704,2025-09-04,1,день,7,Чайник электрический,420,285,5,162
705,2025-09-04,1,ночь,13,Чайник электрический,420,395,4,11
706,2025-09-04,2,день,8,Чайник электрический,480,461,5,20
707,2025-09-04,2,ночь,14,Чайник электрический,480,443,10,12
708,2025-09-04,3,день,9,Блендер погружной,300,263,8,
709,2025-09-04,3,ночь,15,Блендер погружной,300,251,16,26
710,2025-09-04,4,день,10,Блендер погружной,360,313,5,10
711,2025-09-04,4,ночь,16,Блендер погружной,360,347,7,5
712,2025-09-04,5,день,11,Упаковка комплектов,900,832,20,20
713,2025-09-04,5,ночь,17,Упаковка комплектов,900,849,19,10
714,2025-09-04,6,день,12,Корпуса утюгов,520,463,11,16
715,2025-09-04,6,ночь,18,Корпуса утюгов,520,478,10,4
716,2025-09-05,1,день,7,Чайник электрический,420,385,6,19
717,2025-09-05,1,ночь,13,Чайник электрический,420,379,9,21
718,2025-09-05,2,день,8,Чайник электрический,480,472,4,13
719,2025-09-05,2,ночь,14,Чайник электрический,480,257,4,214
720,2025-09-05,3,день,9,Блендер погружной,300,266,9,45
721,2025-09-05,3,ночь,15,Блендер погружной,300,245,19,21
722,2025-09-05,4,день,10,Блендер погружной,360,307,7,12
723,2025-09-05,4,ночь,16,Блендер погружной,360,315,7,23
724,2025-09-05,5,день,11,Упаковка комплектов,900,821,20,10
725,2025-09-05,5,ночь,17,Упаковка комплектов,900,861,19,14
726,2025-09-05,6,день,12,Корпуса утюгов,520,448,4,9
727,2025-09-05,6,ночь,18,Корпуса утюгов,520,488,5,19
728,2025-09-06,1,день,7,Чайник электрический,420,394,8,29
729,2025-09-06,1,ночь,13,Чайник электрический,420,363,8,24
730,2025-09-06,2,день,8,Чайник электрический,480,449,3,22
731,2025-09-06,2,ночь,14,Чайник электрический,480,463,6,2
732,2025-09-06,3,день,9,Блендер погружной,300,285,7,33
733,2025-09-06,3,ночь,15,Блендер погружной,300,142,11,213
734,2025-09-06,4,день,10,Блендер погружной,360,319,5,11
735,2025-09-06,4,ночь,16,Блендер погружной,360,349,4,0
736,2025-09-06,5,день,11,Упаковка комплектов,900,863,10,0
737,2025-09-06,5,ночь,17,Упаковка комплектов,900,816,16,28
738,2025-09-06,6,день,12,Корпуса утюгов,520,470,12,0
739,2025-09-06,6,ночь,18,Корпуса утюгов,520,491,7,0
740,2025-09-07,1,день,7,Чайник электрический,420,410,6,0
741,2025-09-07,2,день,8,Чайник электрический,480,454,7,21
742,2025-09-07,3,день,9,Блендер погружной,300,284,7,33
743,2025-09-07,5,день,11,Упаковка комплектов,900,843,25,27
744,2025-09-08,1,день,7,Чайник электрический,420,399,11,17
745,2025-09-08,1,ночь,13,Чайник электрический,420,380,10,25
746,2025-09-08,2,день,8,Чайник электрический,480,450,4,15
747,2025-09-08,2,ночь,14,Чайник электрический,480,452,5,11
748,2025-09-08,3,день,9,Блендер погружной,300,306,10,0
749,2025-09-08,3,ночь,15,Блендер погружной,300,243,19,8
750,2025-09-08,4,день,10,Блендер погружной,360,308,7,0
751,2025-09-08,4,ночь,16,Блендер погружной,360,329,7,13
752,2025-09-08,5,день,11,Упаковка комплектов,900,860,17,9
753,2025-09-08,5,ночь,17,Упаковка комплектов,900,851,12,20
754,2025-09-08,6,день,12,Корпуса утюгов,520,471,13,19
755,2025-09-08,6,ночь,18,Корпуса утюгов,520,472,3,20
756,2025-09-09,1,день,13,Чайник электрический,420,377,3,27
757,2025-09-09,1,ночь,19,Чайник электрический,420,390,7,7
758,2025-09-09,2,день,14,Чайник электрический,480,482,9,8
759,2025-09-09,2,ночь,20,Чайник электрический,480,381,15,17
760,2025-09-09,3,день,15,Блендер погружной,300,258,18,23
761,2025-09-09,3,ночь,21,Блендер погружной,300,273,9,30
762,2025-09-09,4,день,16,Блендер погружной,360,349,2,19
763,2025-09-09,4,ночь,22,Блендер погружной,360,319,7,0
764,2025-09-09,5,день,17,Упаковка комплектов,900,836,19,18
765,2025-09-09,5,ночь,23,Упаковка комплектов,900,836,19,12
766,2025-09-09,6,день,18,Корпуса утюгов,520,490,2,10
767,2025-09-09,6,ночь,24,Корпуса утюгов,520,464,6,16
768,2025-09-10,1,день,13,Чайник электрический,420,406,6,17
769,2025-09-10,1,ночь,19,Чайник электрический,420,381,6,27
770,2025-09-10,2,день,14,Чайник электрический,480,466,6,0
771,2025-09-10,2,ночь,20,Чайник электрический,480,394,15,15
772,2025-09-10,3,день,15,Блендер погружной,300,260,16,
773,2025-09-10,3,ночь,21,Блендер погружной,300,265,11,37
774,2025-09-10,4,день,16,Блендер погружной,360,360,4,11
775,2025-09-10,4,ночь,22,Блендер погружной,360,313,1,12
776,2025-09-10,5,день,17,Упаковка комплектов,900,912,16,0
777,2025-09-10,5,ночь,23,Упаковка комплектов,900,791,21,34
778,2025-09-10,6,день,18,Корпуса утюгов,520,525,9,3
779,2025-09-10,6,ночь,24,Корпуса утюгов,520,489,10,19
780,2025-09-11,1,день,13,Чайник электрический,420,384,4,30
781,2025-09-11,1,ночь,19,Чайник электрический,420,378,8,17
782,2025-09-11,2,день,14,Чайник электрический,480,480,6,11
783,2025-09-11,2,ночь,20,Чайник электрический,480,398,14,22
784,2025-09-11,3,день,15,Блендер погружной,300,265,18,8
785,2025-09-11,3,ночь,21,Блендер погружной,300,265,10,45
786,2025-09-11,4,день,16,Блендер погружной,360,362,2,11
787,2025-09-11,4,ночь,22,Блендер погружной,360,320,4,8
788,2025-09-11,5,день,17,Упаковка комплектов,900,839,17,19
789,2025-09-11,5,ночь,23,Упаковка комплектов,900,766,19,37
790,2025-09-11,6,день,18,Корпуса утюгов,520,499,7,22
791,2025-09-11,6,ночь,24,Корпуса утюгов,520,466,12,8
792,2025-09-12,1,день,13,Чайник электрический,420,398,9,17
793,2025-09-12,1,ночь,19,Чайник электрический,420,381,8,13
794,2025-09-12,2,день,14,Чайник электрический,480,467,6,18
795,2025-09-12,2,ночь,20,Чайник электрический,480,389,15,12
796,2025-09-12,3,день,15,Блендер погружной,300,259,15,24
797,2025-09-12,3,ночь,21,Блендер погружной,300,273,11,24
798,2025-09-12,4,день,16,Блендер погружной,360,338,5,17
799,2025-09-12,4,ночь,22,Блендер погружной,360,328,6,0
800,2025-09-12,5,день,17,Упаковка комплектов,900,793,13,35
801,2025-09-12,5,ночь,23,Упаковка комплектов,900,834,18,10
802,2025-09-12,6,день,18,Корпуса утюгов,520,453,8,52
803,2025-09-12,6,ночь,24,Корпуса утюгов,520,496,11,6
804,2025-09-13,1,день,13,Чайник электрический,420,387,4,26
805,2025-09-13,1,ночь,19,Чайник электрический,420,394,8,9
806,2025-09-13,2,день,14,Чайник электрический,480,463,7,19
807,2025-09-13,2,ночь,20,Чайник электрический,480,413,14,8
808,2025-09-13,3,день,15,Блендер погружной,300,242,15,34
809,2025-09-13,3,ночь,21,Блендер погружной,300,283,8,21
810,2025-09-13,4,день,16,Блендер погружной,360,350,6,7
811,2025-09-13,4,ночь,22,Блендер погружной,360,244,4,118
812,2025-09-13,5,день,17,Упаковка комплектов,900,852,20,4
813,2025-09-13,5,ночь,23,Упаковка комплектов,900,820,27,18
814,2025-09-13,6,день,18,Корпуса утюгов,520,489,13,18
815,2025-09-13,6,ночь,24,Корпуса утюгов,520,490,10,17
816,2025-09-14,1,день,13,Чайник электрический,420,389,8,35
817,2025-09-14,5,день,17,Упаковка комплектов,900,850,22,24
818,2025-09-14,6,день,18,Корпуса утюгов,520,494,4,7
819,2025-09-15,1,день,13,Чайник электрический,420,374,1,37
820,2025-09-15,1,ночь,19,Чайник электрический,420,379,7,24
821,2025-09-15,2,день,14,Чайник электрический,480,445,5,19
822,2025-09-15,2,ночь,20,Чайник электрический,480,387,12,10
823,2025-09-15,3,день,15,Блендер погружной,300,268,16,18
824,2025-09-15,3,ночь,21,Блендер погружной,300,267,10,37
825,2025-09-15,4,день,16,Блендер погружной,360,337,2,9
826,2025-09-15,4,ночь,22,Блендер погружной,360,301,3,17
827,2025-09-15,5,день,17,Упаковка комплектов,900,922,17,0
828,2025-09-15,5,ночь,23,Упаковка комплектов,900,835,24,3
829,2025-09-15,6,день,18,Корпуса утюгов,520,496,4,22
830,2025-09-15,6,ночь,24,Корпуса утюгов,520,458,13,29
831,2025-09-16,1,день,19,Чайник электрический,420,405,11,16
832,2025-09-16,1,ночь,1,Чайник электрический,420,348,19,25
833,2025-09-16,2,день,20,Чайник электрический,480,407,9,14
834,2025-09-16,2,ночь,2,Чайник электрический,480,445,4,7
835,2025-09-16,3,день,21,Блендер погружной,300,286,9,34
836,2025-09-16,3,ночь,3,Блендер погружной,300,259,10,34
837,2025-09-16,4,день,22,Блендер погружной,360,336,4,8
838,2025-09-16,4,ночь,4,Блендер погружной,360,325,6,9
839,2025-09-16,5,день,23,Упаковка комплектов,900,821,20,31
840,2025-09-16,5,ночь,5,Упаковка комплектов,900,719,35,33
841,2025-09-16,6,день,24,Корпуса утюгов,520,518,9,11
842,2025-09-16,6,ночь,6,Корпуса утюгов,520,471,3,27
843,2025-09-17,1,день,19,Чайник электрический,420,403,8,21
844,2025-09-17,1,ночь,1,Чайник электрический,420,358,18,10
845,2025-09-17,2,день,20,Чайник электрический,480,421,9,0
846,2025-09-17,2,ночь,2,Чайник электрический,480,279,6,184
847,2025-09-17,3,день,21,Блендер погружной,300,295,8,14
848,2025-09-17,3,ночь,3,Блендер погружной,300,267,10,27
849,2025-09-17,4,день,22,Блендер погружной,360,316,4,14
850,2025-09-17,4,ночь,4,Блендер погружной,360,344,2,0
851,2025-09-17,5,день,23,Упаковка комплектов,900,811,20,29
852,2025-09-17,5,ночь,5,Упаковка комплектов,900,745,42,34
853,2025-09-17,6,день,24,Корпуса утюгов,520,491,8,28
854,2025-09-17,6,ночь,6,Корпуса утюгов,520,253,5,232
855,2025-09-18,1,день,19,Чайник электрический,420,412,7,20
856,2025-09-18,1,ночь,1,Чайник электрический,420,367,17,8
857,2025-09-18,2,день,20,Чайник электрический,480,416,11,23
858,2025-09-18,2,ночь,2,Чайник электрический,480,448,7,11
859,2025-09-18,3,день,21,Блендер погружной,300,303,8,0
860,2025-09-18,3,ночь,3,Блендер погружной,300,278,10,24
861,2025-09-18,4,день,22,Блендер погружной,360,331,3,7
862,2025-09-18,4,ночь,4,Блендер погружной,360,341,5,5
863,2025-09-18,5,день,23,Упаковка комплектов,900,865,12,26
864,2025-09-18,5,ночь,5,Упаковка комплектов,900,774,47,20
865,2025-09-18,6,день,24,Корпуса утюгов,520,463,5,36
866,2025-09-18,6,ночь,6,Корпуса утюгов,520,479,11,31
867,2025-09-19,1,день,19,Чайник электрический,420,397,6,30
868,2025-09-19,1,ночь,1,Чайник электрический,420,348,17,11
869,2025-09-19,2,день,20,Чайник электрический,480,407,11,13
870,2025-09-19,2,ночь,2,Чайник электрический,480,463,3,1
871,2025-09-19,3,день,21,Блендер погружной,300,291,2,10
872,2025-09-19,3,ночь,3,Блендер погружной,300,262,11,27
873,2025-09-19,4,день,22,Блендер погружной,360,319,3,12
874,2025-09-19,4,ночь,4,Блендер погружной,360,333,5,2
875,2025-09-19,5,день,23,Упаковка комплектов,900,797,6,35
876,2025-09-19,5,ночь,5,Упаковка комплектов,900,770,38,16
877,2025-09-19,6,день,24,Корпуса утюгов,520,507,2,22
878,2025-09-19,6,ночь,6,Корпуса утюгов,520,490,10,14
879,2025-09-20,1,день,19,Чайник электрический,420,379,10,41
880,2025-09-20,1,ночь,1,Чайник электрический,420,337,18,30
881,2025-09-20,2,день,20,Чайник электрический,480,433,11,10
882,2025-09-20,2,ночь,2,Чайник электрический,480,448,6,18
883,2025-09-20,3,день,21,Блендер погружной,300,271,5,25
884,2025-09-20,3,ночь,3,Блендер погружной,300,245,8,70
885,2025-09-20,4,день,22,Блендер погружной,360,329,5,0
886,2025-09-20,4,ночь,4,Блендер погружной,360,331,4,9
887,2025-09-20,5,день,23,Упаковка комплектов,900,878,12,24
888,2025-09-20,5,ночь,5,Упаковка комплектов,900,769,41,13
889,2025-09-20,6,день,24,Корпуса утюгов,520,522,5,0
890,2025-09-20,6,ночь,6,Корпуса утюгов,520,494,13,3
891,2025-09-21,1,день,19,Чайник электрический,420,422,10,11
892,2025-09-21,5,день,23,Упаковка комплектов,900,880,12,22
893,2025-09-22,1,день,19,Чайник электрический,420,424,8,2
894,2025-09-22,1,ночь,1,Чайник электрический,420,347,19,7
895,2025-09-22,2,день,20,Чайник электрический,480,420,14,25
896,2025-09-22,2,ночь,2,Чайник электрический,480,459,13,8
897,2025-09-22,3,день,21,Блендер погружной,300,285,8,19
898,2025-09-22,3,ночь,3,Блендер погружной,300,266,11,45
899,2025-09-22,4,день,22,Блендер погружной,360,342,4,13
900,2025-09-22,4,ночь,4,Блендер погружной,360,326,5,6
901,2025-09-22,5,день,23,Упаковка комплектов,900,840,20,20
902,2025-09-22,5,ночь,5,Упаковка комплектов,900,762,42,17
903,2025-09-22,6,день,24,Корпуса утюгов,520,500,6,11
904,2025-09-22,6,ночь,6,Корпуса утюгов,520,477,13,27
905,2025-09-23,1,день,1,Чайник электрический,420,366,18,26
906,2025-09-23,1,ночь,7,Чайник электрический,420,351,6,40
907,2025-09-23,2,день,2,Чайник электрический,480,476,7,7
908,2025-09-23,2,ночь,8,Чайник электрический,480,431,7,16
909,2025-09-23,3,день,3,Блендер погружной,300,299,10,6
910,2025-09-23,3,ночь,9,Блендер погружной,300,274,10,10
911,2025-09-23,4,день,4,Блендер погружной,360,333,5,32
912,2025-09-23,4,ночь,10,Блендер погружной,360,308,13,7
913,2025-09-23,5,день,5,Упаковка комплектов,900,777,22,21
914,2025-09-23,5,ночь,11,Упаковка комплектов,900,780,17,32
915,2025-09-23,6,день,6,Корпуса утюгов,520,495,0,22
916,2025-09-23,6,ночь,12,Корпуса утюгов,520,428,11,18
917,2025-09-24,1,день,1,Чайник электрический,420,358,14,27
918,2025-09-24,1,ночь,7,Чайник электрический,420,402,5,3
919,2025-09-24,2,день,2,Чайник электрический,480,480,6,8
920,2025-09-24,2,ночь,8,Чайник электрический,480,444,9,16
921,2025-09-24,3,день,3,Блендер погружной,300,279,7,39
922,2025-09-24,3,ночь,9,Блендер погружной,300,257,8,37
923,2025-09-24,4,день,4,Блендер погружной,360,355,2,
924,2025-09-24,4,ночь,10,Блендер погружной,360,300,6,0
925,2025-09-24,5,день,5,Упаковка комплектов,900,778,39,35
926,2025-09-24,5,ночь,11,Упаковка комплектов,900,795,18,20
927,2025-09-24,6,день,6,Корпуса утюгов,520,514,2,0
928,2025-09-24,6,ночь,12,Корпуса утюгов,520,425,7,19
929,2025-09-25,1,день,1,Чайник электрический,420,367,14,30
930,2025-09-25,1,ночь,7,Чайник электрический,420,392,10,15
931,2025-09-25,2,день,2,Чайник электрический,480,469,3,20
932,2025-09-25,2,ночь,8,Чайник электрический,480,446,9,23
933,2025-09-25,3,день,3,Блендер погружной,300,260,9,44
934,2025-09-25,3,ночь,9,Блендер погружной,300,271,6,5
935,2025-09-25,4,день,4,Блендер погружной,360,243,2,139
936,2025-09-25,4,ночь,10,Блендер погружной,360,311,9,12
937,2025-09-25,5,день,5,Упаковка комплектов,900,840,37,0
938,2025-09-25,5,ночь,11,Упаковка комплектов,900,804,16,25
939,2025-09-25,6,день,6,Корпуса утюгов,520,461,8,45
940,2025-09-25,6,ночь,12,Корпуса утюгов,520,454,8,8
941,2025-09-26,1,день,1,Чайник электрический,420,356,12,35
942,2025-09-26,1,ночь,7,Чайник электрический,420,376,11,19
943,2025-09-26,2,день,2,Чайник электрический,480,467,1,17
944,2025-09-26,2,ночь,8,Чайник электрический,480,414,5,31
945,2025-09-26,3,день,3,Блендер погружной,300,295,8,9
946,2025-09-26,3,ночь,9,Блендер погружной,300,268,9,21
947,2025-09-26,4,день,4,Блендер погружной,360,336,1,22
948,2025-09-26,4,ночь,10,Блендер погружной,360,305,9,0
949,2025-09-26,5,день,5,Упаковка комплектов,900,720,33,40
950,2025-09-26,5,ночь,11,Упаковка комплектов,900,778,7,13
951,2025-09-26,6,день,6,Корпуса утюгов,520,506,8,22
952,2025-09-26,6,ночь,12,Корпуса утюгов,520,418,11,34
953,2025-09-27,1,день,1,Чайник электрический,420,350,15,26
954,2025-09-27,1,ночь,7,Чайник электрический,420,389,9,17
955,2025-09-27,2,день,2,Чайник электрический,480,461,10,6
956,2025-09-27,2,ночь,8,Чайник электрический,480,434,10,4
957,2025-09-27,3,день,3,Блендер погружной,300,302,8,4
958,2025-09-27,3,ночь,9,Блендер погружной,300,295,11,2
959,2025-09-27,4,день,4,Блендер погружной,360,352,4,0
960,2025-09-27,4,ночь,10,Блендер погружной,360,294,8,18
961,2025-09-27,5,день,5,Упаковка комплектов,900,778,38,36
962,2025-09-27,5,ночь,11,Упаковка комплектов,900,743,27,40
963,2025-09-27,6,день,6,Корпуса утюгов,520,484,7,16
964,2025-09-27,6,ночь,12,Корпуса утюгов,520,421,7,24
965,2025-09-28,1,день,1,Чайник электрический,420,369,15,4
966,2025-09-28,5,день,5,Упаковка комплектов,900,775,24,9
967,2025-09-28,6,день,6,Корпуса утюгов,520,499,5,16
968,2025-09-29,1,день,1,Чайник электрический,420,363,16,8
969,2025-09-29,1,ночь,7,Чайник электрический,420,393,7,11
970,2025-09-29,2,день,2,Чайник электрический,480,459,4,23
971,2025-09-29,2,ночь,8,Чайник электрический,480,447,8,0
972,2025-09-29,3,день,3,Блендер погружной,300,290,9,23
973,2025-09-29,3,ночь,9,Блендер погружной,300,252,9,43
974,2025-09-29,4,день,4,Блендер погружной,360,357,6,6
975,2025-09-29,4,ночь,10,Блендер погружной,360,301,9,19
976,2025-09-29,5,день,5,Упаковка комплектов,900,780,40,31
977,2025-09-29,5,ночь,11,Упаковка комплектов,900,799,17,33
978,2025-09-29,6,день,6,Корпуса утюгов,520,518,9,5
979,2025-09-29,6,ночь,12,Корпуса утюгов,520,450,10,15
980,2025-09-30,1,день,7,Чайник электрический,420,404,3,13
981,2025-09-30,1,ночь,13,Чайник электрический,420,350,9,40
982,2025-09-30,2,день,8,Чайник электрический,480,472,7,13
983,2025-09-30,2,ночь,14,Чайник электрический,480,428,3,19
984,2025-09-30,3,день,9,Блендер погружной,300,298,8,8
985,2025-09-30,3,ночь,15,Блендер погружной,300,249,21,27
986,2025-09-30,4,день,10,Блендер погружной,360,300,7,13
987,2025-09-30,4,ночь,16,Блендер погружной,360,317,2,20
988,2025-09-30,5,день,11,Упаковка комплектов,900,805,9,41
989,2025-09-30,5,ночь,17,Упаковка комплектов,900,832,29,8
990,2025-09-30,6,день,12,Корпуса утюгов,520,475,9,11
991,2025-09-30,6,ночь,18,Корпуса утюгов,520,482,7,29
992,2025-10-01,1,день,7,Чайник электрический,420,397,9,11
993,2025-10-01,1,ночь,13,Чайник электрический,420,404,10,6
994,2025-10-01,2,день,8,Чайник электрический,480,451,5,15
995,2025-10-01,2,ночь,14,Чайник электрический,480,442,7,0
996,2025-10-01,3,день,9,Блендер погружной,300,287,9,27
997,2025-10-01,3,ночь,15,Блендер погружной,300,237,18,26
998,2025-10-01,4,день,10,Блендер погружной,360,311,9,18
999,2025-10-01,4,ночь,16,Блендер погружной,360,330,4,15
1000,2025-10-01,5,день,11,Упаковка комплектов,900,844,21,15
1001,2025-10-01,5,ночь,17,Упаковка комплектов,900,775,12,31
1002,2025-10-01,6,день,12,Корпуса утюгов,520,463,5,26
1003,2025-10-01,6,ночь,18,Корпуса утюгов,520,484,10,21
1004,2025-10-02,1,день,7,Чайник электрический,420,410,9,18
1005,2025-10-02,1,ночь,13,Чайник электрический,420,399,9,4
1006,2025-10-02,2,день,8,Чайник электрический,480,467,9,14
1007,2025-10-02,2,ночь,14,Чайник электрический,480,426,10,17
1008,2025-10-02,3,день,9,Блендер погружной,300,281,10,29
1009,2025-10-02,3,ночь,15,Блендер погружной,300,241,18,26
1010,2025-10-02,4,день,10,Блендер погружной,360,330,8,0
1011,2025-10-02,4,ночь,16,Блендер погружной,360,332,8,18
1012,2025-10-02,5,день,11,Упаковка комплектов,900,820,18,19
1013,2025-10-02,5,ночь,17,Упаковка комплектов,900,823,17,31
1014,2025-10-02,6,день,12,Корпуса утюгов,520,443,5,33
1015,2025-10-02,6,ночь,18,Корпуса утюгов,520,457,13,38
1016,2025-10-03,1,день,7,Чайник электрический,420,390,5,17
1017,2025-10-03,1,ночь,13,Чайник электрический,420,357,7,38
1018,2025-10-03,2,день,8,Чайник электрический,480,444,9,29
1019,2025-10-03,2,ночь,14,Чайник электрический,480,442,5,0
1020,2025-10-03,3,день,9,Блендер погружной,300,264,5,42
1021,2025-10-03,3,ночь,15,Блендер погружной,300,239,19,22
1022,2025-10-03,4,день,10,Блендер погружной,360,298,13,22
1023,2025-10-03,4,ночь,16,Блендер погружной,360,319,6,15
1024,2025-10-03,5,день,11,Упаковка комплектов,900,834,25,17
1025,2025-10-03,5,ночь,17,Упаковка комплектов,900,851,9,15
1026,2025-10-03,6,день,12,Корпуса утюгов,520,464,7,12
1027,2025-10-03,6,ночь,18,Корпуса утюгов,520,466,6,18
1028,2025-10-04,1,день,7,Чайник электрический,420,405,10,16
1029,2025-10-04,1,ночь,13,Чайник электрический,420,391,4,18
1030,2025-10-04,2,день,8,Чайник электрический,480,451,2,4
1031,2025-10-04,2,ночь,14,Чайник электрический,480,439,8,25
1032,2025-10-04,3,день,9,Блендер погружной,300,287,8,25
1033,2025-10-04,3,ночь,15,Блендер погружной,300,246,21,24
1034,2025-10-04,4,день,10,Блендер погружной,360,299,6,20
1035,2025-10-04,4,ночь,16,Блендер погружной,360,322,0,
1036,2025-10-04,5,день,11,Упаковка комплектов,900,855,18,15
1037,2025-10-04,5,ночь,17,Упаковка комплектов,900,824,26,29
1038,2025-10-04,6,день,12,Корпуса утюгов,520,458,9,21
1039,2025-10-04,6,ночь,18,Корпуса утюгов,520,502,11,11
1040,2025-10-05,2,день,8,Чайник электрический,480,462,9,22
1041,2025-10-05,3,день,9,Блендер погружной,300,275,8,51
1042,2025-10-05,4,день,10,Блендер погружной,360,317,9,6
1043,2025-10-05,5,день,11,Упаковка комплектов,900,809,18,22
1044,2025-10-06,1,день,7,Чайник электрический,420,412,9,9
1045,2025-10-06,1,ночь,13,Чайник электрический,420,356,7,33
1046,2025-10-06,2,день,8,Чайник электрический,480,432,7,28
1047,2025-10-06,2,ночь,14,Чайник электрический,480,433,10,17
1048,2025-10-06,3,день,9,Блендер погружной,300,282,8,30
1049,2025-10-06,3,ночь,15,Блендер погружной,300,196,15,114
1050,2025-10-06,4,день,10,Блендер погружной,360,302,6,11
1051,2025-10-06,4,ночь,16,Блендер погружной,360,343,6,16
1052,2025-10-06,5,день,11,Упаковка комплектов,900,827,16,15
1053,2025-10-06,5,ночь,17,Упаковка комплектов,900,827,11,14
1054,2025-10-06,6,день,12,Корпуса утюгов,520,477,11,8
1055,2025-10-06,6,ночь,18,Корпуса утюгов,520,476,7,8
1056,2025-10-07,1,день,13,Чайник электрический,420,393,2,17
1057,2025-10-07,1,ночь,19,Чайник электрический,420,394,8,24
1058,2025-10-07,2,день,14,Чайник электрический,480,456,3,16
1059,2025-10-07,2,ночь,20,Чайник электрический,480,420,13,5
1060,2025-10-07,3,день,15,Блендер погружной,300,252,15,38
1061,2025-10-07,3,ночь,21,Блендер погружной,300,256,11,47
1062,2025-10-07,4,день,16,Блендер погружной,360,352,3,
1063,2025-10-07,4,ночь,22,Блендер погружной,360,300,5,19
1064,2025-10-07,5,день,17,Упаковка комплектов,900,871,21,10
1065,2025-10-07,5,ночь,23,Упаковка комплектов,900,806,13,33
1066,2025-10-07,6,день,18,Корпуса утюгов,520,475,5,26
1067,2025-10-07,6,ночь,24,Корпуса утюгов,520,486,8,19
1068,2025-10-08,1,день,13,Чайник электрический,420,208,2,229
1069,2025-10-08,1,ночь,19,Чайник электрический,420,380,8,23
1070,2025-10-08,2,день,14,Чайник электрический,480,472,5,11
1071,2025-10-08,2,ночь,20,Чайник электрический,480,398,16,12
1072,2025-10-08,3,день,15,Блендер погружной,300,225,16,71
1073,2025-10-08,3,ночь,21,Блендер погружной,300,241,7,65
1074,2025-10-08,4,день,16,Блендер погружной,360,345,3,11
1075,2025-10-08,4,ночь,22,Блендер погружной,360,307,6,11
1076,2025-10-08,5,день,17,Упаковка комплектов,900,871,12,13
1077,2025-10-08,5,ночь,23,Упаковка комплектов,900,831,24,
1078,2025-10-08,6,день,18,Корпуса утюгов,520,522,10,2
1079,2025-10-08,6,ночь,24,Корпуса утюгов,520,466,8,14
1080,2025-10-09,1,день,13,Чайник электрический,420,378,5,23
1081,2025-10-09,1,ночь,19,Чайник электрический,420,374,6,25
1082,2025-10-09,2,день,14,Чайник электрический,480,467,2,10
1083,2025-10-09,2,ночь,20,Чайник электрический,480,404,13,9
1084,2025-10-09,3,день,15,Блендер погружной,300,272,17,0
1085,2025-10-09,3,ночь,21,Блендер погружной,300,267,9,32
1086,2025-10-09,4,день,16,Блендер погружной,360,342,5,12
1087,2025-10-09,4,ночь,22,Блендер погружной,360,327,5,8
1088,2025-10-09,5,день,17,Упаковка комплектов,900,819,15,22
1089,2025-10-09,5,ночь,23,Упаковка комплектов,900,865,23,7
1090,2025-10-09,6,день,18,Корпуса утюгов,520,501,9,15
1091,2025-10-09,6,ночь,24,Корпуса утюгов,520,478,9,15
1092,2025-10-10,1,день,13,Чайник электрический,420,380,2,23
1093,2025-10-10,1,ночь,19,Чайник электрический,420,375,9,33
1094,2025-10-10,2,день,14,Чайник электрический,480,477,11,10
1095,2025-10-10,2,ночь,20,Чайник электрический,480,258,8,179
1096,2025-10-10,3,день,15,Блендер погружной,300,252,17,30
1097,2025-10-10,3,ночь,21,Блендер погружной,300,271,9,19
1098,2025-10-10,4,день,16,Блендер погружной,360,337,4,16
1099,2025-10-10,4,ночь,22,Блендер погружной,360,331,7,8
1100,2025-10-10,5,день,17,Упаковка комплектов,900,871,23,6
1101,2025-10-10,5,ночь,23,Упаковка комплектов,900,836,15,2
1102,2025-10-10,6,день,18,Корпуса утюгов,520,504,13,0
1103,2025-10-10,6,ночь,24,Корпуса утюгов,520,467,3,25
1104,2025-10-11,1,день,13,Чайник электрический,420,386,2,24
1105,2025-10-11,1,ночь,19,Чайник электрический,420,365,11,25
1106,2025-10-11,2,день,14,Чайник электрический,480,457,8,5
1107,2025-10-11,2,ночь,20,Чайник электрический,480,389,16,10
1108,2025-10-11,3,день,15,Блендер погружной,300,258,17,17
1109,2025-10-11,3,ночь,21,Блендер погружной,300,270,10,11
1110,2025-10-11,4,день,16,Блендер погружной,360,365,6,7
1111,2025-10-11,4,ночь,22,Блендер погружной,360,303,0,15
1112,2025-10-11,5,день,17,Упаковка комплектов,900,820,14,20
1113,2025-10-11,5,ночь,23,Упаковка комплектов,900,807,18,35
1114,2025-10-11,6,день,18,Корпуса утюгов,520,490,2,23
1115,2025-10-11,6,ночь,24,Корпуса утюгов,520,459,8,20
1116,2025-10-12,1,день,13,Чайник электрический,420,384,4,23
1117,2025-10-12,5,день,17,Упаковка комплектов,900,856,19,27
1118,2025-10-13,1,день,13,Чайник электрический,420,417,3,8
1119,2025-10-13,1,ночь,19,Чайник электрический,420,367,6,39
1120,2025-10-13,2,день,14,Чайник электрический,480,456,5,17
1121,2025-10-13,2,ночь,20,Чайник электрический,480,407,13,22
1122,2025-10-13,3,день,15,Блендер погружной,300,263,17,2
1123,2025-10-13,3,ночь,21,Блендер погружной,300,245,8,66
1124,2025-10-13,4,день,16,Блендер погружной,360,335,5,24
1125,2025-10-13,4,ночь,22,Блендер погружной,360,333,6,5
1126,2025-10-13,5,день,17,Упаковка комплектов,900,864,24,27
1127,2025-10-13,5,ночь,23,Упаковка комплектов,900,871,21,7
1128,2025-10-13,6,день,18,Корпуса утюгов,520,499,12,6
1129,2025-10-13,6,ночь,24,Корпуса утюгов,520,502,10,10
1130,2025-10-14,1,день,19,Чайник электрический,420,404,4,28
1131,2025-10-14,1,ночь,1,Чайник электрический,420,359,20,9
1132,2025-10-14,2,день,20,Чайник электрический,480,401,12,24
1133,2025-10-14,2,ночь,2,Чайник электрический,480,429,5,25
1134,2025-10-14,3,день,21,Блендер погружной,300,282,7,10
1135,2025-10-14,3,ночь,3,Блендер погружной,300,274,10,16
1136,2025-10-14,4,день,22,Блендер погружной,360,329,2,12
1137,2025-10-14,4,ночь,4,Блендер погружной,360,330,6,7
1138,2025-10-14,5,день,23,Упаковка комплектов,900,905,15,10
1139,2025-10-14,5,ночь,5,Упаковка комплектов,900,772,53,21
1140,2025-10-14,6,день,24,Корпуса утюгов,520,493,8,10
1141,2025-10-14,6,ночь,6,Корпуса утюгов,520,487,11,5
1142,2025-10-15,1,день,19,Чайник электрический,420,411,10,18
1143,2025-10-15,1,ночь,1,Чайник электрический,420,355,17,25
1144,2025-10-15,2,день,20,Чайник электрический,480,420,10,23
1145,2025-10-15,2,ночь,2,Чайник электрический,480,455,5,9
1146,2025-10-15,3,день,21,Блендер погружной,300,255,7,61
1147,2025-10-15,3,ночь,3,Блендер погружной,300,270,8,36
1148,2025-10-15,4,день,22,Блендер погружной,360,332,5,0
1149,2025-10-15,4,ночь,4,Блендер погружной,360,327,6,3
1150,2025-10-15,5,день,23,Упаковка комплектов,900,829,15,18
1151,2025-10-15,5,ночь,5,Упаковка комплектов,900,760,38,24
1152,2025-10-15,6,день,24,Корпуса утюгов,520,521,11,12
1153,2025-10-15,6,ночь,6,Корпуса утюгов,520,464,10,21
1154,2025-10-16,1,день,19,Чайник электрический,420,405,6,0
1155,2025-10-16,1,ночь,1,Чайник электрический,420,349,21,28
1156,2025-10-16,2,день,20,Чайник электрический,480,435,12,0
1157,2025-10-16,2,ночь,2,Чайник электрический,480,296,7,172
1158,2025-10-16,3,день,21,Блендер погружной,300,286,7,11
1159,2025-10-16,3,ночь,3,Блендер погружной,300,286,9,15
1160,2025-10-16,4,день,22,Блендер погружной,360,339,3,7
1161,2025-10-16,4,ночь,4,Блендер погружной,360,316,3,22
1162,2025-10-16,5,день,23,Упаковка комплектов,900,811,19,35
1163,2025-10-16,5,ночь,5,Упаковка комплектов,900,723,45,23
1164,2025-10-16,6,день,24,Корпуса утюгов,520,493,6,32
1165,2025-10-16,6,ночь,6,Корпуса утюгов,520,455,13,24
1166,2025-10-17,1,день,19,Чайник электрический,420,398,5,
1167,2025-10-17,1,ночь,1,Чайник электрический,420,349,22,11
1168,2025-10-17,2,день,20,Чайник электрический,480,414,10,
1169,2025-10-17,2,ночь,2,Чайник электрический,480,437,9,15
1170,2025-10-17,3,день,21,Блендер погружной,300,273,7,37
1171,2025-10-17,3,ночь,3,Блендер погружной,300,260,10,26
1172,2025-10-17,4,день,22,Блендер погружной,360,328,3,19
1173,2025-10-17,4,ночь,4,Блендер погружной,360,339,5,14
1174,2025-10-17,5,день,23,Упаковка комплектов,900,890,14,8
1175,2025-10-17,5,ночь,5,Упаковка комплектов,900,753,50,1
1176,2025-10-17,6,день,24,Корпуса утюгов,520,467,9,43
1177,2025-10-17,6,ночь,6,Корпуса утюгов,520,466,9,13
1178,2025-10-18,1,день,19,Чайник электрический,420,417,8,0
1179,2025-10-18,1,ночь,1,Чайник электрический,420,342,19,24
1180,2025-10-18,2,день,20,Чайник электрический,480,421,13,7
1181,2025-10-18,2,ночь,2,Чайник электрический,480,442,3,10
1182,2025-10-18,3,день,21,Блендер погружной,300,294,10,10
1183,2025-10-18,3,ночь,3,Блендер погружной,300,277,13,24
1184,2025-10-18,4,день,22,Блендер погружной,360,325,2,16
1185,2025-10-18,4,ночь,4,Блендер погружной,360,342,2,4
1186,2025-10-18,5,день,23,Упаковка комплектов,900,833,12,22
1187,2025-10-18,5,ночь,5,Упаковка комплектов,900,707,39,26
1188,2025-10-18,6,день,24,Корпуса утюгов,520,492,5,15
1189,2025-10-18,6,ночь,6,Корпуса утюгов,520,448,7,32
1190,2025-10-19,5,день,23,Упаковка комплектов,900,878,20,18
1191,2025-10-20,1,день,19,Чайник электрический,420,398,10,4
1192,2025-10-20,1,ночь,1,Чайник электрический,420,378,14,0
1193,2025-10-20,2,день,20,Чайник электрический,480,388,11,27
1194,2025-10-20,2,ночь,2,Чайник электрический,480,446,1,9
1195,2025-10-20,3,день,21,Блендер погружной,300,280,8,15
1196,2025-10-20,3,ночь,3,Блендер погружной,300,183,8,167
1197,2025-10-20,4,день,22,Блендер погружной,360,327,4,8
1198,2025-10-20,4,ночь,4,Блендер погружной,360,321,6,23
1199,2025-10-20,5,день,23,Упаковка комплектов,900,292,4,324
1200,2025-10-20,5,ночь,5,Упаковка комплектов,900,783,49,13
1201,2025-10-20,6,день,24,Корпуса утюгов,520,498,12,20
1202,2025-10-20,6,ночь,6,Корпуса утюгов,520,484,7,5
1203,2025-10-21,1,день,1,Чайник электрический,420,359,15,23
1204,2025-10-21,1,ночь,7,Чайник электрический,420,381,12,20
1205,2025-10-21,2,день,2,Чайник электрический,480,456,7,6
1206,2025-10-21,2,ночь,8,Чайник электрический,480,427,6,23
1207,2025-10-21,3,день,3,Блендер погружной,300,248,6,66
1208,2025-10-21,3,ночь,9,Блендер погружной,300,274,11,24
1209,2025-10-21,4,день,4,Блендер погружной,360,341,4,14
1210,2025-10-21,4,ночь,10,Блендер погружной,360,313,13,0
1211,2025-10-21,5,день,5,Упаковка комплектов,900,799,31,22
1212,2025-10-21,5,ночь,11,Упаковка комплектов,900,788,10,13
1213,2025-10-21,6,день,6,Корпуса утюгов,520,502,9,25
1214,2025-10-21,6,ночь,12,Корпуса утюгов,520,449,9,18
1215,2025-10-22,1,день,1,Чайник электрический,420,376,16,21
1216,2025-10-22,1,ночь,7,Чайник электрический,420,377,11,24
1217,2025-10-22,2,день,2,Чайник электрический,480,440,7,30
1218,2025-10-22,2,ночь,8,Чайник электрический,480,466,6,1
1219,2025-10-22,3,день,3,Блендер погружной,300,280,9,23
1220,2025-10-22,3,ночь,9,Блендер погружной,300,280,10,16
1221,2025-10-22,4,день,4,Блендер погружной,360,352,3,12
1222,2025-10-22,4,ночь,10,Блендер погружной,360,288,8,19
1223,2025-10-22,5,день,5,Упаковка комплектов,900,780,26,17
1224,2025-10-22,5,ночь,11,Упаковка комплектов,900,763,17,23
1225,2025-10-22,6,день,6,Корпуса утюгов,520,501,5,23
1226,2025-10-22,6,ночь,12,Корпуса утюгов,520,470,5,0
1227,2025-10-23,1,день,1,Чайник электрический,420,353,15,25
1228,2025-10-23,1,ночь,7,Чайник электрический,420,379,12,21
1229,2025-10-23,2,день,2,Чайник электрический,480,461,9,20
1230,2025-10-23,2,ночь,8,Чайник электрический,480,430,4,6
1231,2025-10-23,3,день,3,Блендер погружной,300,277,10,33
1232,2025-10-23,3,ночь,9,Блендер погружной,300,275,9,32
1233,2025-10-23,4,день,4,Блендер погружной,360,354,4,
1234,2025-10-23,4,ночь,10,Блендер погружной,360,315,10,7
1235,2025-10-23,5,день,5,Упаковка комплектов,900,740,33,49
1236,2025-10-23,5,ночь,11,Упаковка комплектов,900,778,19,20
1237,2025-10-23,6,день,6,Корпуса утюгов,520,491,9,20
1238,2025-10-23,6,ночь,12,Корпуса утюгов,520,431,9,12
1239,2025-10-24,1,день,1,Чайник электрический,420,372,15,0
1240,2025-10-24,1,ночь,7,Чайник электрический,420,394,10,21
1241,2025-10-24,2,день,2,Чайник электрический,480,447,4,10
1242,2025-10-24,2,ночь,8,Чайник электрический,480,426,11,18
1243,2025-10-24,3,день,3,Блендер погружной,300,263,8,41
1244,2025-10-24,3,ночь,9,Блендер погружной,300,284,13,8
1245,2025-10-24,4,день,4,Блендер погружной,360,349,5,18
1246,2025-10-24,4,ночь,10,Блендер погружной,360,301,8,7
1247,2025-10-24,5,день,5,Упаковка комплектов,900,795,40,15
1248,2025-10-24,5,ночь,11,Упаковка комплектов,900,836,27,0
1249,2025-10-24,6,день,6,Корпуса утюгов,520,511,8,8
1250,2025-10-24,6,ночь,12,Корпуса утюгов,520,438,7,1
1251,2025-10-25,1,день,1,Чайник электрический,420,151,5,294
1252,2025-10-25,1,ночь,7,Чайник электрический,420,398,8,9
1253,2025-10-25,2,день,2,Чайник электрический,480,468,7,8
1254,2025-10-25,2,ночь,8,Чайник электрический,480,450,7,12
1255,2025-10-25,3,день,3,Блендер погружной,300,282,8,19
1256,2025-10-25,3,ночь,9,Блендер погружной,300,270,11,32
1257,2025-10-25,4,день,4,Блендер погружной,360,356,6,4
1258,2025-10-25,4,ночь,10,Блендер погружной,360,289,9,16
1259,2025-10-25,5,день,5,Упаковка комплектов,900,734,24,36
1260,2025-10-25,5,ночь,11,Упаковка комплектов,900,835,21,3
1261,2025-10-25,6,день,6,Корпуса утюгов,520,512,5,14
1262,2025-10-25,6,ночь,12,Корпуса утюгов,520,452,7,20
1263,2025-10-26,1,день,1,Чайник электрический,420,346,12,33
1264,2025-10-26,2,день,2,Чайник электрический,480,468,3,21
1265,2025-10-26,3,день,3,Блендер погружной,300,295,7,0
1266,2025-10-26,5,день,5,Упаковка комплектов,900,788,38,29
1267,2025-10-26,6,день,6,Корпуса утюгов,520,515,13,11
1268,2025-10-27,1,день,1,Чайник электрический,420,359,16,12
1269,2025-10-27,1,ночь,7,Чайник электрический,420,381,9,10
1270,2025-10-27,2,день,2,Чайник электрический,480,465,8,0
1271,2025-10-27,2,ночь,8,Чайник электрический,480,427,5,10
1272,2025-10-27,3,день,3,Блендер погружной,300,260,4,46
1273,2025-10-27,3,ночь,9,Блендер погружной,300,272,11,27
1274,2025-10-27,4,день,4,Блендер погружной,360,188,4,224
1275,2025-10-27,4,ночь,10,Блендер погружной,360,305,7,10
1276,2025-10-27,5,день,5,Упаковка комплектов,900,776,35,8
1277,2025-10-27,5,ночь,11,Упаковка комплектов,900,784,12,10
1278,2025-10-27,6,день,6,Корпуса утюгов,520,507,7,0
1279,2025-10-27,6,ночь,12,Корпуса утюгов,520,427,10,23
1280,2025-10-28,1,день,7,Чайник электрический,420,402,9,23
1281,2025-10-28,1,ночь,13,Чайник электрический,420,383,11,29
1282,2025-10-28,2,день,8,Чайник электрический,480,347,0,125
1283,2025-10-28,2,ночь,14,Чайник электрический,480,464,7,5
1284,2025-10-28,3,день,9,Блендер погружной,300,257,9,
1285,2025-10-28,3,ночь,15,Блендер погружной,300,234,21,41
1286,2025-10-28,4,день,10,Блендер погружной,360,321,8,4
1287,2025-10-28,4,ночь,16,Блендер погружной,360,329,5,4
1288,2025-10-28,5,день,11,Упаковка комплектов,900,793,20,25
1289,2025-10-28,5,ночь,17,Упаковка комплектов,900,826,25,9
1290,2025-10-28,6,день,12,Корпуса утюгов,520,454,11,18
1291,2025-10-28,6,ночь,18,Корпуса утюгов,520,475,9,27
1292,2025-10-29,1,день,7,Чайник электрический,420,398,7,30
1293,2025-10-29,1,ночь,13,Чайник электрический,420,389,8,18
1294,2025-10-29,2,день,8,Чайник электрический,480,451,3,6
1295,2025-10-29,2,ночь,14,Чайник электрический,480,461,10,5
1296,2025-10-29,3,день,9,Блендер погружной,300,271,8,37
1297,2025-10-29,3,ночь,15,Блендер погружной,300,246,23,25
1298,2025-10-29,4,день,10,Блендер погружной,360,330,12,0
1299,2025-10-29,4,ночь,16,Блендер погружной,360,318,3,16
1300,2025-10-29,5,день,11,Упаковка комплектов,900,800,25,22
1301,2025-10-29,5,ночь,17,Упаковка комплектов,900,837,17,11
1302,2025-10-29,6,день,12,Корпуса утюгов,520,468,5,4
1303,2025-10-29,6,ночь,18,Корпуса утюгов,520,476,13,8
1304,2025-10-30,1,день,7,Чайник электрический,420,400,8,22
1305,2025-10-30,1,ночь,13,Чайник электрический,420,400,11,11
1306,2025-10-30,2,день,8,Чайник электрический,480,460,3,5
1307,2025-10-30,2,ночь,14,Чайник электрический,480,441,5,14
1308,2025-10-30,3,день,9,Блендер погружной,300,290,9,16
1309,2025-10-30,3,ночь,15,Блендер погружной,300,243,18,14
1310,2025-10-30,4,день,10,Блендер погружной,360,320,6,15
1311,2025-10-30,4,ночь,16,Блендер погружной,360,339,2,13
1312,2025-10-30,5,день,11,Упаковка комплектов,900,810,8,21
1313,2025-10-30,5,ночь,17,Упаковка комплектов,900,863,22,7
1314,2025-10-30,6,день,12,Корпуса утюгов,520,432,8,31
1315,2025-10-30,6,ночь,18,Корпуса утюгов,520,454,8,33
1316,2025-10-31,1,день,7,Чайник электрический,420,417,10,11
1317,2025-10-31,1,ночь,13,Чайник электрический,420,378,7,20
1318,2025-10-31,2,день,8,Чайник электрический,480,465,3,16
1319,2025-10-31,2,ночь,14,Чайник электрический,480,456,4,5
1320,2025-10-31,3,день,9,Блендер погружной,300,272,8,32
1321,2025-10-31,3,ночь,15,Блендер погружной,300,117,9,261
1322,2025-10-31,4,день,10,Блендер погружной,360,324,5,9
1323,2025-10-31,4,ночь,16,Блендер погружной,360,333,4,9
1324,2025-10-31,5,день,11,Упаковка комплектов,900,828,14,14
1325,2025-10-31,5,ночь,17,Упаковка комплектов,900,496,10,191
1326,2025-10-31,6,день,12,Корпуса утюгов,520,480,5,9
1327,2025-10-31,6,ночь,18,Корпуса утюгов,520,488,5,0
1328,2025-11-01,1,день,7,Чайник электрический,420,377,9,31
1329,2025-11-01,1,ночь,13,Чайник электрический,420,368,9,35
1330,2025-11-01,2,день,8,Чайник электрический,480,451,6,19
1331,2025-11-01,2,ночь,14,Чайник электрический,480,430,2,32
1332,2025-11-01,3,день,9,Блендер погружной,300,284,5,19
1333,2025-11-01,3,ночь,15,Блендер погружной,300,263,22,0
1334,2025-11-01,4,день,10,Блендер погружной,360,310,7,0
1335,2025-11-01,4,ночь,16,Блендер погружной,360,345,7,11
1336,2025-11-01,5,день,11,Упаковка комплектов,900,806,11,37
1337,2025-11-01,5,ночь,17,Упаковка комплектов,900,806,20,42
1338,2025-11-01,6,день,12,Корпуса утюгов,520,479,7,11
1339,2025-11-01,6,ночь,18,Корпуса утюгов,520,469,10,26
1340,2025-11-02,1,день,7,Чайник электрический,420,385,9,30
1341,2025-11-02,2,день,8,Чайник электрический,480,446,0,24
1342,2025-11-02,3,день,9,Блендер погружной,300,289,8,11
1343,2025-11-02,5,день,11,Упаковка комплектов,900,791,17,35
1344,2025-11-02,6,день,12,Корпуса утюгов,520,464,7,8
1345,2025-11-03,1,день,7,Чайник электрический,420,394,11,12
1346,2025-11-03,1,ночь,13,Чайник электрический,420,376,9,17
1347,2025-11-03,2,день,8,Чайник электрический,480,454,10,23
1348,2025-11-03,2,ночь,14,Чайник электрический,480,472,7,0
1349,2025-11-03,3,день,9,Блендер погружной,300,305,12,0
1350,2025-11-03,3,ночь,15,Блендер погружной,300,257,21,0
1351,2025-11-03,4,день,10,Блендер погружной,360,310,8,7
1352,2025-11-03,4,ночь,16,Блендер погружной,360,342,6,5
1353,2025-11-03,5,день,11,Упаковка комплектов,900,899,20,0
1354,2025-11-03,5,ночь,17,Упаковка комплектов,900,806,23,19
1355,2025-11-03,6,день,12,Корпуса утюгов,520,484,13,7
1356,2025-11-03,6,ночь,18,Корпуса утюгов,520,501,11,0
1357,2025-11-04,1,день,13,Чайник электрический,420,420,7,0
1358,2025-11-04,1,ночь,19,Чайник электрический,420,394,7,14
1359,2025-11-04,2,день,14,Чайник электрический,480,491,4,2
1360,2025-11-04,2,ночь,20,Чайник электрический,480,385,13,22
1361,2025-11-04,3,день,15,Блендер погружной,300,246,17,19
1362,2025-11-04,3,ночь,21,Блендер погружной,300,286,9,1
1363,2025-11-04,4,день,16,Блендер погружной,360,362,3,0
1364,2025-11-04,4,ночь,22,Блендер погружной,360,318,6,9
1365,2025-11-04,5,день,17,Упаковка комплектов,900,822,12,38
1366,2025-11-04,5,ночь,23,Упаковка комплектов,900,807,18,10
1367,2025-11-04,6,день,18,Корпуса утюгов,520,499,3,0
1368,2025-11-04,6,ночь,24,Корпуса утюгов,520,468,12,35
1369,2025-11-05,1,день,13,Чайник электрический,420,413,9,11
1370,2025-11-05,1,ночь,19,Чайник электрический,420,396,7,4
1371,2025-11-05,2,день,14,Чайник электрический,480,444,7,14
1372,2025-11-05,2,ночь,20,Чайник электрический,480,409,15,19
1373,2025-11-05,3,день,15,Блендер погружной,300,254,16,24
1374,2025-11-05,3,ночь,21,Блендер погружной,300,272,9,9
1375,2025-11-05,4,день,16,Блендер погружной,360,355,3,9
1376,2025-11-05,4,ночь,22,Блендер погружной,360,307,3,16
1377,2025-11-05,5,день,17,Упаковка комплектов,900,889,26,
1378,2025-11-05,5,ночь,23,Упаковка комплектов,900,784,22,27
1379,2025-11-05,6,день,18,Корпуса утюгов,520,473,8,21
1380,2025-11-05,6,ночь,24,Корпуса утюгов,520,509,9,0
1381,2025-11-06,1,день,13,Чайник электрический,420,412,5,16
1382,2025-11-06,1,ночь,19,Чайник электрический,420,406,9,2
1383,2025-11-06,2,день,14,Чайник электрический,480,483,4,3
1384,2025-11-06,2,ночь,20,Чайник электрический,480,384,15,17
1385,2025-11-06,3,день,15,Блендер погружной,300,255,15,11
1386,2025-11-06,3,ночь,21,Блендер погружной,300,251,12,43
1387,2025-11-06,4,день,16,Блендер погружной,360,349,3,16
1388,2025-11-06,4,ночь,22,Блендер погружной,360,322,5,15
1389,2025-11-06,5,день,17,Упаковка комплектов,900,822,19,22
1390,2025-11-06,5,ночь,23,Упаковка комплектов,900,781,16,24
1391,2025-11-06,6,день,18,Корпуса утюгов,520,497,12,15
1392,2025-11-06,6,ночь,24,Корпуса утюгов,520,482,9,28
1393,2025-11-07,1,день,13,Чайник электрический,420,393,8,10
1394,2025-11-07,1,ночь,19,Чайник электрический,420,402,11,14
1395,2025-11-07,2,день,14,Чайник электрический,480,450,9,15
1396,2025-11-07,2,ночь,20,Чайник электрический,480,398,13,14
1397,2025-11-07,3,день,15,Блендер погружной,300,261,18,22
1398,2025-11-07,3,ночь,21,Блендер погружной,300,264,10,44
1399,2025-11-07,4,день,16,Блендер погружной,360,344,6,12
1400,2025-11-07,4,ночь,22,Блендер погружной,360,313,3,10
1401,2025-11-07,5,день,17,Упаковка комплектов,900,907,19,0
1402,2025-11-07,5,ночь,23,Упаковка комплектов,900,786,25,30
1403,2025-11-07,6,день,18,Корпуса утюгов,520,476,10,27
1404,2025-11-07,6,ночь,24,Корпуса утюгов,520,442,6,34
1405,2025-11-08,1,день,13,Чайник электрический,420,420,9,6
1406,2025-11-08,1,ночь,19,Чайник электрический,420,377,11,11
1407,2025-11-08,2,день,14,Чайник электрический,480,486,5,7
1408,2025-11-08,2,ночь,20,Чайник электрический,480,409,14,1
1409,2025-11-08,3,день,15,Блендер погружной,300,255,16,24
1410,2025-11-08,3,ночь,21,Блендер погружной,300,268,9,39
1411,2025-11-08,4,день,16,Блендер погружной,360,341,2,12
1412,2025-11-08,4,ночь,22,Блендер погружной,360,317,5,5
1413,2025-11-08,5,день,17,Упаковка комплектов,900,835,22,
1414,2025-11-08,5,ночь,23,Упаковка комплектов,900,810,30,26
1415,2025-11-08,6,день,18,Корпуса утюгов,520,517,6,7
1416,2025-11-08,6,ночь,24,Корпуса утюгов,520,480,9,10
1417,2025-11-09,3,день,15,Блендер погружной,300,277,19,1
1418,2025-11-09,5,день,17,Упаковка комплектов,900,854,16,16
1419,2025-11-10,1,день,13,Чайник электрический,420,393,9,18
1420,2025-11-10,1,ночь,19,Чайник электрический,420,391,7,12
1421,2025-11-10,2,день,14,Чайник электрический,480,471,7,17
1422,2025-11-10,2,ночь,20,Чайник электрический,480,400,13,19
1423,2025-11-10,3,день,15,Блендер погружной,300,250,14,32
1424,2025-11-10,3,ночь,21,Блендер погружной,300,112,3,291
1425,2025-11-10,4,день,16,Блендер погружной,360,356,4,6
1426,2025-11-10,4,ночь,22,Блендер погружной,360,310,4,11
1427,2025-11-10,5,день,17,Упаковка комплектов,900,903,16,8
1428,2025-11-10,5,ночь,23,Упаковка комплектов,900,830,20,21
1429,2025-11-10,6,день,18,Корпуса утюгов,520,488,5,7
1430,2025-11-10,6,ночь,24,Корпуса утюгов,520,479,13,21
1431,2025-11-11,1,день,19,Чайник электрический,420,414,4,0
1432,2025-11-11,1,ночь,1,Чайник электрический,420,356,22,7
1433,2025-11-11,2,день,20,Чайник электрический,480,418,11,15
1434,2025-11-11,2,ночь,2,Чайник электрический,480,419,6,23
1435,2025-11-11,3,день,21,Блендер погружной,300,267,9,54
1436,2025-11-11,3,ночь,3,Блендер погружной,300,260,8,41
1437,2025-11-11,4,день,22,Блендер погружной,360,328,5,11
1438,2025-11-11,4,ночь,4,Блендер погружной,360,337,6,10
1439,2025-11-11,5,день,23,Упаковка комплектов,900,917,23,0
1440,2025-11-11,5,ночь,5,Упаковка комплектов,900,774,48,21
1441,2025-11-11,6,день,24,Корпуса утюгов,520,506,8,0
1442,2025-11-11,6,ночь,6,Корпуса утюгов,520,465,8,18
1443,2025-11-12,1,день,19,Чайник электрический,420,391,9,15
1444,2025-11-12,1,ночь,1,Чайник электрический,420,343,19,16
1445,2025-11-12,2,день,20,Чайник электрический,480,417,10,0
1446,2025-11-12,2,ночь,2,Чайник электрический,480,417,9,36
1447,2025-11-12,3,день,21,Блендер погружной,300,280,8,17
1448,2025-11-12,3,ночь,3,Блендер погружной,300,253,10,57
1449,2025-11-12,4,день,22,Блендер погружной,360,332,7,20
1450,2025-11-12,4,ночь,4,Блендер погружной,360,333,5,9
1451,2025-11-12,5,день,23,Упаковка комплектов,900,891,19,16
1452,2025-11-12,5,ночь,5,Упаковка комплектов,900,721,40,26
1453,2025-11-12,6,день,24,Корпуса утюгов,520,497,10,33
1454,2025-11-12,6,ночь,6,Корпуса утюгов,520,496,10,15
1455,2025-11-13,1,день,19,Чайник электрический,420,399,4,20
1456,2025-11-13,1,ночь,1,Чайник электрический,420,348,20,24
1457,2025-11-13,2,день,20,Чайник электрический,480,418,15,11
1458,2025-11-13,2,ночь,2,Чайник электрический,480,433,8,8
1459,2025-11-13,3,день,21,Блендер погружной,300,300,12,12
1460,2025-11-13,3,ночь,3,Блендер погружной,300,281,9,12
1461,2025-11-13,4,день,22,Блендер погружной,360,328,4,12
1462,2025-11-13,4,ночь,4,Блендер погружной,360,309,4,28
1463,2025-11-13,5,день,23,Упаковка комплектов,900,775,16,60
1464,2025-11-13,5,ночь,5,Упаковка комплектов,900,725,36,22
1465,2025-11-13,6,день,24,Корпуса утюгов,520,498,5,8
1466,2025-11-13,6,ночь,6,Корпуса утюгов,520,447,8,29
1467,2025-11-14,1,день,19,Чайник электрический,420,396,7,20
1468,2025-11-14,1,ночь,1,Чайник электрический,420,325,15,37
1469,2025-11-14,2,день,20,Чайник электрический,480,419,12,12
1470,2025-11-14,2,ночь,2,Чайник электрический,480,450,8,21
1471,2025-11-14,3,день,21,Блендер погружной,300,274,6,44
1472,2025-11-14,3,ночь,3,Блендер погружной,300,268,12,28
1473,2025-11-14,4,день,22,Блендер погружной,360,325,6,10
1474,2025-11-14,4,ночь,4,Блендер погружной,360,327,4,8
1475,2025-11-14,5,день,23,Упаковка комплектов,900,802,21,44
1476,2025-11-14,5,ночь,5,Упаковка комплектов,900,714,44,34
1477,2025-11-14,6,день,24,Корпуса утюгов,520,518,13,14
1478,2025-11-14,6,ночь,6,Корпуса утюгов,520,481,8,0
1479,2025-11-15,1,день,19,Чайник электрический,420,404,10,4
1480,2025-11-15,1,ночь,1,Чайник электрический,420,353,17,15
1481,2025-11-15,2,день,20,Чайник электрический,480,412,12,28
1482,2025-11-15,2,ночь,2,Чайник электрический,480,451,4,23
1483,2025-11-15,3,день,21,Блендер погружной,300,274,8,23
1484,2025-11-15,3,ночь,3,Блендер погружной,300,261,12,23
1485,2025-11-15,4,день,22,Блендер погружной,360,334,1,19
1486,2025-11-15,4,ночь,4,Блендер погружной,360,344,6,13
1487,2025-11-15,5,день,23,Упаковка комплектов,900,879,13,7
1488,2025-11-15,5,ночь,5,Упаковка комплектов,900,775,38,11
1489,2025-11-15,6,день,24,Корпуса утюгов,520,515,14,14
1490,2025-11-15,6,ночь,6,Корпуса утюгов,520,480,8,1
1491,2025-11-16,1,день,19,Чайник электрический,420,400,6,20
1492,2025-11-16,3,день,21,Блендер погружной,300,279,7,35
1493,2025-11-16,5,день,23,Упаковка комплектов,900,837,9,31
1494,2025-11-17,1,день,19,Чайник электрический,420,409,8,24
1495,2025-11-17,1,ночь,1,Чайник электрический,420,353,20,24
1496,2025-11-17,2,день,20,Чайник электрический,480,423,13,5
1497,2025-11-17,2,ночь,2,Чайник электрический,480,431,9,9
1498,2025-11-17,3,день,21,Блендер погружной,300,273,9,22
1499,2025-11-17,3,ночь,3,Блендер погружной,300,240,7,67
1500,2025-11-17,4,день,22,Блендер погружной,360,327,2,8
1501,2025-11-17,4,ночь,4,Блендер погружной,360,330,4,0
1502,2025-11-17,5,день,23,Упаковка комплектов,900,873,16,12
1503,2025-11-17,5,ночь,5,Упаковка комплектов,900,719,44,30
1504,2025-11-17,6,день,24,Корпуса утюгов,520,490,8,16
1505,2025-11-17,6,ночь,6,Корпуса утюгов,520,497,7,15
1506,2025-11-18,1,день,1,Чайник электрический,420,348,11,27
1507,2025-11-18,1,ночь,7,Чайник электрический,420,384,13,26
1508,2025-11-18,2,день,2,Чайник электрический,480,470,3,13
1509,2025-11-18,2,ночь,8,Чайник электрический,480,456,8,2
1510,2025-11-18,3,день,3,Блендер погружной,300,275,10,23
1511,2025-11-18,3,ночь,9,Блендер погружной,300,249,7,49
1512,2025-11-18,4,день,4,Блендер погружной,360,344,4,10
1513,2025-11-18,4,ночь,10,Блендер погружной,360,302,7,18
1514,2025-11-18,5,день,5,Упаковка комплектов,900,761,30,19
1515,2025-11-18,5,ночь,11,Упаковка комплектов,900,758,14,49
1516,2025-11-18,6,день,6,Корпуса утюгов,520,512,12,14
1517,2025-11-18,6,ночь,12,Корпуса утюгов,520,445,7,0
1518,2025-11-19,1,день,1,Чайник электрический,420,376,18,0
1519,2025-11-19,1,ночь,7,Чайник электрический,420,394,5,0
1520,2025-11-19,2,день,2,Чайник электрический,480,488,13,5
1521,2025-11-19,2,ночь,8,Чайник электрический,480,439,9,21
1522,2025-11-19,3,день,3,Блендер погружной,300,266,7,42
1523,2025-11-19,3,ночь,9,Блендер погружной,300,271,11,38
1524,2025-11-19,4,день,4,Блендер погружной,360,349,2,9
1525,2025-11-19,4,ночь,10,Блендер погружной,360,306,11,10
1526,2025-11-19,5,день,5,Упаковка комплектов,900,832,33,5
1527,2025-11-19,5,ночь,11,Упаковка комплектов,900,767,15,32
1528,2025-11-19,6,день,6,Корпуса утюгов,520,504,9,20
1529,2025-11-19,6,ночь,12,Корпуса утюгов,520,444,8,9
1530,2025-11-20,1,день,1,Чайник электрический,420,356,15,11
1531,2025-11-20,1,ночь,7,Чайник электрический,420,387,8,23
1532,2025-11-20,2,день,2,Чайник электрический,480,464,3,0
1533,2025-11-20,2,ночь,8,Чайник электрический,480,467,9,2
1534,2025-11-20,3,день,3,Блендер погружной,300,278,7,35
1535,2025-11-20,3,ночь,9,Блендер погружной,300,266,10,32
1536,2025-11-20,4,день,4,Блендер погружной,360,359,3,12
1537,2025-11-20,4,ночь,10,Блендер погружной,360,300,10,7
1538,2025-11-20,5,день,5,Упаковка комплектов,900,751,34,26
1539,2025-11-20,5,ночь,11,Упаковка комплектов,900,798,17,0
1540,2025-11-20,6,день,6,Корпуса утюгов,520,506,4,12
1541,2025-11-20,6,ночь,12,Корпуса утюгов,520,446,12,7
1542,2025-11-21,1,день,1,Чайник электрический,420,359,15,20
1543,2025-11-21,1,ночь,7,Чайник электрический,420,388,7,28
1544,2025-11-21,2,день,2,Чайник электрический,480,442,5,21
1545,2025-11-21,2,ночь,8,Чайник электрический,480,454,9,8
1546,2025-11-21,3,день,3,Блендер погружной,300,260,10,42
1547,2025-11-21,3,ночь,9,Блендер погружной,300,274,6,19
1548,2025-11-21,4,день,4,Блендер погружной,360,357,7,7
1549,2025-11-21,4,ночь,10,Блендер погружной,360,307,7,12
1550,2025-11-21,5,день,5,Упаковка комплектов,900,779,30,0
1551,2025-11-21,5,ночь,11,Упаковка комплектов,900,768,18,31
1552,2025-11-21,6,день,6,Корпуса утюгов,520,511,11,12
1553,2025-11-21,6,ночь,12,Корпуса утюгов,520,428,5,14
1554,2025-11-22,1,день,1,Чайник электрический,420,357,14,22
1555,2025-11-22,1,ночь,7,Чайник электрический,420,362,10,27
1556,2025-11-22,2,день,2,Чайник электрический,480,467,6,10
1557,2025-11-22,2,ночь,8,Чайник электрический,480,419,9,21
1558,2025-11-22,3,день,3,Блендер погружной,300,270,7,51
1559,2025-11-22,3,ночь,9,Блендер погружной,300,290,8,0
1560,2025-11-22,4,день,4,Блендер погружной,360,341,6,7
1561,2025-11-22,4,ночь,10,Блендер погружной,360,313,9,8
1562,2025-11-22,5,день,5,Упаковка комплектов,900,784,38,27
1563,2025-11-22,5,ночь,11,Упаковка комплектов,900,801,16,
1564,2025-11-22,6,день,6,Корпуса утюгов,520,473,6,26
1565,2025-11-22,6,ночь,12,Корпуса утюгов,520,445,8,10
1566,2025-11-23,1,день,1,Чайник электрический,420,355,12,39
1567,2025-11-23,2,день,2,Чайник электрический,480,466,0,16
1568,2025-11-23,3,день,3,Блендер погружной,300,278,10,22
1569,2025-11-23,4,день,4,Блендер погружной,360,329,4,23
1570,2025-11-23,5,день,5,Упаковка комплектов,900,759,27,23
1571,2025-11-23,6,день,6,Корпуса утюгов,520,499,13,24
1572,2025-11-24,1,день,1,Чайник электрический,420,369,16,12
1573,2025-11-24,1,ночь,7,Чайник электрический,420,371,10,42
1574,2025-11-24,2,день,2,Чайник электрический,480,444,9,27
1575,2025-11-24,2,ночь,8,Чайник электрический,480,422,7,29
1576,2025-11-24,3,день,3,Блендер погружной,300,264,10,39
1577,2025-11-24,3,ночь,9,Блендер погружной,300,247,6,51
1578,2025-11-24,4,день,4,Блендер погружной,360,356,2,15
1579,2025-11-24,4,ночь,10,Блендер погружной,360,301,12,0
1580,2025-11-24,5,день,5,Упаковка комплектов,900,818,39,4
1581,2025-11-24,5,ночь,11,Упаковка комплектов,900,828,17,16
1582,2025-11-24,6,день,6,Корпуса утюгов,520,519,11,9
1583,2025-11-24,6,ночь,12,Корпуса утюгов,520,418,8,32
1584,2025-11-25,1,день,7,Чайник электрический,420,430,7,0
1585,2025-11-25,1,ночь,13,Чайник электрический,420,373,7,23
1586,2025-11-25,2,день,8,Чайник электрический,480,467,4,5
1587,2025-11-25,2,ночь,14,Чайник электрический,480,454,8,12
1588,2025-11-25,3,день,9,Блендер погружной,300,276,10,34
1589,2025-11-25,3,ночь,15,Блендер погружной,300,261,24,6
1590,2025-11-25,4,день,10,Блендер погружной,360,305,6,9
1591,2025-11-25,4,ночь,16,Блендер погружной,360,327,5,5
1592,2025-11-25,5,день,11,Упаковка комплектов,900,852,26,22
1593,2025-11-25,5,ночь,17,Упаковка комплектов,900,836,13,13
1594,2025-11-25,6,день,12,Корпуса утюгов,520,446,9,21
1595,2025-11-25,6,ночь,18,Корпуса утюгов,520,475,8,11
1596,2025-11-26,1,день,7,Чайник электрический,420,396,7,17
1597,2025-11-26,1,ночь,13,Чайник электрический,420,389,11,8
1598,2025-11-26,2,день,8,Чайник электрический,480,464,7,15
1599,2025-11-26,2,ночь,14,Чайник электрический,480,445,6,17
1600,2025-11-26,3,день,9,Блендер погружной,300,291,9,0
1601,2025-11-26,3,ночь,15,Блендер погружной,300,251,18,24
1602,2025-11-26,4,день,10,Блендер погружной,360,302,7,20
1603,2025-11-26,4,ночь,16,Блендер погружной,360,328,4,6
1604,2025-11-26,5,день,11,Упаковка комплектов,900,868,19,0
1605,2025-11-26,5,ночь,17,Упаковка комплектов,900,838,20,15
1606,2025-11-26,6,день,12,Корпуса утюгов,520,456,12,8
1607,2025-11-26,6,ночь,18,Корпуса утюгов,520,373,8,131
1608,2025-11-27,1,день,7,Чайник электрический,420,416,5,14
1609,2025-11-27,1,ночь,13,Чайник электрический,420,384,16,26
1610,2025-11-27,2,день,8,Чайник электрический,480,472,2,17
1611,2025-11-27,2,ночь,14,Чайник электрический,480,457,11,13
1612,2025-11-27,3,день,9,Блендер погружной,300,282,9,41
1613,2025-11-27,3,ночь,15,Блендер погружной,300,244,19,20
1614,2025-11-27,4,день,10,Блендер погружной,360,309,7,8
1615,2025-11-27,4,ночь,16,Блендер погружной,360,352,4,
1616,2025-11-27,5,день,11,Упаковка комплектов,900,810,11,27
1617,2025-11-27,5,ночь,17,Упаковка комплектов,900,816,21,19
1618,2025-11-27,6,день,12,Корпуса утюгов,520,448,11,21
1619,2025-11-27,6,ночь,18,Корпуса утюгов,520,477,10,14
1620,2025-11-28,1,день,7,Чайник электрический,420,404,9,11
1621,2025-11-28,1,ночь,13,Чайник электрический,420,377,11,11
1622,2025-11-28,2,день,8,Чайник электрический,480,436,2,24
1623,2025-11-28,2,ночь,14,Чайник электрический,480,175,1,295
1624,2025-11-28,3,день,9,Блендер погружной,300,284,7,32
1625,2025-11-28,3,ночь,15,Блендер погружной,300,230,19,34
1626,2025-11-28,4,день,10,Блендер погружной,360,316,6,16
1627,2025-11-28,4,ночь,16,Блендер погружной,360,337,5,20
1628,2025-11-28,5,день,11,Упаковка комплектов,900,839,12,28
1629,2025-11-28,5,ночь,17,Упаковка комплектов,900,794,18,30
1630,2025-11-28,6,день,12,Корпуса утюгов,520,476,8,0
1631,2025-11-28,6,ночь,18,Корпуса утюгов,520,475,12,4
1632,2025-11-29,1,день,7,Чайник электрический,420,377,5,45
1633,2025-11-29,1,ночь,13,Чайник электрический,420,369,3,25
1634,2025-11-29,2,день,8,Чайник электрический,480,446,4,34
1635,2025-11-29,2,ночь,14,Чайник электрический,480,445,4,19
1636,2025-11-29,3,день,9,Блендер погружной,300,273,8,42
1637,2025-11-29,3,ночь,15,Блендер погружной,300,240,20,21
1638,2025-11-29,4,день,10,Блендер погружной,360,305,6,11
1639,2025-11-29,4,ночь,16,Блендер погружной,360,328,4,7
1640,2025-11-29,5,день,11,Упаковка комплектов,900,833,24,19
1641,2025-11-29,5,ночь,17,Упаковка комплектов,900,854,24,17
1642,2025-11-29,6,день,12,Корпуса утюгов,520,467,7,2
1643,2025-11-29,6,ночь,18,Корпуса утюгов,520,473,8,5
1644,2025-11-30,1,день,7,Чайник электрический,420,401,10,0
1645,2025-11-30,2,день,8,Чайник электрический,480,457,4,12
1646,2025-11-30,3,день,9,Блендер погружной,300,270,10,35
1647,2025-11-30,4,день,10,Блендер погружной,360,308,9,8
1648,2025-11-30,5,день,11,Упаковка комплектов,900,854,21,16
1649,2025-11-30,6,день,12,Корпуса утюгов,520,433,4,30
1650,2025-12-01,1,день,7,Чайник электрический,420,430,10,0
1651,2025-12-01,1,ночь,13,Чайник электрический,420,377,7,23
1652,2025-12-01,2,день,8,Чайник электрический,480,298,3,185
1653,2025-12-01,2,ночь,14,Чайник электрический,480,451,5,6
1654,2025-12-01,3,день,9,Блендер погружной,300,270,7,48
1655,2025-12-01,3,ночь,15,Блендер погружной,300,258,19,9
1656,2025-12-01,4,день,10,Блендер погружной,360,317,5,14
1657,2025-12-01,4,ночь,16,Блендер погружной,360,318,6,24
1658,2025-12-01,5,день,11,Упаковка комплектов,900,850,8,24
1659,2025-12-01,5,ночь,17,Упаковка комплектов,900,766,23,38
1660,2025-12-01,6,день,12,Корпуса утюгов,520,444,5,31
1661,2025-12-01,6,ночь,18,Корпуса утюгов,520,475,6,31
1662,2025-12-02,1,день,13,Чайник электрический,420,384,9,28
1663,2025-12-02,1,ночь,19,Чайник электрический,420,379,5,30
1664,2025-12-02,2,день,14,Чайник электрический,480,457,6,11
1665,2025-12-02,2,ночь,20,Чайник электрический,480,378,13,27
1666,2025-12-02,3,день,15,Блендер погружной,300,267,19,19
1667,2025-12-02,3,ночь,21,Блендер погружной,300,266,9,20
1668,2025-12-02,4,день,16,Блендер погружной,360,358,7,7
1669,2025-12-02,4,ночь,22,Блендер погружной,360,321,5,1
1670,2025-12-02,5,день,17,Упаковка комплектов,900,854,9,8
1671,2025-12-02,5,ночь,23,Упаковка комплектов,900,810,18,20
1672,2025-12-02,6,день,18,Корпуса утюгов,520,498,11,0
1673,2025-12-02,6,ночь,24,Корпуса утюгов,520,489,8,17
1674,2025-12-03,1,день,13,Чайник электрический,420,400,8,14
1675,2025-12-03,1,ночь,19,Чайник электрический,420,407,10,9
1676,2025-12-03,2,день,14,Чайник электрический,480,439,6,22
1677,2025-12-03,2,ночь,20,Чайник электрический,480,409,17,6
1678,2025-12-03,3,день,15,Блендер погружной,300,252,16,20
1679,2025-12-03,3,ночь,21,Блендер погружной,300,283,10,7
1680,2025-12-03,4,день,16,Блендер погружной,360,333,2,14
1681,2025-12-03,4,ночь,22,Блендер погружной,360,321,2,22
1682,2025-12-03,5,день,17,Упаковка комплектов,900,875,12,10
1683,2025-12-03,5,ночь,23,Упаковка комплектов,900,792,23,20
1684,2025-12-03,6,день,18,Корпуса утюгов,520,470,6,24
1685,2025-12-03,6,ночь,24,Корпуса утюгов,520,493,5,13
1686,2025-12-04,1,день,13,Чайник электрический,420,410,4,5
1687,2025-12-04,1,ночь,19,Чайник электрический,420,243,5,191
1688,2025-12-04,2,день,14,Чайник электрический,480,462,4,19
1689,2025-12-04,2,ночь,20,Чайник электрический,480,399,13,27
1690,2025-12-04,3,день,15,Блендер погружной,300,273,17,0
1691,2025-12-04,3,ночь,21,Блендер погружной,300,287,10,12
1692,2025-12-04,4,день,16,Блендер погружной,360,358,8,6
1693,2025-12-04,4,ночь,22,Блендер погружной,360,327,1,10
1694,2025-12-04,5,день,17,Упаковка комплектов,900,835,15,31
1695,2025-12-04,5,ночь,23,Упаковка комплектов,900,833,16,23
1696,2025-12-04,6,день,18,Корпуса утюгов,520,475,7,33
1697,2025-12-04,6,ночь,24,Корпуса утюгов,520,483,11,17
1698,2025-12-05,1,день,13,Чайник электрический,420,408,5,14
1699,2025-12-05,1,ночь,19,Чайник электрический,420,368,7,25
1700,2025-12-05,2,день,14,Чайник электрический,480,481,9,12
1701,2025-12-05,2,ночь,20,Чайник электрический,480,400,11,4
1702,2025-12-05,3,день,15,Блендер погружной,300,261,16,12
1703,2025-12-05,3,ночь,21,Блендер погружной,300,257,9,44
1704,2025-12-05,4,день,16,Блендер погружной,360,363,4,6
1705,2025-12-05,4,ночь,22,Блендер погружной,360,308,6,6
1706,2025-12-05,5,день,17,Упаковка комплектов,900,812,24,29
1707,2025-12-05,5,ночь,23,Упаковка комплектов,900,793,13,28
1708,2025-12-05,6,день,18,Корпуса утюгов,520,517,8,0
1709,2025-12-05,6,ночь,24,Корпуса утюгов,520,482,5,9
1710,2025-12-06,1,день,13,Чайник электрический,420,396,8,18
1711,2025-12-06,1,ночь,19,Чайник электрический,420,395,7,2
1712,2025-12-06,2,день,14,Чайник электрический,480,458,7,2
1713,2025-12-06,2,ночь,20,Чайник электрический,480,398,9,16
1714,2025-12-06,3,день,15,Блендер погружной,300,253,16,36
1715,2025-12-06,3,ночь,21,Блендер погружной,300,265,8,18
1716,2025-12-06,4,день,16,Блендер погружной,360,355,6,19
1717,2025-12-06,4,ночь,22,Блендер погружной,360,320,2,0
1718,2025-12-06,5,день,17,Упаковка комплектов,900,860,13,2
1719,2025-12-06,5,ночь,23,Упаковка комплектов,900,833,16,16
1720,2025-12-06,6,день,18,Корпуса утюгов,520,501,6,20
1721,2025-12-06,6,ночь,24,Корпуса утюгов,520,471,9,20
1722,2025-12-07,4,день,16,Блендер погружной,360,343,6,9
1723,2025-12-07,5,день,17,Упаковка комплектов,900,829,11,35
1724,2025-12-08,1,день,13,Чайник электрический,420,377,7,29
1725,2025-12-08,1,ночь,19,Чайник электрический,420,411,8,0
1726,2025-12-08,2,день,14,Чайник электрический,480,486,3,2
1727,2025-12-08,2,ночь,20,Чайник электрический,480,386,14,26
1728,2025-12-08,3,день,15,Блендер погружной,300,254,18,41
1729,2025-12-08,3,ночь,21,Блендер погружной,300,267,9,39
1730,2025-12-08,4,день,16,Блендер погружной,360,345,6,6
1731,2025-12-08,4,ночь,22,Блендер погружной,360,317,1,23
1732,2025-12-08,5,день,17,Упаковка комплектов,900,893,21,3
1733,2025-12-08,5,ночь,23,Упаковка комплектов,900,865,14,12
1734,2025-12-08,6,день,18,Корпуса утюгов,520,327,3,168
1735,2025-12-08,6,ночь,24,Корпуса утюгов,520,468,7,16
1736,2025-12-09,1,день,19,Чайник электрический,420,419,6,1
1737,2025-12-09,1,ночь,1,Чайник электрический,420,352,18,18
1738,2025-12-09,2,день,20,Чайник электрический,480,424,11,20
1739,2025-12-09,2,ночь,2,Чайник электрический,480,445,3,3
1740,2025-12-09,3,день,21,Блендер погружной,300,269,7,54
1741,2025-12-09,3,ночь,3,Блендер погружной,300,274,9,
1742,2025-12-09,4,день,22,Блендер погружной,360,341,3,15
1743,2025-12-09,4,ночь,4,Блендер погружной,360,319,1,19
1744,2025-12-09,5,день,23,Упаковка комплектов,900,882,14,17
1745,2025-12-09,5,ночь,5,Упаковка комплектов,900,787,40,12
1746,2025-12-09,6,день,24,Корпуса утюгов,520,524,6,1
1747,2025-12-09,6,ночь,6,Корпуса утюгов,520,500,10,13
1748,2025-12-10,1,день,19,Чайник электрический,420,406,5,28
1749,2025-12-10,1,ночь,1,Чайник электрический,420,354,19,16
1750,2025-12-10,2,день,20,Чайник электрический,480,421,9,16
1751,2025-12-10,2,ночь,2,Чайник электрический,480,446,11,9
1752,2025-12-10,3,день,21,Блендер погружной,300,111,3,300
1753,2025-12-10,3,ночь,3,Блендер погружной,300,250,7,44
1754,2025-12-10,4,день,22,Блендер погружной,360,337,2,11
1755,2025-12-10,4,ночь,4,Блендер погружной,360,333,4,6
1756,2025-12-10,5,день,23,Упаковка комплектов,900,834,16,44
1757,2025-12-10,5,ночь,5,Упаковка комплектов,900,756,40,20
1758,2025-12-10,6,день,24,Корпуса утюгов,520,485,3,17
1759,2025-12-10,6,ночь,6,Корпуса утюгов,520,485,7,12
1760,2025-12-11,1,день,19,Чайник электрический,420,421,9,7
1761,2025-12-11,1,ночь,1,Чайник электрический,420,333,17,35
1762,2025-12-11,2,день,20,Чайник электрический,480,417,15,23
1763,2025-12-11,2,ночь,2,Чайник электрический,480,450,4,8
1764,2025-12-11,3,день,21,Блендер погружной,300,282,7,18
1765,2025-12-11,3,ночь,3,Блендер погружной,300,271,9,22
1766,2025-12-11,4,день,22,Блендер погружной,360,335,2,14
1767,2025-12-11,4,ночь,4,Блендер погружной,360,345,8,13
1768,2025-12-11,5,день,23,Упаковка комплектов,900,799,17,38
1769,2025-12-11,5,ночь,5,Упаковка комплектов,900,765,46,19
1770,2025-12-11,6,день,24,Корпуса утюгов,520,479,5,26
1771,2025-12-11,6,ночь,6,Корпуса утюгов,520,484,10,13
1772,2025-12-12,1,день,19,Чайник электрический,420,403,7,29
1773,2025-12-12,1,ночь,1,Чайник электрический,420,352,15,15
1774,2025-12-12,2,день,20,Чайник электрический,480,398,13,20
1775,2025-12-12,2,ночь,2,Чайник электрический,480,452,4,2
1776,2025-12-12,3,день,21,Блендер погружной,300,274,5,45
1777,2025-12-12,3,ночь,3,Блендер погружной,300,259,10,43
1778,2025-12-12,4,день,22,Блендер погружной,360,329,7,
1779,2025-12-12,4,ночь,4,Блендер погружной,360,327,3,2
1780,2025-12-12,5,день,23,Упаковка комплектов,900,798,15,46
1781,2025-12-12,5,ночь,5,Упаковка комплектов,900,711,44,58
1782,2025-12-12,6,день,24,Корпуса утюгов,520,476,10,
1783,2025-12-12,6,ночь,6,Корпуса утюгов,520,482,10,21
1784,2025-12-13,1,день,19,Чайник электрический,420,386,7,26
1785,2025-12-13,1,ночь,1,Чайник электрический,420,340,19,16
1786,2025-12-13,2,день,20,Чайник электрический,480,410,12,11
1787,2025-12-13,2,ночь,2,Чайник электрический,480,448,8,10
1788,2025-12-13,3,день,21,Блендер погружной,300,271,8,47
1789,2025-12-13,3,ночь,3,Блендер погружной,300,256,12,42
1790,2025-12-13,4,день,22,Блендер погружной,360,337,1,6
1791,2025-12-13,4,ночь,4,Блендер погружной,360,326,7,15
1792,2025-12-13,5,день,23,Упаковка комплектов,900,849,12,27
1793,2025-12-13,5,ночь,5,Упаковка комплектов,900,732,40,31
1794,2025-12-13,6,день,24,Корпуса утюгов,520,523,10,9
1795,2025-12-13,6,ночь,6,Корпуса утюгов,520,472,11,17
1796,2025-12-14,1,день,19,Чайник электрический,420,393,8,22
1797,2025-12-14,2,день,20,Чайник электрический,480,402,6,14
1798,2025-12-14,3,день,21,Блендер погружной,300,287,7,33
1799,2025-12-14,5,день,23,Упаковка комплектов,900,833,15,15
1800,2025-12-15,1,день,19,Чайник электрический,420,382,5,29
1801,2025-12-15,1,ночь,1,Чайник электрический,420,331,16,27
1802,2025-12-15,2,день,20,Чайник электрический,480,416,15,5
1803,2025-12-15,2,ночь,2,Чайник электрический,480,443,6,12
1804,2025-12-15,3,день,21,Блендер погружной,300,252,5,66
1805,2025-12-15,3,ночь,3,Блендер погружной,300,265,9,34
1806,2025-12-15,4,день,22,Блендер погружной,360,328,2,4
1807,2025-12-15,4,ночь,4,Блендер погружной,360,330,6,
1808,2025-12-15,5,день,23,Упаковка комплектов,900,847,18,15
1809,2025-12-15,5,ночь,5,Упаковка комплектов,900,764,44,20
1810,2025-12-15,6,день,24,Корпуса утюгов,520,498,7,8
1811,2025-12-15,6,ночь,6,Корпуса утюгов,520,455,11,30
1812,2025-12-16,1,день,1,Чайник электрический,420,383,16,10
1813,2025-12-16,1,ночь,7,Чайник электрический,420,356,10,47
1814,2025-12-16,2,день,2,Чайник электрический,480,454,5,17
1815,2025-12-16,2,ночь,8,Чайник электрический,480,443,5,17
1816,2025-12-16,3,день,3,Блендер погружной,300,269,8,49
1817,2025-12-16,3,ночь,9,Блендер погружной,300,260,7,25
1818,2025-12-16,4,день,4,Блендер погружной,360,354,6,5
1819,2025-12-16,4,ночь,10,Блендер погружной,360,294,9,6
1820,2025-12-16,5,день,5,Упаковка комплектов,900,741,30,39
1821,2025-12-16,5,ночь,11,Упаковка комплектов,900,805,16,13
1822,2025-12-16,6,день,6,Корпуса утюгов,520,535,12,0
1823,2025-12-16,6,ночь,12,Корпуса утюгов,520,443,13,3
1824,2025-12-17,1,день,1,Чайник электрический,420,382,13,14
1825,2025-12-17,1,ночь,7,Чайник электрический,420,379,5,22
1826,2025-12-17,2,день,2,Чайник электрический,480,457,4,20
1827,2025-12-17,2,ночь,8,Чайник электрический,480,441,8,0
1828,2025-12-17,3,день,3,Блендер погружной,300,273,8,46
1829,2025-12-17,3,ночь,9,Блендер погружной,300,271,11,36
1830,2025-12-17,4,день,4,Блендер погружной,360,357,0,0
1831,2025-12-17,4,ночь,10,Блендер погружной,360,305,9,11
1832,2025-12-17,5,день,5,Упаковка комплектов,900,764,27,22
1833,2025-12-17,5,ночь,11,Упаковка комплектов,900,805,18,27
1834,2025-12-17,6,день,6,Корпуса утюгов,520,523,1,0
1835,2025-12-17,6,ночь,12,Корпуса утюгов,520,442,10,13
1836,2025-12-18,1,день,1,Чайник электрический,420,367,19,25
1837,2025-12-18,1,ночь,7,Чайник электрический,420,391,9,18
1838,2025-12-18,2,день,2,Чайник электрический,480,447,7,16
1839,2025-12-18,2,ночь,8,Чайник электрический,480,448,7,21
1840,2025-12-18,3,день,3,Блендер погружной,300,269,6,60
1841,2025-12-18,3,ночь,9,Блендер погружной,300,273,9,25
1842,2025-12-18,4,день,4,Блендер погружной,360,350,3,7
1843,2025-12-18,4,ночь,10,Блендер погружной,360,290,7,12
1844,2025-12-18,5,день,5,Упаковка комплектов,900,804,42,6
1845,2025-12-18,5,ночь,11,Упаковка комплектов,900,793,19,25
1846,2025-12-18,6,день,6,Корпуса утюгов,520,488,5,17
1847,2025-12-18,6,ночь,12,Корпуса утюгов,520,443,8,3
1848,2025-12-19,1,день,1,Чайник электрический,420,348,15,28
1849,2025-12-19,1,ночь,7,Чайник электрический,420,392,10,20
1850,2025-12-19,2,день,2,Чайник электрический,480,463,5,15
1851,2025-12-19,2,ночь,8,Чайник электрический,480,438,12,22
1852,2025-12-19,3,день,3,Блендер погружной,300,287,8,33
1853,2025-12-19,3,ночь,9,Блендер погружной,300,267,9,18
1854,2025-12-19,4,день,4,Блендер погружной,360,357,3,4
1855,2025-12-19,4,ночь,10,Блендер погружной,360,297,5,15
1856,2025-12-19,5,день,5,Упаковка комплектов,900,802,32,23
1857,2025-12-19,5,ночь,11,Упаковка комплектов,900,845,20,9
1858,2025-12-19,6,день,6,Корпуса утюгов,520,484,7,13
1859,2025-12-19,6,ночь,12,Корпуса утюгов,520,434,5,28
1860,2025-12-20,1,день,1,Чайник электрический,420,374,16,1
1861,2025-12-20,1,ночь,7,Чайник электрический,420,374,8,36
1862,2025-12-20,2,день,2,Чайник электрический,480,442,5,16
1863,2025-12-20,2,ночь,8,Чайник электрический,480,430,8,8
1864,2025-12-20,3,день,3,Блендер погружной,300,262,7,41
1865,2025-12-20,3,ночь,9,Блендер погружной,300,247,10,64
1866,2025-12-20,4,день,4,Блендер погружной,360,341,2,8
1867,2025-12-20,4,ночь,10,Блендер погружной,360,307,8,17
1868,2025-12-20,5,день,5,Упаковка комплектов,900,778,35,25
1869,2025-12-20,5,ночь,11,Упаковка комплектов,900,781,26,23
1870,2025-12-20,6,день,6,Корпуса утюгов,520,498,6,0
1871,2025-12-20,6,ночь,12,Корпуса утюгов,520,442,4,2
1872,2025-12-21,2,день,2,Чайник электрический,480,470,6,2
1873,2025-12-21,5,день,5,Упаковка комплектов,900,758,31,13
1874,2025-12-22,1,день,1,Чайник электрический,420,359,14,20
1875,2025-12-22,1,ночь,7,Чайник электрический,420,398,9,15
1876,2025-12-22,2,день,2,Чайник электрический,480,480,9,12
1877,2025-12-22,2,ночь,8,Чайник электрический,480,437,7,
1878,2025-12-22,3,день,3,Блендер погружной,300,298,7,
1879,2025-12-22,3,ночь,9,Блендер погружной,300,266,10,41
1880,2025-12-22,4,день,4,Блендер погружной,360,350,4,24
1881,2025-12-22,4,ночь,10,Блендер погружной,360,302,8,6
1882,2025-12-22,5,день,5,Упаковка комплектов,900,751,35,29
1883,2025-12-22,5,ночь,11,Упаковка комплектов,900,797,14,29
1884,2025-12-22,6,день,6,Корпуса утюгов,520,495,13,12
1885,2025-12-22,6,ночь,12,Корпуса утюгов,520,453,14,15
1886,2025-12-23,1,день,7,Чайник электрический,420,393,4,20
1887,2025-12-23,1,ночь,13,Чайник электрический,420,373,8,11
1888,2025-12-23,2,день,8,Чайник электрический,480,260,2,223
1889,2025-12-23,2,ночь,14,Чайник электрический,480,464,6,1
1890,2025-12-23,3,день,9,Блендер погружной,300,261,5,44
1891,2025-12-23,3,ночь,15,Блендер погружной,300,245,19,15
1892,2025-12-23,4,день,10,Блендер погружной,360,307,5,
1893,2025-12-23,4,ночь,16,Блендер погружной,360,329,1,14
1894,2025-12-23,5,день,11,Упаковка комплектов,900,836,17,27
1895,2025-12-23,5,ночь,17,Упаковка комплектов,900,768,13,40
1896,2025-12-23,6,день,12,Корпуса утюгов,520,460,7,21
1897,2025-12-23,6,ночь,18,Корпуса утюгов,520,499,8,13
1898,2025-12-24,1,день,7,Чайник электрический,420,399,9,9
1899,2025-12-24,1,ночь,13,Чайник электрический,420,401,15,0
1900,2025-12-24,2,день,8,Чайник электрический,480,458,9,12
1901,2025-12-24,2,ночь,14,Чайник электрический,480,467,9,3
1902,2025-12-24,3,день,9,Блендер погружной,300,295,8,9
1903,2025-12-24,3,ночь,15,Блендер погружной,300,236,17,43
1904,2025-12-24,4,день,10,Блендер погружной,360,301,7,17
1905,2025-12-24,4,ночь,16,Блендер погружной,360,348,5,0
1906,2025-12-24,5,день,11,Упаковка комплектов,900,807,11,17
1907,2025-12-24,5,ночь,17,Упаковка комплектов,900,788,14,40
1908,2025-12-24,6,день,12,Корпуса утюгов,520,459,12,18
1909,2025-12-24,6,ночь,18,Корпуса утюгов,520,481,10,30
1910,2025-12-25,1,день,7,Чайник электрический,420,398,8,4
1911,2025-12-25,1,ночь,13,Чайник электрический,420,397,5,8
1912,2025-12-25,2,день,8,Чайник электрический,480,456,5,10
1913,2025-12-25,2,ночь,14,Чайник электрический,480,429,6,19
1914,2025-12-25,3,день,9,Блендер погружной,300,292,8,2
1915,2025-12-25,3,ночь,15,Блендер погружной,300,228,16,37
1916,2025-12-25,4,день,10,Блендер погружной,360,308,5,3
1917,2025-12-25,4,ночь,16,Блендер погружной,360,331,4,8
1918,2025-12-25,5,день,11,Упаковка комплектов,900,794,14,32
1919,2025-12-25,5,ночь,17,Упаковка комплектов,900,857,25,13
1920,2025-12-25,6,день,12,Корпуса утюгов,520,464,10,16
1921,2025-12-25,6,ночь,18,Корпуса утюгов,520,459,14,19
1922,2025-12-26,1,день,7,Чайник электрический,420,399,10,10
1923,2025-12-26,1,ночь,13,Чайник электрический,420,371,4,31
1924,2025-12-26,2,день,8,Чайник электрический,480,432,4,25
1925,2025-12-26,2,ночь,14,Чайник электрический,480,435,2,6
1926,2025-12-26,3,день,9,Блендер погружной,300,286,9,28
1927,2025-12-26,3,ночь,15,Блендер погружной,300,158,12,181
1928,2025-12-26,4,день,10,Блендер погружной,360,328,7,6
1929,2025-12-26,4,ночь,16,Блендер погружной,360,328,5,10
1930,2025-12-26,5,день,11,Упаковка комплектов,900,813,13,14
1931,2025-12-26,5,ночь,17,Упаковка комплектов,900,805,19,33
1932,2025-12-26,6,день,12,Корпуса утюгов,520,464,12,23
1933,2025-12-26,6,ночь,18,Корпуса утюгов,520,478,14,6
1934,2025-12-27,1,день,7,Чайник электрический,420,404,9,0
1935,2025-12-27,1,ночь,13,Чайник электрический,420,365,9,24
1936,2025-12-27,2,день,8,Чайник электрический,480,466,7,2
1937,2025-12-27,2,ночь,14,Чайник электрический,480,448,5,20
1938,2025-12-27,3,день,9,Блендер погружной,300,294,7,22
1939,2025-12-27,3,ночь,15,Блендер погружной,300,244,18,33
1940,2025-12-27,4,день,10,Блендер погружной,360,324,8,11
1941,2025-12-27,4,ночь,16,Блендер погружной,360,339,2,9
1942,2025-12-27,5,день,11,Упаковка комплектов,900,839,13,24
1943,2025-12-27,5,ночь,17,Упаковка комплектов,900,825,18,30
1944,2025-12-27,6,день,12,Корпуса утюгов,520,476,8,4
1945,2025-12-27,6,ночь,18,Корпуса утюгов,520,486,11,23
1946,2025-12-28,1,день,7,Чайник электрический,420,422,5,
1947,2025-12-28,4,день,10,Блендер погружной,360,315,7,10
1948,2025-12-28,5,день,11,Упаковка комплектов,900,835,11,9
1949,2025-12-28,6,день,12,Корпуса утюгов,520,468,12,24
1950,2025-12-29,1,день,7,Чайник электрический,420,392,9,32
1951,2025-12-29,1,ночь,13,Чайник электрический,420,385,7,24
1952,2025-12-29,2,день,8,Чайник электрический,480,463,6,17
1953,2025-12-29,2,ночь,14,Чайник электрический,480,457,7,7
1954,2025-12-29,3,день,9,Блендер погружной,300,253,6,58
1955,2025-12-29,3,ночь,15,Блендер погружной,300,242,19,40
1956,2025-12-29,4,день,10,Блендер погружной,360,303,7,16
1957,2025-12-29,4,ночь,16,Блендер погружной,360,335,4,
1958,2025-12-29,5,день,11,Упаковка комплектов,900,817,8,34
1959,2025-12-29,5,ночь,17,Упаковка комплектов,900,803,18,22
1960,2025-12-29,6,день,12,Корпуса утюгов,520,467,5,15
1961,2025-12-29,6,ночь,18,Корпуса утюгов,520,480,10,21
1962,2025-12-30,1,день,13,Чайник электрический,420,397,9,0
1963,2025-12-30,1,ночь,19,Чайник электрический,420,388,10,16
1964,2025-12-30,2,день,14,Чайник электрический,480,448,3,9
1965,2025-12-30,2,ночь,20,Чайник электрический,480,415,12,13
1966,2025-12-30,3,день,15,Блендер погружной,300,245,17,28
1967,2025-12-30,3,ночь,21,Блендер погружной,300,280,9,3
1968,2025-12-30,4,день,16,Блендер погружной,360,338,2,12
1969,2025-12-30,4,ночь,22,Блендер погружной,360,317,5,5
1970,2025-12-30,5,день,17,Упаковка комплектов,900,861,19,26
1971,2025-12-30,5,ночь,23,Упаковка комплектов,900,724,16,61
1972,2025-12-30,6,день,18,Корпуса утюгов,520,504,5,0
1973,2025-12-30,6,ночь,24,Корпуса утюгов,520,445,9,30
1974,2025-12-31,1,день,13,Чайник электрический,420,405,4,12
1975,2025-12-31,1,ночь,19,Чайник электрический,420,366,8,24
1976,2025-12-31,2,день,14,Чайник электрический,480,473,5,19
1977,2025-12-31,2,ночь,20,Чайник электрический,480,408,11,12
1978,2025-12-31,3,день,15,Блендер погружной,300,240,13,33
1979,2025-12-31,3,ночь,21,Блендер погружной,300,261,8,26
1980,2025-12-31,4,день,16,Блендер погружной,360,332,5,14
1981,2025-12-31,4,ночь,22,Блендер погружной,360,308,6,22
1982,2025-12-31,5,день,17,Упаковка комплектов,900,866,13,9
1983,2025-12-31,5,ночь,23,Упаковка комплектов,900,793,14,21
1984,2025-12-31,6,день,18,Корпуса утюгов,520,486,9,10
1985,2025-12-31,6,ночь,24,Корпуса утюгов,520,473,16,10
1986,2026-01-09,1,день,19,Чайник электрический,420,370,8,39
1987,2026-01-09,1,ночь,1,Чайник электрический,420,372,22,5
1988,2026-01-09,2,день,20,Чайник электрический,480,426,9,5
1989,2026-01-09,2,ночь,2,Чайник электрический,480,448,6,0
1990,2026-01-09,3,день,21,Блендер погружной,300,265,9,55
1991,2026-01-09,3,ночь,3,Блендер погружной,300,262,12,24
1992,2026-01-09,4,день,22,Блендер погружной,360,322,3,14
1993,2026-01-09,4,ночь,4,Блендер погружной,360,322,6,10
1994,2026-01-09,5,день,23,Упаковка комплектов,900,853,8,30
1995,2026-01-09,5,ночь,5,Упаковка комплектов,900,745,46,24
1996,2026-01-09,6,день,24,Корпуса утюгов,520,517,8,7
1997,2026-01-09,6,ночь,6,Корпуса утюгов,520,470,7,28
1998,2026-01-10,1,день,19,Чайник электрический,420,414,10,21
1999,2026-01-10,1,ночь,1,Чайник электрический,420,356,18,24
2000,2026-01-10,2,день,20,Чайник электрический,480,415,14,16
2001,2026-01-10,2,ночь,2,Чайник электрический,480,446,5,7
2002,2026-01-10,3,день,21,Блендер погружной,300,265,5,65
2003,2026-01-10,3,ночь,3,Блендер погружной,300,271,11,36
2004,2026-01-10,4,день,22,Блендер погружной,360,328,3,8
2005,2026-01-10,4,ночь,4,Блендер погружной,360,329,4,13
2006,2026-01-10,5,день,23,Упаковка комплектов,900,822,16,26
2007,2026-01-10,5,ночь,5,Упаковка комплектов,900,742,47,5
2008,2026-01-10,6,день,24,Корпуса утюгов,520,508,2,21
2009,2026-01-10,6,ночь,6,Корпуса утюгов,520,490,8,11
2010,2026-01-11,1,день,19,Чайник электрический,420,390,7,28
2011,2026-01-11,4,день,22,Блендер погружной,360,329,5,8
2012,2026-01-11,5,день,23,Упаковка комплектов,900,853,20,28
2013,2026-01-11,6,день,24,Корпуса утюгов,520,502,8,8
2014,2026-01-12,1,день,19,Чайник электрический,420,391,12,23
2015,2026-01-12,1,ночь,1,Чайник электрический,420,341,17,20
2016,2026-01-12,2,день,20,Чайник электрический,480,440,5,5
2017,2026-01-12,2,ночь,2,Чайник электрический,480,444,5,16
2018,2026-01-12,3,день,21,Блендер погружной,300,291,12,22
2019,2026-01-12,3,ночь,3,Блендер погружной,300,259,8,43
2020,2026-01-12,4,день,22,Блендер погружной,360,316,7,19
2021,2026-01-12,4,ночь,4,Блендер погружной,360,128,2,296
2022,2026-01-12,5,день,23,Упаковка комплектов,900,880,13,22
2023,2026-01-12,5,ночь,5,Упаковка комплектов,900,736,44,15
2024,2026-01-12,6,день,24,Корпуса утюгов,520,507,6,0
2025,2026-01-12,6,ночь,6,Корпуса утюгов,520,480,10,21
2026,2026-01-13,1,день,1,Чайник электрический,420,374,13,0
2027,2026-01-13,1,ночь,7,Чайник электрический,420,396,12,18
2028,2026-01-13,2,день,2,Чайник электрический,480,447,8,14
2029,2026-01-13,2,ночь,8,Чайник электрический,480,441,6,11
2030,2026-01-13,3,день,3,Блендер погружной,300,294,7,10
2031,2026-01-13,3,ночь,9,Блендер погружной,300,252,9,48
2032,2026-01-13,4,день,4,Блендер погружной,360,362,4,5
2033,2026-01-13,4,ночь,10,Блендер погружной,360,290,5,12
2034,2026-01-13,5,день,5,Упаковка комплектов,900,804,34,13
2035,2026-01-13,5,ночь,11,Упаковка комплектов,900,826,19,18
2036,2026-01-13,6,день,6,Корпуса утюгов,520,491,8,37
2037,2026-01-13,6,ночь,12,Корпуса утюгов,520,438,7,11
2038,2026-01-14,1,день,1,Чайник электрический,420,346,16,26
2039,2026-01-14,1,ночь,7,Чайник электрический,420,376,8,17
2040,2026-01-14,2,день,2,Чайник электрический,480,457,6,9
2041,2026-01-14,2,ночь,8,Чайник электрический,480,444,5,23
2042,2026-01-14,3,день,3,Блендер погружной,300,288,8,14
2043,2026-01-14,3,ночь,9,Блендер погружной,300,269,10,22
2044,2026-01-14,4,день,4,Блендер погружной,360,337,5,18
2045,2026-01-14,4,ночь,10,Блендер погружной,360,294,8,20
2046,2026-01-14,5,день,5,Упаковка комплектов,900,765,37,12
2047,2026-01-14,5,ночь,11,Упаковка комплектов,900,757,26,31
2048,2026-01-14,6,день,6,Корпуса утюгов,520,512,4,12
2049,2026-01-14,6,ночь,12,Корпуса утюгов,520,467,9,5
2050,2026-01-15,1,день,1,Чайник электрический,420,361,13,32
2051,2026-01-15,1,ночь,7,Чайник электрический,420,375,10,39
2052,2026-01-15,2,день,2,Чайник электрический,480,445,0,19
2053,2026-01-15,2,ночь,8,Чайник электрический,480,429,9,13
2054,2026-01-15,3,день,3,Блендер погружной,300,285,11,12
2055,2026-01-15,3,ночь,9,Блендер погружной,300,285,12,9
2056,2026-01-15,4,день,4,Блендер погружной,360,351,5,12
2057,2026-01-15,4,ночь,10,Блендер погружной,360,302,11,11
2058,2026-01-15,5,день,5,Упаковка комплектов,900,781,40,13
2059,2026-01-15,5,ночь,11,Упаковка комплектов,900,808,24,23
2060,2026-01-15,6,день,6,Корпуса утюгов,520,515,8,13
2061,2026-01-15,6,ночь,12,Корпуса утюгов,520,443,8,22
2062,2026-01-16,1,день,1,Чайник электрический,420,369,12,28
2063,2026-01-16,1,ночь,7,Чайник электрический,420,402,9,0
2064,2026-01-16,2,день,2,Чайник электрический,480,466,7,2
2065,2026-01-16,2,ночь,8,Чайник электрический,480,431,7,11
2066,2026-01-16,3,день,3,Блендер погружной,300,276,11,23
2067,2026-01-16,3,ночь,9,Блендер погружной,300,277,13,28
2068,2026-01-16,4,день,4,Блендер погружной,360,178,2,234
2069,2026-01-16,4,ночь,10,Блендер погружной,360,300,8,2
2070,2026-01-16,5,день,5,Упаковка комплектов,900,801,39,7
2071,2026-01-16,5,ночь,11,Упаковка комплектов,900,781,21,33
2072,2026-01-16,6,день,6,Корпуса утюгов,520,486,8,28
2073,2026-01-16,6,ночь,12,Корпуса утюгов,520,440,9,32
2074,2026-01-17,1,день,1,Чайник электрический,420,351,12,25
2075,2026-01-17,1,ночь,7,Чайник электрический,420,380,11,10
2076,2026-01-17,2,день,2,Чайник электрический,480,464,7,8
2077,2026-01-17,2,ночь,8,Чайник электрический,480,429,8,31
2078,2026-01-17,3,день,3,Блендер погружной,300,282,7,37
2079,2026-01-17,3,ночь,9,Блендер погружной,300,289,11,6
2080,2026-01-17,4,день,4,Блендер погружной,360,362,5,0
2081,2026-01-17,4,ночь,10,Блендер погружной,360,306,11,15
2082,2026-01-17,5,день,5,Упаковка комплектов,900,740,30,26
2083,2026-01-17,5,ночь,11,Упаковка комплектов,900,800,18,
2084,2026-01-17,6,день,6,Корпуса утюгов,520,467,5,30
2085,2026-01-17,6,ночь,12,Корпуса утюгов,520,464,8,0
2086,2026-01-18,2,день,2,Чайник электрический,480,454,4,15
2087,2026-01-18,3,день,3,Блендер погружной,300,273,10,46
2088,2026-01-18,4,день,4,Блендер погружной,360,342,7,7
2089,2026-01-18,5,день,5,Упаковка комплектов,900,757,31,19
2090,2026-01-19,1,день,1,Чайник электрический,420,348,12,28
2091,2026-01-19,1,ночь,7,Чайник электрический,420,369,6,34
2092,2026-01-19,2,день,2,Чайник электрический,480,247,2,226
2093,2026-01-19,2,ночь,8,Чайник электрический,480,431,8,8
2094,2026-01-19,3,день,3,Блендер погружной,300,256,12,50
2095,2026-01-19,3,ночь,9,Блендер погружной,300,258,9,32
2096,2026-01-19,4,день,4,Блендер погружной,360,135,1,296
2097,2026-01-19,4,ночь,10,Блендер погружной,360,293,7,9
2098,2026-01-19,5,день,5,Упаковка комплектов,900,785,36,15
2099,2026-01-19,5,ночь,11,Упаковка комплектов,900,772,20,16
2100,2026-01-19,6,день,6,Корпуса утюгов,520,516,9,17
2101,2026-01-19,6,ночь,12,Корпуса утюгов,520,456,9,15
2102,2026-01-20,1,день,7,Чайник электрический,420,396,12,8
2103,2026-01-20,1,ночь,13,Чайник электрический,420,368,12,24
2104,2026-01-20,2,день,8,Чайник электрический,480,459,9,22
2105,2026-01-20,2,ночь,14,Чайник электрический,480,433,13,8
2106,2026-01-20,3,день,9,Блендер погружной,300,275,7,32
2107,2026-01-20,3,ночь,15,Блендер погружной,300,256,18,6
2108,2026-01-20,4,день,10,Блендер погружной,360,303,4,13
2109,2026-01-20,4,ночь,16,Блендер погружной,360,321,8,12
2110,2026-01-20,5,день,11,Упаковка комплектов,900,838,20,13
2111,2026-01-20,5,ночь,17,Упаковка комплектов,900,824,22,35
2112,2026-01-20,6,день,12,Корпуса утюгов,520,446,8,15
2113,2026-01-20,6,ночь,18,Корпуса утюгов,520,463,10,19
2114,2026-01-21,1,день,7,Чайник электрический,420,383,9,35
2115,2026-01-21,1,ночь,13,Чайник электрический,420,363,8,37
2116,2026-01-21,2,день,8,Чайник электрический,480,443,12,14
2117,2026-01-21,2,ночь,14,Чайник электрический,480,438,6,13
2118,2026-01-21,3,день,9,Блендер погружной,300,296,7,19
2119,2026-01-21,3,ночь,15,Блендер погружной,300,218,17,78
2120,2026-01-21,4,день,10,Блендер погружной,360,307,6,30
2121,2026-01-21,4,ночь,16,Блендер погружной,360,323,4,13
2122,2026-01-21,5,день,11,Упаковка комплектов,900,802,14,19
2123,2026-01-21,5,ночь,17,Упаковка комплектов,900,840,21,25
2124,2026-01-21,6,день,12,Корпуса утюгов,520,472,9,11
2125,2026-01-21,6,ночь,18,Корпуса утюгов,520,469,11,20
2126,2026-01-22,1,день,7,Чайник электрический,420,380,3,27
2127,2026-01-22,1,ночь,13,Чайник электрический,420,383,10,28
2128,2026-01-22,2,день,8,Чайник электрический,480,460,4,21
2129,2026-01-22,2,ночь,14,Чайник электрический,480,447,3,9
2130,2026-01-22,3,день,9,Блендер погружной,300,275,9,24
2131,2026-01-22,3,ночь,15,Блендер погружной,300,263,24,0
2132,2026-01-22,4,день,10,Блендер погружной,360,316,10,18
2133,2026-01-22,4,ночь,16,Блендер погружной,360,347,4,7
2134,2026-01-22,5,день,11,Упаковка комплектов,900,829,19,31
2135,2026-01-22,5,ночь,17,Упаковка комплектов,900,811,20,12
2136,2026-01-22,6,день,12,Корпуса утюгов,520,430,4,35
2137,2026-01-22,6,ночь,18,Корпуса утюгов,520,464,8,37
2138,2026-01-23,1,день,7,Чайник электрический,420,393,10,12
2139,2026-01-23,1,ночь,13,Чайник электрический,420,370,11,32
2140,2026-01-23,2,день,8,Чайник электрический,480,446,3,18
2141,2026-01-23,2,ночь,14,Чайник электрический,480,439,7,15
2142,2026-01-23,3,день,9,Блендер погружной,300,298,7,15
2143,2026-01-23,3,ночь,15,Блендер погружной,300,255,19,18
2144,2026-01-23,4,день,10,Блендер погружной,360,305,8,17
2145,2026-01-23,4,ночь,16,Блендер погружной,360,334,1,20
2146,2026-01-23,5,день,11,Упаковка комплектов,900,857,10,2
2147,2026-01-23,5,ночь,17,Упаковка комплектов,900,837,17,18
2148,2026-01-23,6,день,12,Корпуса утюгов,520,437,7,28
2149,2026-01-23,6,ночь,18,Корпуса утюгов,520,490,15,4
2150,2026-01-24,1,день,7,Чайник электрический,420,369,8,40
2151,2026-01-24,1,ночь,13,Чайник электрический,420,372,6,18
2152,2026-01-24,2,день,8,Чайник электрический,480,482,10,0
2153,2026-01-24,2,ночь,14,Чайник электрический,480,423,6,27
2154,2026-01-24,3,день,9,Блендер погружной,300,122,3,287
2155,2026-01-24,3,ночь,15,Блендер погружной,300,235,20,26
2156,2026-01-24,4,день,10,Блендер погружной,360,323,8,14
2157,2026-01-24,4,ночь,16,Блендер погружной,360,334,6,16
2158,2026-01-24,5,день,11,Упаковка комплектов,900,864,6,9
2159,2026-01-24,5,ночь,17,Упаковка комплектов,900,789,14,28
2160,2026-01-24,6,день,12,Корпуса утюгов,520,439,6,23
2161,2026-01-24,6,ночь,18,Корпуса утюгов,520,502,11,
2162,2026-01-25,1,день,7,Чайник электрический,420,234,3,198
2163,2026-01-25,2,день,8,Чайник электрический,480,483,9,1
2164,2026-01-25,4,день,10,Блендер погружной,360,312,9,15
2165,2026-01-25,5,день,11,Упаковка комплектов,900,839,23,20
2166,2026-01-26,1,день,7,Чайник электрический,420,390,5,39
2167,2026-01-26,1,ночь,13,Чайник электрический,420,363,10,40
2168,2026-01-26,2,день,8,Чайник электрический,480,448,9,19
2169,2026-01-26,2,ночь,14,Чайник электрический,480,456,7,6
2170,2026-01-26,3,день,9,Блендер погружной,300,291,11,15
2171,2026-01-26,3,ночь,15,Блендер погружной,300,231,17,49
2172,2026-01-26,4,день,10,Блендер погружной,360,326,4,9
2173,2026-01-26,4,ночь,16,Блендер погружной,360,316,9,25
2174,2026-01-26,5,день,11,Упаковка комплектов,900,812,18,28
2175,2026-01-26,5,ночь,17,Упаковка комплектов,900,829,17,19
2176,2026-01-26,6,день,12,Корпуса утюгов,520,436,10,24
2177,2026-01-26,6,ночь,18,Корпуса утюгов,520,480,4,5
2178,2026-01-27,1,день,13,Чайник электрический,420,421,8,5
2179,2026-01-27,1,ночь,19,Чайник электрический,420,388,12,26
2180,2026-01-27,2,день,14,Чайник электрический,480,442,1,16
2181,2026-01-27,2,ночь,20,Чайник электрический,480,401,15,26
2182,2026-01-27,3,день,15,Блендер погружной,300,233,17,73
2183,2026-01-27,3,ночь,21,Блендер погружной,300,275,11,27
2184,2026-01-27,4,день,16,Блендер погружной,360,349,2,9
2185,2026-01-27,4,ночь,22,Блендер погружной,360,332,8,6
2186,2026-01-27,5,день,17,Упаковка комплектов,900,810,12,35
2187,2026-01-27,5,ночь,23,Упаковка комплектов,900,783,21,38
2188,2026-01-27,6,день,18,Корпуса утюгов,520,484,8,13
2189,2026-01-27,6,ночь,24,Корпуса утюгов,520,496,10,14
2190,2026-01-28,1,день,13,Чайник электрический,420,409,9,0
2191,2026-01-28,1,ночь,19,Чайник электрический,420,396,9,12
2192,2026-01-28,2,день,14,Чайник электрический,480,453,9,12
2193,2026-01-28,2,ночь,20,Чайник электрический,480,395,13,4
2194,2026-01-28,3,день,15,Блендер погружной,300,238,15,40
2195,2026-01-28,3,ночь,21,Блендер погружной,300,264,9,46
2196,2026-01-28,4,день,16,Блендер погружной,360,340,4,23
2197,2026-01-28,4,ночь,22,Блендер погружной,360,302,3,29
2198,2026-01-28,5,день,17,Упаковка комплектов,900,828,15,18
2199,2026-01-28,5,ночь,23,Упаковка комплектов,900,828,26,3
2200,2026-01-28,6,день,18,Корпуса утюгов,520,518,10,6
2201,2026-01-28,6,ночь,24,Корпуса утюгов,520,507,4,1
2202,2026-01-29,1,день,13,Чайник электрический,420,417,8,9
2203,2026-01-29,1,ночь,19,Чайник электрический,420,367,6,22
2204,2026-01-29,2,день,14,Чайник электрический,480,470,3,5
2205,2026-01-29,2,ночь,20,Чайник электрический,480,400,11,19
2206,2026-01-29,3,день,15,Блендер погружной,300,259,16,26
2207,2026-01-29,3,ночь,21,Блендер погружной,300,288,11,11
2208,2026-01-29,4,день,16,Блендер погружной,360,344,3,16
2209,2026-01-29,4,ночь,22,Блендер погружной,360,319,7,18
2210,2026-01-29,5,день,17,Упаковка комплектов,900,876,15,0
2211,2026-01-29,5,ночь,23,Упаковка комплектов,900,761,21,42
2212,2026-01-29,6,день,18,Корпуса утюгов,520,482,11,20
2213,2026-01-29,6,ночь,24,Корпуса утюгов,520,471,10,9
2214,2026-01-30,1,день,13,Чайник электрический,420,370,8,40
2215,2026-01-30,1,ночь,19,Чайник электрический,420,381,7,21
2216,2026-01-30,2,день,14,Чайник электрический,480,477,7,17
2217,2026-01-30,2,ночь,20,Чайник электрический,480,408,11,9
2218,2026-01-30,3,день,15,Блендер погружной,300,188,12,132
2219,2026-01-30,3,ночь,21,Блендер погружной,300,280,8,20
2220,2026-01-30,4,день,16,Блендер погружной,360,333,3,19
2221,2026-01-30,4,ночь,22,Блендер погружной,360,312,0,9
2222,2026-01-30,5,день,17,Упаковка комплектов,900,860,19,
2223,2026-01-30,5,ночь,23,Упаковка комплектов,900,849,21,7
2224,2026-01-30,6,день,18,Корпуса утюгов,520,504,9,9
2225,2026-01-30,6,ночь,24,Корпуса утюгов,520,479,12,11
2226,2026-01-31,1,день,13,Чайник электрический,420,398,8,20
2227,2026-01-31,1,ночь,19,Чайник электрический,420,391,8,8
2228,2026-01-31,2,день,14,Чайник электрический,480,446,7,13
2229,2026-01-31,2,ночь,20,Чайник электрический,480,400,11,7
2230,2026-01-31,3,день,15,Блендер погружной,300,260,16,21
2231,2026-01-31,3,ночь,21,Блендер погружной,300,256,11,40
2232,2026-01-31,4,день,16,Блендер погружной,360,362,1,9
2233,2026-01-31,4,ночь,22,Блендер погружной,360,323,3,17
2234,2026-01-31,5,день,17,Упаковка комплектов,900,858,18,18
2235,2026-01-31,5,ночь,23,Упаковка комплектов,900,808,11,23
2236,2026-01-31,6,день,18,Корпуса утюгов,520,532,8,2
2237,2026-01-31,6,ночь,24,Корпуса утюгов,520,460,7,20
2238,2026-02-01,1,день,13,Чайник электрический,420,387,6,36
2239,2026-02-01,2,день,14,Чайник электрический,480,475,5,1
2240,2026-02-01,3,день,15,Блендер погружной,300,247,16,36
2241,2026-02-01,4,день,16,Блендер погружной,360,340,1,11
2242,2026-02-01,5,день,17,Упаковка комплектов,900,869,21,28
2243,2026-02-02,1,день,13,Чайник электрический,420,384,9,35
2244,2026-02-02,1,ночь,19,Чайник электрический,420,361,4,34
2245,2026-02-02,2,день,14,Чайник электрический,480,458,8,24
2246,2026-02-02,2,ночь,20,Чайник электрический,480,405,12,19
2247,2026-02-02,3,день,15,Блендер погружной,300,264,19,0
2248,2026-02-02,3,ночь,21,Блендер погружной,300,283,13,0
2249,2026-02-02,4,день,16,Блендер погружной,360,356,2,5
2250,2026-02-02,4,ночь,22,Блендер погружной,360,328,7,10
2251,2026-02-02,5,день,17,Упаковка комплектов,900,881,17,13
2252,2026-02-02,5,ночь,23,Упаковка комплектов,900,797,25,42
2253,2026-02-02,6,день,18,Корпуса утюгов,520,522,13,8
2254,2026-02-02,6,ночь,24,Корпуса утюгов,520,480,12,0
2255,2026-02-03,1,день,19,Чайник электрический,420,409,10,20
2256,2026-02-03,1,ночь,1,Чайник электрический,420,320,14,39
2257,2026-02-03,2,день,20,Чайник электрический,480,397,16,20
2258,2026-02-03,2,ночь,2,Чайник электрический,480,438,6,3
2259,2026-02-03,3,день,21,Блендер погружной,300,276,10,20
2260,2026-02-03,3,ночь,3,Блендер погружной,300,272,11,4
2261,2026-02-03,4,день,22,Блендер погружной,360,251,2,137
2262,2026-02-03,4,ночь,4,Блендер погружной,360,338,1,6
2263,2026-02-03,5,день,23,Упаковка комплектов,900,791,12,38
2264,2026-02-03,5,ночь,5,Упаковка комплектов,900,542,26,145
2265,2026-02-03,6,день,24,Корпуса утюгов,520,494,4,25
2266,2026-02-03,6,ночь,6,Корпуса утюгов,520,475,10,18
2267,2026-02-04,1,день,19,Чайник электрический,420,411,7,5
2268,2026-02-04,1,ночь,1,Чайник электрический,420,348,13,
2269,2026-02-04,2,день,20,Чайник электрический,480,420,11,20
2270,2026-02-04,2,ночь,2,Чайник электрический,480,429,1,11
2271,2026-02-04,3,день,21,Блендер погружной,300,296,8,1
2272,2026-02-04,3,ночь,3,Блендер погружной,300,266,10,28
2273,2026-02-04,4,день,22,Блендер погружной,360,316,3,18
2274,2026-02-04,4,ночь,4,Блендер погружной,360,322,4,13
2275,2026-02-04,5,день,23,Упаковка комплектов,900,817,14,24
2276,2026-02-04,5,ночь,5,Упаковка комплектов,900,712,36,32
2277,2026-02-04,6,день,24,Корпуса утюгов,520,490,5,6
2278,2026-02-04,6,ночь,6,Корпуса утюгов,520,489,12,8
2279,2026-02-05,1,день,19,Чайник электрический,420,408,6,15
2280,2026-02-05,1,ночь,1,Чайник электрический,420,338,20,21
2281,2026-02-05,2,день,20,Чайник электрический,480,424,15,18
2282,2026-02-05,2,ночь,2,Чайник электрический,480,459,8,0
2283,2026-02-05,3,день,21,Блендер погружной,300,280,9,21
2284,2026-02-05,3,ночь,3,Блендер погружной,300,262,12,24
2285,2026-02-05,4,день,22,Блендер погружной,360,324,4,13
2286,2026-02-05,4,ночь,4,Блендер погружной,360,331,2,13
2287,2026-02-05,5,день,23,Упаковка комплектов,900,900,22,11
2288,2026-02-05,5,ночь,5,Упаковка комплектов,900,747,37,13
2289,2026-02-05,6,день,24,Корпуса утюгов,520,496,8,27
2290,2026-02-05,6,ночь,6,Корпуса утюгов,520,478,12,4
2291,2026-02-06,1,день,19,Чайник электрический,420,398,9,8
2292,2026-02-06,1,ночь,1,Чайник электрический,420,353,18,26
2293,2026-02-06,2,день,20,Чайник электрический,480,422,13,7
2294,2026-02-06,2,ночь,2,Чайник электрический,480,454,10,6
2295,2026-02-06,3,день,21,Блендер погружной,300,280,7,28
2296,2026-02-06,3,ночь,3,Блендер погружной,300,272,7,20
2297,2026-02-06,4,день,22,Блендер погружной,360,324,7,3
2298,2026-02-06,4,ночь,4,Блендер погружной,360,331,5,17
2299,2026-02-06,5,день,23,Упаковка комплектов,900,859,12,4
2300,2026-02-06,5,ночь,5,Упаковка комплектов,900,394,20,238
2301,2026-02-06,6,день,24,Корпуса утюгов,520,494,7,27
2302,2026-02-06,6,ночь,6,Корпуса утюгов,520,471,8,35
2303,2026-02-07,1,день,19,Чайник электрический,420,396,7,30
2304,2026-02-07,1,ночь,1,Чайник электрический,420,359,19,18
2305,2026-02-07,2,день,20,Чайник электрический,480,433,12,6
2306,2026-02-07,2,ночь,2,Чайник электрический,480,456,4,4
2307,2026-02-07,3,день,21,Блендер погружной,300,302,9,4
2308,2026-02-07,3,ночь,3,Блендер погружной,300,232,8,73
2309,2026-02-07,4,день,22,Блендер погружной,360,327,1,5
2310,2026-02-07,4,ночь,4,Блендер погружной,360,334,4,8
2311,2026-02-07,5,день,23,Упаковка комплектов,900,879,17,12
2312,2026-02-07,5,ночь,5,Упаковка комплектов,900,793,36,0
2313,2026-02-07,6,день,24,Корпуса утюгов,520,500,11,12
2314,2026-02-07,6,ночь,6,Корпуса утюгов,520,473,10,11
2315,2026-02-08,4,день,22,Блендер погружной,360,325,1,8
2316,2026-02-08,5,день,23,Упаковка комплектов,900,800,18,36
2317,2026-02-09,1,день,19,Чайник электрический,420,381,3,23
2318,2026-02-09,1,ночь,1,Чайник электрический,420,336,18,32
2319,2026-02-09,2,день,20,Чайник электрический,480,406,16,12
2320,2026-02-09,2,ночь,2,Чайник электрический,480,432,10,22
2321,2026-02-09,3,день,21,Блендер погружной,300,12,0,462
2322,2026-02-09,3,ночь,3,Блендер погружной,300,31,1,428
2323,2026-02-09,4,день,22,Блендер погружной,360,347,4,1
2324,2026-02-09,4,ночь,4,Блендер погружной,360,329,4,16
2325,2026-02-09,5,день,23,Упаковка комплектов,900,859,14,16
2326,2026-02-09,5,ночь,5,Упаковка комплектов,900,736,34,33
2327,2026-02-09,6,день,24,Корпуса утюгов,520,513,6,17
2328,2026-02-09,6,ночь,6,Корпуса утюгов,520,485,7,26
2329,2026-02-10,1,день,1,Чайник электрический,420,354,16,15
2330,2026-02-10,1,ночь,7,Чайник электрический,420,383,7,31
2331,2026-02-10,2,день,2,Чайник электрический,480,461,8,17
2332,2026-02-10,2,ночь,8,Чайник электрический,480,420,6,17
2333,2026-02-10,3,день,3,Блендер погружной,300,88,4,334
2334,2026-02-10,3,ночь,9,Блендер погружной,300,14,0,456
2335,2026-02-10,4,день,4,Блендер погружной,360,371,2,0
2336,2026-02-10,4,ночь,10,Блендер погружной,360,293,7,8
2337,2026-02-10,5,день,5,Упаковка комплектов,900,756,32,25
2338,2026-02-10,5,ночь,11,Упаковка комплектов,900,842,22,8
2339,2026-02-10,6,день,6,Корпуса утюгов,520,492,11,12
2340,2026-02-10,6,ночь,12,Корпуса утюгов,520,412,10,29
2341,2026-02-11,1,день,1,Чайник электрический,420,357,13,9
2342,2026-02-11,1,ночь,7,Чайник электрический,420,365,5,30
2343,2026-02-11,2,день,2,Чайник электрический,480,455,5,19
2344,2026-02-11,2,ночь,8,Чайник электрический,480,433,7,3
2345,2026-02-11,3,день,3,Блендер погружной,300,142,5,255
2346,2026-02-11,3,ночь,9,Блендер погружной,300,119,4,282
2347,2026-02-11,4,день,4,Блендер погружной,360,334,4,17
2348,2026-02-11,4,ночь,10,Блендер погружной,360,318,6,3
2349,2026-02-11,5,день,5,Упаковка комплектов,900,762,30,35
2350,2026-02-11,5,ночь,11,Упаковка комплектов,900,758,15,46
2351,2026-02-11,6,день,6,Корпуса утюгов,520,493,13,27
2352,2026-02-11,6,ночь,12,Корпуса утюгов,520,456,9,10
2353,2026-02-12,1,день,1,Чайник электрический,420,349,14,22
2354,2026-02-12,1,ночь,7,Чайник электрический,420,383,7,26
2355,2026-02-12,2,день,2,Чайник электрический,480,462,2,24
2356,2026-02-12,2,ночь,8,Чайник электрический,480,448,4,19
2357,2026-02-12,3,день,3,Блендер погружной,300,114,3,294
2358,2026-02-12,3,ночь,9,Блендер погружной,300,106,3,306
2359,2026-02-12,4,день,4,Блендер погружной,360,343,4,8
2360,2026-02-12,4,ночь,10,Блендер погружной,360,309,9,10
2361,2026-02-12,5,день,5,Упаковка комплектов,900,807,35,19
2362,2026-02-12,5,ночь,11,Упаковка комплектов,900,838,22,14
2363,2026-02-12,6,день,6,Корпуса утюгов,520,492,10,15
2364,2026-02-12,6,ночь,12,Корпуса утюгов,520,455,8,8
2365,2026-02-13,1,день,1,Чайник электрический,420,359,13,25
2366,2026-02-13,1,ночь,7,Чайник электрический,420,392,7,24
2367,2026-02-13,2,день,2,Чайник электрический,480,446,10,15
2368,2026-02-13,2,ночь,8,Чайник электрический,480,465,7,4
2369,2026-02-13,3,день,3,Блендер погружной,300,105,4,306
2370,2026-02-13,3,ночь,9,Блендер погружной,300,102,4,302
2371,2026-02-13,4,день,4,Блендер погружной,360,333,5,14
2372,2026-02-13,4,ночь,10,Блендер погружной,360,320,12,0
2373,2026-02-13,5,день,5,Упаковка комплектов,900,776,39,7
2374,2026-02-13,5,ночь,11,Упаковка комплектов,900,832,15,3
2375,2026-02-13,6,день,6,Корпуса утюгов,520,513,5,0
2376,2026-02-13,6,ночь,12,Корпуса утюгов,520,431,15,27
2377,2026-02-14,1,день,1,Чайник электрический,420,366,15,28
2378,2026-02-14,1,ночь,7,Чайник электрический,420,414,13,0
2379,2026-02-14,2,день,2,Чайник электрический,480,470,7,16
2380,2026-02-14,2,ночь,8,Чайник электрический,480,437,5,6
2381,2026-02-14,3,день,3,Блендер погружной,300,283,11,19
2382,2026-02-14,3,ночь,9,Блендер погружной,300,270,9,29
2383,2026-02-14,4,день,4,Блендер погружной,360,329,4,23
2384,2026-02-14,4,ночь,10,Блендер погружной,360,297,9,0
2385,2026-02-14,5,день,5,Упаковка комплектов,900,773,36,29
2386,2026-02-14,5,ночь,11,Упаковка комплектов,900,779,14,26
2387,2026-02-14,6,день,6,Корпуса утюгов,520,515,8,17
2388,2026-02-14,6,ночь,12,Корпуса утюгов,520,440,10,
2389,2026-02-15,3,день,3,Блендер погружной,300,283,6,23
2390,2026-02-15,5,день,5,Упаковка комплектов,900,764,36,25
2391,2026-02-15,6,день,6,Корпуса утюгов,520,512,8,20
2392,2026-02-16,1,день,1,Чайник электрический,420,376,16,0
2393,2026-02-16,1,ночь,7,Чайник электрический,420,372,7,20
2394,2026-02-16,2,день,2,Чайник электрический,480,484,9,9
2395,2026-02-16,2,ночь,8,Чайник электрический,480,455,11,15
2396,2026-02-16,3,день,3,Блендер погружной,300,278,10,39
2397,2026-02-16,3,ночь,9,Блендер погружной,300,266,9,15
2398,2026-02-16,4,день,4,Блендер погружной,360,348,4,9
2399,2026-02-16,4,ночь,10,Блендер погружной,360,293,10,9
2400,2026-02-16,5,день,5,Упаковка комплектов,900,751,43,20
2401,2026-02-16,5,ночь,11,Упаковка комплектов,900,802,17,3
2402,2026-02-16,6,день,6,Корпуса утюгов,520,484,10,16
2403,2026-02-16,6,ночь,12,Корпуса утюгов,520,458,8,0
2404,2026-02-17,1,день,7,Чайник электрический,420,404,5,0
2405,2026-02-17,1,ночь,13,Чайник электрический,420,361,7,26
2406,2026-02-17,2,день,8,Чайник электрический,480,465,5,13
2407,2026-02-17,2,ночь,14,Чайник электрический,480,449,6,16
2408,2026-02-17,3,день,9,Блендер погружной,300,279,12,22
2409,2026-02-17,3,ночь,15,Блендер погружной,300,252,18,15
2410,2026-02-17,4,день,10,Блендер погружной,360,321,8,5
2411,2026-02-17,4,ночь,16,Блендер погружной,360,317,5,23
2412,2026-02-17,5,день,11,Упаковка комплектов,900,856,25,0
2413,2026-02-17,5,ночь,17,Упаковка комплектов,900,793,25,28
2414,2026-02-17,6,день,12,Корпуса утюгов,520,464,8,0
2415,2026-02-17,6,ночь,18,Корпуса утюгов,520,482,9,0
2416,2026-02-18,1,день,7,Чайник электрический,420,377,2,33
2417,2026-02-18,1,ночь,13,Чайник электрический,420,366,10,26
2418,2026-02-18,2,день,8,Чайник электрический,480,450,9,2
2419,2026-02-18,2,ночь,14,Чайник электрический,480,460,10,14
2420,2026-02-18,3,день,9,Блендер погружной,300,292,10,11
2421,2026-02-18,3,ночь,15,Блендер погружной,300,235,18,56
2422,2026-02-18,4,день,10,Блендер погружной,360,320,9,0
2423,2026-02-18,4,ночь,16,Блендер погружной,360,334,7,5
2424,2026-02-18,5,день,11,Упаковка комплектов,900,667,8,117
2425,2026-02-18,5,ночь,17,Упаковка комплектов,900,825,24,5
2426,2026-02-18,6,день,12,Корпуса утюгов,520,434,8,37
2427,2026-02-18,6,ночь,18,Корпуса утюгов,520,477,7,0
2428,2026-02-19,1,день,7,Чайник электрический,420,397,5,21
2429,2026-02-19,1,ночь,13,Чайник электрический,420,404,7,0
2430,2026-02-19,2,день,8,Чайник электрический,480,462,11,8
2431,2026-02-19,2,ночь,14,Чайник электрический,480,454,6,0
2432,2026-02-19,3,день,9,Блендер погружной,300,298,9,8
2433,2026-02-19,3,ночь,15,Блендер погружной,300,239,19,34
2434,2026-02-19,4,день,10,Блендер погружной,360,297,7,17
2435,2026-02-19,4,ночь,16,Блендер погружной,360,332,4,21
2436,2026-02-19,5,день,11,Упаковка комплектов,900,804,14,17
2437,2026-02-19,5,ночь,17,Упаковка комплектов,900,793,17,25
2438,2026-02-19,6,день,12,Корпуса утюгов,520,467,10,6
2439,2026-02-19,6,ночь,18,Корпуса утюгов,520,493,7,7
2440,2026-02-20,1,день,7,Чайник электрический,420,418,4,4
2441,2026-02-20,1,ночь,13,Чайник электрический,420,385,9,30
2442,2026-02-20,2,день,8,Чайник электрический,480,481,7,2
2443,2026-02-20,2,ночь,14,Чайник электрический,480,460,7,13
2444,2026-02-20,3,день,9,Блендер погружной,300,264,8,47
2445,2026-02-20,3,ночь,15,Блендер погружной,300,243,20,16
2446,2026-02-20,4,день,10,Блендер погружной,360,321,9,7
2447,2026-02-20,4,ночь,16,Блендер погружной,360,325,1,25
2448,2026-02-20,5,день,11,Упаковка комплектов,900,854,19,22
2449,2026-02-20,5,ночь,17,Упаковка комплектов,900,820,22,23
2450,2026-02-20,6,день,12,Корпуса утюгов,520,432,7,26
2451,2026-02-20,6,ночь,18,Корпуса утюгов,520,456,14,25
2452,2026-02-21,1,день,7,Чайник электрический,420,378,5,33
2453,2026-02-21,1,ночь,13,Чайник электрический,420,397,10,6
2454,2026-02-21,2,день,8,Чайник электрический,480,450,3,11
2455,2026-02-21,2,ночь,14,Чайник электрический,480,445,6,23
2456,2026-02-21,3,день,9,Блендер погружной,300,274,8,
2457,2026-02-21,3,ночь,15,Блендер погружной,300,225,17,68
2458,2026-02-21,4,день,10,Блендер погружной,360,321,5,8
2459,2026-02-21,4,ночь,16,Блендер погружной,360,345,6,14
2460,2026-02-21,5,день,11,Упаковка комплектов,900,828,17,20
2461,2026-02-21,5,ночь,17,Упаковка комплектов,900,803,18,13
2462,2026-02-21,6,день,12,Корпуса утюгов,520,459,3,12
2463,2026-02-21,6,ночь,18,Корпуса утюгов,520,474,12,24
2464,2026-02-22,1,день,7,Чайник электрический,420,376,6,40
2465,2026-02-22,5,день,11,Упаковка комплектов,900,817,9,12
2466,2026-02-22,6,день,12,Корпуса утюгов,520,426,6,40
2467,2026-02-23,1,день,7,Чайник электрический,420,417,11,13
2468,2026-02-23,1,ночь,13,Чайник электрический,420,386,6,0
2469,2026-02-23,2,день,8,Чайник электрический,480,453,7,8
2470,2026-02-23,2,ночь,14,Чайник электрический,480,439,5,18
2471,2026-02-23,3,день,9,Блендер погружной,300,254,11,65
2472,2026-02-23,3,ночь,15,Блендер погружной,300,221,18,58
2473,2026-02-23,4,день,10,Блендер погружной,360,312,8,3
2474,2026-02-23,4,ночь,16,Блендер погружной,360,344,4,0
2475,2026-02-23,5,день,11,Упаковка комплектов,900,872,19,11
2476,2026-02-23,5,ночь,17,Упаковка комплектов,900,846,31,0
2477,2026-02-23,6,день,12,Корпуса утюгов,520,463,9,18
2478,2026-02-23,6,ночь,18,Корпуса утюгов,520,460,4,18
2479,2026-02-24,1,день,13,Чайник электрический,420,398,6,15
2480,2026-02-24,1,ночь,19,Чайник электрический,420,401,11,10
2481,2026-02-24,2,день,14,Чайник электрический,480,457,6,9
2482,2026-02-24,2,ночь,20,Чайник электрический,480,395,19,13
2483,2026-02-24,3,день,15,Блендер погружной,300,240,13,57
2484,2026-02-24,3,ночь,21,Блендер погружной,300,263,8,47
2485,2026-02-24,4,день,16,Блендер погружной,360,336,2,17
2486,2026-02-24,4,ночь,22,Блендер погружной,360,325,4,10
2487,2026-02-24,5,день,17,Упаковка комплектов,900,890,20,2
2488,2026-02-24,5,ночь,23,Упаковка комплектов,900,824,23,2
2489,2026-02-24,6,день,18,Корпуса утюгов,520,495,6,21
2490,2026-02-24,6,ночь,24,Корпуса утюгов,520,477,15,13
2491,2026-02-25,1,день,13,Чайник электрический,420,390,6,7
2492,2026-02-25,1,ночь,19,Чайник электрический,420,397,15,8
2493,2026-02-25,2,день,14,Чайник электрический,480,489,5,5
2494,2026-02-25,2,ночь,20,Чайник электрический,480,388,13,9
2495,2026-02-25,3,день,15,Блендер погружной,300,254,16,24
2496,2026-02-25,3,ночь,21,Блендер погружной,300,265,8,51
2497,2026-02-25,4,день,16,Блендер погружной,360,353,7,16
2498,2026-02-25,4,ночь,22,Блендер погружной,360,308,6,9
2499,2026-02-25,5,день,17,Упаковка комплектов,900,905,16,2
2500,2026-02-25,5,ночь,23,Упаковка комплектов,900,804,17,23
2501,2026-02-25,6,день,18,Корпуса утюгов,520,513,10,16
2502,2026-02-25,6,ночь,24,Корпуса утюгов,520,491,11,0
2503,2026-02-26,1,день,13,Чайник электрический,420,406,4,0
2504,2026-02-26,1,ночь,19,Чайник электрический,420,375,10,11
2505,2026-02-26,2,день,14,Чайник электрический,480,453,9,8
2506,2026-02-26,2,ночь,20,Чайник электрический,480,381,15,23
2507,2026-02-26,3,день,15,Блендер погружной,300,257,13,31
2508,2026-02-26,3,ночь,21,Блендер погружной,300,276,10,12
2509,2026-02-26,4,день,16,Блендер погружной,360,355,5,10
2510,2026-02-26,4,ночь,22,Блендер погружной,360,328,2,14
2511,2026-02-26,5,день,17,Упаковка комплектов,900,858,9,26
2512,2026-02-26,5,ночь,23,Упаковка комплектов,900,890,29,0
2513,2026-02-26,6,день,18,Корпуса утюгов,520,491,2,38
2514,2026-02-26,6,ночь,24,Корпуса утюгов,520,496,13,4
2515,2026-02-27,1,день,13,Чайник электрический,420,401,9,21
2516,2026-02-27,1,ночь,19,Чайник электрический,420,384,8,27
2517,2026-02-27,2,день,14,Чайник электрический,480,437,6,21
2518,2026-02-27,2,ночь,20,Чайник электрический,480,383,11,15
2519,2026-02-27,3,день,15,Блендер погружной,300,259,17,22
2520,2026-02-27,3,ночь,21,Блендер погружной,300,260,9,41
2521,2026-02-27,4,день,16,Блендер погружной,360,370,6,0
2522,2026-02-27,4,ночь,22,Блендер погружной,360,338,7,0
2523,2026-02-27,5,день,17,Упаковка комплектов,900,878,16,19
2524,2026-02-27,5,ночь,23,Упаковка комплектов,900,856,19,11
2525,2026-02-27,6,день,18,Корпуса утюгов,520,502,10,0
2526,2026-02-27,6,ночь,24,Корпуса утюгов,520,469,13,34
2527,2026-02-28,1,день,13,Чайник электрический,420,383,5,15
2528,2026-02-28,1,ночь,19,Чайник электрический,420,384,8,29
2529,2026-02-28,2,день,14,Чайник электрический,480,451,4,22
2530,2026-02-28,2,ночь,20,Чайник электрический,480,393,11,23
2531,2026-02-28,3,день,15,Блендер погружной,300,207,14,118
2532,2026-02-28,3,ночь,21,Блендер погружной,300,259,10,43
2533,2026-02-28,4,день,16,Блендер погружной,360,356,5,0
2534,2026-02-28,4,ночь,22,Блендер погружной,360,322,2,16
2535,2026-02-28,5,день,17,Упаковка комплектов,900,896,26,14
2536,2026-02-28,5,ночь,23,Упаковка комплектов,900,822,20,31
2537,2026-02-28,6,день,18,Корпуса утюгов,520,526,9,5
2538,2026-02-28,6,ночь,24,Корпуса утюгов,520,497,12,0
2539,2026-03-01,3,день,15,Блендер погружной,300,253,18,20
2540,2026-03-01,4,день,16,Блендер погружной,360,350,5,14
2541,2026-03-01,5,день,17,Упаковка комплектов,900,834,13,35
2542,2026-03-02,1,день,13,Чайник электрический,420,401,8,29
2543,2026-03-02,1,ночь,19,Чайник электрический,420,392,9,25
2544,2026-03-02,2,день,14,Чайник электрический,480,448,5,13
2545,2026-03-02,2,ночь,20,Чайник электрический,480,397,15,10
2546,2026-03-02,3,день,15,Блендер погружной,300,245,17,47
2547,2026-03-02,3,ночь,21,Блендер погружной,300,263,9,43
2548,2026-03-02,4,день,16,Блендер погружной,360,356,4,18
2549,2026-03-02,4,ночь,22,Блендер погружной,360,324,8,10
2550,2026-03-02,5,день,17,Упаковка комплектов,900,852,20,16
2551,2026-03-02,5,ночь,23,Упаковка комплектов,900,795,16,48
2552,2026-03-02,6,день,18,Корпуса утюгов,520,482,8,28
2553,2026-03-02,6,ночь,24,Корпуса утюгов,520,471,12,19
2554,2026-03-03,1,день,19,Чайник электрический,420,381,9,28
2555,2026-03-03,1,ночь,1,Чайник электрический,420,347,17,26
2556,2026-03-03,2,день,20,Чайник электрический,480,426,15,0
2557,2026-03-03,2,ночь,2,Чайник электрический,480,425,8,14
2558,2026-03-03,3,день,21,Блендер погружной,300,286,6,33
2559,2026-03-03,3,ночь,3,Блендер погружной,300,277,10,0
2560,2026-03-03,4,день,22,Блендер погружной,360,338,7,2
2561,2026-03-03,4,ночь,4,Блендер погружной,360,343,6,14
2562,2026-03-03,5,день,23,Упаковка комплектов,900,851,14,27
2563,2026-03-03,5,ночь,5,Упаковка комплектов,900,800,40,0
2564,2026-03-03,6,день,24,Корпуса утюгов,520,502,5,22
2565,2026-03-03,6,ночь,6,Корпуса утюгов,520,477,7,0
2566,2026-03-04,1,день,19,Чайник электрический,420,397,6,32
2567,2026-03-04,1,ночь,1,Чайник электрический,420,351,17,29
2568,2026-03-04,2,день,20,Чайник электрический,480,410,11,6
2569,2026-03-04,2,ночь,2,Чайник электрический,480,446,10,7
2570,2026-03-04,3,день,21,Блендер погружной,300,279,8,34
2571,2026-03-04,3,ночь,3,Блендер погружной,300,246,8,77
2572,2026-03-04,4,день,22,Блендер погружной,360,333,2,9
2573,2026-03-04,4,ночь,4,Блендер погружной,360,337,6,13
2574,2026-03-04,5,день,23,Упаковка комплектов,900,791,12,36
2575,2026-03-04,5,ночь,5,Упаковка комплектов,900,689,35,62
2576,2026-03-04,6,день,24,Корпуса утюгов,520,506,5,0
2577,2026-03-04,6,ночь,6,Корпуса утюгов,520,489,6,15
2578,2026-03-05,1,день,19,Чайник электрический,420,392,8,17
2579,2026-03-05,1,ночь,1,Чайник электрический,420,346,20,10
2580,2026-03-05,2,день,20,Чайник электрический,480,398,14,36
2581,2026-03-05,2,ночь,2,Чайник электрический,480,455,9,12
2582,2026-03-05,3,день,21,Блендер погружной,300,290,10,15
2583,2026-03-05,3,ночь,3,Блендер погружной,300,263,9,23
2584,2026-03-05,4,день,22,Блендер погружной,360,322,1,19
2585,2026-03-05,4,ночь,4,Блендер погружной,360,340,7,17
2586,2026-03-05,5,день,23,Упаковка комплектов,900,873,15,0
2587,2026-03-05,5,ночь,5,Упаковка комплектов,900,737,38,32
2588,2026-03-05,6,день,24,Корпуса утюгов,520,508,5,
2589,2026-03-05,6,ночь,6,Корпуса утюгов,520,478,10,23
2590,2026-03-06,1,день,19,Чайник электрический,420,193,4,250
2591,2026-03-06,1,ночь,1,Чайник электрический,420,357,18,0
2592,2026-03-06,2,день,20,Чайник электрический,480,413,10,11
2593,2026-03-06,2,ночь,2,Чайник электрический,480,442,8,1
2594,2026-03-06,3,день,21,Блендер погружной,300,284,9,6
2595,2026-03-06,3,ночь,3,Блендер погружной,300,268,9,40
2596,2026-03-06,4,день,22,Блендер погружной,360,331,2,17
2597,2026-03-06,4,ночь,4,Блендер погружной,360,334,6,16
2598,2026-03-06,5,день,23,Упаковка комплектов,900,843,18,9
2599,2026-03-06,5,ночь,5,Упаковка комплектов,900,752,41,33
2600,2026-03-06,6,день,24,Корпуса утюгов,520,513,10,15
2601,2026-03-06,6,ночь,6,Корпуса утюгов,520,495,13,3
2602,2026-03-07,1,день,19,Чайник электрический,420,415,11,0
2603,2026-03-07,1,ночь,1,Чайник электрический,420,340,17,25
2604,2026-03-07,2,день,20,Чайник электрический,480,313,7,138
2605,2026-03-07,2,ночь,2,Чайник электрический,480,457,9,8
2606,2026-03-07,3,день,21,Блендер погружной,300,277,7,41
2607,2026-03-07,3,ночь,3,Блендер погружной,300,256,8,38
2608,2026-03-07,4,день,22,Блендер погружной,360,344,4,7
2609,2026-03-07,4,ночь,4,Блендер погружной,360,335,3,18
2610,2026-03-07,5,день,23,Упаковка комплектов,900,827,16,33
2611,2026-03-07,5,ночь,5,Упаковка комплектов,900,763,44,27
2612,2026-03-07,6,день,24,Корпуса утюгов,520,535,10,0
2613,2026-03-07,6,ночь,6,Корпуса утюгов,520,447,7,38
2614,2026-03-08,2,день,20,Чайник электрический,480,413,12,6
2615,2026-03-08,4,день,22,Блендер погружной,360,324,5,20
2616,2026-03-08,5,день,23,Упаковка комплектов,900,871,27,5
2617,2026-03-08,6,день,24,Корпуса утюгов,520,504,7,18
2618,2026-03-09,1,день,19,Чайник электрический,420,418,9,0
2619,2026-03-09,1,ночь,1,Чайник электрический,420,361,20,0
2620,2026-03-09,2,день,20,Чайник электрический,480,395,13,26
2621,2026-03-09,2,ночь,2,Чайник электрический,480,432,8,12
2622,2026-03-09,3,день,21,Блендер погружной,300,287,8,24
2623,2026-03-09,3,ночь,3,Блендер погружной,300,272,9,23
2624,2026-03-09,4,день,22,Блендер погружной,360,333,4,17
2625,2026-03-09,4,ночь,4,Блендер погружной,360,345,5,5
2626,2026-03-09,5,день,23,Упаковка комплектов,900,835,10,37
2627,2026-03-09,5,ночь,5,Упаковка комплектов,900,796,42,7
2628,2026-03-09,6,день,24,Корпуса утюгов,520,496,6,23
2629,2026-03-09,6,ночь,6,Корпуса утюгов,520,494,15,11
2630,2026-03-10,1,день,1,Чайник электрический,420,377,15,16
2631,2026-03-10,1,ночь,7,Чайник электрический,420,411,4,0
2632,2026-03-10,2,день,2,Чайник электрический,480,454,5,4
2633,2026-03-10,2,ночь,8,Чайник электрический,480,434,6,26
2634,2026-03-10,3,день,3,Блендер погружной,300,308,8,0
2635,2026-03-10,3,ночь,9,Блендер погружной,300,272,9,35
2636,2026-03-10,4,день,4,Блендер погружной,360,352,3,2
2637,2026-03-10,4,ночь,10,Блендер погружной,360,312,9,12
2638,2026-03-10,5,день,5,Упаковка комплектов,900,779,36,23
2639,2026-03-10,5,ночь,11,Упаковка комплектов,900,829,17,10
2640,2026-03-10,6,день,6,Корпуса утюгов,520,494,10,16
2641,2026-03-10,6,ночь,12,Корпуса утюгов,520,437,6,
2642,2026-03-11,1,день,1,Чайник электрический,420,363,16,15
2643,2026-03-11,1,ночь,7,Чайник электрический,420,391,8,11
2644,2026-03-11,2,день,2,Чайник электрический,480,457,4,0
2645,2026-03-11,2,ночь,8,Чайник электрический,480,444,12,24
2646,2026-03-11,3,день,3,Блендер погружной,300,296,12,8
2647,2026-03-11,3,ночь,9,Блендер погружной,300,275,9,8
2648,2026-03-11,4,день,4,Блендер погружной,360,362,3,9
2649,2026-03-11,4,ночь,10,Блендер погружной,360,306,13,3
2650,2026-03-11,5,день,5,Упаковка комплектов,900,791,28,16
2651,2026-03-11,5,ночь,11,Упаковка комплектов,900,800,15,26
2652,2026-03-11,6,день,6,Корпуса утюгов,520,479,14,15
2653,2026-03-11,6,ночь,12,Корпуса утюгов,520,451,10,21
2654,2026-03-12,1,день,1,Чайник электрический,420,368,13,25
2655,2026-03-12,1,ночь,7,Чайник электрический,420,359,7,35
2656,2026-03-12,2,день,2,Чайник электрический,480,470,9,22
2657,2026-03-12,2,ночь,8,Чайник электрический,480,415,5,21
2658,2026-03-12,3,день,3,Блендер погружной,300,293,5,23
2659,2026-03-12,3,ночь,9,Блендер погружной,300,255,8,36
2660,2026-03-12,4,день,4,Блендер погружной,360,349,0,7
2661,2026-03-12,4,ночь,10,Блендер погружной,360,297,9,16
2662,2026-03-12,5,день,5,Упаковка комплектов,900,782,36,19
2663,2026-03-12,5,ночь,11,Упаковка комплектов,900,784,21,24
2664,2026-03-12,6,день,6,Корпуса утюгов,520,508,5,0
2665,2026-03-12,6,ночь,12,Корпуса утюгов,520,435,2,22
2666,2026-03-13,1,день,1,Чайник электрический,420,346,15,43
2667,2026-03-13,1,ночь,7,Чайник электрический,420,387,9,22
2668,2026-03-13,2,день,2,Чайник электрический,480,461,6,15
2669,2026-03-13,2,ночь,8,Чайник электрический,480,434,2,17
2670,2026-03-13,3,день,3,Блендер погружной,300,268,6,51
2671,2026-03-13,3,ночь,9,Блендер погружной,300,263,7,27
2672,2026-03-13,4,день,4,Блендер погружной,360,357,6,13
2673,2026-03-13,4,ночь,10,Блендер погружной,360,317,10,1
2674,2026-03-13,5,день,5,Упаковка комплектов,900,770,34,12
2675,2026-03-13,5,ночь,11,Упаковка комплектов,900,800,25,2
2676,2026-03-13,6,день,6,Корпуса утюгов,520,498,8,11
2677,2026-03-13,6,ночь,12,Корпуса утюгов,520,436,9,29
2678,2026-03-14,1,день,1,Чайник электрический,420,359,14,16
2679,2026-03-14,1,ночь,7,Чайник электрический,420,379,12,38
2680,2026-03-14,2,день,2,Чайник электрический,480,487,3,4
2681,2026-03-14,2,ночь,8,Чайник электрический,480,437,7,25
2682,2026-03-14,3,день,3,Блендер погружной,300,271,7,40
2683,2026-03-14,3,ночь,9,Блендер погружной,300,267,10,35
2684,2026-03-14,4,день,4,Блендер погружной,360,344,3,9
2685,2026-03-14,4,ночь,10,Блендер погружной,360,304,10,18
2686,2026-03-14,5,день,5,Упаковка комплектов,900,784,21,19
2687,2026-03-14,5,ночь,11,Упаковка комплектов,900,779,18,30
2688,2026-03-14,6,день,6,Корпуса утюгов,520,508,5,0
2689,2026-03-14,6,ночь,12,Корпуса утюгов,520,432,10,6
2690,2026-03-15,2,день,2,Чайник электрический,480,441,6,24
2691,2026-03-15,3,день,3,Блендер погружной,300,282,7,14
2692,2026-03-15,5,день,5,Упаковка комплектов,900,773,38,6
2693,2026-03-15,6,день,6,Корпуса утюгов,520,513,12,16
2694,2026-03-16,1,день,1,Чайник электрический,420,363,12,14
2695,2026-03-16,1,ночь,7,Чайник электрический,420,379,8,10
2696,2026-03-16,2,день,2,Чайник электрический,480,464,1,2
2697,2026-03-16,2,ночь,8,Чайник электрический,480,429,6,15
2698,2026-03-16,3,день,3,Блендер погружной,300,272,8,33
2699,2026-03-16,3,ночь,9,Блендер погружной,300,266,10,37
2700,2026-03-16,4,день,4,Блендер погружной,360,341,0,21
2701,2026-03-16,4,ночь,10,Блендер погружной,360,303,11,0
2702,2026-03-16,5,день,5,Упаковка комплектов,900,802,34,10
2703,2026-03-16,5,ночь,11,Упаковка комплектов,900,780,21,22
2704,2026-03-16,6,день,6,Корпуса утюгов,520,503,2,10
2705,2026-03-16,6,ночь,12,Корпуса утюгов,520,450,2,20
2706,2026-03-17,1,день,7,Чайник электрический,420,385,9,19
2707,2026-03-17,1,ночь,13,Чайник электрический,420,385,7,15
2708,2026-03-17,2,день,8,Чайник электрический,480,443,2,14
2709,2026-03-17,2,ночь,14,Чайник электрический,480,464,2,6
2710,2026-03-17,3,день,9,Блендер погружной,300,268,9,30
2711,2026-03-17,3,ночь,15,Блендер погружной,300,244,22,32
2712,2026-03-17,4,день,10,Блендер погружной,360,310,5,11
2713,2026-03-17,4,ночь,16,Блендер погружной,360,330,4,7
2714,2026-03-17,5,день,11,Упаковка комплектов,900,774,16,33
2715,2026-03-17,5,ночь,17,Упаковка комплектов,900,795,28,45
2716,2026-03-17,6,день,12,Корпуса утюгов,520,460,6,2
2717,2026-03-17,6,ночь,18,Корпуса утюгов,520,508,11,0
2718,2026-03-18,1,день,7,Чайник электрический,420,416,5,2
2719,2026-03-18,1,ночь,13,Чайник электрический,420,383,7,22
2720,2026-03-18,2,день,8,Чайник электрический,480,467,7,4
2721,2026-03-18,2,ночь,14,Чайник электрический,480,436,9,16
2722,2026-03-18,3,день,9,Блендер погружной,300,291,7,16
2723,2026-03-18,3,ночь,15,Блендер погружной,300,258,22,13
2724,2026-03-18,4,день,10,Блендер погружной,360,311,8,1
2725,2026-03-18,4,ночь,16,Блендер погружной,360,330,4,15
2726,2026-03-18,5,день,11,Упаковка комплектов,900,802,21,26
2727,2026-03-18,5,ночь,17,Упаковка комплектов,900,828,18,29
2728,2026-03-18,6,день,12,Корпуса утюгов,520,452,8,22
2729,2026-03-18,6,ночь,18,Корпуса утюгов,520,453,12,24
2730,2026-03-19,1,день,7,Чайник электрический,420,386,5,26
2731,2026-03-19,1,ночь,13,Чайник электрический,420,381,8,0
2732,2026-03-19,2,день,8,Чайник электрический,480,470,6,1
2733,2026-03-19,2,ночь,14,Чайник электрический,480,469,0,4
2734,2026-03-19,3,день,9,Блендер погружной,300,265,8,44
2735,2026-03-19,3,ночь,15,Блендер погружной,300,234,19,27
2736,2026-03-19,4,день,10,Блендер погружной,360,317,7,16
2737,2026-03-19,4,ночь,16,Блендер погружной,360,321,7,12
2738,2026-03-19,5,день,11,Упаковка комплектов,900,800,13,31
2739,2026-03-19,5,ночь,17,Упаковка комплектов,900,809,21,
2740,2026-03-19,6,день,12,Корпуса утюгов,520,454,6,19
2741,2026-03-19,6,ночь,18,Корпуса утюгов,520,471,11,20
2742,2026-03-20,1,день,7,Чайник электрический,420,397,2,21
2743,2026-03-20,1,ночь,13,Чайник электрический,420,386,7,10
2744,2026-03-20,2,день,8,Чайник электрический,480,482,3,4
2745,2026-03-20,2,ночь,14,Чайник электрический,480,456,8,15
2746,2026-03-20,3,день,9,Блендер погружной,300,92,3,328
2747,2026-03-20,3,ночь,15,Блендер погружной,300,249,21,18
2748,2026-03-20,4,день,10,Блендер погружной,360,311,8,15
2749,2026-03-20,4,ночь,16,Блендер погружной,360,350,3,0
2750,2026-03-20,5,день,11,Упаковка комплектов,900,874,10,11
2751,2026-03-20,5,ночь,17,Упаковка комплектов,900,841,25,10
2752,2026-03-20,6,день,12,Корпуса утюгов,520,451,9,22
2753,2026-03-20,6,ночь,18,Корпуса утюгов,520,289,4,205
2754,2026-03-21,1,день,7,Чайник электрический,420,389,3,17
2755,2026-03-21,1,ночь,13,Чайник электрический,420,389,10,9
2756,2026-03-21,2,день,8,Чайник электрический,480,462,2,23
2757,2026-03-21,2,ночь,14,Чайник электрический,480,444,8,11
2758,2026-03-21,3,день,9,Блендер погружной,300,283,10,36
2759,2026-03-21,3,ночь,15,Блендер погружной,300,248,19,28
2760,2026-03-21,4,день,10,Блендер погружной,360,307,9,20
2761,2026-03-21,4,ночь,16,Блендер погружной,360,333,8,15
2762,2026-03-21,5,день,11,Упаковка комплектов,900,829,17,11
2763,2026-03-21,5,ночь,17,Упаковка комплектов,900,834,18,0
2764,2026-03-21,6,день,12,Корпуса утюгов,520,478,7,10
2765,2026-03-21,6,ночь,18,Корпуса утюгов,520,504,9,2
2766,2026-03-22,2,день,8,Чайник электрический,480,447,5,10
2767,2026-03-22,5,день,11,Упаковка комплектов,900,819,28,23
2768,2026-03-22,6,день,12,Корпуса утюгов,520,483,11,7
2769,2026-03-23,1,день,7,Чайник электрический,420,371,5,41
2770,2026-03-23,1,ночь,13,Чайник электрический,420,358,8,41
2771,2026-03-23,2,день,8,Чайник электрический,480,475,10,13
2772,2026-03-23,2,ночь,14,Чайник электрический,480,449,10,1
2773,2026-03-23,3,день,9,Блендер погружной,300,269,6,36
2774,2026-03-23,3,ночь,15,Блендер погружной,300,232,17,30
2775,2026-03-23,4,день,10,Блендер погружной,360,329,8,2
2776,2026-03-23,4,ночь,16,Блендер погружной,360,346,1,12
2777,2026-03-23,5,день,11,Упаковка комплектов,900,843,18,16
2778,2026-03-23,5,ночь,17,Упаковка комплектов,900,835,20,20
2779,2026-03-23,6,день,12,Корпуса утюгов,520,450,9,26
2780,2026-03-23,6,ночь,18,Корпуса утюгов,520,504,12,8
2781,2026-03-24,1,день,13,Чайник электрический,420,414,3,0
2782,2026-03-24,1,ночь,19,Чайник электрический,420,301,5,121
2783,2026-03-24,2,день,14,Чайник электрический,480,454,11,15
2784,2026-03-24,2,ночь,20,Чайник электрический,480,405,14,13
2785,2026-03-24,3,день,15,Блендер погружной,300,235,15,45
2786,2026-03-24,3,ночь,21,Блендер погружной,300,261,13,24
2787,2026-03-24,4,день,16,Блендер погружной,360,342,7,7
2788,2026-03-24,4,ночь,22,Блендер погружной,360,230,3,149
2789,2026-03-24,5,день,17,Упаковка комплектов,900,851,23,23
2790,2026-03-24,5,ночь,23,Упаковка комплектов,900,832,20,14
2791,2026-03-24,6,день,18,Корпуса утюгов,520,514,9,16
2792,2026-03-24,6,ночь,24,Корпуса утюгов,520,461,6,22
2793,2026-03-25,1,день,13,Чайник электрический,420,392,3,16
2794,2026-03-25,1,ночь,19,Чайник электрический,420,385,11,31
2795,2026-03-25,2,день,14,Чайник электрический,480,489,8,4
2796,2026-03-25,2,ночь,20,Чайник электрический,480,413,15,10
2797,2026-03-25,3,день,15,Блендер погружной,300,121,8,263
2798,2026-03-25,3,ночь,21,Блендер погружной,300,202,7,149
2799,2026-03-25,4,день,16,Блендер погружной,360,343,3,2
2800,2026-03-25,4,ночь,22,Блендер погружной,360,319,4,8
2801,2026-03-25,5,день,17,Упаковка комплектов,900,818,21,22
2802,2026-03-25,5,ночь,23,Упаковка комплектов,900,825,16,5
2803,2026-03-25,6,день,18,Корпуса утюгов,520,496,12,23
2804,2026-03-25,6,ночь,24,Корпуса утюгов,520,472,17,17
2805,2026-03-26,1,день,13,Чайник электрический,420,413,8,0
2806,2026-03-26,1,ночь,19,Чайник электрический,420,391,6,21
2807,2026-03-26,2,день,14,Чайник электрический,480,442,5,23
2808,2026-03-26,2,ночь,20,Чайник электрический,480,390,16,17
2809,2026-03-26,3,день,15,Блендер погружной,300,250,13,29
2810,2026-03-26,3,ночь,21,Блендер погружной,300,267,10,43
2811,2026-03-26,4,день,16,Блендер погружной,360,344,5,14
2812,2026-03-26,4,ночь,22,Блендер погружной,360,309,3,8
2813,2026-03-26,5,день,17,Упаковка комплектов,900,545,11,188
2814,2026-03-26,5,ночь,23,Упаковка комплектов,900,864,19,0
2815,2026-03-26,6,день,18,Корпуса утюгов,520,510,8,0
2816,2026-03-26,6,ночь,24,Корпуса утюгов,520,464,10,13
2817,2026-03-27,1,день,13,Чайник электрический,420,375,7,26
2818,2026-03-27,1,ночь,19,Чайник электрический,420,378,9,37
2819,2026-03-27,2,день,14,Чайник электрический,480,475,1,11
2820,2026-03-27,2,ночь,20,Чайник электрический,480,421,15,4
2821,2026-03-27,3,день,15,Блендер погружной,300,244,15,34
2822,2026-03-27,3,ночь,21,Блендер погружной,300,284,15,0
2823,2026-03-27,4,день,16,Блендер погружной,360,349,7,13
2824,2026-03-27,4,ночь,22,Блендер погружной,360,331,4,6
2825,2026-03-27,5,день,17,Упаковка комплектов,900,917,25,3
2826,2026-03-27,5,ночь,23,Упаковка комплектов,900,881,33,3
2827,2026-03-27,6,день,18,Корпуса утюгов,520,483,4,27
2828,2026-03-27,6,ночь,24,Корпуса утюгов,520,489,8,11
2829,2026-03-28,1,день,13,Чайник электрический,420,412,7,0
2830,2026-03-28,1,ночь,19,Чайник электрический,420,383,10,19
2831,2026-03-28,2,день,14,Чайник электрический,480,452,12,11
2832,2026-03-28,2,ночь,20,Чайник электрический,480,398,13,14
2833,2026-03-28,3,день,15,Блендер погружной,300,234,16,47
2834,2026-03-28,3,ночь,21,Блендер погружной,300,255,11,39
2835,2026-03-28,4,день,16,Блендер погружной,360,341,2,15
2836,2026-03-28,4,ночь,22,Блендер погружной,360,311,5,13
2837,2026-03-28,5,день,17,Упаковка комплектов,900,853,19,25
2838,2026-03-28,5,ночь,23,Упаковка комплектов,900,825,16,26
2839,2026-03-28,6,день,18,Корпуса утюгов,520,508,9,12
2840,2026-03-28,6,ночь,24,Корпуса утюгов,520,481,11,17
2841,2026-03-29,5,день,17,Упаковка комплектов,900,908,17,4
2842,2026-03-29,6,день,18,Корпуса утюгов,520,499,7,15
2843,2026-03-30,1,день,13,Чайник электрический,420,399,9,25
2844,2026-03-30,1,ночь,19,Чайник электрический,420,371,8,24
2845,2026-03-30,2,день,14,Чайник электрический,480,442,4,28
2846,2026-03-30,2,ночь,20,Чайник электрический,480,409,15,6
2847,2026-03-30,3,день,15,Блендер погружной,300,245,11,43
2848,2026-03-30,3,ночь,21,Блендер погружной,300,259,8,36
2849,2026-03-30,4,день,16,Блендер погружной,360,352,0,15
2850,2026-03-30,4,ночь,22,Блендер погружной,360,322,0,9
2851,2026-03-30,5,день,17,Упаковка комплектов,900,802,18,44
2852,2026-03-30,5,ночь,23,Упаковка комплектов,900,866,21,0
2853,2026-03-30,6,день,18,Корпуса утюгов,520,520,0,9
2854,2026-03-30,6,ночь,24,Корпуса утюгов,520,498,10,9
2855,2026-03-31,1,день,19,Чайник электрический,420,402,6,4
2856,2026-03-31,1,ночь,1,Чайник электрический,420,343,19,20
2857,2026-03-31,2,день,20,Чайник электрический,480,316,10,128
2858,2026-03-31,2,ночь,2,Чайник электрический,480,469,10,0
2859,2026-03-31,3,день,21,Блендер погружной,300,281,7,32
2860,2026-03-31,3,ночь,3,Блендер погружной,300,267,7,31
2861,2026-03-31,4,день,22,Блендер погружной,360,334,2,6
2862,2026-03-31,4,ночь,4,Блендер погружной,360,326,6,10
2863,2026-03-31,5,день,23,Упаковка комплектов,900,832,16,22
2864,2026-03-31,5,ночь,5,Упаковка комплектов,900,771,43,5
2865,2026-03-31,6,день,24,Корпуса утюгов,520,509,8,10
2866,2026-03-31,6,ночь,6,Корпуса утюгов,520,483,11,19
2867,2026-04-01,1,день,19,Чайник электрический,420,413,13,20
2868,2026-04-01,1,ночь,1,Чайник электрический,420,340,16,30
2869,2026-04-01,2,день,20,Чайник электрический,480,414,10,12
2870,2026-04-01,2,ночь,2,Чайник электрический,480,435,8,13
2871,2026-04-01,3,день,21,Блендер погружной,300,285,8,31
2872,2026-04-01,3,ночь,3,Блендер погружной,300,271,9,22
2873,2026-04-01,4,день,22,Блендер погружной,360,340,5,5
2874,2026-04-01,4,ночь,4,Блендер погружной,360,322,3,14
2875,2026-04-01,5,день,23,Упаковка комплектов,900,877,22,13
2876,2026-04-01,5,ночь,5,Упаковка комплектов,900,279,15,312
2877,2026-04-01,6,день,24,Корпуса утюгов,520,516,8,9
2878,2026-04-01,6,ночь,6,Корпуса утюгов,520,471,11,19
2879,2026-04-02,1,день,19,Чайник электрический,420,379,6,25
2880,2026-04-02,1,ночь,1,Чайник электрический,420,320,16,41
2881,2026-04-02,2,день,20,Чайник электрический,480,421,10,21
2882,2026-04-02,2,ночь,2,Чайник электрический,480,443,8,0
2883,2026-04-02,3,день,21,Блендер погружной,300,265,8,37
2884,2026-04-02,3,ночь,3,Блендер погружной,300,258,11,32
2885,2026-04-02,4,день,22,Блендер погружной,360,317,6,22
2886,2026-04-02,4,ночь,4,Блендер погружной,360,334,6,11
2887,2026-04-02,5,день,23,Упаковка комплектов,900,884,15,21
2888,2026-04-02,5,ночь,5,Упаковка комплектов,900,746,37,24
2889,2026-04-02,6,день,24,Корпуса утюгов,520,498,11,4
2890,2026-04-02,6,ночь,6,Корпуса утюгов,520,443,11,37
2891,2026-04-03,1,день,19,Чайник электрический,420,407,10,20
2892,2026-04-03,1,ночь,1,Чайник электрический,420,332,14,39
2893,2026-04-03,2,день,20,Чайник электрический,480,440,9,5
2894,2026-04-03,2,ночь,2,Чайник электрический,480,431,7,9
2895,2026-04-03,3,день,21,Блендер погружной,300,278,6,33
2896,2026-04-03,3,ночь,3,Блендер погружной,300,255,9,49
2897,2026-04-03,4,день,22,Блендер погружной,360,340,1,14
2898,2026-04-03,4,ночь,4,Блендер погружной,360,320,0,14
2899,2026-04-03,5,день,23,Упаковка комплектов,900,846,12,28
2900,2026-04-03,5,ночь,5,Упаковка комплектов,900,739,44,11
2901,2026-04-03,6,день,24,Корпуса утюгов,520,487,8,25
2902,2026-04-03,6,ночь,6,Корпуса утюгов,520,206,5,276
2903,2026-04-04,1,день,19,Чайник электрический,420,388,4,33
2904,2026-04-04,1,ночь,1,Чайник электрический,420,357,17,15
2905,2026-04-04,2,день,20,Чайник электрический,480,422,12,21
2906,2026-04-04,2,ночь,2,Чайник электрический,480,414,6,29
2907,2026-04-04,3,день,21,Блендер погружной,300,298,10,15
2908,2026-04-04,3,ночь,3,Блендер погружной,300,195,7,162
2909,2026-04-04,4,день,22,Блендер погружной,360,329,4,12
2910,2026-04-04,4,ночь,4,Блендер погружной,360,326,7,8
2911,2026-04-04,5,день,23,Упаковка комплектов,900,862,23,17
2912,2026-04-04,5,ночь,5,Упаковка комплектов,900,694,37,37
2913,2026-04-04,6,день,24,Корпуса утюгов,520,500,7,13
2914,2026-04-04,6,ночь,6,Корпуса утюгов,520,495,9,0
2915,2026-04-05,5,день,23,Упаковка комплектов,900,785,17,44
2916,2026-04-06,1,день,19,Чайник электрический,420,406,8,15
2917,2026-04-06,1,ночь,1,Чайник электрический,420,348,17,19
2918,2026-04-06,2,день,20,Чайник электрический,480,415,12,15
2919,2026-04-06,2,ночь,2,Чайник электрический,480,430,11,18
2920,2026-04-06,3,день,21,Блендер погружной,300,297,8,3
2921,2026-04-06,3,ночь,3,Блендер погружной,300,275,8,24
2922,2026-04-06,4,день,22,Блендер погружной,360,321,4,13
2923,2026-04-06,4,ночь,4,Блендер погружной,360,337,3,22
2924,2026-04-06,5,день,23,Упаковка комплектов,900,831,9,17
2925,2026-04-06,5,ночь,5,Упаковка комплектов,900,761,41,5
2926,2026-04-06,6,день,24,Корпуса утюгов,520,478,10,17
2927,2026-04-06,6,ночь,6,Корпуса утюгов,520,460,9,19
2928,2026-04-07,1,день,1,Чайник электрический,420,376,16,2
2929,2026-04-07,1,ночь,7,Чайник электрический,420,378,6,15
2930,2026-04-07,2,день,2,Чайник электрический,480,434,4,27
2931,2026-04-07,2,ночь,8,Чайник электрический,480,428,9,23
2932,2026-04-07,3,день,3,Блендер погружной,300,296,12,11
2933,2026-04-07,3,ночь,9,Блендер погружной,300,256,8,39
2934,2026-04-07,4,день,4,Блендер погружной,360,361,3,9
2935,2026-04-07,4,ночь,10,Блендер погружной,360,306,12,15
2936,2026-04-07,5,день,5,Упаковка комплектов,900,841,37,0
2937,2026-04-07,5,ночь,11,Упаковка комплектов,900,763,15,21
2938,2026-04-07,6,день,6,Корпуса утюгов,520,526,11,2
2939,2026-04-07,6,ночь,12,Корпуса утюгов,520,405,6,47
2940,2026-04-08,1,день,1,Чайник электрический,420,366,11,20
2941,2026-04-08,1,ночь,7,Чайник электрический,420,370,8,21
2942,2026-04-08,2,день,2,Чайник электрический,480,469,7,0
2943,2026-04-08,2,ночь,8,Чайник электрический,480,418,7,23
2944,2026-04-08,3,день,3,Блендер погружной,300,297,9,2
2945,2026-04-08,3,ночь,9,Блендер погружной,300,262,8,32
2946,2026-04-08,4,день,4,Блендер погружной,360,361,7,0
2947,2026-04-08,4,ночь,10,Блендер погружной,360,290,9,20
2948,2026-04-08,5,день,5,Упаковка комплектов,900,806,36,15
2949,2026-04-08,5,ночь,11,Упаковка комплектов,900,757,11,26
2950,2026-04-08,6,день,6,Корпуса утюгов,520,494,8,25
2951,2026-04-08,6,ночь,12,Корпуса утюгов,520,441,6,28
2952,2026-04-09,1,день,1,Чайник электрический,420,381,11,13
2953,2026-04-09,1,ночь,7,Чайник электрический,420,362,12,29
2954,2026-04-09,2,день,2,Чайник электрический,480,444,3,21
2955,2026-04-09,2,ночь,8,Чайник электрический,480,439,8,13
2956,2026-04-09,3,день,3,Блендер погружной,300,269,9,28
2957,2026-04-09,3,ночь,9,Блендер погружной,300,267,9,29
2958,2026-04-09,4,день,4,Блендер погружной,360,350,5,16
2959,2026-04-09,4,ночь,10,Блендер погружной,360,302,13,9
2960,2026-04-09,5,день,5,Упаковка комплектов,900,830,34,3
2961,2026-04-09,5,ночь,11,Упаковка комплектов,900,809,25,25
2962,2026-04-09,6,день,6,Корпуса утюгов,520,507,9,16
2963,2026-04-09,6,ночь,12,Корпуса утюгов,520,447,13,10
2964,2026-04-10,1,день,1,Чайник электрический,420,369,14,27
2965,2026-04-10,1,ночь,7,Чайник электрический,420,396,12,2
2966,2026-04-10,2,день,2,Чайник электрический,480,441,0,17
2967,2026-04-10,2,ночь,8,Чайник электрический,480,455,7,15
2968,2026-04-10,3,день,3,Блендер погружной,300,253,8,55
2969,2026-04-10,3,ночь,9,Блендер погружной,300,279,10,21
2970,2026-04-10,4,день,4,Блендер погружной,360,340,1,22
2971,2026-04-10,4,ночь,10,Блендер погружной,360,295,5,10
2972,2026-04-10,5,день,5,Упаковка комплектов,900,768,31,30
2973,2026-04-10,5,ночь,11,Упаковка комплектов,900,382,9,264
2974,2026-04-10,6,день,6,Корпуса утюгов,520,497,7,8
2975,2026-04-10,6,ночь,12,Корпуса утюгов,520,452,8,3
2976,2026-04-11,1,день,1,Чайник электрический,420,369,19,0
2977,2026-04-11,1,ночь,7,Чайник электрический,420,384,15,7
2978,2026-04-11,2,день,2,Чайник электрический,480,452,6,19
2979,2026-04-11,2,ночь,8,Чайник электрический,480,447,5,2
2980,2026-04-11,3,день,3,Блендер погружной,300,291,9,4
2981,2026-04-11,3,ночь,9,Блендер погружной,300,265,8,26
2982,2026-04-11,4,день,4,Блендер погружной,360,361,5,0
2983,2026-04-11,4,ночь,10,Блендер погружной,360,310,12,16
2984,2026-04-11,5,день,5,Упаковка комплектов,900,765,30,17
2985,2026-04-11,5,ночь,11,Упаковка комплектов,900,823,8,12
2986,2026-04-11,6,день,6,Корпуса утюгов,520,487,2,28
2987,2026-04-11,6,ночь,12,Корпуса утюгов,520,445,5,14
2988,2026-04-12,2,день,2,Чайник электрический,480,453,9,13
2989,2026-04-12,4,день,4,Блендер погружной,360,354,3,12
2990,2026-04-12,5,день,5,Упаковка комплектов,900,783,43,7
2991,2026-04-12,6,день,6,Корпуса утюгов,520,512,8,0
2992,2026-04-13,1,день,1,Чайник электрический,420,349,15,31
2993,2026-04-13,1,ночь,7,Чайник электрический,420,374,8,13
2994,2026-04-13,2,день,2,Чайник электрический,480,470,7,20
2995,2026-04-13,2,ночь,8,Чайник электрический,480,446,10,15
2996,2026-04-13,3,день,3,Блендер погружной,300,277,10,48
2997,2026-04-13,3,ночь,9,Блендер погружной,300,255,10,40
2998,2026-04-13,4,день,4,Блендер погружной,360,344,7,5
2999,2026-04-13,4,ночь,10,Блендер погружной,360,294,6,10
3000,2026-04-13,5,день,5,Упаковка комплектов,900,817,27,0
3001,2026-04-13,5,ночь,11,Упаковка комплектов,900,743,14,37
3002,2026-04-13,6,день,6,Корпуса утюгов,520,497,9,21
3003,2026-04-13,6,ночь,12,Корпуса утюгов,520,425,7,25
3004,2026-04-14,1,день,7,Чайник электрический,420,357,6,51
3005,2026-04-14,1,ночь,13,Чайник электрический,420,390,12,21
3006,2026-04-14,2,день,8,Чайник электрический,480,448,5,7
3007,2026-04-14,2,ночь,14,Чайник электрический,480,445,3,1
3008,2026-04-14,3,день,9,Блендер погружной,300,284,7,3
3009,2026-04-14,3,ночь,15,Блендер погружной,300,225,16,45
3010,2026-04-14,4,день,10,Блендер погружной,360,301,9,22
3011,2026-04-14,4,ночь,16,Блендер погружной,360,343,6,8
3012,2026-04-14,5,день,11,Упаковка комплектов,900,811,14,25
3013,2026-04-14,5,ночь,17,Упаковка комплектов,900,822,24,4
3014,2026-04-14,6,день,12,Корпуса утюгов,520,449,1,25
3015,2026-04-14,6,ночь,18,Корпуса утюгов,520,459,11,21
3016,2026-04-15,1,день,7,Чайник электрический,420,403,9,23
3017,2026-04-15,1,ночь,13,Чайник электрический,420,369,13,25
3018,2026-04-15,2,день,8,Чайник электрический,480,461,4,1
3019,2026-04-15,2,ночь,14,Чайник электрический,480,450,9,0
3020,2026-04-15,3,день,9,Блендер погружной,300,273,8,23
3021,2026-04-15,3,ночь,15,Блендер погружной,300,209,16,77
3022,2026-04-15,4,день,10,Блендер погружной,360,316,10,6
3023,2026-04-15,4,ночь,16,Блендер погружной,360,336,6,9
3024,2026-04-15,5,день,11,Упаковка комплектов,900,810,18,25
3025,2026-04-15,5,ночь,17,Упаковка комплектов,900,822,18,24
3026,2026-04-15,6,день,12,Корпуса утюгов,520,461,10,15
3027,2026-04-15,6,ночь,18,Корпуса утюгов,520,453,8,35
3028,2026-04-16,1,день,7,Чайник электрический,420,427,11,4
3029,2026-04-16,1,ночь,13,Чайник электрический,420,386,11,6
3030,2026-04-16,2,день,8,Чайник электрический,480,460,6,12
3031,2026-04-16,2,ночь,14,Чайник электрический,480,431,9,10
3032,2026-04-16,3,день,9,Блендер погружной,300,270,9,32
3033,2026-04-16,3,ночь,15,Блендер погружной,300,242,21,32
3034,2026-04-16,4,день,10,Блендер погружной,360,322,8,16
3035,2026-04-16,4,ночь,16,Блендер погружной,360,343,6,13
3036,2026-04-16,5,день,11,Упаковка комплектов,900,864,19,9
3037,2026-04-16,5,ночь,17,Упаковка комплектов,900,814,16,33
3038,2026-04-16,6,день,12,Корпуса утюгов,520,473,9,10
3039,2026-04-16,6,ночь,18,Корпуса утюгов,520,506,11,2
3040,2026-04-17,1,день,7,Чайник электрический,420,424,12,9
3041,2026-04-17,1,ночь,13,Чайник электрический,420,375,13,13
3042,2026-04-17,2,день,8,Чайник электрический,480,465,5,20
3043,2026-04-17,2,ночь,14,Чайник электрический,480,424,8,19
3044,2026-04-17,3,день,9,Блендер погружной,300,266,7,62
3045,2026-04-17,3,ночь,15,Блендер погружной,300,239,19,31
3046,2026-04-17,4,день,10,Блендер погружной,360,319,5,11
3047,2026-04-17,4,ночь,16,Блендер погружной,360,333,7,13
3048,2026-04-17,5,день,11,Упаковка комплектов,900,811,14,26
3049,2026-04-17,5,ночь,17,Упаковка комплектов,900,839,33,15
3050,2026-04-17,6,день,12,Корпуса утюгов,520,458,8,5
3051,2026-04-17,6,ночь,18,Корпуса утюгов,520,477,6,19
3052,2026-04-18,1,день,7,Чайник электрический,420,408,12,13
3053,2026-04-18,1,ночь,13,Чайник электрический,420,380,10,8
3054,2026-04-18,2,день,8,Чайник электрический,480,439,4,15
3055,2026-04-18,2,ночь,14,Чайник электрический,480,425,8,31
3056,2026-04-18,3,день,9,Блендер погружной,300,275,6,41
3057,2026-04-18,3,ночь,15,Блендер погружной,300,221,19,54
3058,2026-04-18,4,день,10,Блендер погружной,360,320,7,7
3059,2026-04-18,4,ночь,16,Блендер погружной,360,334,4,7
3060,2026-04-18,5,день,11,Упаковка комплектов,900,860,25,16
3061,2026-04-18,5,ночь,17,Упаковка комплектов,900,798,18,14
3062,2026-04-18,6,день,12,Корпуса утюгов,520,458,5,17
3063,2026-04-18,6,ночь,18,Корпуса утюгов,520,481,9,19
3064,2026-04-19,2,день,8,Чайник электрический,480,440,7,13
3065,2026-04-19,5,день,11,Упаковка комплектов,900,833,17,0
3066,2026-04-20,1,день,7,Чайник электрический,420,396,12,32
3067,2026-04-20,1,ночь,13,Чайник электрический,420,356,6,36
3068,2026-04-20,2,день,8,Чайник электрический,480,444,2,12
3069,2026-04-20,2,ночь,14,Чайник электрический,480,436,7,33
3070,2026-04-20,3,день,9,Блендер погружной,300,288,5,2
3071,2026-04-20,3,ночь,15,Блендер погружной,300,229,17,36
3072,2026-04-20,4,день,10,Блендер погружной,360,323,9,8
3073,2026-04-20,4,ночь,16,Блендер погружной,360,321,3,11
3074,2026-04-20,5,день,11,Упаковка комплектов,900,854,26,15
3075,2026-04-20,5,ночь,17,Упаковка комплектов,900,780,12,25
3076,2026-04-20,6,день,12,Корпуса утюгов,520,441,9,35
3077,2026-04-20,6,ночь,18,Корпуса утюгов,520,469,7,20
3078,2026-04-21,1,день,13,Чайник электрический,420,389,9,24
3079,2026-04-21,1,ночь,19,Чайник электрический,420,383,11,21
3080,2026-04-21,2,день,14,Чайник электрический,480,447,8,
3081,2026-04-21,2,ночь,20,Чайник электрический,480,400,15,9
3082,2026-04-21,3,день,15,Блендер погружной,300,245,16,32
3083,2026-04-21,3,ночь,21,Блендер погружной,300,271,8,34
3084,2026-04-21,4,день,16,Блендер погружной,360,357,6,3
3085,2026-04-21,4,ночь,22,Блендер погружной,360,305,7,27
3086,2026-04-21,5,день,17,Упаковка комплектов,900,821,12,33
3087,2026-04-21,5,ночь,23,Упаковка комплектов,900,764,17,36
3088,2026-04-21,6,день,18,Корпуса утюгов,520,492,9,16
3089,2026-04-21,6,ночь,24,Корпуса утюгов,520,473,10,13
3090,2026-04-22,1,день,13,Чайник электрический,420,410,6,4
3091,2026-04-22,1,ночь,19,Чайник электрический,420,389,6,16
3092,2026-04-22,2,день,14,Чайник электрический,480,457,11,20
3093,2026-04-22,2,ночь,20,Чайник электрический,480,399,18,0
3094,2026-04-22,3,день,15,Блендер погружной,300,257,18,20
3095,2026-04-22,3,ночь,21,Блендер погружной,300,278,11,18
3096,2026-04-22,4,день,16,Блендер погружной,360,365,6,0
3097,2026-04-22,4,ночь,22,Блендер погружной,360,154,3,260
3098,2026-04-22,5,день,17,Упаковка комплектов,900,848,21,9
3099,2026-04-22,5,ночь,23,Упаковка комплектов,900,848,15,20
3100,2026-04-22,6,день,18,Корпуса утюгов,520,482,9,16
3101,2026-04-22,6,ночь,24,Корпуса утюгов,520,468,6,27
3102,2026-04-23,1,день,13,Чайник электрический,420,375,1,25
3103,2026-04-23,1,ночь,19,Чайник электрический,420,387,10,18
3104,2026-04-23,2,день,14,Чайник электрический,480,454,8,11
3105,2026-04-23,2,ночь,20,Чайник электрический,480,386,11,20
3106,2026-04-23,3,день,15,Блендер погружной,300,229,15,52
3107,2026-04-23,3,ночь,21,Блендер погружной,300,281,8,24
3108,2026-04-23,4,день,16,Блендер погружной,360,332,4,17
3109,2026-04-23,4,ночь,22,Блендер погружной,360,312,2,12
3110,2026-04-23,5,день,17,Упаковка комплектов,900,883,21,16
3111,2026-04-23,5,ночь,23,Упаковка комплектов,900,853,21,0
3112,2026-04-23,6,день,18,Корпуса утюгов,520,504,9,16
3113,2026-04-23,6,ночь,24,Корпуса утюгов,520,491,9,0
3114,2026-04-24,1,день,13,Чайник электрический,420,390,8,31
3115,2026-04-24,1,ночь,19,Чайник электрический,420,393,10,15
3116,2026-04-24,2,день,14,Чайник электрический,480,452,10,9
3117,2026-04-24,2,ночь,20,Чайник электрический,480,390,17,9
3118,2026-04-24,3,день,15,Блендер погружной,300,251,15,33
3119,2026-04-24,3,ночь,21,Блендер погружной,300,257,9,43
3120,2026-04-24,4,день,16,Блендер погружной,360,330,6,21
3121,2026-04-24,4,ночь,22,Блендер погружной,360,211,3,179
3122,2026-04-24,5,день,17,Упаковка комплектов,900,833,15,34
3123,2026-04-24,5,ночь,23,Упаковка комплектов,900,824,22,8
3124,2026-04-24,6,день,18,Корпуса утюгов,520,499,5,29
3125,2026-04-24,6,ночь,24,Корпуса утюгов,520,476,11,21
3126,2026-04-25,1,день,13,Чайник электрический,420,385,10,32
3127,2026-04-25,1,ночь,19,Чайник электрический,420,385,6,1
3128,2026-04-25,2,день,14,Чайник электрический,480,442,2,22
3129,2026-04-25,2,ночь,20,Чайник электрический,480,388,14,18
3130,2026-04-25,3,день,15,Блендер погружной,300,266,17,18
3131,2026-04-25,3,ночь,21,Блендер погружной,300,258,9,29
3132,2026-04-25,4,день,16,Блендер погружной,360,357,3,15
3133,2026-04-25,4,ночь,22,Блендер погружной,360,307,5,16
3134,2026-04-25,5,день,17,Упаковка комплектов,900,814,8,34
3135,2026-04-25,5,ночь,23,Упаковка комплектов,900,876,13,7
3136,2026-04-25,6,день,18,Корпуса утюгов,520,485,10,26
3137,2026-04-25,6,ночь,24,Корпуса утюгов,520,459,10,16
3138,2026-04-26,1,день,13,Чайник электрический,420,391,1,7
3139,2026-04-26,2,день,14,Чайник электрический,480,459,5,26
3140,2026-04-26,3,день,15,Блендер погружной,300,249,16,47
3141,2026-04-26,4,день,16,Блендер погружной,360,352,2,18
3142,2026-04-26,5,день,17,Упаковка комплектов,900,890,17,4
3143,2026-04-27,1,день,13,Чайник электрический,420,394,9,10
3144,2026-04-27,1,ночь,19,Чайник электрический,420,381,7,22
3145,2026-04-27,2,день,14,Чайник электрический,480,471,7,18
3146,2026-04-27,2,ночь,20,Чайник электрический,480,404,17,14
3147,2026-04-27,3,день,15,Блендер погружной,300,235,16,41
3148,2026-04-27,3,ночь,21,Блендер погружной,300,244,9,53
3149,2026-04-27,4,день,16,Блендер погружной,360,335,3,26
3150,2026-04-27,4,ночь,22,Блендер погружной,360,305,6,17
3151,2026-04-27,5,день,17,Упаковка комплектов,900,832,25,32
3152,2026-04-27,5,ночь,23,Упаковка комплектов,900,809,25,11
3153,2026-04-27,6,день,18,Корпуса утюгов,520,482,6,34
3154,2026-04-27,6,ночь,24,Корпуса утюгов,520,471,12,22
3155,2026-04-28,1,день,19,Чайник электрический,420,414,13,19
3156,2026-04-28,1,ночь,1,Чайник электрический,420,325,15,56
3157,2026-04-28,2,день,20,Чайник электрический,480,421,9,16
3158,2026-04-28,2,ночь,2,Чайник электрический,480,426,10,18
3159,2026-04-28,3,день,21,Блендер погружной,300,273,8,24
3160,2026-04-28,3,ночь,3,Блендер погружной,300,287,10,5
3161,2026-04-28,4,день,22,Блендер погружной,360,334,5,11
3162,2026-04-28,4,ночь,4,Блендер погружной,360,156,3,268
3163,2026-04-28,5,день,23,Упаковка комплектов,900,863,8,32
3164,2026-04-28,5,ночь,5,Упаковка комплектов,900,712,35,26
3165,2026-04-28,6,день,24,Корпуса утюгов,520,505,6,14
3166,2026-04-28,6,ночь,6,Корпуса утюгов,520,477,10,26
3167,2026-04-29,1,день,19,Чайник электрический,420,394,9,35
3168,2026-04-29,1,ночь,1,Чайник электрический,420,356,15,20
3169,2026-04-29,2,день,20,Чайник электрический,480,416,15,7
3170,2026-04-29,2,ночь,2,Чайник электрический,480,454,8,19
3171,2026-04-29,3,день,21,Блендер погружной,300,275,6,48
3172,2026-04-29,3,ночь,3,Блендер погружной,300,256,8,55
3173,2026-04-29,4,день,22,Блендер погружной,360,324,6,10
3174,2026-04-29,4,ночь,4,Блендер погружной,360,329,6,19
3175,2026-04-29,5,день,23,Упаковка комплектов,900,842,18,14
3176,2026-04-29,5,ночь,5,Упаковка комплектов,900,776,55,0
3177,2026-04-29,6,день,24,Корпуса утюгов,520,489,6,20
3178,2026-04-29,6,ночь,6,Корпуса утюгов,520,485,11,12
3179,2026-04-30,1,день,19,Чайник электрический,420,396,6,10
3180,2026-04-30,1,ночь,1,Чайник электрический,420,361,14,10
3181,2026-04-30,2,день,20,Чайник электрический,480,390,16,31
3182,2026-04-30,2,ночь,2,Чайник электрический,480,444,3,17
3183,2026-04-30,3,день,21,Блендер погружной,300,297,12,18
3184,2026-04-30,3,ночь,3,Блендер погружной,300,262,8,37
3185,2026-04-30,4,день,22,Блендер погружной,360,336,2,1
3186,2026-04-30,4,ночь,4,Блендер погружной,360,326,3,
3187,2026-04-30,5,день,23,Упаковка комплектов,900,824,21,20
3188,2026-04-30,5,ночь,5,Упаковка комплектов,900,778,42,
3189,2026-04-30,6,день,24,Корпуса утюгов,520,500,12,6
3190,2026-04-30,6,ночь,6,Корпуса утюгов,520,478,12,14
3191,2026-05-01,1,день,19,Чайник электрический,420,387,8,21
3192,2026-05-01,1,ночь,1,Чайник электрический,420,344,15,26
3193,2026-05-01,2,день,20,Чайник электрический,480,422,12,7
3194,2026-05-01,2,ночь,2,Чайник электрический,480,425,6,25
3195,2026-05-01,3,день,21,Блендер погружной,300,271,9,28
3196,2026-05-01,3,ночь,3,Блендер погружной,300,262,10,33
3197,2026-05-01,4,день,22,Блендер погружной,360,343,3,6
3198,2026-05-01,4,ночь,4,Блендер погружной,360,333,3,25
3199,2026-05-01,5,день,23,Упаковка комплектов,900,901,11,0
3200,2026-05-01,5,ночь,5,Упаковка комплектов,900,768,39,24
3201,2026-05-01,6,день,24,Корпуса утюгов,520,471,5,25
3202,2026-05-01,6,ночь,6,Корпуса утюгов,520,484,14,22
3203,2026-05-02,1,день,19,Чайник электрический,420,411,5,21
3204,2026-05-02,1,ночь,1,Чайник электрический,420,334,16,35
3205,2026-05-02,2,день,20,Чайник электрический,480,409,10,11
3206,2026-05-02,2,ночь,2,Чайник электрический,480,443,11,8
3207,2026-05-02,3,день,21,Блендер погружной,300,267,11,32
3208,2026-05-02,3,ночь,3,Блендер погружной,300,264,11,40
3209,2026-05-02,4,день,22,Блендер погружной,360,321,4,16
3210,2026-05-02,4,ночь,4,Блендер погружной,360,320,3,16
3211,2026-05-02,5,день,23,Упаковка комплектов,900,862,18,15
3212,2026-05-02,5,ночь,5,Упаковка комплектов,900,712,39,31
3213,2026-05-02,6,день,24,Корпуса утюгов,520,500,8,0
3214,2026-05-02,6,ночь,6,Корпуса утюгов,520,461,9,27
3215,2026-05-03,5,день,23,Упаковка комплектов,900,780,16,43
3216,2026-05-04,1,день,19,Чайник электрический,420,384,6,
3217,2026-05-04,1,ночь,1,Чайник электрический,420,332,17,39
3218,2026-05-04,2,день,20,Чайник электрический,480,437,10,1
3219,2026-05-04,2,ночь,2,Чайник электрический,480,447,10,11
3220,2026-05-04,3,день,21,Блендер погружной,300,293,8,4
3221,2026-05-04,3,ночь,3,Блендер погружной,300,287,11,0
3222,2026-05-04,4,день,22,Блендер погружной,360,335,4,10
3223,2026-05-04,4,ночь,4,Блендер погружной,360,320,5,16
3224,2026-05-04,5,день,23,Упаковка комплектов,900,857,13,34
3225,2026-05-04,5,ночь,5,Упаковка комплектов,900,735,40,29
3226,2026-05-04,6,день,24,Корпуса утюгов,520,511,6,15
3227,2026-05-04,6,ночь,6,Корпуса утюгов,520,482,11,22
3228,2026-05-05,1,день,1,Чайник электрический,420,366,16,31
3229,2026-05-05,1,ночь,7,Чайник электрический,420,383,7,7
3230,2026-05-05,2,день,2,Чайник электрический,480,476,7,1
3231,2026-05-05,2,ночь,8,Чайник электрический,480,433,4,7
3232,2026-05-05,3,день,3,Блендер погружной,300,263,7,47
3233,2026-05-05,3,ночь,9,Блендер погружной,300,280,9,
3234,2026-05-05,4,день,4,Блендер погружной,360,359,5,7
3235,2026-05-05,4,ночь,10,Блендер погружной,360,302,7,12
3236,2026-05-05,5,день,5,Упаковка комплектов,900,732,36,38
3237,2026-05-05,5,ночь,11,Упаковка комплектов,900,824,19,20
3238,2026-05-05,6,день,6,Корпуса утюгов,520,409,4,
3239,2026-05-05,6,ночь,12,Корпуса утюгов,520,416,12,22
3240,2026-05-06,1,день,1,Чайник электрический,420,386,14,6
3241,2026-05-06,1,ночь,7,Чайник электрический,420,404,9,0
3242,2026-05-06,2,день,2,Чайник электрический,480,448,6,22
3243,2026-05-06,2,ночь,8,Чайник электрический,480,434,6,18
3244,2026-05-06,3,день,3,Блендер погружной,300,290,9,17
3245,2026-05-06,3,ночь,9,Блендер погружной,300,274,11,33
3246,2026-05-06,4,день,4,Блендер погружной,360,352,5,7
3247,2026-05-06,4,ночь,10,Блендер погружной,360,294,7,22
3248,2026-05-06,5,день,5,Упаковка комплектов,900,788,43,19
3249,2026-05-06,5,ночь,11,Упаковка комплектов,900,804,26,11
3250,2026-05-06,6,день,6,Корпуса утюгов,520,513,7,8
3251,2026-05-06,6,ночь,12,Корпуса утюгов,520,453,4,6
3252,2026-05-07,1,день,1,Чайник электрический,420,381,13,7
3253,2026-05-07,1,ночь,7,Чайник электрический,420,396,6,14
3254,2026-05-07,2,день,2,Чайник электрический,480,463,6,18
3255,2026-05-07,2,ночь,8,Чайник электрический,480,452,6,11
3256,2026-05-07,3,день,3,Блендер погружной,300,276,7,50
3257,2026-05-07,3,ночь,9,Блендер погружной,300,264,9,38
3258,2026-05-07,4,день,4,Блендер погружной,360,351,0,19
3259,2026-05-07,4,ночь,10,Блендер погружной,360,307,11,2
3260,2026-05-07,5,день,5,Упаковка комплектов,900,768,36,33
3261,2026-05-07,5,ночь,11,Упаковка комплектов,900,822,25,18
3262,2026-05-07,6,день,6,Корпуса утюгов,520,503,14,2
3263,2026-05-07,6,ночь,12,Корпуса утюгов,520,422,15,26
3264,2026-05-08,1,день,1,Чайник электрический,420,372,15,9
3265,2026-05-08,1,ночь,7,Чайник электрический,420,386,5,22
3266,2026-05-08,2,день,2,Чайник электрический,480,434,10,24
3267,2026-05-08,2,ночь,8,Чайник электрический,480,446,5,15
3268,2026-05-08,3,день,3,Блендер погружной,300,277,8,30
3269,2026-05-08,3,ночь,9,Блендер погружной,300,293,12,5
3270,2026-05-08,4,день,4,Блендер погружной,360,359,4,11
3271,2026-05-08,4,ночь,10,Блендер погружной,360,310,10,0
3272,2026-05-08,5,день,5,Упаковка комплектов,900,738,27,35
3273,2026-05-08,5,ночь,11,Упаковка комплектов,900,846,13,9
3274,2026-05-08,6,день,6,Корпуса утюгов,520,516,8,18
3275,2026-05-08,6,ночь,12,Корпуса утюгов,520,439,10,9
3276,2026-05-09,1,день,1,Чайник электрический,420,354,9,18
3277,2026-05-09,1,ночь,7,Чайник электрический,420,364,10,24
3278,2026-05-09,2,день,2,Чайник электрический,480,457,6,13
3279,2026-05-09,2,ночь,8,Чайник электрический,480,426,5,18
3280,2026-05-09,3,день,3,Блендер погружной,300,281,6,25
3281,2026-05-09,3,ночь,9,Блендер погружной,300,100,4,310
3282,2026-05-09,4,день,4,Блендер погружной,360,353,3,20
3283,2026-05-09,4,ночь,10,Блендер погружной,360,309,8,8
3284,2026-05-09,5,день,5,Упаковка комплектов,900,803,36,19
3285,2026-05-09,5,ночь,11,Упаковка комплектов,900,814,25,22
3286,2026-05-09,6,день,6,Корпуса утюгов,520,507,7,15
3287,2026-05-09,6,ночь,12,Корпуса утюгов,520,439,9,27
3288,2026-05-10,4,день,4,Блендер погружной,360,328,2,24
3289,2026-05-10,5,день,5,Упаковка комплектов,900,762,37,18
3290,2026-05-11,1,день,1,Чайник электрический,420,348,14,33
3291,2026-05-11,1,ночь,7,Чайник электрический,420,387,4,13
3292,2026-05-11,2,день,2,Чайник электрический,480,462,4,9
3293,2026-05-11,2,ночь,8,Чайник электрический,480,434,5,12
3294,2026-05-11,3,день,3,Блендер погружной,300,284,10,14
3295,2026-05-11,3,ночь,9,Блендер погружной,300,262,9,47
3296,2026-05-11,4,день,4,Блендер погружной,360,362,5,8
3297,2026-05-11,4,ночь,10,Блендер погружной,360,293,6,10
3298,2026-05-11,5,день,5,Упаковка комплектов,900,752,37,34
3299,2026-05-11,5,ночь,11,Упаковка комплектов,900,772,23,16
3300,2026-05-11,6,день,6,Корпуса утюгов,520,490,9,11
3301,2026-05-11,6,ночь,12,Корпуса утюгов,520,451,9,12
3302,2026-05-12,1,день,7,Чайник электрический,420,417,7,17
3303,2026-05-12,1,ночь,13,Чайник электрический,420,393,7,1
3304,2026-05-12,2,день,8,Чайник электрический,480,468,5,12
3305,2026-05-12,2,ночь,14,Чайник электрический,480,463,4,8
3306,2026-05-12,3,день,9,Блендер погружной,300,288,7,32
3307,2026-05-12,3,ночь,15,Блендер погружной,300,231,17,41
3308,2026-05-12,4,день,10,Блендер погружной,360,309,8,11
3309,2026-05-12,4,ночь,16,Блендер погружной,360,328,6,4
3310,2026-05-12,5,день,11,Упаковка комплектов,900,862,15,5
3311,2026-05-12,5,ночь,17,Упаковка комплектов,900,778,17,35
3312,2026-05-12,6,день,12,Корпуса утюгов,520,459,4,20
3313,2026-05-12,6,ночь,18,Корпуса утюгов,520,475,3,0
3314,2026-05-13,1,день,7,Чайник электрический,420,403,10,6
3315,2026-05-13,1,ночь,13,Чайник электрический,420,378,13,30
3316,2026-05-13,2,день,8,Чайник электрический,480,436,6,32
3317,2026-05-13,2,ночь,14,Чайник электрический,480,431,4,13
3318,2026-05-13,3,день,9,Блендер погружной,300,275,5,21
3319,2026-05-13,3,ночь,15,Блендер погружной,300,250,19,29
3320,2026-05-13,4,день,10,Блендер погружной,360,297,6,17
3321,2026-05-13,4,ночь,16,Блендер погружной,360,330,2,14
3322,2026-05-13,5,день,11,Упаковка комплектов,900,850,16,3
3323,2026-05-13,5,ночь,17,Упаковка комплектов,900,825,17,15
3324,2026-05-13,6,день,12,Корпуса утюгов,520,470,5,8
3325,2026-05-13,6,ночь,18,Корпуса утюгов,520,478,5,21
3326,2026-05-14,1,день,7,Чайник электрический,420,414,7,16
3327,2026-05-14,1,ночь,13,Чайник электрический,420,389,11,13
3328,2026-05-14,2,день,8,Чайник электрический,480,459,6,15
3329,2026-05-14,2,ночь,14,Чайник электрический,480,461,11,0
3330,2026-05-14,3,день,9,Блендер погружной,300,275,9,34
3331,2026-05-14,3,ночь,15,Блендер погружной,300,245,20,11
3332,2026-05-14,4,день,10,Блендер погружной,360,316,6,20
3333,2026-05-14,4,ночь,16,Блендер погружной,360,340,7,0
3334,2026-05-14,5,день,11,Упаковка комплектов,900,836,22,0
3335,2026-05-14,5,ночь,17,Упаковка комплектов,900,874,25,6
3336,2026-05-14,6,день,12,Корпуса утюгов,520,455,5,14
3337,2026-05-14,6,ночь,18,Корпуса утюгов,520,503,5,10
3338,2026-05-15,1,день,7,Чайник электрический,420,404,7,14
3339,2026-05-15,1,ночь,13,Чайник электрический,420,381,7,15
3340,2026-05-15,2,день,8,Чайник электрический,480,474,10,5
3341,2026-05-15,2,ночь,14,Чайник электрический,480,450,5,0
3342,2026-05-15,3,день,9,Блендер погружной,300,290,6,25
3343,2026-05-15,3,ночь,15,Блендер погружной,300,251,20,19
3344,2026-05-15,4,день,10,Блендер погружной,360,311,7,
3345,2026-05-15,4,ночь,16,Блендер погружной,360,336,8,7
3346,2026-05-15,5,день,11,Упаковка комплектов,900,899,14,0
3347,2026-05-15,5,ночь,17,Упаковка комплектов,900,813,21,27
3348,2026-05-15,6,день,12,Корпуса утюгов,520,466,10,25
3349,2026-05-15,6,ночь,18,Корпуса утюгов,520,479,8,15
3350,2026-05-16,1,день,7,Чайник электрический,420,388,7,42
3351,2026-05-16,1,ночь,13,Чайник электрический,420,382,8,31
3352,2026-05-16,2,день,8,Чайник электрический,480,437,5,26
3353,2026-05-16,2,ночь,14,Чайник электрический,480,441,7,16
3354,2026-05-16,3,день,9,Блендер погружной,300,277,7,20
3355,2026-05-16,3,ночь,15,Блендер погружной,300,232,18,33
3356,2026-05-16,4,день,10,Блендер погружной,360,315,11,4
3357,2026-05-16,4,ночь,16,Блендер погружной,360,339,3,11
3358,2026-05-16,5,день,11,Упаковка комплектов,900,868,8,9
3359,2026-05-16,5,ночь,17,Упаковка комплектов,900,819,17,18
3360,2026-05-16,6,день,12,Корпуса утюгов,520,476,10,8
3361,2026-05-16,6,ночь,18,Корпуса утюгов,520,473,9,32
3362,2026-05-17,3,день,9,Блендер погружной,300,268,6,59
3363,2026-05-17,4,день,10,Блендер погружной,360,305,8,20
3364,2026-05-17,5,день,11,Упаковка комплектов,900,812,18,21
3365,2026-05-17,6,день,12,Корпуса утюгов,520,459,5,20
3366,2026-05-18,1,день,7,Чайник электрический,420,418,7,12
3367,2026-05-18,1,ночь,13,Чайник электрический,420,368,7,35
3368,2026-05-18,2,день,8,Чайник электрический,480,460,6,17
3369,2026-05-18,2,ночь,14,Чайник электрический,480,464,7,0
3370,2026-05-18,3,день,9,Блендер погружной,300,288,8,11
3371,2026-05-18,3,ночь,15,Блендер погружной,300,261,21,8
3372,2026-05-18,4,день,10,Блендер погружной,360,317,5,19
3373,2026-05-18,4,ночь,16,Блендер погружной,360,342,4,16
3374,2026-05-18,5,день,11,Упаковка комплектов,900,832,14,16
3375,2026-05-18,5,ночь,17,Упаковка комплектов,900,828,26,14
3376,2026-05-18,6,день,12,Корпуса утюгов,520,438,4,18
3377,2026-05-18,6,ночь,18,Корпуса утюгов,520,468,4,9
3378,2026-05-19,1,день,13,Чайник электрический,420,389,9,22
3379,2026-05-19,1,ночь,19,Чайник электрический,420,394,10,15
3380,2026-05-19,2,день,14,Чайник электрический,480,452,5,19
3381,2026-05-19,2,ночь,20,Чайник электрический,480,405,13,4
3382,2026-05-19,3,день,15,Блендер погружной,300,249,16,44
3383,2026-05-19,3,ночь,21,Блендер погружной,300,253,9,49
3384,2026-05-19,4,день,16,Блендер погружной,360,335,3,20
3385,2026-05-19,4,ночь,22,Блендер погружной,360,302,0,23
3386,2026-05-19,5,день,17,Упаковка комплектов,900,857,13,18
3387,2026-05-19,5,ночь,23,Упаковка комплектов,900,824,28,21
3388,2026-05-19,6,день,18,Корпуса утюгов,520,492,7,23
3389,2026-05-19,6,ночь,24,Корпуса утюгов,520,474,10,22
3390,2026-05-20,1,день,13,Чайник электрический,420,392,9,33
3391,2026-05-20,1,ночь,19,Чайник электрический,420,400,9,15
3392,2026-05-20,2,день,14,Чайник электрический,480,467,9,15
3393,2026-05-20,2,ночь,20,Чайник электрический,480,424,14,0
3394,2026-05-20,3,день,15,Блендер погружной,300,241,18,32
3395,2026-05-20,3,ночь,21,Блендер погружной,300,274,11,34
3396,2026-05-20,4,день,16,Блендер погружной,360,345,5,19
3397,2026-05-20,4,ночь,22,Блендер погружной,360,314,1,8
3398,2026-05-20,5,день,17,Упаковка комплектов,900,856,18,34
3399,2026-05-20,5,ночь,23,Упаковка комплектов,900,750,20,43
3400,2026-05-20,6,день,18,Корпуса утюгов,520,504,9,10
3401,2026-05-20,6,ночь,24,Корпуса утюгов,520,492,14,11
3402,2026-05-21,1,день,13,Чайник электрический,420,410,6,20
3403,2026-05-21,1,ночь,19,Чайник электрический,420,371,7,26
3404,2026-05-21,2,день,14,Чайник электрический,480,473,8,
3405,2026-05-21,2,ночь,20,Чайник электрический,480,405,11,11
3406,2026-05-21,3,день,15,Блендер погружной,300,268,19,6
3407,2026-05-21,3,ночь,21,Блендер погружной,300,258,6,37
3408,2026-05-21,4,день,16,Блендер погружной,360,359,7,2
3409,2026-05-21,4,ночь,22,Блендер погружной,360,321,2,13
3410,2026-05-21,5,день,17,Упаковка комплектов,900,923,27,0
3411,2026-05-21,5,ночь,23,Упаковка комплектов,900,847,20,0
3412,2026-05-21,6,день,18,Корпуса утюгов,520,506,9,6
3413,2026-05-21,6,ночь,24,Корпуса утюгов,520,484,7,25
3414,2026-05-22,1,день,13,Чайник электрический,420,391,7,15
3415,2026-05-22,1,ночь,19,Чайник электрический,420,397,9,0
3416,2026-05-22,2,день,14,Чайник электрический,480,470,5,16
3417,2026-05-22,2,ночь,20,Чайник электрический,480,412,11,9
3418,2026-05-22,3,день,15,Блендер погружной,300,243,14,37
3419,2026-05-22,3,ночь,21,Блендер погружной,300,280,12,6
3420,2026-05-22,4,день,16,Блендер погружной,360,361,1,0
3421,2026-05-22,4,ночь,22,Блендер погружной,360,325,4,3
3422,2026-05-22,5,день,17,Упаковка комплектов,900,872,19,22
3423,2026-05-22,5,ночь,23,Упаковка комплектов,900,824,23,5
3424,2026-05-22,6,день,18,Корпуса утюгов,520,486,1,25
3425,2026-05-22,6,ночь,24,Корпуса утюгов,520,471,7,9
3426,2026-05-23,1,день,13,Чайник электрический,420,399,8,17
3427,2026-05-23,1,ночь,19,Чайник электрический,420,378,12,24
3428,2026-05-23,2,день,14,Чайник электрический,480,462,7,7
3429,2026-05-23,2,ночь,20,Чайник электрический,480,384,13,18
3430,2026-05-23,3,день,15,Блендер погружной,300,251,14,27
3431,2026-05-23,3,ночь,21,Блендер погружной,300,292,13,0
3432,2026-05-23,4,день,16,Блендер погружной,360,349,9,6
3433,2026-05-23,4,ночь,22,Блендер погружной,360,323,0,7
3434,2026-05-23,5,день,17,Упаковка комплектов,900,905,16,8
3435,2026-05-23,5,ночь,23,Упаковка комплектов,900,818,25,23
3436,2026-05-23,6,день,18,Корпуса утюгов,520,500,5,17
3437,2026-05-23,6,ночь,24,Корпуса утюгов,520,483,5,6
3438,2026-05-24,1,день,13,Чайник электрический,420,416,5,14
3439,2026-05-24,2,день,14,Чайник электрический,480,469,4,0
3440,2026-05-24,3,день,15,Блендер погружной,300,262,16,17
3441,2026-05-24,5,день,17,Упаковка комплектов,900,896,17,10
3442,2026-05-24,6,день,18,Корпуса утюгов,520,512,9,10
3443,2026-05-25,1,день,13,Чайник электрический,420,381,7,34
3444,2026-05-25,1,ночь,19,Чайник электрический,420,380,12,7
3445,2026-05-25,2,день,14,Чайник электрический,480,472,12,0
3446,2026-05-25,2,ночь,20,Чайник электрический,480,396,15,3
3447,2026-05-25,3,день,15,Блендер погружной,300,236,14,52
3448,2026-05-25,3,ночь,21,Блендер погружной,300,262,7,30
3449,2026-05-25,4,день,16,Блендер погружной,360,348,4,15
3450,2026-05-25,4,ночь,22,Блендер погружной,360,327,5,11
3451,2026-05-25,5,день,17,Упаковка комплектов,900,898,21,14
3452,2026-05-25,5,ночь,23,Упаковка комплектов,900,871,22,0
3453,2026-05-25,6,день,18,Корпуса утюгов,520,495,10,20
3454,2026-05-25,6,ночь,24,Корпуса утюгов,520,501,6,10
3455,2026-05-26,1,день,19,Чайник электрический,420,413,10,9
3456,2026-05-26,1,ночь,1,Чайник электрический,420,341,19,26
3457,2026-05-26,2,день,20,Чайник электрический,480,414,13,22
3458,2026-05-26,2,ночь,2,Чайник электрический,480,458,6,16
3459,2026-05-26,3,день,21,Блендер погружной,300,283,8,23
3460,2026-05-26,3,ночь,3,Блендер погружной,300,269,9,16
3461,2026-05-26,4,день,22,Блендер погружной,360,337,2,11
3462,2026-05-26,4,ночь,4,Блендер погружной,360,338,3,8
3463,2026-05-26,5,день,23,Упаковка комплектов,900,808,25,47
3464,2026-05-26,5,ночь,5,Упаковка комплектов,900,752,41,20
3465,2026-05-26,6,день,24,Корпуса утюгов,520,476,5,18
3466,2026-05-26,6,ночь,6,Корпуса утюгов,520,460,11,25
3467,2026-05-27,1,день,19,Чайник электрический,420,402,5,15
3468,2026-05-27,1,ночь,1,Чайник электрический,420,361,19,8
3469,2026-05-27,2,день,20,Чайник электрический,480,412,10,8
3470,2026-05-27,2,ночь,2,Чайник электрический,480,441,2,18
3471,2026-05-27,3,день,21,Блендер погружной,300,282,6,32
3472,2026-05-27,3,ночь,3,Блендер погружной,300,288,11,12
3473,2026-05-27,4,день,22,Блендер погружной,360,313,0,22
3474,2026-05-27,4,ночь,4,Блендер погружной,360,330,2,2
3475,2026-05-27,5,день,23,Упаковка комплектов,900,838,25,14
3476,2026-05-27,5,ночь,5,Упаковка комплектов,900,769,44,21
3477,2026-05-27,6,день,24,Корпуса утюгов,520,511,5,4
3478,2026-05-27,6,ночь,6,Корпуса утюгов,520,462,5,18
3479,2026-05-28,1,день,19,Чайник электрический,420,379,3,31
3480,2026-05-28,1,ночь,1,Чайник электрический,420,224,10,193
3481,2026-05-28,2,день,20,Чайник электрический,480,408,7,13
3482,2026-05-28,2,ночь,2,Чайник электрический,480,428,8,13
3483,2026-05-28,3,день,21,Блендер погружной,300,268,7,41
3484,2026-05-28,3,ночь,3,Блендер погружной,300,176,5,193
3485,2026-05-28,4,день,22,Блендер погружной,360,336,3,12
3486,2026-05-28,4,ночь,4,Блендер погружной,360,333,6,7
3487,2026-05-28,5,день,23,Упаковка комплектов,900,857,21,14
3488,2026-05-28,5,ночь,5,Упаковка комплектов,900,710,41,25
3489,2026-05-28,6,день,24,Корпуса утюгов,520,489,4,18
3490,2026-05-28,6,ночь,6,Корпуса утюгов,520,482,14,11
3491,2026-05-29,1,день,19,Чайник электрический,420,416,5,13
3492,2026-05-29,1,ночь,1,Чайник электрический,420,349,17,7
3493,2026-05-29,2,день,20,Чайник электрический,480,421,9,19
3494,2026-05-29,2,ночь,2,Чайник электрический,480,433,3,13
3495,2026-05-29,3,день,21,Блендер погружной,300,95,3,331
3496,2026-05-29,3,ночь,3,Блендер погружной,300,272,11,27
3497,2026-05-29,4,день,22,Блендер погружной,360,327,4,16
3498,2026-05-29,4,ночь,4,Блендер погружной,360,335,6,4
3499,2026-05-29,5,день,23,Упаковка комплектов,900,849,19,31
3500,2026-05-29,5,ночь,5,Упаковка комплектов,900,765,49,21
3501,2026-05-29,6,день,24,Корпуса утюгов,520,487,12,30
3502,2026-05-29,6,ночь,6,Корпуса утюгов,520,469,5,
3503,2026-05-30,1,день,19,Чайник электрический,420,404,8,0
3504,2026-05-30,1,ночь,1,Чайник электрический,420,344,19,32
3505,2026-05-30,2,день,20,Чайник электрический,480,396,13,18
3506,2026-05-30,2,ночь,2,Чайник электрический,480,465,9,8
3507,2026-05-30,3,день,21,Блендер погружной,300,278,8,34
3508,2026-05-30,3,ночь,3,Блендер погружной,300,275,11,25
3509,2026-05-30,4,день,22,Блендер погружной,360,329,0,4
3510,2026-05-30,4,ночь,4,Блендер погружной,360,338,2,5
3511,2026-05-30,5,день,23,Упаковка комплектов,900,887,4,8
3512,2026-05-30,5,ночь,5,Упаковка комплектов,900,779,39,15
3513,2026-05-30,6,день,24,Корпуса утюгов,520,495,9,11
3514,2026-05-30,6,ночь,6,Корпуса утюгов,520,487,9,18
3515,2026-05-31,1,день,19,Чайник электрический,420,379,8,52
3516,2026-05-31,4,день,22,Блендер погружной,360,335,4,19
3517,2026-05-31,5,день,23,Упаковка комплектов,900,874,27,10
3518,2026-05-31,6,день,24,Корпуса утюгов,520,483,9,25
3519,2026-06-01,1,день,19,Чайник электрический,420,400,8,23
3520,2026-06-01,1,ночь,1,Чайник электрический,420,364,20,16
3521,2026-06-01,2,день,20,Чайник электрический,480,417,10,8
3522,2026-06-01,2,ночь,2,Чайник электрический,480,174,4,303
3523,2026-06-01,3,день,21,Блендер погружной,300,268,9,43
3524,2026-06-01,3,ночь,3,Блендер погружной,300,271,8,35
3525,2026-06-01,4,день,22,Блендер погружной,360,335,2,14
3526,2026-06-01,4,ночь,4,Блендер погружной,360,325,5,7
3527,2026-06-01,5,день,23,Упаковка комплектов,900,844,10,16
3528,2026-06-01,5,ночь,5,Упаковка комплектов,900,744,44,6
3529,2026-06-01,6,день,24,Корпуса утюгов,520,501,4,11
3530,2026-06-01,6,ночь,6,Корпуса утюгов,520,480,9,9
3531,2026-06-02,1,день,1,Чайник электрический,420,354,12,25
3532,2026-06-02,1,ночь,7,Чайник электрический,420,384,12,8
3533,2026-06-02,2,день,2,Чайник электрический,480,454,6,13
3534,2026-06-02,2,ночь,8,Чайник электрический,480,421,2,15
3535,2026-06-02,3,день,3,Блендер погружной,300,243,8,87
3536,2026-06-02,3,ночь,9,Блендер погружной,300,271,10,19
3537,2026-06-02,4,день,4,Блендер погружной,360,358,4,10
3538,2026-06-02,4,ночь,10,Блендер погружной,360,313,11,10
3539,2026-06-02,5,день,5,Упаковка комплектов,900,791,32,21
3540,2026-06-02,5,ночь,11,Упаковка комплектов,900,790,19,21
3541,2026-06-02,6,день,6,Корпуса утюгов,520,500,6,23
3542,2026-06-02,6,ночь,12,Корпуса утюгов,520,433,9,17
3543,2026-06-03,1,день,1,Чайник электрический,420,360,16,16
3544,2026-06-03,1,ночь,7,Чайник электрический,420,397,11,13
3545,2026-06-03,2,день,2,Чайник электрический,480,471,2,10
3546,2026-06-03,2,ночь,8,Чайник электрический,480,459,5,7
3547,2026-06-03,3,день,3,Блендер погружной,300,270,5,25
3548,2026-06-03,3,ночь,9,Блендер погружной,300,256,8,41
3549,2026-06-03,4,день,4,Блендер погружной,360,208,1,197
3550,2026-06-03,4,ночь,10,Блендер погружной,360,296,9,4
3551,2026-06-03,5,день,5,Упаковка комплектов,900,794,36,25
3552,2026-06-03,5,ночь,11,Упаковка комплектов,900,802,24,34
3553,2026-06-03,6,день,6,Корпуса утюгов,520,490,9,15
3554,2026-06-03,6,ночь,12,Корпуса утюгов,520,419,9,31
3555,2026-06-04,1,день,1,Чайник электрический,420,355,11,23
3556,2026-06-04,1,ночь,7,Чайник электрический,420,373,8,25
3557,2026-06-04,2,день,2,Чайник электрический,480,475,13,8
3558,2026-06-04,2,ночь,8,Чайник электрический,480,437,6,4
3559,2026-06-04,3,день,3,Блендер погружной,300,305,8,0
3560,2026-06-04,3,ночь,9,Блендер погружной,300,252,11,40
3561,2026-06-04,4,день,4,Блендер погружной,360,338,2,12
3562,2026-06-04,4,ночь,10,Блендер погружной,360,310,9,3
3563,2026-06-04,5,день,5,Упаковка комплектов,900,783,35,14
3564,2026-06-04,5,ночь,11,Упаковка комплектов,900,741,26,35
3565,2026-06-04,6,день,6,Корпуса утюгов,520,493,7,4
3566,2026-06-04,6,ночь,12,Корпуса утюгов,520,444,9,18
3567,2026-06-05,1,день,1,Чайник электрический,420,366,15,20
3568,2026-06-05,1,ночь,7,Чайник электрический,420,386,10,14
3569,2026-06-05,2,день,2,Чайник электрический,480,475,4,13
3570,2026-06-05,2,ночь,8,Чайник электрический,480,439,10,14
3571,2026-06-05,3,день,3,Блендер погружной,300,297,6,0
3572,2026-06-05,3,ночь,9,Блендер погружной,300,277,9,7
3573,2026-06-05,4,день,4,Блендер погружной,360,347,4,12
3574,2026-06-05,4,ночь,10,Блендер погружной,360,285,7,21
3575,2026-06-05,5,день,5,Упаковка комплектов,900,770,34,33
3576,2026-06-05,5,ночь,11,Упаковка комплектов,900,830,20,8
3577,2026-06-05,6,день,6,Корпуса утюгов,520,512,11,15
3578,2026-06-05,6,ночь,12,Корпуса утюгов,520,443,7,9
3579,2026-06-06,1,день,1,Чайник электрический,420,369,18,9
3580,2026-06-06,1,ночь,7,Чайник электрический,420,373,5,15
3581,2026-06-06,2,день,2,Чайник электрический,480,477,10,9
3582,2026-06-06,2,ночь,8,Чайник электрический,480,436,10,19
3583,2026-06-06,3,день,3,Блендер погружной,300,275,9,42
3584,2026-06-06,3,ночь,9,Блендер погружной,300,257,7,37
3585,2026-06-06,4,день,4,Блендер погружной,360,337,5,13
3586,2026-06-06,4,ночь,10,Блендер погружной,360,307,10,2
3587,2026-06-06,5,день,5,Упаковка комплектов,900,783,28,10
3588,2026-06-06,5,ночь,11,Упаковка комплектов,900,775,21,20
3589,2026-06-06,6,день,6,Корпуса утюгов,520,506,11,25
3590,2026-06-06,6,ночь,12,Корпуса утюгов,520,436,9,5
3591,2026-06-07,1,день,1,Чайник электрический,420,376,20,12
3592,2026-06-07,2,день,2,Чайник электрический,480,463,6,0
3593,2026-06-07,3,день,3,Блендер погружной,300,269,8,34
3594,2026-06-07,5,день,5,Упаковка комплектов,900,706,31,45
3595,2026-06-08,1,день,1,Чайник электрический,420,366,15,5
3596,2026-06-08,1,ночь,7,Чайник электрический,420,385,7,26
3597,2026-06-08,2,день,2,Чайник электрический,480,447,5,19
3598,2026-06-08,2,ночь,8,Чайник электрический,480,437,8,8
3599,2026-06-08,3,день,3,Блендер погружной,300,299,8,8
3600,2026-06-08,3,ночь,9,Блендер погружной,300,265,6,19
3601,2026-06-08,4,день,4,Блендер погружной,360,342,1,14
3602,2026-06-08,4,ночь,10,Блендер погружной,360,307,9,14
3603,2026-06-08,5,день,5,Упаковка комплектов,900,719,25,40
3604,2026-06-08,5,ночь,11,Упаковка комплектов,900,748,19,40
3605,2026-06-08,6,день,6,Корпуса утюгов,520,512,5,15
3606,2026-06-08,6,ночь,12,Корпуса утюгов,520,449,7,13
3607,2026-06-09,1,день,7,Чайник электрический,420,425,10,0
3608,2026-06-09,1,ночь,13,Чайник электрический,420,361,7,26
3609,2026-06-09,2,день,8,Чайник электрический,480,457,6,15
3610,2026-06-09,2,ночь,14,Чайник электрический,480,451,8,22
3611,2026-06-09,3,день,9,Блендер погружной,300,281,8,38
3612,2026-06-09,3,ночь,15,Блендер погружной,300,230,17,43
3613,2026-06-09,4,день,10,Блендер погружной,360,318,9,0
3614,2026-06-09,4,ночь,16,Блендер погружной,360,342,4,17
3615,2026-06-09,5,день,11,Упаковка комплектов,900,805,11,26
3616,2026-06-09,5,ночь,17,Упаковка комплектов,900,828,19,19
3617,2026-06-09,6,день,12,Корпуса утюгов,520,463,10,8
3618,2026-06-09,6,ночь,18,Корпуса утюгов,520,465,12,17
3619,2026-06-10,1,день,7,Чайник электрический,420,403,4,18
3620,2026-06-10,1,ночь,13,Чайник электрический,420,370,8,39
3621,2026-06-10,2,день,8,Чайник электрический,480,465,2,1
3622,2026-06-10,2,ночь,14,Чайник электрический,480,448,7,1
3623,2026-06-10,3,день,9,Блендер погружной,300,265,8,38
3624,2026-06-10,3,ночь,15,Блендер погружной,300,230,19,59
3625,2026-06-10,4,день,10,Блендер погружной,360,326,8,7
3626,2026-06-10,4,ночь,16,Блендер погружной,360,353,5,2
3627,2026-06-10,5,день,11,Упаковка комплектов,900,822,16,
3628,2026-06-10,5,ночь,17,Упаковка комплектов,900,797,18,17
3629,2026-06-10,6,день,12,Корпуса утюгов,520,458,4,15
3630,2026-06-10,6,ночь,18,Корпуса утюгов,520,486,16,8
3631,2026-06-11,1,день,7,Чайник электрический,420,397,8,5
3632,2026-06-11,1,ночь,13,Чайник электрический,420,382,6,12
3633,2026-06-11,2,день,8,Чайник электрический,480,449,3,24
3634,2026-06-11,2,ночь,14,Чайник электрический,480,448,5,13
3635,2026-06-11,3,день,9,Блендер погружной,300,265,9,45
3636,2026-06-11,3,ночь,15,Блендер погружной,300,245,18,3
3637,2026-06-11,4,день,10,Блендер погружной,360,303,6,14
3638,2026-06-11,4,ночь,16,Блендер погружной,360,326,8,6
3639,2026-06-11,5,день,11,Упаковка комплектов,900,821,16,8
3640,2026-06-11,5,ночь,17,Упаковка комплектов,900,845,25,15
3641,2026-06-11,6,день,12,Корпуса утюгов,520,334,4,146
3642,2026-06-11,6,ночь,18,Корпуса утюгов,520,476,9,19
3643,2026-06-12,1,день,7,Чайник электрический,420,384,8,31
3644,2026-06-12,1,ночь,13,Чайник электрический,420,370,9,35
3645,2026-06-12,2,день,8,Чайник электрический,480,471,8,6
3646,2026-06-12,2,ночь,14,Чайник электрический,480,431,11,24
3647,2026-06-12,3,день,9,Блендер погружной,300,286,10,31
3648,2026-06-12,3,ночь,15,Блендер погружной,300,245,22,20
3649,2026-06-12,4,день,10,Блендер погружной,360,310,9,12
3650,2026-06-12,4,ночь,16,Блендер погружной,360,323,1,28
3651,2026-06-12,5,день,11,Упаковка комплектов,900,816,21,32
3652,2026-06-12,5,ночь,17,Упаковка комплектов,900,878,18,4
3653,2026-06-12,6,день,12,Корпуса утюгов,520,437,9,39
3654,2026-06-12,6,ночь,18,Корпуса утюгов,520,496,10,15
3655,2026-06-13,1,день,7,Чайник электрический,420,384,8,43
3656,2026-06-13,1,ночь,13,Чайник электрический,420,381,11,0
3657,2026-06-13,2,день,8,Чайник электрический,480,477,6,4
3658,2026-06-13,2,ночь,14,Чайник электрический,480,469,6,2
3659,2026-06-13,3,день,9,Блендер погружной,300,252,5,61
3660,2026-06-13,3,ночь,15,Блендер погружной,300,237,21,35
3661,2026-06-13,4,день,10,Блендер погружной,360,305,9,9
3662,2026-06-13,4,ночь,16,Блендер погружной,360,323,3,14
3663,2026-06-13,5,день,11,Упаковка комплектов,900,660,18,126
3664,2026-06-13,5,ночь,17,Упаковка комплектов,900,852,23,20
3665,2026-06-13,6,день,12,Корпуса утюгов,520,446,8,23
3666,2026-06-13,6,ночь,18,Корпуса утюгов,520,452,11,24
3667,2026-06-14,1,день,7,Чайник электрический,420,401,10,17
3668,2026-06-14,3,день,9,Блендер погружной,300,256,7,52
3669,2026-06-14,4,день,10,Блендер погружной,360,319,8,7
3670,2026-06-14,5,день,11,Упаковка комплектов,900,833,18,24
3671,2026-06-14,6,день,12,Корпуса утюгов,520,436,3,23
3672,2026-06-15,1,день,7,Чайник электрический,420,394,9,20
3673,2026-06-15,1,ночь,13,Чайник электрический,420,371,9,10
3674,2026-06-15,2,день,8,Чайник электрический,480,457,5,12
3675,2026-06-15,2,ночь,14,Чайник электрический,480,470,7,0
3676,2026-06-15,3,день,9,Блендер погружной,300,270,10,46
3677,2026-06-15,3,ночь,15,Блендер погружной,300,243,20,25
3678,2026-06-15,4,день,10,Блендер погружной,360,302,6,15
3679,2026-06-15,4,ночь,16,Блендер погружной,360,349,5,5
3680,2026-06-15,5,день,11,Упаковка комплектов,900,847,23,1
3681,2026-06-15,5,ночь,17,Упаковка комплектов,900,807,13,19
3682,2026-06-15,6,день,12,Корпуса утюгов,520,472,5,0
3683,2026-06-15,6,ночь,18,Корпуса утюгов,520,470,11,13
3684,2026-06-16,1,день,13,Чайник электрический,420,388,9,14
3685,2026-06-16,1,ночь,19,Чайник электрический,420,382,12,33
3686,2026-06-16,2,день,14,Чайник электрический,480,471,5,0
3687,2026-06-16,2,ночь,20,Чайник электрический,480,412,13,4
3688,2026-06-16,3,день,15,Блендер погружной,300,256,15,20
3689,2026-06-16,3,ночь,21,Блендер погружной,300,274,8,36
3690,2026-06-16,4,день,16,Блендер погружной,360,341,6,13
3691,2026-06-16,4,ночь,22,Блендер погружной,360,325,5,3
3692,2026-06-16,5,день,17,Упаковка комплектов,900,900,20,12
3693,2026-06-16,5,ночь,23,Упаковка комплектов,900,828,23,
3694,2026-06-16,6,день,18,Корпуса утюгов,520,489,8,14
3695,2026-06-16,6,ночь,24,Корпуса утюгов,520,491,14,20
3696,2026-06-17,1,день,13,Чайник электрический,420,388,2,37
3697,2026-06-17,1,ночь,19,Чайник электрический,420,390,9,23
3698,2026-06-17,2,день,14,Чайник электрический,480,449,7,14
3699,2026-06-17,2,ночь,20,Чайник электрический,480,392,17,9
3700,2026-06-17,3,день,15,Блендер погружной,300,242,15,40
3701,2026-06-17,3,ночь,21,Блендер погружной,300,257,6,35
3702,2026-06-17,4,день,16,Блендер погружной,360,360,10,3
3703,2026-06-17,4,ночь,22,Блендер погружной,360,139,2,268
3704,2026-06-17,5,день,17,Упаковка комплектов,900,888,17,9
3705,2026-06-17,5,ночь,23,Упаковка комплектов,900,807,16,21
3706,2026-06-17,6,день,18,Корпуса утюгов,520,505,8,19
3707,2026-06-17,6,ночь,24,Корпуса утюгов,520,488,14,12
3708,2026-06-18,1,день,13,Чайник электрический,420,423,7,0
3709,2026-06-18,1,ночь,19,Чайник электрический,420,385,11,32
3710,2026-06-18,2,день,14,Чайник электрический,480,440,10,22
3711,2026-06-18,2,ночь,20,Чайник электрический,480,403,14,13
3712,2026-06-18,3,день,15,Блендер погружной,300,265,14,15
3713,2026-06-18,3,ночь,21,Блендер погружной,300,254,11,45
3714,2026-06-18,4,день,16,Блендер погружной,360,351,3,
3715,2026-06-18,4,ночь,22,Блендер погружной,360,185,3,206
3716,2026-06-18,5,день,17,Упаковка комплектов,900,848,28,6
3717,2026-06-18,5,ночь,23,Упаковка комплектов,900,335,9,289
3718,2026-06-18,6,день,18,Корпуса утюгов,520,503,14,19
3719,2026-06-18,6,ночь,24,Корпуса утюгов,520,494,12,16
3720,2026-06-19,1,день,13,Чайник электрический,420,398,6,7
3721,2026-06-19,1,ночь,19,Чайник электрический,420,371,13,43
3722,2026-06-19,2,день,14,Чайник электрический,480,484,5,5
3723,2026-06-19,2,ночь,20,Чайник электрический,480,409,14,2
3724,2026-06-19,3,день,15,Блендер погружной,300,258,19,13
3725,2026-06-19,3,ночь,21,Блендер погружной,300,247,10,58
3726,2026-06-19,4,день,16,Блендер погружной,360,350,1,7
3727,2026-06-19,4,ночь,22,Блендер погружной,360,326,5,0
3728,2026-06-19,5,день,17,Упаковка комплектов,900,904,19,2
3729,2026-06-19,5,ночь,23,Упаковка комплектов,900,803,16,32
3730,2026-06-19,6,день,18,Корпуса утюгов,520,507,12,11
3731,2026-06-19,6,ночь,24,Корпуса утюгов,520,466,13,13
3732,2026-06-20,1,день,13,Чайник электрический,420,418,10,7
3733,2026-06-20,1,ночь,19,Чайник электрический,420,386,11,21
3734,2026-06-20,2,день,14,Чайник электрический,480,458,7,9
3735,2026-06-20,2,ночь,20,Чайник электрический,480,409,17,1
3736,2026-06-20,3,день,15,Блендер погружной,300,243,17,56
3737,2026-06-20,3,ночь,21,Блендер погружной,300,286,15,11
3738,2026-06-20,4,день,16,Блендер погружной,360,341,0,3
3739,2026-06-20,4,ночь,22,Блендер погружной,360,329,2,11
3740,2026-06-20,5,день,17,Упаковка комплектов,900,901,16,0
3741,2026-06-20,5,ночь,23,Упаковка комплектов,900,797,17,27
3742,2026-06-20,6,день,18,Корпуса утюгов,520,501,6,16
3743,2026-06-20,6,ночь,24,Корпуса утюгов,520,464,10,15
3744,2026-06-21,1,день,13,Чайник электрический,420,421,6,5
3745,2026-06-21,2,день,14,Чайник электрический,480,473,7,20
3746,2026-06-21,3,день,15,Блендер погружной,300,247,14,41
3747,2026-06-21,5,день,17,Упаковка комплектов,900,832,19,15
3748,2026-06-21,6,день,18,Корпуса утюгов,520,481,10,34
3749,2026-06-22,1,день,13,Чайник электрический,420,396,8,0
3750,2026-06-22,1,ночь,19,Чайник электрический,420,363,3,33
3751,2026-06-22,2,день,14,Чайник электрический,480,465,7,6
3752,2026-06-22,2,ночь,20,Чайник электрический,480,393,13,21
3753,2026-06-22,3,день,15,Блендер погружной,300,234,15,46
3754,2026-06-22,3,ночь,21,Блендер погружной,300,259,10,39
3755,2026-06-22,4,день,16,Блендер погружной,360,353,5,9
3756,2026-06-22,4,ночь,22,Блендер погружной,360,307,4,32
3757,2026-06-22,5,день,17,Упаковка комплектов,900,857,29,22
3758,2026-06-22,5,ночь,23,Упаковка комплектов,900,786,14,22
3759,2026-06-22,6,день,18,Корпуса утюгов,520,518,12,9
3760,2026-06-22,6,ночь,24,Корпуса утюгов,520,476,8,0
3761,2026-06-23,1,день,19,Чайник электрический,420,419,10,0
3762,2026-06-23,1,ночь,1,Чайник электрический,420,367,17,6
3763,2026-06-23,2,день,20,Чайник электрический,480,416,11,18
3764,2026-06-23,2,ночь,2,Чайник электрический,480,450,7,13
3765,2026-06-23,3,день,21,Блендер погружной,300,282,7,19
3766,2026-06-23,3,ночь,3,Блендер погружной,300,258,7,45
3767,2026-06-23,4,день,22,Блендер погружной,360,339,2,6
3768,2026-06-23,4,ночь,4,Блендер погружной,360,311,5,28
3769,2026-06-23,5,день,23,Упаковка комплектов,900,869,9,24
3770,2026-06-23,5,ночь,5,Упаковка комплектов,900,730,41,42
3771,2026-06-23,6,день,24,Корпуса утюгов,520,481,10,26
3772,2026-06-23,6,ночь,6,Корпуса утюгов,520,483,7,10
3773,2026-06-24,1,день,19,Чайник электрический,420,403,7,15
3774,2026-06-24,1,ночь,1,Чайник электрический,420,328,16,31
3775,2026-06-24,2,день,20,Чайник электрический,480,404,11,12
3776,2026-06-24,2,ночь,2,Чайник электрический,480,428,6,13
3777,2026-06-24,3,день,21,Блендер погружной,300,302,9,5
3778,2026-06-24,3,ночь,3,Блендер погружной,300,276,8,23
3779,2026-06-24,4,день,22,Блендер погружной,360,341,4,6
3780,2026-06-24,4,ночь,4,Блендер погружной,360,339,2,7
3781,2026-06-24,5,день,23,Упаковка комплектов,900,816,15,38
3782,2026-06-24,5,ночь,5,Упаковка комплектов,900,755,38,26
3783,2026-06-24,6,день,24,Корпуса утюгов,520,498,4,23
3784,2026-06-24,6,ночь,6,Корпуса утюгов,520,458,10,17
3785,2026-06-25,1,день,19,Чайник электрический,420,386,3,20
3786,2026-06-25,1,ночь,1,Чайник электрический,420,355,17,11
3787,2026-06-25,2,день,20,Чайник электрический,480,408,6,15
3788,2026-06-25,2,ночь,2,Чайник электрический,480,470,4,0
3789,2026-06-25,3,день,21,Блендер погружной,300,290,9,24
3790,2026-06-25,3,ночь,3,Блендер погружной,300,284,12,0
3791,2026-06-25,4,день,22,Блендер погружной,360,320,4,30
3792,2026-06-25,4,ночь,4,Блендер погружной,360,332,4,12
3793,2026-06-25,5,день,23,Упаковка комплектов,900,875,21,9
3794,2026-06-25,5,ночь,5,Упаковка комплектов,900,715,39,31
3795,2026-06-25,6,день,24,Корпуса утюгов,520,505,6,10
3796,2026-06-25,6,ночь,6,Корпуса утюгов,520,506,15,4
3797,2026-06-26,1,день,19,Чайник электрический,420,421,7,4
3798,2026-06-26,1,ночь,1,Чайник электрический,420,334,18,25
3799,2026-06-26,2,день,20,Чайник электрический,480,402,14,16
3800,2026-06-26,2,ночь,2,Чайник электрический,480,428,11,
3801,2026-06-26,3,день,21,Блендер погружной,300,269,9,36
3802,2026-06-26,3,ночь,3,Блендер погружной,300,276,10,20
3803,2026-06-26,4,день,22,Блендер погружной,360,327,1,0
3804,2026-06-26,4,ночь,4,Блендер погружной,360,327,5,15
3805,2026-06-26,5,день,23,Упаковка комплектов,900,858,21,24
3806,2026-06-26,5,ночь,5,Упаковка комплектов,900,736,42,22
3807,2026-06-26,6,день,24,Корпуса утюгов,520,496,6,22
3808,2026-06-26,6,ночь,6,Корпуса утюгов,520,469,6,34
3809,2026-06-27,1,день,19,Чайник электрический,420,394,11,11
3810,2026-06-27,1,ночь,1,Чайник электрический,420,351,20,15
3811,2026-06-27,2,день,20,Чайник электрический,480,420,15,7
3812,2026-06-27,2,ночь,2,Чайник электрический,480,455,5,16
3813,2026-06-27,3,день,21,Блендер погружной,300,294,9,0
3814,2026-06-27,3,ночь,3,Блендер погружной,300,264,11,33
3815,2026-06-27,4,день,22,Блендер погружной,360,324,4,10
3816,2026-06-27,4,ночь,4,Блендер погружной,360,347,2,4
3817,2026-06-27,5,день,23,Упаковка комплектов,900,855,22,11
3818,2026-06-27,5,ночь,5,Упаковка комплектов,900,724,30,22
3819,2026-06-27,6,день,24,Корпуса утюгов,520,492,2,21
3820,2026-06-27,6,ночь,6,Корпуса утюгов,520,479,8,21
3821,2026-06-28,1,день,19,Чайник электрический,420,412,7,0
3822,2026-06-28,4,день,22,Блендер погружной,360,336,3,4
3823,2026-06-28,5,день,23,Упаковка комплектов,900,863,16,21
3824,2026-06-28,6,день,24,Корпуса утюгов,520,482,7,15
3825,2026-06-29,1,день,19,Чайник электрический,420,399,8,30
3826,2026-06-29,1,ночь,1,Чайник электрический,420,370,19,9
3827,2026-06-29,2,день,20,Чайник электрический,480,422,10,20
3828,2026-06-29,2,ночь,2,Чайник электрический,480,436,5,13
3829,2026-06-29,3,день,21,Блендер погружной,300,257,4,63
3830,2026-06-29,3,ночь,3,Блендер погружной,300,284,11,7
3831,2026-06-29,4,день,22,Блендер погружной,360,331,3,12
3832,2026-06-29,4,ночь,4,Блендер погружной,360,336,4,9
3833,2026-06-29,5,день,23,Упаковка комплектов,900,853,27,3
3834,2026-06-29,5,ночь,5,Упаковка комплектов,900,748,46,3
3835,2026-06-29,6,день,24,Корпуса утюгов,520,500,9,17
3836,2026-06-29,6,ночь,6,Корпуса утюгов,520,498,5,14
3837,2026-06-30,1,день,1,Чайник электрический,420,376,18,0
3838,2026-06-30,1,ночь,7,Чайник электрический,420,393,8,23
3839,2026-06-30,2,день,2,Чайник электрический,480,464,4,8
3840,2026-06-30,2,ночь,8,Чайник электрический,480,440,8,10
3841,2026-06-30,3,день,3,Блендер погружной,300,295,12,14
3842,2026-06-30,3,ночь,9,Блендер погружной,300,283,9,17
3843,2026-06-30,4,день,4,Блендер погружной,360,353,2,17
3844,2026-06-30,4,ночь,10,Блендер погружной,360,305,9,11
3845,2026-06-30,5,день,5,Упаковка комплектов,900,746,28,28
3846,2026-06-30,5,ночь,11,Упаковка комплектов,900,792,18,18
3847,2026-06-30,6,день,6,Корпуса утюгов,520,517,10,12
3848,2026-06-30,6,ночь,12,Корпуса утюгов,520,442,8,1
